                      (benchmark_itoa64_):00001         ;------------------------------------------------------------------------------
                      (benchmark_itoa64_):00002         ;
                      (benchmark_itoa64_):00003         ; ITOA64_ITOA64 - 64-BIT SIGNED INTEGER <--> DECOMAL STRING - EXPERIMENTS
                      (benchmark_itoa64_):00004         ;
                      (benchmark_itoa64_):00005         ; THESE ARE FAIRLY NAIVE 6309 IMPLEMENTATIONS OF ITOA AND ATOI FOR 64-BIT INTS
                      (benchmark_itoa64_):00006         ;
                      (benchmark_itoa64_):00007         ; A TIMED TEST HARNESS IS INCLUDED, WHICH GETS THE START AND END TIMES OF 
                      (benchmark_itoa64_):00008         ; THE TEST RUNS USING THE PUGPUTER 6309'S INTERRUPT-BASED 16HZ TICK COUNTER,
                      (benchmark_itoa64_):00009         ; AND CONVERTING 2000 INT64'S TO STRINGS AND BACK, WITH VERIFICATION.
                      (benchmark_itoa64_):00010         ;
                      (benchmark_itoa64_):00011         ; IN 6309 NATIVE MODE, WITH A BUS CLOCK OF 3.58MHZ, 
                      (benchmark_itoa64_):00012         ; THIS TEST CURRENTLY TAKES 223 TICKS (13.9 SECS)
                      (benchmark_itoa64_):00013         ; 
                      (benchmark_itoa64_):00014         ;------------------------------------------------------------------------------
                      (benchmark_itoa64_):00015             INCLUDE bios_func_tab.d     ; BIOS functions jump table
                      (  bios_func_tab.d):00001         ;------------------------------------------------------------------------------
                      (  bios_func_tab.d):00002         ; BIOS BIOS FUNCTION JUMP TABLE ADDRESSES
                      (  bios_func_tab.d):00003         ;------------------------------------------------------------------------------
     FEA0             (  bios_func_tab.d):00004         FUNC_BASE       EQU  $FEA0          ; SEE 6309/BOOT/MAIN.ASM FOR DEFS
                      (  bios_func_tab.d):00005         ;------------------------------------------------------------------------------
     FEA0             (  bios_func_tab.d):00006         BF_V_RESET      EQU  FUNC_BASE+0
     FEA3             (  bios_func_tab.d):00007         BF_UT_GETC      EQU  FUNC_BASE+3
     FEA6             (  bios_func_tab.d):00008         BF_UT_GETS      EQU  FUNC_BASE+6
     FEA9             (  bios_func_tab.d):00009         BF_UT_PUTC      EQU  FUNC_BASE+9    ;
     FEAC             (  bios_func_tab.d):00010         BF_UT_PUTS      EQU  FUNC_BASE+12
     FEAF             (  bios_func_tab.d):00011         BF_UT_WAITTX    EQU  FUNC_BASE+15
     FEB2             (  bios_func_tab.d):00012         BF_UT_CLRSCR    EQU  FUNC_BASE+18
     FEB5             (  bios_func_tab.d):00013         BF_S_HEXA       EQU  FUNC_BASE+21   ; CONVERT REG A TO HEX OCTET AT X, X+=2
     FEB8             (  bios_func_tab.d):00014         BF_S_EOL        EQU  FUNC_BASE+24   ; PUT CR, LF, $00 AT X, X+=3
     FEBB             (  bios_func_tab.d):00015         BF_S_LEN        EQU  FUNC_BASE+27   ; PUT LEN OF STRING AT X INTO REG B
     FEBE             (  bios_func_tab.d):00016         BF_S_CPY        EQU  FUNC_BASE+30   ; COPY STRING AT Y TO MEM AT X. X+=?
     FEC1             (  bios_func_tab.d):00017         BF_RTC_GETTIX   EQU  FUNC_BASE+33   ; GET CURRENT SYSTEM TICKS TO I64 AT X.
     FEC4             (  bios_func_tab.d):00018         BF_S_TOUPPER    EQU  FUNC_BASE+36   ; MAKE A UPPERCASE IF IT IS LOWERCASE
     FEC7             (  bios_func_tab.d):00019         BF_S_INTD       EQU  FUNC_BASE+39   ; CONVERT REG D TO STRING AT X, X+=?
     FECA             (  bios_func_tab.d):00020         BF_RTC_SETTIX   EQU  FUNC_BASE+42   ; SET CURRENT SYSTEM TICKS FROM I64 AT X.
                      (  bios_func_tab.d):00021         ;------------------------------------------------------------------------------
                      (  bios_func_tab.d):00022         ; EOF
                      (  bios_func_tab.d):00023         ;------------------------------------------------------------------------------
                      (benchmark_itoa64_):00016         ;------------------------------------------------------------------------------
     000A             (benchmark_itoa64_):00017         LF  EQU  $0A        ; LINE FEED
     000D             (benchmark_itoa64_):00018         CR  EQU  $0D        ; CARRIAGE RETURN
     0000             (benchmark_itoa64_):00019         NUL EQU  $00
     001B             (benchmark_itoa64_):00020         ESC EQU  $1B
                      (benchmark_itoa64_):00021         ;------------------------------------------------------------------------------
                      (benchmark_itoa64_):00022         ; ENTRYPOINT
                      (benchmark_itoa64_):00023         ;------------------------------------------------------------------------------
                      (benchmark_itoa64_):00024             ORG $1000
                      (benchmark_itoa64_):00025         ;------------------------------------------------------------------------------
1000                  (benchmark_itoa64_):00026         START:
                      (benchmark_itoa64_):00027             ;JSR  TICKSLOOP    
1000 BD1086           (benchmark_itoa64_):00028             JSR TEST
1003 39               (benchmark_itoa64_):00029             RTS
                      (benchmark_itoa64_):00030         ;------------------------------------------------------------------------------
                      (benchmark_itoa64_):00031         ; CONSTS
                      (benchmark_itoa64_):00032         ;------------------------------------------------------------------------------
1004 0A0D             (benchmark_itoa64_):00033         MSG_START   FCB  LF,CR
1006 52554E4E494E4720 (benchmark_itoa64_):00034                     FCC  "RUNNING BENCHMARK ITOA64 <-> ATOI64... "
     42454E43484D4152
     4B2049544F413634
     203C2D3E2041544F
     4936342E2E2E20
102D 00               (benchmark_itoa64_):00035                     FCB  0
102E 444F4E452E2028   (benchmark_itoa64_):00036         MSG_TOOK    FCC  "DONE. ("
1035 00               (benchmark_itoa64_):00037                     FCB  0
1036 205449434B5329   (benchmark_itoa64_):00038         MSG_END     FCC  " TICKS)"
103D 0A0D0A0D00       (benchmark_itoa64_):00039         MSG_CR      FCB  LF,CR,LF,CR,0
                      (benchmark_itoa64_):00040         ;------------------------------------------------------------------------------
                      (benchmark_itoa64_):00041         ; VARS
                      (benchmark_itoa64_):00042         ;------------------------------------------------------------------------------
                      (benchmark_itoa64_):00043         ; USED BY TESTS
1042                  (benchmark_itoa64_):00044         SERBUF      RMB 32
1062                  (benchmark_itoa64_):00045         STARTTICKS  RMB 8
106A                  (benchmark_itoa64_):00046         ENDTICKS    RMB 8
                      (benchmark_itoa64_):00047         ; USED BY ITOA64, ATOI64
1072                  (benchmark_itoa64_):00048         I64         RMB 8       ; WORKING VALUE
107A                  (benchmark_itoa64_):00049         STASHED_I64 RMB 8
1082                  (benchmark_itoa64_):00050         DIGIT       RMB 1       ; WORKING DIGIT
1083                  (benchmark_itoa64_):00051         NDIGITS     RMB 1
1084                  (benchmark_itoa64_):00052         LEADZ       RMB 1       ; 1:IGNORING LEADING ZEROES
1085                  (benchmark_itoa64_):00053         ISNEG       RMB 1       ; 1:NEGATIVE NUM
                      (benchmark_itoa64_):00054         ;------------------------------------------------------------------------------
                      (benchmark_itoa64_):00055         ; TEST - TIMES 2000 CONVERSIONS FROM INT64 TO TO DECIMAL STRING AND BACK, WHILE
                      (benchmark_itoa64_):00056         ; VERIFYING THE RESULTS.
                      (benchmark_itoa64_):00057         ;------------------------------------------------------------------------------
1086                  (benchmark_itoa64_):00058         TEST:
1086 108E1004         (benchmark_itoa64_):00059             LDY  #MSG_START
108A BDFEAC           (benchmark_itoa64_):00060             JSR  BF_UT_PUTS
108D BDFEAF           (benchmark_itoa64_):00061             JSR  BF_UT_WAITTX
1090 8E1062           (benchmark_itoa64_):00062             LDX  #STARTTICKS    ; GET STARTING SYS TICK COUNT (U64 16THS OF SECONDS)
1093 BDFEC1           (benchmark_itoa64_):00063             JSR  BF_RTC_GETTIX  
1096 8E1427           (benchmark_itoa64_):00064             LDX  #TEST_VECTORS
1099                  (benchmark_itoa64_):00065         TESTLOOP:
1099 10EC00           (benchmark_itoa64_):00066             LDQ  0,X            ; STASH THE ORIGINAL I64 VALUE FOR LATER VERIFICATION.
109C 10FD107A         (benchmark_itoa64_):00067             STQ  STASHED_I64+0
10A0 10EC04           (benchmark_itoa64_):00068             LDQ  4,X
10A3 10FD107E         (benchmark_itoa64_):00069             STQ  STASHED_I64+4
10A7 108E1042         (benchmark_itoa64_):00070             LDY  #SERBUF
10AB BD132E           (benchmark_itoa64_):00071             JSR  ITOA64         ; CONVERT I64 TO STRING,
                      (benchmark_itoa64_):00072             ;JSR  PRINTY         ; SHOW STRING RESULT
10AE 3410             (benchmark_itoa64_):00073             PSHS X
10B0 8E1072           (benchmark_itoa64_):00074             LDX  #I64
10B3 108E1042         (benchmark_itoa64_):00075             LDY  #SERBUF        ; CONVERT STRING BACK TO I64,
10B7 BD139B           (benchmark_itoa64_):00076             JSR  ATOI64    
                      (benchmark_itoa64_):00077             ;JSR  PRINT_U64X     ; SHOW BINARY RESULT
10BA 8E1072           (benchmark_itoa64_):00078             LDX  #I64           ; COMPARE RESULT WITH STASHED ORIGINAL
10BD CE107A           (benchmark_itoa64_):00079             LDU  #STASHED_I64
10C0 BD11E1           (benchmark_itoa64_):00080             JSR  CMP64_XU
10C3 270C             (benchmark_itoa64_):00081             BEQ  MATCHED
10C5                  (benchmark_itoa64_):00082         MISMATCH
10C5 8E107A           (benchmark_itoa64_):00083             LDX  #STASHED_I64
10C8 BD1145           (benchmark_itoa64_):00084             JSR  PRINT_U64X
10CB 8E1072           (benchmark_itoa64_):00085             LDX  #I64
10CE BD1145           (benchmark_itoa64_):00086             JSR  PRINT_U64X
10D1                  (benchmark_itoa64_):00087         MATCHED
10D1 3510             (benchmark_itoa64_):00088             PULS X
10D3 8C52A7           (benchmark_itoa64_):00089             CMPX #END_TEST_VECTORS
10D6 26C1             (benchmark_itoa64_):00090             BNE  TESTLOOP       ; IF HAVE MORE VALUES TO TEST, KEEP LOOPING,
10D8 8E106A           (benchmark_itoa64_):00091             LDX  #ENDTICKS      ; ELSE GET ENDING SYS TICKCOUNT,
10DB BDFEC1           (benchmark_itoa64_):00092             JSR  BF_RTC_GETTIX
10DE 8E106A           (benchmark_itoa64_):00093             LDX  #ENDTICKS
10E1 CE1062           (benchmark_itoa64_):00094             LDU  #STARTTICKS    ; CALC ELAPSED TICKS,
10E4 BD11C5           (benchmark_itoa64_):00095             JSR  SUB64_XU
10E7 108E102E         (benchmark_itoa64_):00096             LDY  #MSG_TOOK
10EB BDFEAC           (benchmark_itoa64_):00097             JSR  BF_UT_PUTS
10EE 108E1042         (benchmark_itoa64_):00098             LDY  #SERBUF        ; SHOW TEST DURATION IN TICKS,
10F2 BD132E           (benchmark_itoa64_):00099             JSR  ITOA64
10F5 108E1042         (benchmark_itoa64_):00100             LDY  #SERBUF
10F9 BDFEAC           (benchmark_itoa64_):00101             JSR  BF_UT_PUTS
10FC 108E1036         (benchmark_itoa64_):00102             LDY  #MSG_END
1100 BDFEAC           (benchmark_itoa64_):00103             JSR  BF_UT_PUTS
1103 BDFEAF           (benchmark_itoa64_):00104             JSR  BF_UT_WAITTX
1106 39               (benchmark_itoa64_):00105             RTS                 ; RETURN TO CALLER
                      (benchmark_itoa64_):00106         ;------------------------------------------------------------------------------
                      (benchmark_itoa64_):00107         ; SHOW SYS TICKCOUNT AS DECIMAL UNTIL ESC PRESSED.
                      (benchmark_itoa64_):00108         ;------------------------------------------------------------------------------
1107                  (benchmark_itoa64_):00109         TICKSLOOP:
1107 BDFEA3           (benchmark_itoa64_):00110             JSR  BF_UT_GETC ; QUIT LOOP IF ESC RECEIVED
110A 811B             (benchmark_itoa64_):00111             CMPA #ESC
110C 271F             (benchmark_itoa64_):00112             BEQ  ELOOP
110E 8E106A           (benchmark_itoa64_):00113             LDX  #ENDTICKS
1111 BDFEC1           (benchmark_itoa64_):00114             JSR  BF_RTC_GETTIX ; GET LATEST TICKCOUNT.
1114 A61F             (benchmark_itoa64_):00115             LDA  -1,X       ; NOTE LOWEST BYTE OF IT, AND
1116 B11062           (benchmark_itoa64_):00116             CMPA STARTTICKS ; IF TICKCOUNT HASNT CHANGED,
1119 27EC             (benchmark_itoa64_):00117             BEQ  TICKSLOOP  ; TRY AGAIN. ELSE,
111B B71062           (benchmark_itoa64_):00118             STA  STARTTICKS ; STORE LSB OF NEW TICKCOUNT, 
111E 8E106A           (benchmark_itoa64_):00119             LDX  #ENDTICKS
1121 108E1042         (benchmark_itoa64_):00120             LDY  #SERBUF
1125 BD132E           (benchmark_itoa64_):00121             JSR  ITOA64     ; AND PRINT NEW TICKCOUNT.
1128 BD112E           (benchmark_itoa64_):00122             JSR  PRINTY
112B 20DA             (benchmark_itoa64_):00123             BRA  TICKSLOOP
112D                  (benchmark_itoa64_):00124         ELOOP:
112D 39               (benchmark_itoa64_):00125             RTS    
                      (benchmark_itoa64_):00126         ;------------------------------------------------------------------------------
                      (benchmark_itoa64_):00127         ; PRINT STRING AT Y + CR/LF+NULL
                      (benchmark_itoa64_):00128         ;------------------------------------------------------------------------------
112E                  (benchmark_itoa64_):00129         PRINTY:
112E 860A             (benchmark_itoa64_):00130             LDA  #LF
1130 A7A0             (benchmark_itoa64_):00131             STA  ,Y+
1132 860D             (benchmark_itoa64_):00132             LDA  #CR
1134 A7A0             (benchmark_itoa64_):00133             STA  ,Y+
1136 8600             (benchmark_itoa64_):00134             LDA  #NUL
1138 A7A0             (benchmark_itoa64_):00135             STA  ,Y+
113A 108E1042         (benchmark_itoa64_):00136             LDY  #SERBUF
113E BDFEAC           (benchmark_itoa64_):00137             JSR  BF_UT_PUTS
1141 BDFEAF           (benchmark_itoa64_):00138             JSR  BF_UT_WAITTX
1144 39               (benchmark_itoa64_):00139             RTS
                      (benchmark_itoa64_):00140         ;------------------------------------------------------------------------------
                      (benchmark_itoa64_):00141         ; PRINT I64 AT X AS HEX + CR/LF+NULL
                      (benchmark_itoa64_):00142         ;------------------------------------------------------------------------------
1145                  (benchmark_itoa64_):00143         PRINT_U64X:
1145 108E1042         (benchmark_itoa64_):00144             LDY  #SERBUF
1149 A600             (benchmark_itoa64_):00145             LDA  0,X
114B BD1188           (benchmark_itoa64_):00146             JSR  S_HEXY
114E A601             (benchmark_itoa64_):00147             LDA  1,X
1150 BD1188           (benchmark_itoa64_):00148             JSR  S_HEXY
1153 A602             (benchmark_itoa64_):00149             LDA  2,X
1155 BD1188           (benchmark_itoa64_):00150             JSR  S_HEXY
1158 A603             (benchmark_itoa64_):00151             LDA  3,X
115A BD1188           (benchmark_itoa64_):00152             JSR  S_HEXY
115D A604             (benchmark_itoa64_):00153             LDA  4,X
115F BD1188           (benchmark_itoa64_):00154             JSR  S_HEXY
1162 A605             (benchmark_itoa64_):00155             LDA  5,X
1164 BD1188           (benchmark_itoa64_):00156             JSR  S_HEXY
1167 A606             (benchmark_itoa64_):00157             LDA  6,X
1169 BD1188           (benchmark_itoa64_):00158             JSR  S_HEXY
116C A607             (benchmark_itoa64_):00159             LDA  7,X
116E BD1188           (benchmark_itoa64_):00160             JSR  S_HEXY
1171 860A             (benchmark_itoa64_):00161             LDA  #LF
1173 A7A0             (benchmark_itoa64_):00162             STA  ,Y+
1175 860D             (benchmark_itoa64_):00163             LDA  #CR
1177 A7A0             (benchmark_itoa64_):00164             STA  ,Y+
1179 8600             (benchmark_itoa64_):00165             LDA  #NUL
117B A7A0             (benchmark_itoa64_):00166             STA  ,Y+
117D 108E1042         (benchmark_itoa64_):00167             LDY  #SERBUF
1181 BDFEAC           (benchmark_itoa64_):00168             JSR  BF_UT_PUTS
1184 BDFEAF           (benchmark_itoa64_):00169             JSR  BF_UT_WAITTX
1187 39               (benchmark_itoa64_):00170             RTS
                      (benchmark_itoa64_):00171         ;------------------------------------------------------------------------------
                      (benchmark_itoa64_):00172         ; CONVERTS VAL IN A TO HEX STRING AT Y. 
                      (benchmark_itoa64_):00173         ; DOES INCREMENT Y, BUT DOESN'T NULL-TERMINATE STRING.
                      (benchmark_itoa64_):00174         ;------------------------------------------------------------------------------
1188                  (benchmark_itoa64_):00175         S_HEXY:
1188 1F89             (benchmark_itoa64_):00176             TFR  A,B        ; SAVE ORIGINAL BINARY VALUE
118A 44               (benchmark_itoa64_):00177             LSRA            ; MOVE HIGH DIGIT TO LOW DIGIT
118B 44               (benchmark_itoa64_):00178             LSRA
118C 44               (benchmark_itoa64_):00179             LSRA
118D 44               (benchmark_itoa64_):00180             LSRA
118E 8109             (benchmark_itoa64_):00181             CMPA #9
1190 2302             (benchmark_itoa64_):00182             BLS  AD30       ; BRANCH IF HIGH DIGIT IS DECIMAL
1192 8B07             (benchmark_itoa64_):00183             ADDA #7         ; ELSE ADD 7 SO AFTER ADDING 'O' THE
                      (benchmark_itoa64_):00184                             ; CHARACTER WILL BE IN ‘'A'..'F'
1194                  (benchmark_itoa64_):00185         AD30:
1194 8B30             (benchmark_itoa64_):00186             ADDA #'0        ; ADD ASCII O TO MAKE A CHARACTER
1196 C40F             (benchmark_itoa64_):00187             ANDB #$0F       ; MASK OFF LOW DIGIT
1198 C109             (benchmark_itoa64_):00188             CMPB #9
119A 2302             (benchmark_itoa64_):00189             BLS AD3OLD      ; BRANCH IF LOW DIGIT IS DECIMAL
119C CB07             (benchmark_itoa64_):00190             ADDB #7         ; ELSE ADD 7 SO AFTER ADDING 'O! THE
                      (benchmark_itoa64_):00191                             ; CHARACTER WILL BE IN '‘A'..'F!
119E                  (benchmark_itoa64_):00192         AD3OLD:     
119E CB30             (benchmark_itoa64_):00193             ADDB #'0        ; ADD ASCII O TO MAKE A CHARACTER
11A0 A7A0             (benchmark_itoa64_):00194             STA ,Y+         ; INSERT HEX BYTES INTO DEST STRING AT X
11A2 E7A0             (benchmark_itoa64_):00195             STB ,Y+         ; AND NCREMENT X
11A4 39               (benchmark_itoa64_):00196             RTS 
                      (benchmark_itoa64_):00197         ;------------------------------------------------------------------------------
                      (benchmark_itoa64_):00198         ; GIVEN AN I64 AT X, NEGATE IT IN PLACE BY SUBTRACTING IT FROM ZERO.
                      (benchmark_itoa64_):00199         ;------------------------------------------------------------------------------
11A5                  (benchmark_itoa64_):00200         NEGATE64:
11A5 CC0000           (benchmark_itoa64_):00201             LDD  #0
11A8 A306             (benchmark_itoa64_):00202             SUBD 6,X
11AA ED06             (benchmark_itoa64_):00203             STD  6,X
11AC CC0000           (benchmark_itoa64_):00204             LDD  #0
11AF 10A204           (benchmark_itoa64_):00205             SBCD 4,X
11B2 ED04             (benchmark_itoa64_):00206             STD  4,X
11B4 CC0000           (benchmark_itoa64_):00207             LDD  #0
11B7 10A202           (benchmark_itoa64_):00208             SBCD 2,X
11BA ED02             (benchmark_itoa64_):00209             STD  2,X
11BC CC0000           (benchmark_itoa64_):00210             LDD  #0
11BF 10A200           (benchmark_itoa64_):00211             SBCD 0,X
11C2 ED00             (benchmark_itoa64_):00212             STD  0,X
11C4 39               (benchmark_itoa64_):00213             RTS
                      (benchmark_itoa64_):00214         ;------------------------------------------------------------------------------
                      (benchmark_itoa64_):00215         ; GIVEN I64'S AT X AND U, SUBTRACT U FROM X, LEAVING RESULT IN X.
                      (benchmark_itoa64_):00216         ;------------------------------------------------------------------------------
11C5                  (benchmark_itoa64_):00217         SUB64_XU:
11C5 EC06             (benchmark_itoa64_):00218             LDD  6,X
11C7 A346             (benchmark_itoa64_):00219             SUBD 6,U
11C9 ED06             (benchmark_itoa64_):00220             STD  6,X
11CB EC04             (benchmark_itoa64_):00221             LDD  4,X
11CD 10A244           (benchmark_itoa64_):00222             SBCD 4,U
11D0 ED04             (benchmark_itoa64_):00223             STD  4,X
11D2 EC02             (benchmark_itoa64_):00224             LDD  2,X
11D4 10A242           (benchmark_itoa64_):00225             SBCD 2,U
11D7 ED02             (benchmark_itoa64_):00226             STD  2,X
11D9 EC00             (benchmark_itoa64_):00227             LDD  0,X
11DB 10A240           (benchmark_itoa64_):00228             SBCD 0,U
11DE ED00             (benchmark_itoa64_):00229             STD  0,X
11E0 39               (benchmark_itoa64_):00230             RTS
                      (benchmark_itoa64_):00231         ;------------------------------------------------------------------------------
                      (benchmark_itoa64_):00232         ; GIVEN I64'S AT X AND U, COMPARE X TO U.
                      (benchmark_itoa64_):00233         ;------------------------------------------------------------------------------
11E1                  (benchmark_itoa64_):00234         CMP64_XU:
11E1 1C7E             (benchmark_itoa64_):00235             ANDCC #$7E          ; CLEAR CARRY
11E3 EC00             (benchmark_itoa64_):00236             LDD  0,X
11E5 10A340           (benchmark_itoa64_):00237             CMPD 0,U
11E8 2613             (benchmark_itoa64_):00238             BNE  DONECMP64
11EA EC02             (benchmark_itoa64_):00239             LDD  2,X
11EC 10A342           (benchmark_itoa64_):00240             CMPD 2,U
11EF 260C             (benchmark_itoa64_):00241             BNE  DONECMP64
11F1 EC04             (benchmark_itoa64_):00242             LDD  4,X
11F3 10A344           (benchmark_itoa64_):00243             CMPD 4,U
11F6 2605             (benchmark_itoa64_):00244             BNE  DONECMP64
11F8 EC06             (benchmark_itoa64_):00245             LDD  6,X
11FA 10A346           (benchmark_itoa64_):00246             CMPD 6,U
11FD                  (benchmark_itoa64_):00247         DONECMP64:
11FD 39               (benchmark_itoa64_):00248             RTS      
                      (benchmark_itoa64_):00249         ;------------------------------------------------------------------------------
                      (benchmark_itoa64_):00250         ; I64 POWERS OF 10, STARTING WITH 10^18
                      (benchmark_itoa64_):00251         ;------------------------------------------------------------------------------
11FE                  (benchmark_itoa64_):00252         POWERS:
11FE 0DE0B6B3A7640000 (benchmark_itoa64_):00253             FQB $0DE0B6B3,$A7640000     ; 1000000000000000000
1206 016345785D8A0000 (benchmark_itoa64_):00254             FQB $01634578,$5D8A0000     ; 100000000000000000
120E 002386F26FC10000 (benchmark_itoa64_):00255             FQB $002386F2,$6FC10000     ; 10000000000000000
1216 00038D7EA4C68000 (benchmark_itoa64_):00256             FQB $00038D7E,$A4C68000     ; 1000000000000000
121E 00005AF3107A4000 (benchmark_itoa64_):00257             FQB $00005AF3,$107A4000     ; 100000000000000
1226 000009184E72A000 (benchmark_itoa64_):00258             FQB $00000918,$4E72A000     ; 10000000000000
122E 000000E8D4A51000 (benchmark_itoa64_):00259             FQB $000000E8,$D4A51000     ; 1000000000000
1236 000000174876E800 (benchmark_itoa64_):00260             FQB $00000017,$4876E800     ; 100000000000
123E 00000002540BE400 (benchmark_itoa64_):00261             FQB $00000002,$540BE400     ; 10000000000
1246 000000003B9ACA00 (benchmark_itoa64_):00262             FQB $00000000,$3B9ACA00     ; 1000000000
124E 0000000005F5E100 (benchmark_itoa64_):00263             FQB $00000000,$05F5E100     ; 100000000
1256 0000000000989680 (benchmark_itoa64_):00264             FQB $00000000,$00989680     ; 10000000
125E 00000000000F4240 (benchmark_itoa64_):00265             FQB $00000000,$000F4240     ; 1000000
1266 00000000000186A0 (benchmark_itoa64_):00266             FQB $00000000,$000186A0     ; 100000
126E 0000000000002710 (benchmark_itoa64_):00267             FQB $00000000,$00002710     ; 10000
1276 00000000000003E8 (benchmark_itoa64_):00268             FQB $00000000,$000003E8     ; 1000
127E 0000000000000064 (benchmark_itoa64_):00269             FQB $00000000,$00000064     ; 100
1286 000000000000000A (benchmark_itoa64_):00270             FQB $00000000,$0000000A     ; 10
128E 0000000000000001 (benchmark_itoa64_):00271             FQB $00000000,$00000001     ; 1
1296                  (benchmark_itoa64_):00272         NEGPOWERS:
1296 F21F494C589C0000 (benchmark_itoa64_):00273             FQB $f21f494c,$589c0000     ; -1000000000000000000
129E FE9CBA87A2760000 (benchmark_itoa64_):00274             FQB $fe9cba87,$a2760000     ; -100000000000000000
12A6 FFDC790D903F0000 (benchmark_itoa64_):00275             FQB $ffdc790d,$903f0000     ; -10000000000000000
12AE FFFC72815B398000 (benchmark_itoa64_):00276             FQB $fffc7281,$5b398000     ; -1000000000000000
12B6 FFFFA50CEF85C000 (benchmark_itoa64_):00277             FQB $ffffa50c,$ef85c000     ; -100000000000000
12BE FFFFF6E7B18D6000 (benchmark_itoa64_):00278             FQB $fffff6e7,$b18d6000     ; -10000000000000
12C6 FFFFFF172B5AF000 (benchmark_itoa64_):00279             FQB $ffffff17,$2b5af000     ; -1000000000000
12CE FFFFFFE8B7891800 (benchmark_itoa64_):00280             FQB $ffffffe8,$b7891800     ; -100000000000
12D6 FFFFFFFDABF41C00 (benchmark_itoa64_):00281             FQB $fffffffd,$abf41c00     ; -10000000000
12DE FFFFFFFFC4653600 (benchmark_itoa64_):00282             FQB $ffffffff,$c4653600     ; -1000000000
12E6 FFFFFFFFFA0A1F00 (benchmark_itoa64_):00283             FQB $ffffffff,$fa0a1f00     ; -100000000
12EE FFFFFFFFFF676980 (benchmark_itoa64_):00284             FQB $ffffffff,$ff676980     ; -10000000
12F6 FFFFFFFFFFF0BDC0 (benchmark_itoa64_):00285             FQB $ffffffff,$fff0bdc0     ; -1000000
12FE FFFFFFFFFFFE7960 (benchmark_itoa64_):00286             FQB $ffffffff,$fffe7960     ; -100000
1306 FFFFFFFFFFFFD8F0 (benchmark_itoa64_):00287             FQB $ffffffff,$ffffd8f0     ; -10000
130E FFFFFFFFFFFFFC18 (benchmark_itoa64_):00288             FQB $ffffffff,$fffffc18     ; -1000
1316 FFFFFFFFFFFFFF9C (benchmark_itoa64_):00289             FQB $ffffffff,$ffffff9c     ; -100
131E FFFFFFFFFFFFFFF6 (benchmark_itoa64_):00290             FQB $ffffffff,$fffffff6     ; -10
1326 FFFFFFFFFFFFFFFF (benchmark_itoa64_):00291             FQB $ffffffff,$ffffffff     ; -1    
                      (benchmark_itoa64_):00292         ;------------------------------------------------------------------------------
                      (benchmark_itoa64_):00293         ; GIVEN AN I64 AT X, OUTPUTS IT AS A NULL-TERMINATED DECIMAL STRING AT Y.
                      (benchmark_itoa64_):00294         ; ON RETURN, X WILL BE PAST THE 8-BYTE INPUT, AND Y WILL POINT AT THE STR NULL.
                      (benchmark_itoa64_):00295         ;------------------------------------------------------------------------------
132E                  (benchmark_itoa64_):00296         ITOA64:
132E 10EC81           (benchmark_itoa64_):00297             LDQ  ,X++          ; STASH I64 INPUT VALUE AT X TO TEMP WORKING VAR
1331 3002             (benchmark_itoa64_):00298             LEAX 2,X
1333 10FD1072         (benchmark_itoa64_):00299             STQ  I64+0
1337 10EC81           (benchmark_itoa64_):00300             LDQ  ,X++
133A 3002             (benchmark_itoa64_):00301             LEAX 2,X
133C 10FD1076         (benchmark_itoa64_):00302             STQ  I64+4
1340 3410             (benchmark_itoa64_):00303             PSHS X
1342 B61072           (benchmark_itoa64_):00304             LDA  I64
1345 8480             (benchmark_itoa64_):00305             ANDA #$80
1347 270A             (benchmark_itoa64_):00306             BEQ  DIDNEG
1349 8E1072           (benchmark_itoa64_):00307             LDX  #I64           ; IF I64 IS NEGATIVE, NEGATE IT,
134C BD11A5           (benchmark_itoa64_):00308             JSR  NEGATE64
134F 862D             (benchmark_itoa64_):00309             LDA  #'-'           ; AND OUTPUT A MINUS SIGN.
1351 A7A0             (benchmark_itoa64_):00310             STA  ,Y+
1353                  (benchmark_itoa64_):00311         DIDNEG:
1353 8E1072           (benchmark_itoa64_):00312             LDX  #I64           ; X AT TMP64
1356 CE11FE           (benchmark_itoa64_):00313             LDU  #POWERS        ; U AT POWERS TABLE
1359 8601             (benchmark_itoa64_):00314             LDA  #1
135B B71084           (benchmark_itoa64_):00315             STA  LEADZ          ; IGNORING LEADING ZEROES
135E                  (benchmark_itoa64_):00316         IT64_LOOP:              ; FOR EACH POWER OF TEN (EACH DIGIT)
135E 8630             (benchmark_itoa64_):00317             LDA  #'0'
1360 B71082           (benchmark_itoa64_):00318             STA  DIGIT
1363                  (benchmark_itoa64_):00319         IT64_ILOOP:             ; CALCULATE A DIGIT
1363 BD11E1           (benchmark_itoa64_):00320             JSR  CMP64_XU       ; WHILE TMP64 >= POWER:
1366 2508             (benchmark_itoa64_):00321             BLO  DONE_ILOOP
1368 7C1082           (benchmark_itoa64_):00322             INC  DIGIT          ;     DIGIT++
136B BD11C5           (benchmark_itoa64_):00323             JSR  SUB64_XU       ;     TMP64 -= POWER
136E 20F3             (benchmark_itoa64_):00324             BRA  IT64_ILOOP
1370                  (benchmark_itoa64_):00325         DONE_ILOOP:
1370 B61084           (benchmark_itoa64_):00326             LDA  LEADZ          ; IF NOT IGNORING LEADING ZEROES,
1373 2712             (benchmark_itoa64_):00327             BEQ  ADDDIGIT       ; OUTPUT EVERY DIGIT.   
1375 B61082           (benchmark_itoa64_):00328             LDA  DIGIT
1378 8130             (benchmark_itoa64_):00329             CMPA #'0'
137A 2608             (benchmark_itoa64_):00330             BNE  NONZERO        ; DIGIT IS NONZERO.
137C 1183128E         (benchmark_itoa64_):00331             CMPU #POWERS+144    ; IF ALL ZEROES, DO OUTPUT THE LAST ONE.
1380 2702             (benchmark_itoa64_):00332             BEQ  NONZERO
1382 2008             (benchmark_itoa64_):00333             BRA  SKIPDIGIT      ; SKIP THIS ZERO DIGIT.
1384                  (benchmark_itoa64_):00334         NONZERO:
1384 7F1084           (benchmark_itoa64_):00335             CLR  LEADZ          ; DONE IGNORING ZEROES.
1387                  (benchmark_itoa64_):00336         ADDDIGIT:
1387 B61082           (benchmark_itoa64_):00337             LDA  DIGIT          ; ADD DIGIT TO OUTPUT
138A A7A0             (benchmark_itoa64_):00338             STA  ,Y+
138C                  (benchmark_itoa64_):00339         SKIPDIGIT:
138C 3348             (benchmark_itoa64_):00340             LEAU 8,U            ; POINT U AT NEXT (LOWER) POWER OF 10, IF ANY.
138E 11831296         (benchmark_itoa64_):00341             CMPU #POWERS+152    ; IF PLACE VALUES REMAINING,
1392 26CA             (benchmark_itoa64_):00342             BNE  IT64_LOOP      ; DO NEXT ONE.
1394                  (benchmark_itoa64_):00343         IT64_DONE:
1394 8600             (benchmark_itoa64_):00344             LDA  #NUL
1396 A7A4             (benchmark_itoa64_):00345             STA  ,Y
1398 3510             (benchmark_itoa64_):00346             PULS X
139A 39               (benchmark_itoa64_):00347             RTS
                      (benchmark_itoa64_):00348         ;------------------------------------------------------------------------------
                      (benchmark_itoa64_):00349         ; GIVEN A NULL-TERMINATED DECIMAL STRING AT Y, OUTPUTS AN 8-BYTE I64 AT X.
                      (benchmark_itoa64_):00350         ; IF INPUT IS MALFORMED, RETURNS SMALLEST POSSIBLE INT64 IN X.
                      (benchmark_itoa64_):00351         ; ON RETURN, X AND Y WILL BE UNCHANGED.
                      (benchmark_itoa64_):00352         ;------------------------------------------------------------------------------
139B                  (benchmark_itoa64_):00353         ATOI64:
139B 3430             (benchmark_itoa64_):00354             PSHS X,Y    
                      (benchmark_itoa64_):00355             ; VALIDATE INPUT AND GET ITS LENGTH, AND BAIL OUT IF INVALID.
139D C600             (benchmark_itoa64_):00356             LDB  #0             ; BYTE COUNT
139F F71085           (benchmark_itoa64_):00357             STB  ISNEG
13A2                  (benchmark_itoa64_):00358         ATVAL:                  ; VALIDATION LOOP:
13A2 A6A4             (benchmark_itoa64_):00359             LDA  ,Y             ; GET NEXT CHAR OF STRING.
13A4 4D               (benchmark_itoa64_):00360             TSTA
13A5 2723             (benchmark_itoa64_):00361             BEQ  ATVAL_END      ; IF NULL, WE'RE AT END OF STRING.
13A7 812D             (benchmark_itoa64_):00362             CMPA #'-'           ; IF NEGATIVE SIGN.
13A9 2711             (benchmark_itoa64_):00363             BEQ  ATNEG
13AB 8130             (benchmark_itoa64_):00364             CMPA #'0'
13AD 251B             (benchmark_itoa64_):00365             BLO  ATVAL_END      ; IF OTHER NON-DIGIT WE'RE AT THE END OF STRING.
13AF 8139             (benchmark_itoa64_):00366             CMPA #'9'
13B1 2217             (benchmark_itoa64_):00367             BHI  ATVAL_END
13B3 5C               (benchmark_itoa64_):00368             INCB                ; COUNT DECIMAL DIGITS,
13B4 C116             (benchmark_itoa64_):00369             CMPB #22
13B6 2258             (benchmark_itoa64_):00370             BHI  AT64_FAIL      ; IF COUNT EXCEEDS 22, FAIL.
13B8 3121             (benchmark_itoa64_):00371             LEAY 1,Y            ; IDX TO NEXT CHAR OF STRING,
13BA 20E6             (benchmark_itoa64_):00372             BRA  ATVAL          ; AND KEEP LOOPING.
13BC                  (benchmark_itoa64_):00373         ATNEG:
13BC B61085           (benchmark_itoa64_):00374             LDA  ISNEG          ; IF WE'RE SEEING REPEATED NEGATIVE SIGNS,
13BF 264F             (benchmark_itoa64_):00375             BNE  AT64_FAIL      ; THEN FAIL.
13C1 8601             (benchmark_itoa64_):00376             LDA  #1
13C3 B71085           (benchmark_itoa64_):00377             STA  ISNEG          ; NOTE IS NEGATIVE NUM,
13C6 3121             (benchmark_itoa64_):00378             LEAY 1,Y            ; IDX TO NEXT CHAR OF STRING,
13C8 20D8             (benchmark_itoa64_):00379             BRA  ATVAL          ; AND KEEP LOOPING.
13CA                  (benchmark_itoa64_):00380         ATVAL_END:
13CA 5D               (benchmark_itoa64_):00381             TSTB
13CB 2743             (benchmark_itoa64_):00382             BEQ  AT64_FAIL      ; IF NO DIGITS, FAIL.
13CD F71083           (benchmark_itoa64_):00383             STB  NDIGITS
                      (benchmark_itoa64_):00384             ; CLEAR 8 BYTES AT X
13D0 CD00000000       (benchmark_itoa64_):00385             LDQ  #0
13D5 10ED00           (benchmark_itoa64_):00386             STQ  0,X
13D8 10ED04           (benchmark_itoa64_):00387             STQ  4,X    
                      (benchmark_itoa64_):00388             ; IF INPUT IS NEGATIVE, POINT U AT THE THE NEGATIVE POWERS TABLE,
                      (benchmark_itoa64_):00389             ; ELSE POUNT U AT POSITIVE POWERS TABLE 
13DB B61085           (benchmark_itoa64_):00390             LDA  ISNEG
13DE 2605             (benchmark_itoa64_):00391             BNE  NEGPWRS
13E0                  (benchmark_itoa64_):00392         DOPOSPWRS:
13E0 CE1326           (benchmark_itoa64_):00393             LDU  #NEGPOWERS+144
13E3 2003             (benchmark_itoa64_):00394             BRA  ATSTART
13E5                  (benchmark_itoa64_):00395         NEGPWRS:    
13E5 CE128E           (benchmark_itoa64_):00396             LDU  #POWERS+144
                      (benchmark_itoa64_):00397             ; LOOP BACKWARDS THROUGH INPUT STRING, STARTING AT THE ONES' PLACE,
                      (benchmark_itoa64_):00398             ; AND FOR EACH DIGIT, MULTIPLY BY THE POWER AT U AND SUM IN RESULT.
                      (benchmark_itoa64_):00399             ; THEN DECREMENT STRING POS BY ONE AND DECREMENT U BY EIGHT.
13E8                  (benchmark_itoa64_):00400         ATSTART:
13E8 F61083           (benchmark_itoa64_):00401             LDB  NDIGITS
13EB 313F             (benchmark_itoa64_):00402             LEAY -1,Y           ; REFERENCE CHAR AT ONES PLACE    
13ED                  (benchmark_itoa64_):00403         ATDIGLOOP:
13ED A6A4             (benchmark_itoa64_):00404             LDA  ,Y             ; GET DIGIT
13EF 7A1083           (benchmark_itoa64_):00405             DEC  NDIGITS        ; DECREMENT DIGITCOUNT
13F2 8030             (benchmark_itoa64_):00406             SUBA #'0'           ; CONVERT DIGIT TO DECIMAL
13F4 270E             (benchmark_itoa64_):00407             BEQ  ATZERO
13F6 B71082           (benchmark_itoa64_):00408             STA  DIGIT    
13F9                  (benchmark_itoa64_):00409         ATILOOP:    
13F9 BD11C5           (benchmark_itoa64_):00410             JSR  SUB64_XU
13FC 7A1082           (benchmark_itoa64_):00411             DEC  DIGIT
13FF B61082           (benchmark_itoa64_):00412             LDA  DIGIT
1402 26F5             (benchmark_itoa64_):00413             BNE  ATILOOP
1404                  (benchmark_itoa64_):00414         ATZERO:
1404 313F             (benchmark_itoa64_):00415             LEAY -1,Y           ; REF NEXT PLACE VAL IN STRING
1406 3358             (benchmark_itoa64_):00416             LEAU -8,U           ; AND NEXT PLACE VALUE IN POWERS TABLE
1408 F61083           (benchmark_itoa64_):00417             LDB  NDIGITS
140B 26E0             (benchmark_itoa64_):00418             BNE  ATDIGLOOP      ; LOOP FOR REMAINING PLACE VALUES
140D                  (benchmark_itoa64_):00419         AT64_DONE:
140D 3530             (benchmark_itoa64_):00420             PULS X,Y
140F 39               (benchmark_itoa64_):00421             RTS
1410                  (benchmark_itoa64_):00422         AT64_FAIL:
1410 3530             (benchmark_itoa64_):00423             PULS X,Y
1412 BD1416           (benchmark_itoa64_):00424             JSR SET_MINI64_X
1415 39               (benchmark_itoa64_):00425             RTS
                      (benchmark_itoa64_):00426         ;------------------------------------------------------------------------------
                      (benchmark_itoa64_):00427         ; WRITES INT64_MIN TO ADRESS IN X
                      (benchmark_itoa64_):00428         ;------------------------------------------------------------------------------
1416                  (benchmark_itoa64_):00429         SET_MINI64_X
1416 CD00001296       (benchmark_itoa64_):00430             LDQ  #NEGPOWERS+0
141B 10ED00           (benchmark_itoa64_):00431             STQ  0,X
141E CD0000129A       (benchmark_itoa64_):00432             LDQ  #NEGPOWERS+4
1423 10ED04           (benchmark_itoa64_):00433             STQ  4,X
1426 39               (benchmark_itoa64_):00434             RTS
                      (benchmark_itoa64_):00435         ;------------------------------------------------------------------------------
                      (benchmark_itoa64_):00436         ; 2000 TEST VALUES (FOR BENCHMARKING)
                      (benchmark_itoa64_):00437         ;------------------------------------------------------------------------------
1427                  (benchmark_itoa64_):00438         TEST_VECTORS:
                      (benchmark_itoa64_):00439         ;             INPUT                      EXPECTED_RESULT
1427 0000000000000000 (benchmark_itoa64_):00440             FQB $00000000,$00000000     ;                    "0"
142F FFFFFFFFFFFFFFFF (benchmark_itoa64_):00441             FQB $FFFFFFFF,$FFFFFFFF     ;                   "-1"
1437 8000000000000001 (benchmark_itoa64_):00442             FQB $80000000,$00000001     ; "-9223372036854775807"
143F 7FFFFFFFFFFFFFFF (benchmark_itoa64_):00443             FQB $7FFFFFFF,$FFFFFFFF     ;  "9223372036854775807"
1447 F0815F97F329575F (benchmark_itoa64_):00444             FQB $F0815F97,$F329575F     ; "-1116506126386899105"
144F 95A01DF3D05093B8 (benchmark_itoa64_):00445             FQB $95A01DF3,$D05093B8     ; "-7665093632775384136"
1457 5FE23901D0190343 (benchmark_itoa64_):00446             FQB $5FE23901,$D0190343     ;  "6909147458288812867"
145F 05C76EE0DE5EA7C1 (benchmark_itoa64_):00447             FQB $05C76EE0,$DE5EA7C1     ;   "416423402637535169"
1467 47EF940DF3CA0C5D (benchmark_itoa64_):00448             FQB $47EF940D,$F3CA0C5D     ;  "5183524483772320861"
146F 8AB717915461AF35 (benchmark_itoa64_):00449             FQB $8AB71791,$5461AF35     ; "-8451260262784061643"
1477 542D8A2ED72B5B6E (benchmark_itoa64_):00450             FQB $542D8A2E,$D72B5B6E     ;  "6065656206920997742"
147F 6C42A0E76870F1BF (benchmark_itoa64_):00451             FQB $6C42A0E7,$6870F1BF     ;  "7800974420309242303"
1487 D4AAFBC165A43660 (benchmark_itoa64_):00452             FQB $D4AAFBC1,$65A43660     ; "-3122406583575497120"
148F 578C5771F9DFCFC7 (benchmark_itoa64_):00453             FQB $578C5771,$F9DFCFC7     ;  "6308513325074337735"
1497 EFEC5D214F87CA49 (benchmark_itoa64_):00454             FQB $EFEC5D21,$4F87CA49     ; "-1158448606491456951"
149F 93DD8DB075C9EE09 (benchmark_itoa64_):00455             FQB $93DD8DB0,$75C9EE09     ; "-7791915991251161591"
14A7 95E21782398162C2 (benchmark_itoa64_):00456             FQB $95E21782,$398162C2     ; "-7646523369243712830"
14AF 501163590337E64C (benchmark_itoa64_):00457             FQB $50116359,$0337E64C     ;  "5769501831595550284"
14B7 B6B98414422B49B5 (benchmark_itoa64_):00458             FQB $B6B98414,$422B49B5     ; "-5280043865570850379"
14BF 920D94C1451D6565 (benchmark_itoa64_):00459             FQB $920D94C1,$451D6565     ; "-7922512611665681051"
14C7 BF3B86FAD1C61E66 (benchmark_itoa64_):00460             FQB $BF3B86FA,$D1C61E66     ; "-4666988177020019098"
14CF 63B6A6F8C40E7ED4 (benchmark_itoa64_):00461             FQB $63B6A6F8,$C40E7ED4     ;  "7185113842887589588"
14D7 779C5F71832655F1 (benchmark_itoa64_):00462             FQB $779C5F71,$832655F1     ;  "8618868728016557553"
14DF 8D94ECBB14001804 (benchmark_itoa64_):00463             FQB $8D94ECBB,$14001804     ; "-8244704729569945596"
14E7 CD09104A79FA4D39 (benchmark_itoa64_):00464             FQB $CD09104A,$79FA4D39     ; "-3672386109083857607"
14EF 7A547C87BA3B7DF8 (benchmark_itoa64_):00465             FQB $7A547C87,$BA3B7DF8     ;  "8814807293057793528"
14F7 16309581CDB11F41 (benchmark_itoa64_):00466             FQB $16309581,$CDB11F41     ;  "1598942252450783041"
14FF 1E92776B91F54187 (benchmark_itoa64_):00467             FQB $1E92776B,$91F54187     ;  "2202954471631569287"
1507 FD3F0F8086DF86B3 (benchmark_itoa64_):00468             FQB $FD3F0F80,$86DF86B3     ;  "-198422813887985997"
150F DECCAB8FDE442DA9 (benchmark_itoa64_):00469             FQB $DECCAB8F,$DE442DA9     ; "-2392348667642892887"
1517 AD7B97EEBC770182 (benchmark_itoa64_):00470             FQB $AD7B97EE,$BC770182     ; "-5945991831392681598"
151F C46C65FAF611FD3E (benchmark_itoa64_):00471             FQB $C46C65FA,$F611FD3E     ; "-4292944216246321858"
1527 49C0421F2243D0D9 (benchmark_itoa64_):00472             FQB $49C0421F,$2243D0D9     ;  "5314320261783474393"
152F 143A37884C4D6931 (benchmark_itoa64_):00473             FQB $143A3788,$4C4D6931     ;  "1457538487942998321"
1537 688DD116D15BEC94 (benchmark_itoa64_):00474             FQB $688DD116,$D15BEC94     ;  "7533907647592656020"
153F 4D6CAF41BB27D3ED (benchmark_itoa64_):00475             FQB $4D6CAF41,$BB27D3ED     ;  "5579026735252886509"
1547 EEB40AAB357553F4 (benchmark_itoa64_):00476             FQB $EEB40AAB,$357553F4     ; "-1246359466422217740"
154F 14343F004F55DB2D (benchmark_itoa64_):00477             FQB $14343F00,$4F55DB2D     ;  "1455857850111089453"
1557 D5F1E365ED3CB11F (benchmark_itoa64_):00478             FQB $D5F1E365,$ED3CB11F     ; "-3030391047332253409"
155F D9FD313B6ECA89FC (benchmark_itoa64_):00479             FQB $D9FD313B,$6ECA89FC     ; "-2738978867039794692"
1567 EBB81652A0F083B6 (benchmark_itoa64_):00480             FQB $EBB81652,$A0F083B6     ; "-1461393534938479690"
156F EDB92EEBE1FF6FAC (benchmark_itoa64_):00481             FQB $EDB92EEB,$E1FF6FAC     ; "-1316969825385353300"
1577 EA1D8E8941A8334A (benchmark_itoa64_):00482             FQB $EA1D8E89,$41A8334A     ; "-1576947574346599606"
157F 39A36F79C4658D2B (benchmark_itoa64_):00483             FQB $39A36F79,$C4658D2B     ;  "4153285850142444843"
1587 294FE24C74064E48 (benchmark_itoa64_):00484             FQB $294FE24C,$74064E48     ;  "2976846696707149384"
158F 5429392301378F24 (benchmark_itoa64_):00485             FQB $54293923,$01378F24     ;  "6064441195738140452"
1597 2749D731D75AD996 (benchmark_itoa64_):00486             FQB $2749D731,$D75AD996     ;  "2831030449845492118"
159F BA6B02DDAD86EF4C (benchmark_itoa64_):00487             FQB $BA6B02DD,$AD86EF4C     ; "-5013910609024585908"
15A7 BB7CC9297F81C9B2 (benchmark_itoa64_):00488             FQB $BB7CC929,$7F81C9B2     ; "-4936849911434851918"
15AF 5F7F02B57501AAE0 (benchmark_itoa64_):00489             FQB $5F7F02B5,$7501AAE0     ;  "6881221734020786912"
15B7 2032F7496B9C7CA0 (benchmark_itoa64_):00490             FQB $2032F749,$6B9C7CA0     ;  "2320188652759317664"
15BF 3A42ADAF6E258879 (benchmark_itoa64_):00491             FQB $3A42ADAF,$6E258879     ;  "4198108771641559161"
15C7 87CF3254552FA3BB (benchmark_itoa64_):00492             FQB $87CF3254,$552FA3BB     ; "-8660648220622347333"
15CF E77B6E5674F63536 (benchmark_itoa64_):00493             FQB $E77B6E56,$74F63536     ; "-1766697111204252362"
15D7 7AD083A8FC098928 (benchmark_itoa64_):00494             FQB $7AD083A8,$FC098928     ;  "8849718029589252392"
15DF 9A9EB11A4FD33467 (benchmark_itoa64_):00495             FQB $9A9EB11A,$4FD33467     ; "-7305206818981858201"
15E7 D723ADBCF2670244 (benchmark_itoa64_):00496             FQB $D723ADBC,$F2670244     ; "-2944318704337878460"
15EF 48317BF277EBFC54 (benchmark_itoa64_):00497             FQB $48317BF2,$77EBFC54     ;  "5202075325913889876"
15F7 86188421939DAF8B (benchmark_itoa64_):00498             FQB $86188421,$939DAF8B     ; "-8784125793440780405"
15FF 36A31243EFF80049 (benchmark_itoa64_):00499             FQB $36A31243,$EFF80049     ;  "3937010582250061897"
1607 860D02969DC3FA1F (benchmark_itoa64_):00500             FQB $860D0296,$9DC3FA1F     ; "-8787364452014753249"
160F C02537DC40C367B1 (benchmark_itoa64_):00501             FQB $C02537DC,$40C367B1     ; "-4601210025170212943"
1617 EE83E8CCDD2EBD2F (benchmark_itoa64_):00502             FQB $EE83E8CC,$DD2EBD2F     ; "-1259907504151806673"
161F 0C1D27898F78F7B2 (benchmark_itoa64_):00503             FQB $0C1D2789,$8F78F7B2     ;   "872897374550816690"
1627 C1E1B89209D39FA7 (benchmark_itoa64_):00504             FQB $C1E1B892,$09D39FA7     ; "-4476093617259962457"
162F 979D05656F40C5D1 (benchmark_itoa64_):00505             FQB $979D0565,$6F40C5D1     ; "-7521849869422508591"
1637 33D6BAC142E8D0EA (benchmark_itoa64_):00506             FQB $33D6BAC1,$42E8D0EA     ;  "3735378280164413674"
163F D4284B26BFD7651F (benchmark_itoa64_):00507             FQB $D4284B26,$BFD7651F     ; "-3159192508800998113"
1647 55338A44D0DB7263 (benchmark_itoa64_):00508             FQB $55338A44,$D0DB7263     ;  "6139402745202569827"
164F 6023B24A8F852F13 (benchmark_itoa64_):00509             FQB $6023B24A,$8F852F13     ;  "6927576685131149075"
1657 B9119BB797484593 (benchmark_itoa64_):00510             FQB $B9119BB7,$97484593     ; "-5111132889269385837"
165F 21F225F74F6415D8 (benchmark_itoa64_):00511             FQB $21F225F7,$4F6415D8     ;  "2446059291734709720"
1667 A8FAD28AFFE9854D (benchmark_itoa64_):00512             FQB $A8FAD28A,$FFE9854D     ; "-6270468036719180467"
166F B2C1E311AE23B216 (benchmark_itoa64_):00513             FQB $B2C1E311,$AE23B216     ; "-5565917999377698282"
1677 924E215E12982D95 (benchmark_itoa64_):00514             FQB $924E215E,$12982D95     ; "-7904343608066036331"
167F 70F0921893B0B5FB (benchmark_itoa64_):00515             FQB $70F09218,$93B0B5FB     ;  "8138165160913188347"
1687 680AF9DF1A34BBA1 (benchmark_itoa64_):00516             FQB $680AF9DF,$1A34BBA1     ;  "7497079266324298657"
168F 9F047152F251C5B4 (benchmark_itoa64_):00517             FQB $9F047152,$F251C5B4     ; "-6988336120705464908"
1697 C86A1087C5C47A69 (benchmark_itoa64_):00518             FQB $C86A1087,$C5C47A69     ; "-4005370743268017559"
169F 08F9F6293F4D942E (benchmark_itoa64_):00519             FQB $08F9F629,$3F4D942E     ;   "646818678520517678"
16A7 2DF2088383194295 (benchmark_itoa64_):00520             FQB $2DF20883,$83194295     ;  "3310718037003944597"
16AF FEDCB4752B0A9CC7 (benchmark_itoa64_):00521             FQB $FEDCB475,$2B0A9CC7     ;   "-81992277873222457"
16B7 940DBAC6EBE1776F (benchmark_itoa64_):00522             FQB $940DBAC6,$EBE1776F     ; "-7778355617875265681"
16BF 13452E0FF8E15515 (benchmark_itoa64_):00523             FQB $13452E0F,$F8E15515     ;  "1388566706248570133"
16C7 A8B647C3BB7E03BB (benchmark_itoa64_):00524             FQB $A8B647C3,$BB7E03BB     ; "-6289760923586526277"
16CF C1F99F35B141A353 (benchmark_itoa64_):00525             FQB $C1F99F35,$B141A353     ; "-4469366102232554669"
16D7 6411843B0E0A8F21 (benchmark_itoa64_):00526             FQB $6411843B,$0E0A8F21     ;  "7210689867570384673"
16DF A6B65235851E4DE0 (benchmark_itoa64_):00527             FQB $A6B65235,$851E4DE0     ; "-6433864627832074784"
16E7 960B9F17B81342DB (benchmark_itoa64_):00528             FQB $960B9F17,$B81342DB     ; "-7634833819055209765"
16EF FC3C66A7DAFADBCF (benchmark_itoa64_):00529             FQB $FC3C66A7,$DAFADBCF     ;  "-271229006429627441"
16F7 512AB1112DFB47DB (benchmark_itoa64_):00530             FQB $512AB111,$2DFB47DB     ;  "5848681753438013403"
16FF 6124F5D1BE95F5A0 (benchmark_itoa64_):00531             FQB $6124F5D1,$BE95F5A0     ;  "6999990002035062176"
1707 98DFA9C7523C1336 (benchmark_itoa64_):00532             FQB $98DFA9C7,$523C1336     ; "-7431034186594774218"
170F B2AC29744122D60E (benchmark_itoa64_):00533             FQB $B2AC2974,$4122D60E     ; "-5572033059678398962"
1717 3EC3AA73B81E5E8A (benchmark_itoa64_):00534             FQB $3EC3AA73,$B81E5E8A     ;  "4522645864797068938"
171F DFB1BB8102AEDDD5 (benchmark_itoa64_):00535             FQB $DFB1BB81,$02AEDDD5     ; "-2327873369603645995"
1727 7572007548777A90 (benchmark_itoa64_):00536             FQB $75720075,$48777A90     ;  "8462827153509546640"
172F 189BEF9E6348318C (benchmark_itoa64_):00537             FQB $189BEF9E,$6348318C     ;  "1773274341849969036"
1737 006BB8B225F097DF (benchmark_itoa64_):00538             FQB $006BB8B2,$25F097DF     ;    "30320897788254175"
173F 70C9E2ACB717E27B (benchmark_itoa64_):00539             FQB $70C9E2AC,$B717E27B     ;  "8127276234000818811"
1747 09D34B63C3DD59AE (benchmark_itoa64_):00540             FQB $09D34B63,$C3DD59AE     ;   "707992458287208878"
174F D62F5A6C2A95F1EF (benchmark_itoa64_):00541             FQB $D62F5A6C,$2A95F1EF     ; "-3013090205070134801"
1757 1E4AE2A62C73C9E5 (benchmark_itoa64_):00542             FQB $1E4AE2A6,$2C73C9E5     ;  "2182806172752660965"
175F 498FA536440D3DC3 (benchmark_itoa64_):00543             FQB $498FA536,$440D3DC3     ;  "5300636938926898627"
1767 FD7DD6CF7C7C8A3F (benchmark_itoa64_):00544             FQB $FD7DD6CF,$7C7C8A3F     ;  "-180752223389840833"
176F 91CDBD63444E5091 (benchmark_itoa64_):00545             FQB $91CDBD63,$444E5091     ; "-7940482333938921327"
1777 9C6020C4BD7456F8 (benchmark_itoa64_):00546             FQB $9C6020C4,$BD7456F8     ; "-7178701776664373512"
177F D2E6BEA29EB5D962 (benchmark_itoa64_):00547             FQB $D2E6BEA2,$9EB5D962     ; "-3249700475444536990"
1787 6C2FC85A2C5287AB (benchmark_itoa64_):00548             FQB $6C2FC85A,$2C5287AB     ;  "7795669769617835947"
178F 8E5678B4A29129F1 (benchmark_itoa64_):00549             FQB $8E5678B4,$A29129F1     ; "-8190226155109799439"
1797 2D0F14D050AA0140 (benchmark_itoa64_):00550             FQB $2D0F14D0,$50AA0140     ;  "3246836741296488768"
179F 40DE23AA4AE9F084 (benchmark_itoa64_):00551             FQB $40DE23AA,$4AE9F084     ;  "4674212677565411460"
17A7 69DC6066AEC0A15C (benchmark_itoa64_):00552             FQB $69DC6066,$AEC0A15C     ;  "7628077862993568092"
17AF 2F0A583EC005D76B (benchmark_itoa64_):00553             FQB $2F0A583E,$C005D76B     ;  "3389618696082544491"
17B7 4246491FEBC43FFE (benchmark_itoa64_):00554             FQB $4246491F,$EBC43FFE     ;  "4775584856321310718"
17BF 40A273FDF833F4EF (benchmark_itoa64_):00555             FQB $40A273FD,$F833F4EF     ;  "4657412499282588911"
17C7 822E8781E4FBCFDE (benchmark_itoa64_):00556             FQB $822E8781,$E4FBCFDE     ; "-9066160007887990818"
17CF 7145F5BC4343E4A1 (benchmark_itoa64_):00557             FQB $7145F5BC,$4343E4A1     ;  "8162200088610071713"
17D7 7FA7E45D70074FBF (benchmark_itoa64_):00558             FQB $7FA7E45D,$70074FBF     ;  "9198571853890146239"
17DF 29D15F548AD0D56F (benchmark_itoa64_):00559             FQB $29D15F54,$8AD0D56F     ;  "3013294442398405999"
17E7 69CDB6EFE48FDC4F (benchmark_itoa64_):00560             FQB $69CDB6EF,$E48FDC4F     ;  "7623950885656190031"
17EF 710C3F91D3D62EC5 (benchmark_itoa64_):00561             FQB $710C3F91,$D3D62EC5     ;  "8145955721563221701"
17F7 D1DECE52AADF9911 (benchmark_itoa64_):00562             FQB $D1DECE52,$AADF9911     ; "-3323992620503426799"
17FF 333ECCB26D67E18A (benchmark_itoa64_):00563             FQB $333ECCB2,$6D67E18A     ;  "3692613811202154890"
1807 087CF715B721A993 (benchmark_itoa64_):00564             FQB $087CF715,$B721A993     ;   "611635322054355347"
180F 3641F38D6118FD76 (benchmark_itoa64_):00565             FQB $3641F38D,$6118FD76     ;  "3909673740079267190"
1817 FE5F08002441FF1F (benchmark_itoa64_):00566             FQB $FE5F0800,$2441FF1F     ;  "-117366268587016417"
181F 2920DBD9B08D458B (benchmark_itoa64_):00567             FQB $2920DBD9,$B08D458B     ;  "2963610282826220939"
1827 27D03DC5546B0C15 (benchmark_itoa64_):00568             FQB $27D03DC5,$546B0C15     ;  "2868860880369159189"
182F 091A4064403BAABC (benchmark_itoa64_):00569             FQB $091A4064,$403BAABC     ;   "655907495054387900"
1837 0381DE7D3049C31F (benchmark_itoa64_):00570             FQB $0381DE7D,$3049C31F     ;   "252727683371877151"
183F 6BB9180F26DFBA52 (benchmark_itoa64_):00571             FQB $6BB9180F,$26DFBA52     ;  "7762261886105533010"
1847 51D3F039C160137E (benchmark_itoa64_):00572             FQB $51D3F039,$C160137E     ;  "5896320468006212478"
184F DC43E7905309A579 (benchmark_itoa64_):00573             FQB $DC43E790,$5309A579     ; "-2574959954871343751"
1857 B14640DEB6BD4380 (benchmark_itoa64_):00574             FQB $B14640DE,$B6BD4380     ; "-5672775355333786752"
185F 8C137AA5ABC8AE42 (benchmark_itoa64_):00575             FQB $8C137AA5,$ABC8AE42     ; "-8353198031871889854"
1867 D0C0DD3310130058 (benchmark_itoa64_):00576             FQB $D0C0DD33,$10130058     ; "-3404478106909343656"
186F BE2EDC6746ABA5F3 (benchmark_itoa64_):00577             FQB $BE2EDC67,$46ABA5F3     ; "-4742611021449157133"
1877 6A94744AF088F880 (benchmark_itoa64_):00578             FQB $6A94744A,$F088F880     ;  "7679891129785448576"
187F 7975202151D555EF (benchmark_itoa64_):00579             FQB $79752021,$51D555EF     ;  "8751936778343372271"
1887 985F1FD052D7A658 (benchmark_itoa64_):00580             FQB $985F1FD0,$52D7A658     ; "-7467214677553469864"
188F 3F4C99A8B663350C (benchmark_itoa64_):00581             FQB $3F4C99A8,$B663350C     ;  "4561189472512980236"
1897 C3EABB4A8DB6F3CD (benchmark_itoa64_):00582             FQB $C3EABB4A,$8DB6F3CD     ; "-4329442162883759155"
189F A7C908ECA2F17492 (benchmark_itoa64_):00583             FQB $A7C908EC,$A2F17492     ; "-6356539586617707374"
18A7 2221FC2313B4F871 (benchmark_itoa64_):00584             FQB $2221FC23,$13B4F871     ;  "2459524099105683569"
18AF 9AFC8842C91CE6BF (benchmark_itoa64_):00585             FQB $9AFC8842,$C91CE6BF     ; "-7278793077314230593"
18B7 800183FC820A70CB (benchmark_itoa64_):00586             FQB $800183FC,$820A70CB     ; "-9222945441341345589"
18BF 78A284EE25D2B675 (benchmark_itoa64_):00587             FQB $78A284EE,$25D2B675     ;  "8692656389150127733"
18C7 AFE4A3F40B63E93B (benchmark_itoa64_):00588             FQB $AFE4A3F4,$0B63E93B     ; "-5772308553823688389"
18CF 85CE5FFA2B32D432 (benchmark_itoa64_):00589             FQB $85CE5FFA,$2B32D432     ; "-8804994693391526862"
18D7 1DBCC5BAC617FA38 (benchmark_itoa64_):00590             FQB $1DBCC5BA,$C617FA38     ;  "2142804928699562552"
18DF B1B408CFFF403631 (benchmark_itoa64_):00591             FQB $B1B408CF,$FF403631     ; "-5641874743754738127"
18E7 D6B067D2AAD6B389 (benchmark_itoa64_):00592             FQB $D6B067D2,$AAD6B389     ; "-2976765199184907383"
18EF 4353D75E3563B5C9 (benchmark_itoa64_):00593             FQB $4353D75E,$3563B5C9     ;  "4851458023230780873"
18F7 45228CABFBE1929D (benchmark_itoa64_):00594             FQB $45228CAB,$FBE1929D     ;  "4981698808118350493"
18FF FD350DD1EB362149 (benchmark_itoa64_):00595             FQB $FD350DD1,$EB362149     ;  "-201239413102599863"
1907 1DC65F7AF2BABC67 (benchmark_itoa64_):00596             FQB $1DC65F7A,$F2BABC67     ;  "2145507254151593063"
190F 8821A3AAE4895D18 (benchmark_itoa64_):00597             FQB $8821A3AA,$E4895D18     ; "-8637442655945925352"
1917 5AD236AFE5D8119D (benchmark_itoa64_):00598             FQB $5AD236AF,$E5D8119D     ;  "6544353337626071453"
191F 1DAE7BA4E4BC6C85 (benchmark_itoa64_):00599             FQB $1DAE7BA4,$E4BC6C85     ;  "2138782821189971077"
1927 FED95DC100708A36 (benchmark_itoa64_):00600             FQB $FED95DC1,$00708A36     ;   "-82932034612196810"
192F 120EADAE3C1D031C (benchmark_itoa64_):00601             FQB $120EADAE,$3C1D031C     ;  "1301168306201101084"
1937 D59C3478A1C08B71 (benchmark_itoa64_):00602             FQB $D59C3478,$A1C08B71     ; "-3054508754549568655"
193F 7DD16E67562CFE67 (benchmark_itoa64_):00603             FQB $7DD16E67,$562CFE67     ;  "9066148914979995239"
1947 337F801D9B0087B0 (benchmark_itoa64_):00604             FQB $337F801D,$9B0087B0     ;  "3710825482619488176"
194F 8DBD4E6674B70B39 (benchmark_itoa64_):00605             FQB $8DBD4E66,$74B70B39     ; "-8233338341811614919"
1957 84CE50B0E87282C2 (benchmark_itoa64_):00606             FQB $84CE50B0,$E87282C2     ; "-8877069094756384062"
195F D8872EF54CF2FCBB (benchmark_itoa64_):00607             FQB $D8872EF5,$4CF2FCBB     ; "-2844253008568320837"
1967 0055F8F0FFC3DD00 (benchmark_itoa64_):00608             FQB $0055F8F0,$FFC3DD00     ;    "24199086987271424"
196F 9E2AE49D7E27C9F4 (benchmark_itoa64_):00609             FQB $9E2AE49D,$7E27C9F4     ; "-7049570901617554956"
1977 A980356914456A91 (benchmark_itoa64_):00610             FQB $A9803569,$14456A91     ; "-6232923158852834671"
197F B4D2A181E307F14B (benchmark_itoa64_):00611             FQB $B4D2A181,$E307F14B     ; "-5417089822541483701"
1987 7C552DA1FD6E78EF (benchmark_itoa64_):00612             FQB $7C552DA1,$FD6E78EF     ;  "8959117207488329967"
198F F114EAA75E8B6438 (benchmark_itoa64_):00613             FQB $F114EAA7,$5E8B6438     ; "-1074976406468074440"
1997 B336EDEF42297563 (benchmark_itoa64_):00614             FQB $B336EDEF,$42297563     ; "-5532973480315095709"
199F 8AD77CEE18DE2A09 (benchmark_itoa64_):00615             FQB $8AD77CEE,$18DE2A09     ; "-8442141614421431799"
19A7 5422D8F6D90772B8 (benchmark_itoa64_):00616             FQB $5422D8F6,$D90772B8     ;  "6062646603108807352"
19AF 66F8E533257CD802 (benchmark_itoa64_):00617             FQB $66F8E533,$257CD802     ;  "7419932393927923714"
19B7 F927D57132A72F7A (benchmark_itoa64_):00618             FQB $F927D571,$32A72F7A     ;  "-493190952015941766"
19BF D6768CF185CCEB91 (benchmark_itoa64_):00619             FQB $D6768CF1,$85CCEB91     ; "-2993049933381309551"
19C7 6B733F06AB7D7417 (benchmark_itoa64_):00620             FQB $6B733F06,$AB7D7417     ;  "7742601482259493911"
19CF 7141B580903C8A55 (benchmark_itoa64_):00621             FQB $7141B580,$903C8A55     ;  "8161003563552377429"
19D7 BB358DD0ED32F9CE (benchmark_itoa64_):00622             FQB $BB358DD0,$ED32F9CE     ; "-4956899886379107890"
19DF 19E1848C34596F78 (benchmark_itoa64_):00623             FQB $19E1848C,$34596F78     ;  "1864917458416660344"
19E7 1D0F0DD77846387B (benchmark_itoa64_):00624             FQB $1D0F0DD7,$7846387B     ;  "2093907570837567611"
19EF DB3C87509B4522A5 (benchmark_itoa64_):00625             FQB $DB3C8750,$9B4522A5     ; "-2649093700528561499"
19F7 210600C8EBDEE207 (benchmark_itoa64_):00626             FQB $210600C8,$EBDEE207     ;  "2379590316062597639"
19FF 2DB57DF950FEAFFA (benchmark_itoa64_):00627             FQB $2DB57DF9,$50FEAFFA     ;  "3293677212250583034"
1A07 8CFA0E7BCFDE290C (benchmark_itoa64_):00628             FQB $8CFA0E7B,$CFDE290C     ; "-8288296239290767092"
1A0F 0896C7A822192299 (benchmark_itoa64_):00629             FQB $0896C7A8,$22192299     ;   "618901523750527641"
1A17 BDBECA3968A8C64B (benchmark_itoa64_):00630             FQB $BDBECA39,$68A8C64B     ; "-4774156207048309173"
1A1F FFA35DF465D7E0A2 (benchmark_itoa64_):00631             FQB $FFA35DF4,$65D7E0A2     ;   "-26073868572041054"
1A27 8F0B1C492FA858BE (benchmark_itoa64_):00632             FQB $8F0B1C49,$2FA858BE     ; "-8139380800884287298"
1A2F C87B69398E999CEE (benchmark_itoa64_):00633             FQB $C87B6939,$8E999CEE     ; "-4000488148062069522"
1A37 63BE02DEC1C4C70C (benchmark_itoa64_):00634             FQB $63BE02DE,$C1C4C70C     ;  "7187185211086784268"
1A3F 5BB601CA3A902BCF (benchmark_itoa64_):00635             FQB $5BB601CA,$3A902BCF     ;  "6608471471290330063"
1A47 7E88227EBA6786F2 (benchmark_itoa64_):00636             FQB $7E88227E,$BA6786F2     ;  "9117575373300139762"
1A4F 3755BCD0BD42D525 (benchmark_itoa64_):00637             FQB $3755BCD0,$BD42D525     ;  "3987300649820935461"
1A57 FC39E79F88691FC7 (benchmark_itoa64_):00638             FQB $FC39E79F,$88691FC7     ;  "-271931630104797241"
1A5F EB82C2384D1EA1B9 (benchmark_itoa64_):00639             FQB $EB82C238,$4D1EA1B9     ; "-1476404180756291143"
1A67 C5CB1E7CDCE9815F (benchmark_itoa64_):00640             FQB $C5CB1E7C,$DCE9815F     ; "-4194225106334416545"
1A6F 83EC5B02EE666705 (benchmark_itoa64_):00641             FQB $83EC5B02,$EE666705     ; "-8940671092089526523"
1A77 1269E3F6B0065C55 (benchmark_itoa64_):00642             FQB $1269E3F6,$B0065C55     ;  "1326842213891988565"
1A7F 5C49C17A7C662216 (benchmark_itoa64_):00643             FQB $5C49C17A,$7C662216     ;  "6650059056606487062"
1A87 0CC6EE7FEFA3EC5A (benchmark_itoa64_):00644             FQB $0CC6EE7F,$EFA3EC5A     ;   "920685407092599898"
1A8F 4A988CF5FD27F22C (benchmark_itoa64_):00645             FQB $4A988CF5,$FD27F22C     ;  "5375201143408816684"
1A97 51A8E5392C9BD090 (benchmark_itoa64_):00646             FQB $51A8E539,$2C9BD090     ;  "5884204946883858576"
1A9F 186807C6B684C7D1 (benchmark_itoa64_):00647             FQB $186807C6,$B684C7D1     ;  "1758664204535252945"
1AA7 C179022C64E86340 (benchmark_itoa64_):00648             FQB $C179022C,$64E86340     ; "-4505567562512702656"
1AAF 78E713D245856185 (benchmark_itoa64_):00649             FQB $78E713D2,$45856185     ;  "8711953798001942917"
1AB7 EDAC687331FA2935 (benchmark_itoa64_):00650             FQB $EDAC6873,$31FA2935     ; "-1320565746757392075"
1ABF 7E247129C33B6282 (benchmark_itoa64_):00651             FQB $7E247129,$C33B6282     ;  "9089514372123550338"
1AC7 E885BB283AAC30FA (benchmark_itoa64_):00652             FQB $E885BB28,$3AAC30FA     ; "-1691740303550304006"
1ACF 3B09349E3C75AEEF (benchmark_itoa64_):00653             FQB $3B09349E,$3C75AEEF     ;  "4253989177251966703"
1AD7 6949136409DA4D77 (benchmark_itoa64_):00654             FQB $69491364,$09DA4D77     ;  "7586616367665270135"
1ADF B177DE759CCB6F0C (benchmark_itoa64_):00655             FQB $B177DE75,$9CCB6F0C     ; "-5658809810044621044"
1AE7 B4D083282166278C (benchmark_itoa64_):00656             FQB $B4D08328,$2166278C     ; "-5417686143344433268"
1AEF 1A8894CE1B8BC752 (benchmark_itoa64_):00657             FQB $1A8894CE,$1B8BC752     ;  "1911941654765094738"
1AF7 CF7A30D01A351B55 (benchmark_itoa64_):00658             FQB $CF7A30D0,$1A351B55     ; "-3496428490348749995"
1AFF 12393FE6F760FE52 (benchmark_itoa64_):00659             FQB $12393FE6,$F760FE52     ;  "1313151027580567122"
1B07 5A45D2E4E1DF3198 (benchmark_itoa64_):00660             FQB $5A45D2E4,$E1DF3198     ;  "6504837117290426776"
1B0F F594DCF7D6DD7892 (benchmark_itoa64_):00661             FQB $F594DCF7,$D6DD7892     ;  "-750732280844158830"
1B17 5771FE1467E978FE (benchmark_itoa64_):00662             FQB $5771FE14,$67E978FE     ;  "6301096717264189694"
1B1F 7ABD67C2EA7944B4 (benchmark_itoa64_):00663             FQB $7ABD67C2,$EA7944B4     ;  "8844339330080654516"
1B27 F47D079F1F4AFD7C (benchmark_itoa64_):00664             FQB $F47D079F,$1F4AFD7C     ;  "-829498376360100484"
1B2F 807654A37102B76C (benchmark_itoa64_):00665             FQB $807654A3,$7102B76C     ; "-9190064928650512532"
1B37 E785AD0DE34C8E6D (benchmark_itoa64_):00666             FQB $E785AD0D,$E34C8E6D     ; "-1763813403886055827"
1B3F 295E3E2FCF29825B (benchmark_itoa64_):00667             FQB $295E3E2F,$CF29825B     ;  "2980888378425836123"
1B47 D435DAE0E459A895 (benchmark_itoa64_):00668             FQB $D435DAE0,$E459A895     ; "-3155375304464553835"
1B4F 29F9562610752367 (benchmark_itoa64_):00669             FQB $29F95626,$10752367     ;  "3024543346240856935"
1B57 91423E38FBAEF113 (benchmark_itoa64_):00670             FQB $91423E38,$FBAEF113     ; "-7979747175285460717"
1B5F A7C40B6E3D49755C (benchmark_itoa64_):00671             FQB $A7C40B6E,$3D49755C     ; "-6357944205837765284"
1B67 C72EAC91CC380A4C (benchmark_itoa64_):00672             FQB $C72EAC91,$CC380A4C     ; "-4094145269036742068"
1B6F 77E7DA6AC0F1A265 (benchmark_itoa64_):00673             FQB $77E7DA6A,$C0F1A265     ;  "8640114562172035685"
1B77 21FD003C7F4182CF (benchmark_itoa64_):00674             FQB $21FD003C,$7F4182CF     ;  "2449114032192455375"
1B7F 5A7AEBA6FE4852B0 (benchmark_itoa64_):00675             FQB $5A7AEBA6,$FE4852B0     ;  "6519782513035465392"
1B87 CBBF89DEB158925F (benchmark_itoa64_):00676             FQB $CBBF89DE,$B158925F     ; "-3765139173907328417"
1B8F A761F0994BDF16BB (benchmark_itoa64_):00677             FQB $A761F099,$4BDF16BB     ; "-6385558255441078597"
1B97 9928936E686F75E8 (benchmark_itoa64_):00678             FQB $9928936E,$686F75E8     ; "-7410511084430330392"
1B9F 3147F0C1AC2C4A9C (benchmark_itoa64_):00679             FQB $3147F0C1,$AC2C4A9C     ;  "3551071545812863644"
1BA7 BA4C6E692D71E808 (benchmark_itoa64_):00680             FQB $BA4C6E69,$2D71E808     ; "-5022518086411884536"
1BAF B570328572995B6D (benchmark_itoa64_):00681             FQB $B5703285,$72995B6D     ; "-5372738806718309523"
1BB7 5F67672ACF4E40A0 (benchmark_itoa64_):00682             FQB $5F67672A,$CF4E40A0     ;  "6874576789768650912"
1BBF D682686E0AFBDD74 (benchmark_itoa64_):00683             FQB $D682686E,$0AFBDD74     ; "-2989712380780618380"
1BC7 EA6915940CCBDA7F (benchmark_itoa64_):00684             FQB $EA691594,$0CCBDA7F     ; "-1555688470665766273"
1BCF A2E17294E992AD26 (benchmark_itoa64_):00685             FQB $A2E17294,$E992AD26     ; "-6709955985905898202"
1BD7 335C32ED48BED536 (benchmark_itoa64_):00686             FQB $335C32ED,$48BED536     ;  "3700888988500809014"
1BDF B3E073879C3F6456 (benchmark_itoa64_):00687             FQB $B3E07387,$9C3F6456     ; "-5485257319858084778"
1BE7 1102A1E208F7A085 (benchmark_itoa64_):00688             FQB $1102A1E2,$08F7A085     ;  "1225720040783323269"
1BEF D9988CD51BB7CCD5 (benchmark_itoa64_):00689             FQB $D9988CD5,$1BB7CCD5     ; "-2767307124098216747"
1BF7 FACD2BEE616632D7 (benchmark_itoa64_):00690             FQB $FACD2BEE,$616632D7     ;  "-374594891165584681"
1BFF B460E3ABB17CF71E (benchmark_itoa64_):00691             FQB $B460E3AB,$B17CF71E     ; "-5449105222561630434"
1C07 94F344F4FAD4F670 (benchmark_itoa64_):00692             FQB $94F344F4,$FAD4F670     ; "-7713745917784557968"
1C0F 840A8AF06CC3ACDF (benchmark_itoa64_):00693             FQB $840A8AF0,$6CC3ACDF     ; "-8932174145714410273"
1C17 A76205BAB5AF70F9 (benchmark_itoa64_):00694             FQB $A76205BA,$B5AF70F9     ; "-6385535022187712263"
1C1F A07C5297DE782C5C (benchmark_itoa64_):00695             FQB $A07C5297,$DE782C5C     ; "-6882535318303003556"
1C27 5C028068C8290AE4 (benchmark_itoa64_):00696             FQB $5C028068,$C8290AE4     ;  "6630002788965878500"
1C2F E983F2F1295F0694 (benchmark_itoa64_):00697             FQB $E983F2F1,$295F0694     ; "-1620184323328113004"
1C37 5A6B699896885F11 (benchmark_itoa64_):00698             FQB $5A6B6998,$96885F11     ;  "6515417390003019537"
1C3F 4BA3CA22FFAEFFFA (benchmark_itoa64_):00699             FQB $4BA3CA22,$FFAEFFFA     ;  "5450422225715789818"
1C47 62B70F95A526E58C (benchmark_itoa64_):00700             FQB $62B70F95,$A526E58C     ;  "7113171271850321292"
1C4F 1A7848F872E4D273 (benchmark_itoa64_):00701             FQB $1A7848F8,$72E4D273     ;  "1907354674108093043"
1C57 92606AFA3E095754 (benchmark_itoa64_):00702             FQB $92606AFA,$3E095754     ; "-7899196123392682156"
1C5F 9C3D3308EB6E5C9B (benchmark_itoa64_):00703             FQB $9C3D3308,$EB6E5C9B     ; "-7188533316810810213"
1C67 DE63D1217CC55E53 (benchmark_itoa64_):00704             FQB $DE63D121,$7CC55E53     ; "-2421862232837759405"
1C6F 92C14E38CD59CBAC (benchmark_itoa64_):00705             FQB $92C14E38,$CD59CBAC     ; "-7871924667796567124"
1C77 28046C9B6A235F8A (benchmark_itoa64_):00706             FQB $28046C9B,$6A235F8A     ;  "2883549076180393866"
1C7F 656932CB069F5FBE (benchmark_itoa64_):00707             FQB $656932CB,$069F5FBE     ;  "7307427717956198334"
1C87 57FFA9BDBB3A9798 (benchmark_itoa64_):00708             FQB $57FFA9BD,$BB3A9798     ;  "6340973432716040088"
1C8F 40A532D660611009 (benchmark_itoa64_):00709             FQB $40A532D6,$60611009     ;  "4658185285906010121"
1C97 AF33450A162721A2 (benchmark_itoa64_):00710             FQB $AF33450A,$162721A2     ; "-5822233983636266590"
1C9F 086E996DED136E6E (benchmark_itoa64_):00711             FQB $086E996D,$ED136E6E     ;   "607591697149554286"
1CA7 FD48B6F4A9AAC0A3 (benchmark_itoa64_):00712             FQB $FD48B6F4,$A9AAC0A3     ;  "-195705421855801181"
1CAF 39BE6A2C2A729A8B (benchmark_itoa64_):00713             FQB $39BE6A2C,$2A729A8B     ;  "4160879843660176011"
1CB7 AD745918E15A7FDC (benchmark_itoa64_):00714             FQB $AD745918,$E15A7FDC     ; "-5948031244454690852"
1CBF CACB8AB41E0E7B4B (benchmark_itoa64_):00715             FQB $CACB8AB4,$1E0E7B4B     ; "-3833818151572833461"
1CC7 C9FFFBF72C0916F9 (benchmark_itoa64_):00716             FQB $C9FFFBF7,$2C0916F9     ; "-3891114514010532103"
1CCF 12541FC725B245ED (benchmark_itoa64_):00717             FQB $12541FC7,$25B245ED     ;  "1320715530917791213"
1CD7 66393D8834D93BBA (benchmark_itoa64_):00718             FQB $66393D88,$34D93BBA     ;  "7365986320752655290"
1CDF 6D6861C2FBCB0A00 (benchmark_itoa64_):00719             FQB $6D6861C2,$FBCB0A00     ;  "7883658637787990528"
1CE7 E3E5D688E28E34E8 (benchmark_itoa64_):00720             FQB $E3E5D688,$E28E34E8     ; "-2024976574028303128"
1CEF 531E1094AC43E573 (benchmark_itoa64_):00721             FQB $531E1094,$AC43E573     ;  "5989242785180673395"
1CF7 AB1828018AA16778 (benchmark_itoa64_):00722             FQB $AB182801,$8AA16778     ; "-6118096106696906888"
1CFF D6CA3FB45EE5A9A7 (benchmark_itoa64_):00723             FQB $D6CA3FB4,$5EE5A9A7     ; "-2969490960378648153"
1D07 278155CFC0C58AA6 (benchmark_itoa64_):00724             FQB $278155CF,$C0C58AA6     ;  "2846650790255626918"
1D0F 9F015E336AF41406 (benchmark_itoa64_):00725             FQB $9F015E33,$6AF41406     ; "-6989201571771575290"
1D17 FF60B456D08610AD (benchmark_itoa64_):00726             FQB $FF60B456,$D08610AD     ;   "-44837711315070803"
1D1F ACFCFBBDDDB24A07 (benchmark_itoa64_):00727             FQB $ACFCFBBD,$DDB24A07     ; "-5981629412168021497"
1D27 3178AA52C16DAA70 (benchmark_itoa64_):00728             FQB $3178AA52,$C16DAA70     ;  "3564786377472977520"
1D2F 5B6BF816F8831F57 (benchmark_itoa64_):00729             FQB $5B6BF816,$F8831F57     ;  "6587631657501794135"
1D37 93B73D1DCD83D9DB (benchmark_itoa64_):00730             FQB $93B73D1D,$CD83D9DB     ; "-7802700631184778789"
1D3F C80B583A24099CE0 (benchmark_itoa64_):00731             FQB $C80B583A,$24099CE0     ; "-4032032034644189984"
1D47 D5263E8426FEC0CE (benchmark_itoa64_):00732             FQB $D5263E84,$26FEC0CE     ; "-3087711757205061426"
1D4F 8FBE541EED587495 (benchmark_itoa64_):00733             FQB $8FBE541E,$ED587495     ; "-8088935388903082859"
1D57 49D6D96EAF68EDFD (benchmark_itoa64_):00734             FQB $49D6D96E,$AF68EDFD     ;  "5320679079197339133"
1D5F CA1D5E54CD46454C (benchmark_itoa64_):00735             FQB $CA1D5E54,$CD46454C     ; "-3882843585409301172"
1D67 3F514CEC62DBA47C (benchmark_itoa64_):00736             FQB $3F514CEC,$62DBA47C     ;  "4562512475657577596"
1D6F 59A51B90752F93C0 (benchmark_itoa64_):00737             FQB $59A51B90,$752F93C0     ;  "6459599547788137408"
1D77 303025C84EFC1B9D (benchmark_itoa64_):00738             FQB $303025C8,$4EFC1B9D     ;  "3472316854951484317"
1D7F 02635A803AF8D819 (benchmark_itoa64_):00739             FQB $02635A80,$3AF8D819     ;   "172080717561911321"
1D87 5E1DD3104E27BF9C (benchmark_itoa64_):00740             FQB $5E1DD310,$4E27BF9C     ;  "6781808680874000284"
1D8F 856E77C5F5AC91FD (benchmark_itoa64_):00741             FQB $856E77C5,$F5AC91FD     ; "-8831990127112973827"
1D97 7A44721819B41FE2 (benchmark_itoa64_):00742             FQB $7A447218,$19B41FE2     ;  "8810292218879549410"
1D9F C39E1574C924B063 (benchmark_itoa64_):00743             FQB $C39E1574,$C924B063     ; "-4351016598658305949"
1DA7 CBB0C2EE9EA3F326 (benchmark_itoa64_):00744             FQB $CBB0C2EE,$9EA3F326     ; "-3769298557989555418"
1DAF 02E305E0A56F2E26 (benchmark_itoa64_):00745             FQB $02E305E0,$A56F2E26     ;   "208016470195514918"
1DB7 DEFDC11F29E4BEC0 (benchmark_itoa64_):00746             FQB $DEFDC11F,$29E4BEC0     ; "-2378532688590750016"
1DBF 3CBD3A7AAD73FD1A (benchmark_itoa64_):00747             FQB $3CBD3A7A,$AD73FD1A     ;  "4376718711444471066"
1DC7 B7B8EB51A4F93090 (benchmark_itoa64_):00748             FQB $B7B8EB51,$A4F93090     ; "-5208154233161305968"
1DCF 92C222F070D22480 (benchmark_itoa64_):00749             FQB $92C222F0,$70D22480     ; "-7871690782609890176"
1DD7 3237C686233F4901 (benchmark_itoa64_):00750             FQB $3237C686,$233F4901     ;  "3618579105034750209"
1DDF 4960CE8C53390E18 (benchmark_itoa64_):00751             FQB $4960CE8C,$53390E18     ;  "5287453064619953688"
1DE7 140F218083033CC9 (benchmark_itoa64_):00752             FQB $140F2180,$83033CC9     ;  "1445410841246776521"
1DEF 5EA03CE380D01D81 (benchmark_itoa64_):00753             FQB $5EA03CE3,$80D01D81     ;  "6818516783655296385"
1DF7 C7BA1AB0A268871F (benchmark_itoa64_):00754             FQB $C7BA1AB0,$A268871F     ; "-4054899168552384737"
1DFF 64B599B247D398C9 (benchmark_itoa64_):00755             FQB $64B599B2,$47D398C9     ;  "7256875365565700297"
1E07 C099E3720E5C28E1 (benchmark_itoa64_):00756             FQB $C099E372,$0E5C28E1     ; "-4568370267983959839"
1E0F 63AE25F83C6024B5 (benchmark_itoa64_):00757             FQB $63AE25F8,$3C6024B5     ;  "7182720203797570741"
1E17 CDF5A3F42F91DD97 (benchmark_itoa64_):00758             FQB $CDF5A3F4,$2F91DD97     ; "-3605795657474777705"
1E1F 5E8FDDDDFACD6369 (benchmark_itoa64_):00759             FQB $5E8FDDDD,$FACD6369     ;  "6813908706700125033"
1E27 809F3E40918A5A4B (benchmark_itoa64_):00760             FQB $809F3E40,$918A5A4B     ; "-9178549068517189045"
1E2F 38193FD9BBB6C8B0 (benchmark_itoa64_):00761             FQB $38193FD9,$BBB6C8B0     ;  "4042332344931502256"
1E37 346895E70554A5F6 (benchmark_itoa64_):00762             FQB $346895E7,$0554A5F6     ;  "3776433107009578486"
1E3F 55F89F66A5091493 (benchmark_itoa64_):00763             FQB $55F89F66,$A5091493     ;  "6194876550652433555"
1E47 7CDF0CA9F9BCF78C (benchmark_itoa64_):00764             FQB $7CDF0CA9,$F9BCF78C     ;  "8997924504688457612"
1E4F 466A7E15A611A7A5 (benchmark_itoa64_):00765             FQB $466A7E15,$A611A7A5     ;  "5074006561631872933"
1E57 1972F7DB031FB624 (benchmark_itoa64_):00766             FQB $1972F7DB,$031FB624     ;  "1833800518315521572"
1E5F E0BF3C76760367F7 (benchmark_itoa64_):00767             FQB $E0BF3C76,$760367F7     ; "-2252014809178216457"
1E67 EA0E5530684406DB (benchmark_itoa64_):00768             FQB $EA0E5530,$684406DB     ; "-1581232752764385573"
1E6F 8E3B180ADAE5EF37 (benchmark_itoa64_):00769             FQB $8E3B180A,$DAE5EF37     ; "-8197932261796614345"
1E77 DCD2911F99DA0038 (benchmark_itoa64_):00770             FQB $DCD2911F,$99DA0038     ; "-2534804075344953288"
1E7F E85917C55EE67D75 (benchmark_itoa64_):00771             FQB $E85917C5,$5EE67D75     ; "-1704304847514862219"
1E87 79C9AE130DDF7CAB (benchmark_itoa64_):00772             FQB $79C9AE13,$0DDF7CAB     ;  "8775736745768484011"
1E8F 6057B260E35549F8 (benchmark_itoa64_):00773             FQB $6057B260,$E35549F8     ;  "6942213479815531000"
1E97 FF8F3C845279316A (benchmark_itoa64_):00774             FQB $FF8F3C84,$5279316A     ;   "-31740133351280278"
1E9F 495AFE3B5419D6FC (benchmark_itoa64_):00775             FQB $495AFE3B,$5419D6FC     ;  "5285816643440203516"
1EA7 B07F728796FD2FF4 (benchmark_itoa64_):00776             FQB $B07F7287,$96FD2FF4     ; "-5728734274312654860"
1EAF 090E92B5BA548739 (benchmark_itoa64_):00777             FQB $090E92B5,$BA548739     ;   "652620305228138297"
1EB7 F71B8D998ACB943E (benchmark_itoa64_):00778             FQB $F71B8D99,$8ACB943E     ;  "-640762831372053442"
1EBF 5B9A329BC4CE5C2B (benchmark_itoa64_):00779             FQB $5B9A329B,$C4CE5C2B     ;  "6600643848468061227"
1EC7 098A67E745F33C38 (benchmark_itoa64_):00780             FQB $098A67E7,$45F33C38     ;   "687476136136096824"
1ECF 0F4AD5571F1F40A2 (benchmark_itoa64_):00781             FQB $0F4AD557,$1F1F40A2     ;  "1101927629006520482"
1ED7 2A61E1FFB989D69F (benchmark_itoa64_):00782             FQB $2A61E1FF,$B989D69F     ;  "3053970510779635359"
1EDF 203D1BD2E260B3BA (benchmark_itoa64_):00783             FQB $203D1BD2,$E260B3BA     ;  "2323043575348114362"
1EE7 6FBA017FB4E316A8 (benchmark_itoa64_):00784             FQB $6FBA017F,$B4E316A8     ;  "8050748931885438632"
1EEF 390EEA24C3BFCFFB (benchmark_itoa64_):00785             FQB $390EEA24,$C3BFCFFB     ;  "4111480953459691515"
1EF7 25C12CFAC94F17D4 (benchmark_itoa64_):00786             FQB $25C12CFA,$C94F17D4     ;  "2720505105539340244"
1EFF 4E0FFD03063FAC92 (benchmark_itoa64_):00787             FQB $4E0FFD03,$063FAC92     ;  "5624992649040604306"
1F07 C0FC853EB1EE4D3C (benchmark_itoa64_):00788             FQB $C0FC853E,$B1EE4D3C     ; "-4540607819976651460"
1F0F 4FF0FC9C577BE4A1 (benchmark_itoa64_):00789             FQB $4FF0FC9C,$577BE4A1     ;  "5760381671819699361"
1F17 A1027569E86B7E68 (benchmark_itoa64_):00790             FQB $A1027569,$E86B7E68     ; "-6844779385918357912"
1F1F D01D6E7F8601CF2B (benchmark_itoa64_):00791             FQB $D01D6E7F,$8601CF2B     ; "-3450480245507764437"
1F27 E776A6A7BAC390CB (benchmark_itoa64_):00792             FQB $E776A6A7,$BAC390CB     ; "-1768042564373212981"
1F2F 1B62699BFBBA39FD (benchmark_itoa64_):00793             FQB $1B62699B,$FBBA39FD     ;  "1973255705405831677"
1F37 F0427C4ACF2398B6 (benchmark_itoa64_):00794             FQB $F0427C4A,$CF2398B6     ; "-1134207495399302986"
1F3F 4A9439CA25B22735 (benchmark_itoa64_):00795             FQB $4A9439CA,$25B22735     ;  "5373983795738453813"
1F47 DB14827634B0495A (benchmark_itoa64_):00796             FQB $DB148276,$34B0495A     ; "-2660358035667400358"
1F4F DE135D60FC8CECBA (benchmark_itoa64_):00797             FQB $DE135D60,$FC8CECBA     ; "-2444507501596709702"
1F57 6DA9C6BE6A9FF219 (benchmark_itoa64_):00798             FQB $6DA9C6BE,$6A9FF219     ;  "7902065542333198873"
1F5F 11CDE948DA902E23 (benchmark_itoa64_):00799             FQB $11CDE948,$DA902E23     ;  "1282937967984258595"
1F67 1BFAFBAB51A71429 (benchmark_itoa64_):00800             FQB $1BFAFBAB,$51A71429     ;  "2016200496429601833"
1F6F AB25874C14006D04 (benchmark_itoa64_):00801             FQB $AB25874C,$14006D04     ; "-6114332158262743804"
1F77 53A16B693AB895EF (benchmark_itoa64_):00802             FQB $53A16B69,$3AB895EF     ;  "6026215876099347951"
1F7F 9E7DEA28F14C8AC0 (benchmark_itoa64_):00803             FQB $9E7DEA28,$F14C8AC0     ; "-7026202382060188992"
1F87 D28DDBE56C5C2B11 (benchmark_itoa64_):00804             FQB $D28DDBE5,$6C5C2B11     ; "-3274719575616509167"
1F8F F47EF2DEBA7D1BE9 (benchmark_itoa64_):00805             FQB $F47EF2DE,$BA7D1BE9     ;  "-828958242964169751"
1F97 21D668D291B47E2C (benchmark_itoa64_):00806             FQB $21D668D2,$91B47E2C     ;  "2438251501864648236"
1F9F 77FD1EC831C0911D (benchmark_itoa64_):00807             FQB $77FD1EC8,$31C0911D     ;  "8646100704798216477"
1FA7 E28A6EBA35CB1564 (benchmark_itoa64_):00808             FQB $E28A6EBA,$35CB1564     ; "-2122762528306293404"
1FAF 6CD4BF2AA803A9F8 (benchmark_itoa64_):00809             FQB $6CD4BF2A,$A803A9F8     ;  "7842103041087220216"
1FB7 09438B862B4FB6A9 (benchmark_itoa64_):00810             FQB $09438B86,$2B4FB6A9     ;   "667530578149488297"
1FBF F092D1A178AFE4C7 (benchmark_itoa64_):00811             FQB $F092D1A1,$78AFE4C7     ; "-1111595666562358073"
1FC7 6567228B06EF6F3B (benchmark_itoa64_):00812             FQB $6567228B,$06EF6F3B     ;  "7306846900944072507"
1FCF 47028170D89C0848 (benchmark_itoa64_):00813             FQB $47028170,$D89C0848     ;  "5116794448316729416"
1FD7 7E31A2B064478EA0 (benchmark_itoa64_):00814             FQB $7E31A2B0,$64478EA0     ;  "9093228001118097056"
1FDF 6DA10C99709004CD (benchmark_itoa64_):00815             FQB $6DA10C99,$709004CD     ;  "7899609074542576845"
1FE7 5FFC3EBECE55644C (benchmark_itoa64_):00816             FQB $5FFC3EBE,$CE55644C     ;  "6916472116960650316"
1FEF 55D520FF3A144F0B (benchmark_itoa64_):00817             FQB $55D520FF,$3A144F0B     ;  "6184885943826403083"
1FF7 4D407618AAB27F47 (benchmark_itoa64_):00818             FQB $4D407618,$AAB27F47     ;  "5566578987745050439"
1FFF F0443A7394599CC2 (benchmark_itoa64_):00819             FQB $F0443A73,$94599CC2     ; "-1133716938105971518"
2007 63AC290156A01A00 (benchmark_itoa64_):00820             FQB $63AC2901,$56A01A00     ;  "7182160591474137600"
200F 4C117F34A60522F9 (benchmark_itoa64_):00821             FQB $4C117F34,$A60522F9     ;  "5481302085586985721"
2017 AD0DD49D35330738 (benchmark_itoa64_):00822             FQB $AD0DD49D,$35330738     ; "-5976887358783289544"
201F 5A1B373CB0BE68D6 (benchmark_itoa64_):00823             FQB $5A1B373C,$B0BE68D6     ;  "6492844021587536086"
2027 741234EA9456FFC1 (benchmark_itoa64_):00824             FQB $741234EA,$9456FFC1     ;  "8363805640096153537"
202F 713F5BD7EE143F64 (benchmark_itoa64_):00825             FQB $713F5BD7,$EE143F64     ;  "8160342032789028708"
2037 87C79CECA851155E (benchmark_itoa64_):00826             FQB $87C79CEC,$A851155E     ; "-8662782817973758626"
203F 817B7005DEED2DEB (benchmark_itoa64_):00827             FQB $817B7005,$DEED2DEB     ; "-9116569850164204053"
2047 30D210E774EC7BD1 (benchmark_itoa64_):00828             FQB $30D210E7,$74EC7BD1     ;  "3517892845214923729"
204F 5772BCA3083DA581 (benchmark_itoa64_):00829             FQB $5772BCA3,$083DA581     ;  "6301306237048694145"
2057 6DDC12C1D2F80C72 (benchmark_itoa64_):00830             FQB $6DDC12C1,$D2F80C72     ;  "7916222868687948914"
205F 2101BB66D045C089 (benchmark_itoa64_):00831             FQB $2101BB66,$D045C089     ;  "2378388128483623049"
2067 2AE757B62FB2969D (benchmark_itoa64_):00832             FQB $2AE757B6,$2FB2969D     ;  "3091536109209032349"
206F 1E863DE78AC38801 (benchmark_itoa64_):00833             FQB $1E863DE7,$8AC38801     ;  "2199513532691875841"
2077 BA203C7CE377AD48 (benchmark_itoa64_):00834             FQB $BA203C7C,$E377AD48     ; "-5034957876310332088"
207F 991AF9226B545B21 (benchmark_itoa64_):00835             FQB $991AF922,$6B545B21     ; "-7414339910287205599"
2087 372714D790A05999 (benchmark_itoa64_):00836             FQB $372714D7,$90A05999     ;  "3974168112254704025"
208F 9212D0C176DB559D (benchmark_itoa64_):00837             FQB $9212D0C1,$76DB559D     ; "-7921039265249929827"
2097 A1D51481BBF6E18E (benchmark_itoa64_):00838             FQB $A1D51481,$BBF6E18E     ; "-6785494716126928498"
209F 8E60A4FA69F40A43 (benchmark_itoa64_):00839             FQB $8E60A4FA,$69F40A43     ; "-8187362727133181373"
20A7 D771420E5975A091 (benchmark_itoa64_):00840             FQB $D771420E,$5975A091     ; "-2922482053788884847"
20AF 7CA4FF063DC8AB25 (benchmark_itoa64_):00841             FQB $7CA4FF06,$3DC8AB25     ;  "8981583959155059493"
20B7 0E2836284A86778A (benchmark_itoa64_):00842             FQB $0E283628,$4A86778A     ;  "1020124862276335498"
20BF A8765AB30CF7CF3E (benchmark_itoa64_):00843             FQB $A8765AB3,$0CF7CF3E     ; "-6307754503022588098"
20C7 A6A61B5FC7D176B6 (benchmark_itoa64_):00844             FQB $A6A61B5F,$C7D176B6     ; "-6438428519091308874"
20CF 0C8F26DFE538345A (benchmark_itoa64_):00845             FQB $0C8F26DF,$E538345A     ;   "904984793189987418"
20D7 15E079C51C106BA2 (benchmark_itoa64_):00846             FQB $15E079C5,$1C106BA2     ;  "1576393757066029986"
20DF 6B22B96EE2558013 (benchmark_itoa64_):00847             FQB $6B22B96E,$E2558013     ;  "7719936597161246739"
20E7 726BFF25356A45DD (benchmark_itoa64_):00848             FQB $726BFF25,$356A45DD     ;  "8244964078106854877"
20EF CFEE1DAEE0D6FC3B (benchmark_itoa64_):00849             FQB $CFEE1DAE,$E0D6FC3B     ; "-3463798426467632069"
20F7 31ECDDD983697300 (benchmark_itoa64_):00850             FQB $31ECDDD9,$83697300     ;  "3597494128644551424"
20FF 0A44CA9F4D11213C (benchmark_itoa64_):00851             FQB $0A44CA9F,$4D11213C     ;   "739939024337183036"
2107 18D07DF7618115A7 (benchmark_itoa64_):00852             FQB $18D07DF7,$618115A7     ;  "1788067553512330663"
210F 0192510A3B105FA7 (benchmark_itoa64_):00853             FQB $0192510A,$3B105FA7     ;   "113242045020135335"
2117 3B17D13B491A0C03 (benchmark_itoa64_):00854             FQB $3B17D13B,$491A0C03     ;  "4258102025261812739"
211F 10BA1F727083011E (benchmark_itoa64_):00855             FQB $10BA1F72,$7083011E     ;  "1205310426649395486"
2127 226C1FF84A6B0B93 (benchmark_itoa64_):00856             FQB $226C1FF8,$4A6B0B93     ;  "2480392646035180435"
212F C3E44568755E804D (benchmark_itoa64_):00857             FQB $C3E44568,$755E804D     ; "-4331260626675531699"
2137 E93ED35766BDAF44 (benchmark_itoa64_):00858             FQB $E93ED357,$66BDAF44     ; "-1639640841976959164"
213F C58D1B334EF99263 (benchmark_itoa64_):00859             FQB $C58D1B33,$4EF99263     ; "-4211680169339284893"
2147 5236376265D19776 (benchmark_itoa64_):00860             FQB $52363762,$65D19776     ;  "5923983255607023478"
214F 50AE97192D839EAD (benchmark_itoa64_):00861             FQB $50AE9719,$2D839EAD     ;  "5813750303375466157"
2157 5E82D2B7A14EC0AD (benchmark_itoa64_):00862             FQB $5E82D2B7,$A14EC0AD     ;  "6810237272664752301"
215F 3A1D32FDEE9F8421 (benchmark_itoa64_):00863             FQB $3A1D32FD,$EE9F8421     ;  "4187559294735975457"
2167 BBC44A147E40299B (benchmark_itoa64_):00864             FQB $BBC44A14,$7E40299B     ; "-4916723441303803493"
216F 3877A4DAC5DF5C15 (benchmark_itoa64_):00865             FQB $3877A4DA,$C5DF5C15     ;  "4068902047882107925"
2177 B703ED85B050A09A (benchmark_itoa64_):00866             FQB $B703ED85,$B050A09A     ; "-5259098781394100070"
217F B85A976AD4444AF1 (benchmark_itoa64_):00867             FQB $B85A976A,$D4444AF1     ; "-5162647537743279375"
2187 DA51ACD9E44D3149 (benchmark_itoa64_):00868             FQB $DA51ACD9,$E44D3149     ; "-2715199048489553591"
218F D0AADB42670C04EB (benchmark_itoa64_):00869             FQB $D0AADB42,$670C04EB     ; "-3410672689536563989"
2197 884426D099CD55FE (benchmark_itoa64_):00870             FQB $884426D0,$99CD55FE     ; "-8627728308759603714"
219F D3E09C35E1C102BB (benchmark_itoa64_):00871             FQB $D3E09C35,$E1C102BB     ; "-3179369581688847685"
21A7 BB27A703C693B72B (benchmark_itoa64_):00872             FQB $BB27A703,$C693B72B     ; "-4960812829867002069"
21AF 55BB0E1C25E24327 (benchmark_itoa64_):00873             FQB $55BB0E1C,$25E24327     ;  "6177546827926225703"
21B7 231CD2A4944C8A70 (benchmark_itoa64_):00874             FQB $231CD2A4,$944C8A70     ;  "2530128694979889776"
21BF D1A86667C9BCBB88 (benchmark_itoa64_):00875             FQB $D1A86667,$C9BCBB88     ; "-3339306527742968952"
21C7 157ED39FAEB16C1E (benchmark_itoa64_):00876             FQB $157ED39F,$AEB16C1E     ;  "1548908004646153246"
21CF DA7AF0B4B4609808 (benchmark_itoa64_):00877             FQB $DA7AF0B4,$B4609808     ; "-2703583967371552760"
21D7 ADFAAC831A8A2E7F (benchmark_itoa64_):00878             FQB $ADFAAC83,$1A8A2E7F     ; "-5910221881884397953"
21DF DDE16C9BFAE64DBF (benchmark_itoa64_):00879             FQB $DDE16C9B,$FAE64DBF     ; "-2458564504382452289"
21E7 75064264D886C1FF (benchmark_itoa64_):00880             FQB $75064264,$D886C1FF     ;  "8432500353194705407"
21EF 965BBFDBF8EA23F3 (benchmark_itoa64_):00881             FQB $965BBFDB,$F8EA23F3     ; "-7612279793644854285"
21F7 EA5B636A1D4667A6 (benchmark_itoa64_):00882             FQB $EA5B636A,$1D4667A6     ; "-1559543538544908378"
21FF 87735F4FEFCFA948 (benchmark_itoa64_):00883             FQB $87735F4F,$EFCFA948     ; "-8686494459337135800"
2207 B0A107F1B9927B2A (benchmark_itoa64_):00884             FQB $B0A107F1,$B9927B2A     ; "-5719281317001921750"
220F D2A7E81C9CF0F2B0 (benchmark_itoa64_):00885             FQB $D2A7E81C,$9CF0F2B0     ; "-3267387795044240720"
2217 CA6AF8683099BBC1 (benchmark_itoa64_):00886             FQB $CA6AF868,$3099BBC1     ; "-3861000604141110335"
221F 6E337DDBF57396F1 (benchmark_itoa64_):00887             FQB $6E337DDB,$F57396F1     ;  "7940828951653619441"
2227 34E020E9881AD06A (benchmark_itoa64_):00888             FQB $34E020E9,$881AD06A     ;  "3810081472138367082"
222F 8D038B2B82532947 (benchmark_itoa64_):00889             FQB $8D038B2B,$82532947     ; "-8285625870445237945"
2237 DA558E7C70D98951 (benchmark_itoa64_):00890             FQB $DA558E7C,$70D98951     ; "-2714106535300462255"
223F 26787EE0EEBB1967 (benchmark_itoa64_):00891             FQB $26787EE0,$EEBB1967     ;  "2772105075189553511"
2247 5E19D21653D7598A (benchmark_itoa64_):00892             FQB $5E19D216,$53D7598A     ;  "6780681707320727946"
224F 06B86CF590404791 (benchmark_itoa64_):00893             FQB $06B86CF5,$90404791     ;   "484256761885247377"
2257 F4F308453976A74A (benchmark_itoa64_):00894             FQB $F4F30845,$3976A74A     ;  "-796283615704602806"
225F 03D3764F537CF21D (benchmark_itoa64_):00895             FQB $03D3764F,$537CF21D     ;   "275694085274923549"
2267 CAFAEFA3FE21167B (benchmark_itoa64_):00896             FQB $CAFAEFA3,$FE21167B     ; "-3820477846248155525"
226F 2C7628A622446173 (benchmark_itoa64_):00897             FQB $2C7628A6,$22446173     ;  "3203792878925275507"
2277 2AFCCA2AE830692B (benchmark_itoa64_):00898             FQB $2AFCCA2A,$E830692B     ;  "3097572929356982571"
227F C5A36CD0D28C9C28 (benchmark_itoa64_):00899             FQB $C5A36CD0,$D28C9C28     ; "-4205397982892483544"
2287 63A63280559FB0E3 (benchmark_itoa64_):00900             FQB $63A63280,$559FB0E3     ;  "7180482182662566115"
228F 322BC493D952D7D1 (benchmark_itoa64_):00901             FQB $322BC493,$D952D7D1     ;  "3615199265180276689"
2297 B97E5698CF3FC2E5 (benchmark_itoa64_):00902             FQB $B97E5698,$CF3FC2E5     ; "-5080528115315260699"
229F 74208DE2BAC51E4A (benchmark_itoa64_):00903             FQB $74208DE2,$BAC51E4A     ;  "8367844112589987402"
22A7 2FB1E847590F4FD6 (benchmark_itoa64_):00904             FQB $2FB1E847,$590F4FD6     ;  "3436783383794896854"
22AF 9410744CC87CDB23 (benchmark_itoa64_):00905             FQB $9410744C,$C87CDB23     ; "-7777588683338884317"
22B7 4215AE5C8AB24EAF (benchmark_itoa64_):00906             FQB $4215AE5C,$8AB24EAF     ;  "4761903893501333167"
22BF 93790A8ECF520591 (benchmark_itoa64_):00907             FQB $93790A8E,$CF520591     ; "-7820207669472262767"
22C7 776C59900FF4AA2C (benchmark_itoa64_):00908             FQB $776C5990,$0FF4AA2C     ;  "8605351463276030508"
22CF 38B993E70E4B65E6 (benchmark_itoa64_):00909             FQB $38B993E7,$0E4B65E6     ;  "4087460757401986534"
22D7 ECAAAAA565A9A915 (benchmark_itoa64_):00910             FQB $ECAAAAA5,$65A9A915     ; "-1393113507365803755"
22DF 060A712063A8B8E1 (benchmark_itoa64_):00911             FQB $060A7120,$63A8B8E1     ;   "435284697919568097"
22E7 BF064100DC805610 (benchmark_itoa64_):00912             FQB $BF064100,$DC805610     ; "-4681983290649848304"
22EF 47F8F5763971EEB2 (benchmark_itoa64_):00913             FQB $47F8F576,$3971EEB2     ;  "5186164859035840178"
22F7 649AA8DAA3F655AF (benchmark_itoa64_):00914             FQB $649AA8DA,$A3F655AF     ;  "7249292207213401519"
22FF 2ED64CCB71815DAD (benchmark_itoa64_):00915             FQB $2ED64CCB,$71815DAD     ;  "3374969407427141037"
2307 7415F0EAB25B40C0 (benchmark_itoa64_):00916             FQB $7415F0EA,$B25B40C0     ;  "8364856773715902656"
230F DCE26E11EBA1119C (benchmark_itoa64_):00917             FQB $DCE26E11,$EBA1119C     ; "-2530339017382096484"
2317 1B58D0AB5F8D65EE (benchmark_itoa64_):00918             FQB $1B58D0AB,$5F8D65EE     ;  "1970554271435679214"
231F 83B4CAEC4882548C (benchmark_itoa64_):00919             FQB $83B4CAEC,$4882548C     ; "-8956310642755480436"
2327 10274ED879E7ABED (benchmark_itoa64_):00920             FQB $10274ED8,$79E7ABED     ;  "1163985720363690989"
232F 03DBCF67FE92DD92 (benchmark_itoa64_):00921             FQB $03DBCF67,$FE92DD92     ;   "278043847573036434"
2337 86C5F30ADC503EC9 (benchmark_itoa64_):00922             FQB $86C5F30A,$DC503EC9     ; "-8735308674243739959"
233F D8D2119C7B32C1CA (benchmark_itoa64_):00923             FQB $D8D2119C,$7B32C1CA     ; "-2823174652628385334"
2347 3D5729323454009A (benchmark_itoa64_):00924             FQB $3D572932,$3454009A     ;  "4420046854890455194"
234F 384C5F2F33C757CD (benchmark_itoa64_):00925             FQB $384C5F2F,$33C757CD     ;  "4056722020690778061"
2357 35BBFD98870C0201 (benchmark_itoa64_):00926             FQB $35BBFD98,$870C0201     ;  "3871967136197640705"
235F BBB6D3D1F938D05B (benchmark_itoa64_):00927             FQB $BBB6D3D1,$F938D05B     ; "-4920512644072812453"
2367 F2C4EC3F30EF9A79 (benchmark_itoa64_):00928             FQB $F2C4EC3F,$30EF9A79     ;  "-953377464947598727"
236F DE2570F64ECE4B45 (benchmark_itoa64_):00929             FQB $DE2570F6,$4ECE4B45     ; "-2439419419964847291"
2377 A0A83414AC465E86 (benchmark_itoa64_):00930             FQB $A0A83414,$AC465E86     ; "-6870183968159408506"
237F 663ED341074501EE (benchmark_itoa64_):00931             FQB $663ED341,$074501EE     ;  "7367558316673008110"
2387 9D39DD74130DB7E7 (benchmark_itoa64_):00932             FQB $9D39DD74,$130DB7E7     ; "-7117414245476747289"
238F 24A1447FD96D7599 (benchmark_itoa64_):00933             FQB $24A1447F,$D96D7599     ;  "2639466172515186073"
2397 7821BC01629478C9 (benchmark_itoa64_):00934             FQB $7821BC01,$629478C9     ;  "8656406672917690569"
239F DBC0377E00F4A078 (benchmark_itoa64_):00935             FQB $DBC0377E,$00F4A078     ; "-2612026769553448840"
23A7 E009E3827B35715A (benchmark_itoa64_):00936             FQB $E009E382,$7B35715A     ; "-2303059584870944422"
23AF 392784A4C5C03DC6 (benchmark_itoa64_):00937             FQB $392784A4,$C5C03DC6     ;  "4118406227480821190"
23B7 D827EBC5C3ACF849 (benchmark_itoa64_):00938             FQB $D827EBC5,$C3ACF849     ; "-2871067002801424311"
23BF 3C9EF55918573A8F (benchmark_itoa64_):00939             FQB $3C9EF559,$18573A8F     ;  "4368198451605224079"
23C7 FD3140DB00B63F9C (benchmark_itoa64_):00940             FQB $FD3140DB,$00B63F9C     ;  "-202309198901002340"
23CF E515DCD7EDA978B8 (benchmark_itoa64_):00941             FQB $E515DCD7,$EDA978B8     ; "-1939401244549744456"
23D7 70C6C71D13F00F05 (benchmark_itoa64_):00942             FQB $70C6C71D,$13F00F05     ;  "8126401505339117317"
23DF C1FEA1923F3E22BF (benchmark_itoa64_):00943             FQB $C1FEA192,$3F3E22BF     ; "-4467956130806619457"
23E7 337B7722A0241BF4 (benchmark_itoa64_):00944             FQB $337B7722,$A0241BF4     ;  "3709689708669049844"
23EF D3B37BE850688627 (benchmark_itoa64_):00945             FQB $D3B37BE8,$50688627     ; "-3192071473163893209"
23F7 30C3CCB5D3AE78BD (benchmark_itoa64_):00946             FQB $30C3CCB5,$D3AE78BD     ;  "3513877215591692477"
23FF 69EE63D5641BA45B (benchmark_itoa64_):00947             FQB $69EE63D5,$641BA45B     ;  "7633148186598286427"
2407 F6423C5FFB5B77CD (benchmark_itoa64_):00948             FQB $F6423C5F,$FB5B77CD     ;  "-701932208979740723"
240F 8C34401A35895BC5 (benchmark_itoa64_):00949             FQB $8C34401A,$35895BC5     ; "-8343973728299164731"
2417 80910CB17CB20B74 (benchmark_itoa64_):00950             FQB $80910CB1,$7CB20B74     ; "-9182544208790942860"
241F BD3CD7442F5587FD (benchmark_itoa64_):00951             FQB $BD3CD744,$2F5587FD     ; "-4810733614086649859"
2427 8F7038EDF5FBE78E (benchmark_itoa64_):00952             FQB $8F7038ED,$F5FBE78E     ; "-8110920334208931954"
242F 2A644477F6A8EB75 (benchmark_itoa64_):00953             FQB $2A644477,$F6A8EB75     ;  "3054641729294101365"
2437 3870D5CC09EB3A58 (benchmark_itoa64_):00954             FQB $3870D5CC,$09EB3A58     ;  "4066985535832013400"
243F 5BC3F440EF27CD9C (benchmark_itoa64_):00955             FQB $5BC3F440,$EF27CD9C     ;  "6612397237637467548"
2447 76099AFA61B83AEC (benchmark_itoa64_):00956             FQB $76099AFA,$61B83AEC     ;  "8505499771437857516"
244F 4D9104F80E4438D7 (benchmark_itoa64_):00957             FQB $4D9104F8,$0E4438D7     ;  "5589254075981248727"
2457 EA545EFA8E89F875 (benchmark_itoa64_):00958             FQB $EA545EFA,$8E89F875     ; "-1561518740564477835"
245F D9F8B3D021866874 (benchmark_itoa64_):00959             FQB $D9F8B3D0,$21866874     ; "-2740242666757920652"
2467 C5AE08DE138718AD (benchmark_itoa64_):00960             FQB $C5AE08DE,$138718AD     ; "-4202411652386711379"
246F 24C0F6DAF0BB71BE (benchmark_itoa64_):00961             FQB $24C0F6DA,$F0BB71BE     ;  "2648388001095971262"
2477 661DB026FEA1819C (benchmark_itoa64_):00962             FQB $661DB026,$FEA1819C     ;  "7358231047720501660"
247F E6EE957E76DE1CB3 (benchmark_itoa64_):00963             FQB $E6EE957E,$76DE1CB3     ; "-1806342030136304461"
2487 08F04933530180F0 (benchmark_itoa64_):00964             FQB $08F04933,$530180F0     ;   "644095231498748144"
248F 86FE6BF96350BDBE (benchmark_itoa64_):00965             FQB $86FE6BF9,$6350BDBE     ; "-8719413109685436994"
2497 896C0E2C17338715 (benchmark_itoa64_):00966             FQB $896C0E2C,$17338715     ; "-8544438810498070763"
249F 01C88816E7067CF3 (benchmark_itoa64_):00967             FQB $01C88816,$E7067CF3     ;   "128502221326679283"
24A7 9F9AB6C2F7508025 (benchmark_itoa64_):00968             FQB $9F9AB6C2,$F7508025     ; "-6946038526776410075"
24AF 00C036DDDAD74DE0 (benchmark_itoa64_):00969             FQB $00C036DD,$DAD74DE0     ;    "54103522015661536"
24B7 8561688E8487930D (benchmark_itoa64_):00970             FQB $8561688E,$8487930D     ; "-8835666032606080243"
24BF 807F9F4A1A6D53F8 (benchmark_itoa64_):00971             FQB $807F9F4A,$1A6D53F8     ; "-9187449574192753672"
24C7 41C45EBE8539272D (benchmark_itoa64_):00972             FQB $41C45EBE,$8539272D     ;  "4739016880272516909"
24CF FC6C4059E294E3F6 (benchmark_itoa64_):00973             FQB $FC6C4059,$E294E3F6     ;  "-257760323869285386"
24D7 A823DCDBBB136D87 (benchmark_itoa64_):00974             FQB $A823DCDB,$BB136D87     ; "-6330973814858224249"
24DF 7071A1F796FB537B (benchmark_itoa64_):00975             FQB $7071A1F7,$96FB537B     ;  "8102435289378280315"
24E7 FCEC9DE91E119A9B (benchmark_itoa64_):00976             FQB $FCEC9DE9,$1E119A9B     ;  "-221628657090585957"
24EF BD3CBA9368CB0198 (benchmark_itoa64_):00977             FQB $BD3CBA93,$68CB0198     ; "-4810765159657438824"
24F7 26C02D5226807B7B (benchmark_itoa64_):00978             FQB $26C02D52,$26807B7B     ;  "2792281599826230139"
24FF 26240D450ECB4A01 (benchmark_itoa64_):00979             FQB $26240D45,$0ECB4A01     ;  "2748336262854953473"
2507 EC2A8B968895A9A0 (benchmark_itoa64_):00980             FQB $EC2A8B96,$8895A9A0     ; "-1429176453083846240"
250F 4C93D58AEAB009FD (benchmark_itoa64_):00981             FQB $4C93D58A,$EAB009FD     ;  "5517988761078598141"
2517 0F3576E9C2728FE6 (benchmark_itoa64_):00982             FQB $0F3576E9,$C2728FE6     ;  "1095912830696329190"
251F DAC208DCFFBA2141 (benchmark_itoa64_):00983             FQB $DAC208DC,$FFBA2141     ; "-2683572682683178687"
2527 E2022A2F76AAE610 (benchmark_itoa64_):00984             FQB $E2022A2F,$76AAE610     ; "-2161118487841675760"
252F C9541FD42D58E1DC (benchmark_itoa64_):00985             FQB $C9541FD4,$2D58E1DC     ; "-3939488777888013860"
2537 8E56C75CC714E9A8 (benchmark_itoa64_):00986             FQB $8E56C75C,$C714E9A8     ; "-8190139671035713112"
253F 90C2F4485C300EE3 (benchmark_itoa64_):00987             FQB $90C2F448,$5C300EE3     ; "-8015575795144585501"
2547 36C2173EA67D7225 (benchmark_itoa64_):00988             FQB $36C2173E,$A67D7225     ;  "3945741781378626085"
254F 13BE7CE95FA53C4E (benchmark_itoa64_):00989             FQB $13BE7CE9,$5FA53C4E     ;  "1422711874069544014"
2557 F1C528EFBFCBDAA1 (benchmark_itoa64_):00990             FQB $F1C528EF,$BFCBDAA1     ; "-1025368329976816991"
255F EB56B764A8C0D31C (benchmark_itoa64_):00991             FQB $EB56B764,$A8C0D31C     ; "-1488800983843548388"
2567 D65D60BCE2B893AF (benchmark_itoa64_):00992             FQB $D65D60BC,$E2B893AF     ; "-3000135412385016913"
256F 25276379E7770993 (benchmark_itoa64_):00993             FQB $25276379,$E7770993     ;  "2677217878720579987"
2577 0504822F3FDE1123 (benchmark_itoa64_):00994             FQB $0504822F,$3FDE1123     ;   "361557009543074083"
257F F798C0B41FF1F2D7 (benchmark_itoa64_):00995             FQB $F798C0B4,$1FF1F2D7     ;  "-605522270018735401"
2587 CB296ED7ED2C84B1 (benchmark_itoa64_):00996             FQB $CB296ED7,$ED2C84B1     ; "-3807390136288901967"
258F 6931480C5E10FD02 (benchmark_itoa64_):00997             FQB $6931480C,$5E10FD02     ;  "7579918865796234498"
2597 AE332B3238410655 (benchmark_itoa64_):00998             FQB $AE332B32,$38410655     ; "-5894319992605702571"
259F C6F9AE0D17876E63 (benchmark_itoa64_):00999             FQB $C6F9AE0D,$17876E63     ; "-4109061813746307485"
25A7 690658B1CAAC2742 (benchmark_itoa64_):01000             FQB $690658B1,$CAAC2742     ;  "7567833744475432770"
25AF 3142CAB8292ED8CD (benchmark_itoa64_):01001             FQB $3142CAB8,$292ED8CD     ;  "3549622348635101389"
25B7 369719567B9BFCDA (benchmark_itoa64_):01002             FQB $36971956,$7B9BFCDA     ;  "3933640658763119834"
25BF E8620ADACA6DC16A (benchmark_itoa64_):01003             FQB $E8620ADA,$CA6DC16A     ; "-1701785774377287318"
25C7 BD038FFFED84736D (benchmark_itoa64_):01004             FQB $BD038FFF,$ED84736D     ; "-4826856046246726803"
25CF 556147641BAB68EE (benchmark_itoa64_):01005             FQB $55614764,$1BAB68EE     ;  "6152277061251328238"
25D7 12571BB7526AEFBC (benchmark_itoa64_):01006             FQB $12571BB7,$526AEFBC     ;  "1321555489832234940"
25DF 71D7C41C39339B1B (benchmark_itoa64_):01007             FQB $71D7C41C,$39339B1B     ;  "8203240871776459547"
25E7 B7FF89177B52081A (benchmark_itoa64_):01008             FQB $B7FF8917,$7B52081A     ; "-5188277511761295334"
25EF BC03372B8613527F (benchmark_itoa64_):01009             FQB $BC03372B,$8613527F     ; "-4899011309576433025"
25F7 886F0F71861D339C (benchmark_itoa64_):01010             FQB $886F0F71,$861D339C     ; "-8615650581880687716"
25FF 7669385D8F65EC88 (benchmark_itoa64_):01011             FQB $7669385D,$8F65EC88     ;  "8532412943519050888"
2607 76A4E28831233B42 (benchmark_itoa64_):01012             FQB $76A4E288,$31233B42     ;  "8549207067223866178"
260F BF3AC72A8DC4707B (benchmark_itoa64_):01013             FQB $BF3AC72A,$8DC4707B     ; "-4667199078235082629"
2617 AB65E83DADCC0EAC (benchmark_itoa64_):01014             FQB $AB65E83D,$ADCC0EAC     ; "-6096211168969617748"
261F 1A150FDF0BFB846E (benchmark_itoa64_):01015             FQB $1A150FDF,$0BFB846E     ;  "1879425870150206574"
2627 8C7ED2D97D4C7DC2 (benchmark_itoa64_):01016             FQB $8C7ED2D9,$7D4C7DC2     ; "-8322983229782196798"
262F E209569DD3F5D41B (benchmark_itoa64_):01017             FQB $E209569D,$D3F5D41B     ; "-2159099310481484773"
2637 627AAF67C7402100 (benchmark_itoa64_):01018             FQB $627AAF67,$C7402100     ;  "7096177023134998784"
263F 31996888038AB023 (benchmark_itoa64_):01019             FQB $31996888,$038AB023     ;  "3574002712679460899"
2647 286C9C5775005D39 (benchmark_itoa64_):01020             FQB $286C9C57,$75005D39     ;  "2912874958440914233"
264F 4A6F0159AB46B83F (benchmark_itoa64_):01021             FQB $4A6F0159,$AB46B83F     ;  "5363507165858805823"
2657 77DD4C1DAD1ED9F0 (benchmark_itoa64_):01022             FQB $77DD4C1D,$AD1ED9F0     ;  "8637143350708722160"
265F 73F6C9E788619FEB (benchmark_itoa64_):01023             FQB $73F6C9E7,$88619FEB     ;  "8356088154895261675"
2667 98E33EF001C259E6 (benchmark_itoa64_):01024             FQB $98E33EF0,$01C259E6     ; "-7430025759688599066"
266F 610BEEA27B8A89E9 (benchmark_itoa64_):01025             FQB $610BEEA2,$7B8A89E9     ;  "6992945228047616489"
2677 895B19D6E2BD6E0D (benchmark_itoa64_):01026             FQB $895B19D6,$E2BD6E0D     ; "-8549211056914993651"
267F 89848D4F737E15D5 (benchmark_itoa64_):01027             FQB $89848D4F,$737E15D5     ; "-8537543621208042027"
2687 A6F24E308578F130 (benchmark_itoa64_):01028             FQB $A6F24E30,$8578F130     ; "-6416980548744842960"
268F 9BC1251717B22BBC (benchmark_itoa64_):01029             FQB $9BC12517,$17B22BBC     ; "-7223451546213536836"
2697 6BD5EB4045485F3F (benchmark_itoa64_):01030             FQB $6BD5EB40,$45485F3F     ;  "7770375393370464063"
269F 5ADE86D282EF8598 (benchmark_itoa64_):01031             FQB $5ADE86D2,$82EF8598     ;  "6547819146941269400"
26A7 D559AC4C581BEE4B (benchmark_itoa64_):01032             FQB $D559AC4C,$581BEE4B     ; "-3073235826807935413"
26AF 57C2774A51782E00 (benchmark_itoa64_):01033             FQB $57C2774A,$51782E00     ;  "6323747987859713536"
26B7 3608E031D7C25F83 (benchmark_itoa64_):01034             FQB $3608E031,$D7C25F83     ;  "3893608382539652995"
26BF 0EB207737375E7D0 (benchmark_itoa64_):01035             FQB $0EB20773,$7375E7D0     ;  "1058917054825228240"
26C7 31E10D68C94E5740 (benchmark_itoa64_):01036             FQB $31E10D68,$C94E5740     ;  "3594168721323480896"
26CF 00B63EA702BB2277 (benchmark_itoa64_):01037             FQB $00B63EA7,$02BB2277     ;    "51297332787618423"
26D7 1753CD95142BE264 (benchmark_itoa64_):01038             FQB $1753CD95,$142BE264     ;  "1680913126111568484"
26DF F795FE3CF3721522 (benchmark_itoa64_):01039             FQB $F795FE3C,$F3721522     ;  "-606299037075630814"
26E7 21B40B4204B94698 (benchmark_itoa64_):01040             FQB $21B40B42,$04B94698     ;  "2428578477234538136"
26EF 5EE87824B217F297 (benchmark_itoa64_):01041             FQB $5EE87824,$B217F297     ;  "6838848133164167831"
26F7 E3C7DFA84DA1031F (benchmark_itoa64_):01042             FQB $E3C7DFA8,$4DA1031F     ; "-2033410792784592097"
26FF 51CF79DE56290EA1 (benchmark_itoa64_):01043             FQB $51CF79DE,$56290EA1     ;  "5895064433086500513"
2707 F0149E11810F8D93 (benchmark_itoa64_):01044             FQB $F0149E11,$810F8D93     ; "-1147118207055721069"
270F BA57026A0C559E64 (benchmark_itoa64_):01045             FQB $BA57026A,$0C559E64     ; "-5019540605184401820"
2717 8985AB666CAB0515 (benchmark_itoa64_):01046             FQB $8985AB66,$6CAB0515     ; "-8537229062212745963"
271F D372BB9733460667 (benchmark_itoa64_):01047             FQB $D372BB97,$33460667     ; "-3210297326287059353"
2727 60FC620FB00A86DF (benchmark_itoa64_):01048             FQB $60FC620F,$B00A86DF     ;  "6988568541289678559"
272F F2868AAD3CAB3152 (benchmark_itoa64_):01049             FQB $F2868AAD,$3CAB3152     ;  "-970936192999935662"
2737 CEFD5DD9C122BE2B (benchmark_itoa64_):01050             FQB $CEFD5DD9,$C122BE2B     ; "-3531563342959034837"
273F 50C6FB52F0882FC4 (benchmark_itoa64_):01051             FQB $50C6FB52,$F0882FC4     ;  "5820615902064291780"
2747 04599B4FBA7C24D9 (benchmark_itoa64_):01052             FQB $04599B4F,$BA7C24D9     ;   "313452415812379865"
274F 3F5F7DA760CCDC83 (benchmark_itoa64_):01053             FQB $3F5F7DA7,$60CCDC83     ;  "4566506705014021251"
2757 F1DCE33655296CDA (benchmark_itoa64_):01054             FQB $F1DCE336,$55296CDA     ; "-1018689593196057382"
275F DF30F732B136AFD7 (benchmark_itoa64_):01055             FQB $DF30F732,$B136AFD7     ; "-2364118007275933737"
2767 E9D33C7343668375 (benchmark_itoa64_):01056             FQB $E9D33C73,$43668375     ; "-1597866977036696715"
276F 738764F8499CB070 (benchmark_itoa64_):01057             FQB $738764F8,$499CB070     ;  "8324733453767323760"
2777 0C706B42CB05AA6E (benchmark_itoa64_):01058             FQB $0C706B42,$CB05AA6E     ;   "896334260464888430"
277F 60FCB4F0DC6772BF (benchmark_itoa64_):01059             FQB $60FCB4F0,$DC6772BF     ;  "6988659668355084991"
2787 F03F58FF204A9609 (benchmark_itoa64_):01060             FQB $F03F58FF,$204A9609     ; "-1135090728292411895"
278F 8035B830CA98BD62 (benchmark_itoa64_):01061             FQB $8035B830,$CA98BD62     ; "-9208251343392162462"
2797 BCAC15E836B3F9A7 (benchmark_itoa64_):01062             FQB $BCAC15E8,$36B3F9A7     ; "-4851478611490506329"
279F 852E4E59871CFCF4 (benchmark_itoa64_):01063             FQB $852E4E59,$871CFCF4     ; "-8850050071310566156"
27A7 3A9D041D5D7E994C (benchmark_itoa64_):01064             FQB $3A9D041D,$5D7E994C     ;  "4223536549712533836"
27AF 354B142ABA3E83E2 (benchmark_itoa64_):01065             FQB $354B142A,$BA3E83E2     ;  "3840185281009320930"
27B7 A1E657393EF5B1EB (benchmark_itoa64_):01066             FQB $A1E65739,$3EF5B1EB     ; "-6780636285578661397"
27BF 0205A59E467BAB00 (benchmark_itoa64_):01067             FQB $0205A59E,$467BAB00     ;   "145704662165334784"
27C7 65B366A16E094CF9 (benchmark_itoa64_):01068             FQB $65B366A1,$6E094CF9     ;  "7328313862183800057"
27CF E804CF3D4CCABBCC (benchmark_itoa64_):01069             FQB $E804CF3D,$4CCABBCC     ; "-1728028494815118388"
27D7 C854D37F2064A22D (benchmark_itoa64_):01070             FQB $C854D37F,$2064A22D     ; "-4011348825122495955"
27DF A2493119CFB63988 (benchmark_itoa64_):01071             FQB $A2493119,$CFB63988     ; "-6752812179336578680"
27E7 2DA528DAACC0C9AD (benchmark_itoa64_):01072             FQB $2DA528DA,$ACC0C9AD     ;  "3289080022530312621"
27EF 5E355190BA995628 (benchmark_itoa64_):01073             FQB $5E355190,$BA995628     ;  "6788421695378642472"
27F7 9509A2399F9D7F6D (benchmark_itoa64_):01074             FQB $9509A239,$9F9D7F6D     ; "-7707450918893158547"
27FF AE7CA85ED612BB63 (benchmark_itoa64_):01075             FQB $AE7CA85E,$D612BB63     ; "-5873634688726025373"
2807 1C633C44F28F494E (benchmark_itoa64_):01076             FQB $1C633C44,$F28F494E     ;  "2045544922581256526"
280F 7F889CF63320E60B (benchmark_itoa64_):01077             FQB $7F889CF6,$3320E60B     ;  "9189767620883179019"
2817 F119CCDD0C079445 (benchmark_itoa64_):01078             FQB $F119CCDD,$0C079445     ; "-1073601786389490619"
281F 2873B66188AA3B4A (benchmark_itoa64_):01079             FQB $2873B661,$88AA3B4A     ;  "2914873913859783498"
2827 3D2FC77F640AAB26 (benchmark_itoa64_):01080             FQB $3D2FC77F,$640AAB26     ;  "4408961910172199718"
282F 6925A4D9336E487E (benchmark_itoa64_):01081             FQB $6925A4D9,$336E487E     ;  "7576643200898451582"
2837 E01747492603D372 (benchmark_itoa64_):01082             FQB $E0174749,$2603D372     ; "-2299290705253379214"
283F B1D754F61D8AC3A7 (benchmark_itoa64_):01083             FQB $B1D754F6,$1D8AC3A7     ; "-5631939392969194585"
2847 F8086E3627B5904C (benchmark_itoa64_):01084             FQB $F8086E36,$27B5904C     ;  "-574087773616238516"
284F 70F7202DD27486FC (benchmark_itoa64_):01085             FQB $70F7202D,$D27486FC     ;  "8140010232671930108"
2857 E78D7E0DE1456BA5 (benchmark_itoa64_):01086             FQB $E78D7E0D,$E1456BA5     ; "-1761613281152898139"
285F 6B6EEDBF6EFDCEC3 (benchmark_itoa64_):01087             FQB $6B6EEDBF,$6EFDCEC3     ;  "7741386215953125059"
2867 60D25366912DBC9E (benchmark_itoa64_):01088             FQB $60D25366,$912DBC9E     ;  "6976730472737782942"
286F 2822B8D81FBC2AB7 (benchmark_itoa64_):01089             FQB $2822B8D8,$1FBC2AB7     ;  "2892077149110151863"
2877 1DB5BB4D360BA7F7 (benchmark_itoa64_):01090             FQB $1DB5BB4D,$360BA7F7     ;  "2140823138178148343"
287F 0E3C6279E1F36798 (benchmark_itoa64_):01091             FQB $0E3C6279,$E1F36798     ;  "1025803090755020696"
2887 F89DADA644BC7650 (benchmark_itoa64_):01092             FQB $F89DADA6,$44BC7650     ;  "-532078251330472368"
288F 94564FD1078F8A65 (benchmark_itoa64_):01093             FQB $94564FD1,$078F8A65     ; "-7757925548905493915"
2897 1225EF40E8EEE39E (benchmark_itoa64_):01094             FQB $1225EF40,$E8EEE39E     ;  "1307714328885912478"
289F 34E44A4F2EA021A9 (benchmark_itoa64_):01095             FQB $34E44A4F,$2EA021A9     ;  "3811252888607400361"
28A7 24CAAD5619D99F14 (benchmark_itoa64_):01096             FQB $24CAAD56,$19D99F14     ;  "2651121915973443348"
28AF B9B507082533999B (benchmark_itoa64_):01097             FQB $B9B50708,$2533999B     ; "-5065134474342983269"
28B7 793F9284959AF58D (benchmark_itoa64_):01098             FQB $793F9284,$959AF58D     ;  "8736862900265350541"
28BF 06E44C32E8D9F0F8 (benchmark_itoa64_):01099             FQB $06E44C32,$E8D9F0F8     ;   "496605640456270072"
28C7 ECE772A1DB10D8CE (benchmark_itoa64_):01100             FQB $ECE772A1,$DB10D8CE     ; "-1376005121647781682"
28CF 99C5C2B41C00C8C9 (benchmark_itoa64_):01101             FQB $99C5C2B4,$1C00C8C9     ; "-7366267536674862903"
28D7 96E7F1C89AC94AE9 (benchmark_itoa64_):01102             FQB $96E7F1C8,$9AC94AE9     ; "-7572818404507563287"
28DF F4442BFE54313980 (benchmark_itoa64_):01103             FQB $F4442BFE,$54313980     ;  "-845502458704610944"
28E7 F1D1A256F1980BC6 (benchmark_itoa64_):01104             FQB $F1D1A256,$F1980BC6     ; "-1021857146132231226"
28EF A1960B9B31B223F6 (benchmark_itoa64_):01105             FQB $A1960B9B,$31B223F6     ; "-6803237425914960906"
28F7 C9B7F447173F8101 (benchmark_itoa64_):01106             FQB $C9B7F447,$173F8101     ; "-3911389165178093311"
28FF 0714F523EF3E0D89 (benchmark_itoa64_):01107             FQB $0714F523,$EF3E0D89     ;   "510302192486190473"
2907 396C0375FFCADA06 (benchmark_itoa64_):01108             FQB $396C0375,$FFCADA06     ;  "4137685962984184326"
290F 6D23A865973264ED (benchmark_itoa64_):01109             FQB $6D23A865,$973264ED     ;  "7864314528600843501"
2917 E02BDF4C5AFAE14A (benchmark_itoa64_):01110             FQB $E02BDF4C,$5AFAE14A     ; "-2293494066178236086"
291F E7957488FC2E1260 (benchmark_itoa64_):01111             FQB $E7957488,$FC2E1260     ; "-1759371947723058592"
2927 84CD7E71B2F6C2A1 (benchmark_itoa64_):01112             FQB $84CD7E71,$B2F6C2A1     ; "-8877300263678459231"
292F 4045ED1259F7FB06 (benchmark_itoa64_):01113             FQB $4045ED12,$59F7FB06     ;  "4631368454895041286"
2937 9791B515197B5E68 (benchmark_itoa64_):01114             FQB $9791B515,$197B5E68     ; "-7525034400132931992"
293F 50E4EFC540234DFC (benchmark_itoa64_):01115             FQB $50E4EFC5,$40234DFC     ;  "5829047448187915772"
2947 E20E0C0ADB356155 (benchmark_itoa64_):01116             FQB $E20E0C0A,$DB356155     ; "-2157773930696973995"
294F 019A818124CF3E52 (benchmark_itoa64_):01117             FQB $019A8181,$24CF3E52     ;   "115547132119694930"
2957 BF68766BC48E4D47 (benchmark_itoa64_):01118             FQB $BF68766B,$C48E4D47     ; "-4654340009656169145"
295F A58E8F4395CAAB16 (benchmark_itoa64_):01119             FQB $A58E8F43,$95CAAB16     ; "-6517114090319860970"
2967 D5FF1C127C861F10 (benchmark_itoa64_):01120             FQB $D5FF1C12,$7C861F10     ; "-3026669558845530352"
296F C194311C91C0BBD7 (benchmark_itoa64_):01121             FQB $C194311C,$91C0BBD7     ; "-4497916129062110249"
2977 C7405355EE16CB50 (benchmark_itoa64_):01122             FQB $C7405355,$EE16CB50     ; "-4089176833120613552"
297F DBD8B3EA5B4EDC34 (benchmark_itoa64_):01123             FQB $DBD8B3EA,$5B4EDC34     ; "-2605134565298217932"
2987 1FBE3AC86CBD3A66 (benchmark_itoa64_):01124             FQB $1FBE3AC8,$6CBD3A66     ;  "2287330293243001446"
298F 25D9B43831EBA8AD (benchmark_itoa64_):01125             FQB $25D9B438,$31EBA8AD     ;  "2727409202798241965"
2997 6DB65C12D504BCB8 (benchmark_itoa64_):01126             FQB $6DB65C12,$D504BCB8     ;  "7905607431848508600"
299F F283E717FFC630AE (benchmark_itoa64_):01127             FQB $F283E717,$FFC630AE     ;  "-971679004320452434"
29A7 B288EB36401E534B (benchmark_itoa64_):01128             FQB $B288EB36,$401E534B     ; "-5581953119889239221"
29AF FF6AFA74128FC7BD (benchmark_itoa64_):01129             FQB $FF6AFA74,$128FC7BD     ;   "-41945870072035395"
29B7 BE9E666B7D59697E (benchmark_itoa64_):01130             FQB $BE9E666B,$7D59697E     ; "-4711215548332414594"
29BF A7472B1573F48C1B (benchmark_itoa64_):01131             FQB $A7472B15,$73F48C1B     ; "-6393093774889415653"
29C7 79967759D7430716 (benchmark_itoa64_):01132             FQB $79967759,$D7430716     ;  "8761321352843167510"
29CF 234FD156F81805BA (benchmark_itoa64_):01133             FQB $234FD156,$F81805BA     ;  "2544482485947336122"
29D7 C36A4981D5AD1949 (benchmark_itoa64_):01134             FQB $C36A4981,$D5AD1949     ; "-4365596066797774519"
29DF 7BAAB4686A091055 (benchmark_itoa64_):01135             FQB $7BAAB468,$6A091055     ;  "8911133173254525013"
29E7 1A8575E9F72F3157 (benchmark_itoa64_):01136             FQB $1A8575E9,$F72F3157     ;  "1911063264623538519"
29EF D9677561595AE1CA (benchmark_itoa64_):01137             FQB $D9677561,$595AE1CA     ; "-2781125183906586166"
29F7 F475E636D0287246 (benchmark_itoa64_):01138             FQB $F475E636,$D0287246     ;  "-831505433085054394"
29FF 722494D6627A4294 (benchmark_itoa64_):01139             FQB $722494D6,$627A4294     ;  "8224862467981460116"
2A07 8921994454D4041D (benchmark_itoa64_):01140             FQB $89219944,$54D4041D     ; "-8565396497521966051"
2A0F 2C6FF6CD24556A0E (benchmark_itoa64_):01141             FQB $2C6FF6CD,$24556A0E     ;  "3202049221022018062"
2A17 DD13125644FCFAA2 (benchmark_itoa64_):01142             FQB $DD131256,$44FCFAA2     ; "-2516647605036057950"
2A1F C7A89877EB28993F (benchmark_itoa64_):01143             FQB $C7A89877,$EB28993F     ; "-4059827423260665537"
2A27 B487841C6BFAC146 (benchmark_itoa64_):01144             FQB $B487841C,$6BFAC146     ; "-5438232767421038266"
2A2F 0974745CA1C951FE (benchmark_itoa64_):01145             FQB $0974745C,$A1C951FE     ;   "681297384839926270"
2A37 2770B88EA0E36012 (benchmark_itoa64_):01146             FQB $2770B88E,$A0E36012     ;  "2841974287594905618"
2A3F F4B42587926395DA (benchmark_itoa64_):01147             FQB $F4B42587,$926395DA     ;  "-813984368440404518"
2A47 C8C245B7FAC3FF46 (benchmark_itoa64_):01148             FQB $C8C245B7,$FAC3FF46     ; "-3980542464153616570"
2A4F F80340D4638DB218 (benchmark_itoa64_):01149             FQB $F80340D4,$638DB218     ;  "-575545046425816552"
2A57 641C3E0015A3424C (benchmark_itoa64_):01150             FQB $641C3E00,$15A3424C     ;  "7213708873224634956"
2A5F 4007C8074B71D22F (benchmark_itoa64_):01151             FQB $4007C807,$4B71D22F     ;  "4613876276920439343"
2A67 C764AAC6C087070A (benchmark_itoa64_):01152             FQB $C764AAC6,$C087070A     ; "-4078947591880505590"
2A6F 1B6A1BF72131770C (benchmark_itoa64_):01153             FQB $1B6A1BF7,$2131770C     ;  "1975422134783145740"
2A77 30D614262E479FA7 (benchmark_itoa64_):01154             FQB $30D61426,$2E479FA7     ;  "3519022313054379943"
2A7F 8649C204DE3279C6 (benchmark_itoa64_):01155             FQB $8649C204,$DE3279C6     ; "-8770265473163822650"
2A87 85E2791915FE2395 (benchmark_itoa64_):01156             FQB $85E27919,$15FE2395     ; "-8799337573278407787"
2A8F FAA3592293A243F3 (benchmark_itoa64_):01157             FQB $FAA35922,$93A243F3     ;  "-386367137983085581"
2A97 B7344D382CD3AA3F (benchmark_itoa64_):01158             FQB $B7344D38,$2CD3AA3F     ; "-5245482762314208705"
2A9F 5B6AF86E0780F006 (benchmark_itoa64_):01159             FQB $5B6AF86E,$0780F006     ;  "6587350556438753286"
2AA7 43CC798379F2CE2E (benchmark_itoa64_):01160             FQB $43CC7983,$79F2CE2E     ;  "4885413301383777838"
2AAF 73B71663D68D7DCC (benchmark_itoa64_):01161             FQB $73B71663,$D68D7DCC     ;  "8338157853156933068"
2AB7 A3E94737834A6AB4 (benchmark_itoa64_):01162             FQB $A3E94737,$834A6AB4     ; "-6635694272202249548"
2ABF 0C995A277EDFFC3D (benchmark_itoa64_):01163             FQB $0C995A27,$7EDFFC3D     ;   "907855925570698301"
2AC7 D55876863DEF3C3D (benchmark_itoa64_):01164             FQB $D5587686,$3DEF3C3D     ; "-3073576426743579587"
2ACF 69E5FB55A1DE8624 (benchmark_itoa64_):01165             FQB $69E5FB55,$A1DE8624     ;  "7630781488855680548"
2AD7 3A1209EBFE1D07A2 (benchmark_itoa64_):01166             FQB $3A1209EB,$FE1D07A2     ;  "4184417912965892002"
2ADF 809EB5302F12C454 (benchmark_itoa64_):01167             FQB $809EB530,$2F12C454     ; "-9178699771981675436"
2AE7 C6F86D2157B289DD (benchmark_itoa64_):01168             FQB $C6F86D21,$57B289DD     ; "-4109414670002910755"
2AEF 98B6A2BFB5697666 (benchmark_itoa64_):01169             FQB $98B6A2BF,$B5697666     ; "-7442582389917125018"
2AF7 87F5161B5665C65C (benchmark_itoa64_):01170             FQB $87F5161B,$5665C65C     ; "-8649983202625730980"
2AFF 16488F3763D8048F (benchmark_itoa64_):01171             FQB $16488F37,$63D8048F     ;  "1605690735218656399"
2B07 4FA018E05F82078A (benchmark_itoa64_):01172             FQB $4FA018E0,$5F82078A     ;  "5737613277224109962"
2B0F E33AEF6B634F8906 (benchmark_itoa64_):01173             FQB $E33AEF6B,$634F8906     ; "-2073081433943996154"
2B17 BB8BCA6F9F0CA132 (benchmark_itoa64_):01174             FQB $BB8BCA6F,$9F0CA132     ; "-4932626386095660750"
2B1F 684400D7EAE2C572 (benchmark_itoa64_):01175             FQB $684400D7,$EAE2C572     ;  "7513131005719528818"
2B27 BFAEC9E704E0F581 (benchmark_itoa64_):01176             FQB $BFAEC9E7,$04E0F581     ; "-4634544972461181567"
2B2F 815DC94555DE8EC7 (benchmark_itoa64_):01177             FQB $815DC945,$55DE8EC7     ; "-9124915970352181561"
2B37 A426C3D78F221D5A (benchmark_itoa64_):01178             FQB $A426C3D7,$8F221D5A     ; "-6618387271787602598"
2B3F 2B12F13795C10DB7 (benchmark_itoa64_):01179             FQB $2B12F137,$95C10DB7     ;  "3103808314249645495"
2B47 92EFD90EA46A4F76 (benchmark_itoa64_):01180             FQB $92EFD90E,$A46A4F76     ; "-7858824167827026058"
2B4F 1E8EA89E2C7D64FE (benchmark_itoa64_):01181             FQB $1E8EA89E,$2C7D64FE     ;  "2201882665135465726"
2B57 40C7E064DA26BE2E (benchmark_itoa64_):01182             FQB $40C7E064,$DA26BE2E     ;  "4667946262554132014"
2B5F 2863B7A349F79268 (benchmark_itoa64_):01183             FQB $2863B7A3,$49F79268     ;  "2910371696159986280"
2B67 13981E23641D7C09 (benchmark_itoa64_):01184             FQB $13981E23,$641D7C09     ;  "1411911620532993033"
2B6F 51C9DC5017C5280B (benchmark_itoa64_):01185             FQB $51C9DC50,$17C5280B     ;  "5893483823945295883"
2B77 675D7DA26A415CD3 (benchmark_itoa64_):01186             FQB $675D7DA2,$6A415CD3     ;  "7448247495261510867"
2B7F 2CF19C2F95778E50 (benchmark_itoa64_):01187             FQB $2CF19C2F,$95778E50     ;  "3238541335241133648"
2B87 755F8CFE4A36FE97 (benchmark_itoa64_):01188             FQB $755F8CFE,$4A36FE97     ;  "8457633649019780759"
2B8F EF754F5D702E1117 (benchmark_itoa64_):01189             FQB $EF754F5D,$702E1117     ; "-1191959263637008105"
2B97 259A9BE7D384F44B (benchmark_itoa64_):01190             FQB $259A9BE7,$D384F44B     ;  "2709649545805231179"
2B9F 4491884EA00A6E28 (benchmark_itoa64_):01191             FQB $4491884E,$A00A6E28     ;  "4940880137476009512"
2BA7 A6F2BB72F319BA90 (benchmark_itoa64_):01192             FQB $A6F2BB72,$F319BA90     ; "-6416860416670319984"
2BAF FB0CA19E8D72860F (benchmark_itoa64_):01193             FQB $FB0CA19E,$8D72860F     ;  "-356732568119114225"
2BB7 051481B9C23ACC0E (benchmark_itoa64_):01194             FQB $051481B9,$C23ACC0E     ;   "366060104551418894"
2BBF FFDC4BA93B6A3BC4 (benchmark_itoa64_):01195             FQB $FFDC4BA9,$3B6A3BC4     ;   "-10049908943209532"
2BC7 D93929CAFCF66495 (benchmark_itoa64_):01196             FQB $D93929CA,$FCF66495     ; "-2794156142002543467"
2BCF 7737D351E88C44F4 (benchmark_itoa64_):01197             FQB $7737D351,$E88C44F4     ;  "8590567162979828980"
2BD7 F8C1C5C9F06CD0A0 (benchmark_itoa64_):01198             FQB $F8C1C5C9,$F06CD0A0     ;  "-521918610685505376"
2BDF C83ED44467B44660 (benchmark_itoa64_):01199             FQB $C83ED444,$67B44660     ; "-4017540427305171360"
2BE7 3AB5DEF0D2D301F3 (benchmark_itoa64_):01200             FQB $3AB5DEF0,$D2D301F3     ;  "4230532550895010291"
2BEF EDBFC5C3631D3357 (benchmark_itoa64_):01201             FQB $EDBFC5C3,$631D3357     ; "-1315115123196742825"
2BF7 41C6690504F2BE5B (benchmark_itoa64_):01202             FQB $41C66905,$04F2BE5B     ;  "4739591128132795995"
2BFF B67F5C55ECD40A94 (benchmark_itoa64_):01203             FQB $B67F5C55,$ECD40A94     ; "-5296413112649119084"
2C07 51FB3A552422D6AA (benchmark_itoa64_):01204             FQB $51FB3A55,$2422D6AA     ;  "5907379473579431594"
2C0F A2A87E40B12E3FD1 (benchmark_itoa64_):01205             FQB $A2A87E40,$B12E3FD1     ; "-6725987227162230831"
2C17 43FE0D9079785B24 (benchmark_itoa64_):01206             FQB $43FE0D90,$79785B24     ;  "4899368358790060836"
2C1F E688287D38D43626 (benchmark_itoa64_):01207             FQB $E688287D,$38D43626     ; "-1835172329864022490"
2C27 09F8644F63601D97 (benchmark_itoa64_):01208             FQB $09F8644F,$63601D97     ;   "718434432698031511"
2C2F 5990CF12FCA4C00C (benchmark_itoa64_):01209             FQB $5990CF12,$FCA4C00C     ;  "6453885946476937228"
2C37 966EE00F123620AB (benchmark_itoa64_):01210             FQB $966EE00F,$123620AB     ; "-7606896365247520597"
2C3F 80D4435D71C2C7CA (benchmark_itoa64_):01211             FQB $80D4435D,$71C2C7CA     ; "-9163625273172506678"
2C47 7CF9E43DC77EA061 (benchmark_itoa64_):01212             FQB $7CF9E43D,$C77EA061     ;  "9005479883895119969"
2C4F B8F8A52BC3578D13 (benchmark_itoa64_):01213             FQB $B8F8A52B,$C3578D13     ; "-5118159369127097069"
2C57 03564B616CA34F14 (benchmark_itoa64_):01214             FQB $03564B61,$6CA34F14     ;   "240462511917453076"
2C5F 10A18139CC12427E (benchmark_itoa64_):01215             FQB $10A18139,$CC12427E     ;  "1198381061094130302"
2C67 A1B7E889E66F6500 (benchmark_itoa64_):01216             FQB $A1B7E889,$E66F6500     ; "-6793705833890880256"
2C6F 138CF0884D544D1F (benchmark_itoa64_):01217             FQB $138CF088,$4D544D1F     ;  "1408765251663711519"
2C77 3A05DE73F3428C98 (benchmark_itoa64_):01218             FQB $3A05DE73,$F3428C98     ;  "4180992418667203736"
2C7F 080552EC312C9C9E (benchmark_itoa64_):01219             FQB $080552EC,$312C9C9E     ;   "577959301577743518"
2C87 2ED693097049F8DE (benchmark_itoa64_):01220             FQB $2ED69309,$7049F8DE     ;  "3375046639508650206"
2C8F 8C7B235695D5AA7F (benchmark_itoa64_):01221             FQB $8C7B2356,$95D5AA7F     ; "-8324020631476262273"
2C97 A9861BC4F2F80898 (benchmark_itoa64_):01222             FQB $A9861BC4,$F2F80898     ; "-6231262501716621160"
2C9F B56476B052595224 (benchmark_itoa64_):01223             FQB $B56476B0,$52595224     ; "-5376041555505622492"
2CA7 0918336D0D85264F (benchmark_itoa64_):01224             FQB $0918336D,$0D85264F     ;   "655330289253688911"
2CAF 795C4F6A13612BF2 (benchmark_itoa64_):01225             FQB $795C4F6A,$13612BF2     ;  "8744951893456923634"
2CB7 B681E477B582B296 (benchmark_itoa64_):01226             FQB $B681E477,$B582B296     ; "-5295700484013509994"
2CBF B6431EB4496C742F (benchmark_itoa64_):01227             FQB $B6431EB4,$496C742F     ; "-5313369375692262353"
2CC7 54A581A3FC5FE599 (benchmark_itoa64_):01228             FQB $54A581A3,$FC5FE599     ;  "6099423811657000345"
2CCF 68A2D536A8807042 (benchmark_itoa64_):01229             FQB $68A2D536,$A8807042     ;  "7539823156903571522"
2CD7 877E1D28EA8F6855 (benchmark_itoa64_):01230             FQB $877E1D28,$EA8F6855     ; "-8683470969952573355"
2CDF 6F670D7F1062E0C0 (benchmark_itoa64_):01231             FQB $6F670D7F,$1062E0C0     ;  "8027399700198121664"
2CE7 48B9355A0B520F05 (benchmark_itoa64_):01232             FQB $48B9355A,$0B520F05     ;  "5240278302275538693"
2CEF C206B408D9F503D6 (benchmark_itoa64_):01233             FQB $C206B408,$D9F503D6     ; "-4465684030381816874"
2CF7 1FFAB69A7656342D (benchmark_itoa64_):01234             FQB $1FFAB69A,$7656342D     ;  "2304354933880009773"
2CFF AF9049A14A4D583F (benchmark_itoa64_):01235             FQB $AF9049A1,$4A4D583F     ; "-5796051763340683201"
2D07 DFB5C89AC232C8FB (benchmark_itoa64_):01236             FQB $DFB5C89A,$C232C8FB     ; "-2326733065458366213"
2D0F 585B567D517C1195 (benchmark_itoa64_):01237             FQB $585B567D,$517C1195     ;  "6366777594456314261"
2D17 2ED728207731005A (benchmark_itoa64_):01238             FQB $2ED72820,$7731005A     ;  "3375210565641240666"
2D1F 54834737752A76D4 (benchmark_itoa64_):01239             FQB $54834737,$752A76D4     ;  "6089789424649533140"
2D27 805E3EF08E9D1D20 (benchmark_itoa64_):01240             FQB $805E3EF0,$8E9D1D20     ; "-9196844186138239712"
2D2F 2F9037635343F452 (benchmark_itoa64_):01241             FQB $2F903763,$5343F452     ;  "3427300216167199826"
2D37 7BBFA5A790040544 (benchmark_itoa64_):01242             FQB $7BBFA5A7,$90040544     ;  "8917027926311175492"
2D3F 65712AEC8BB683A5 (benchmark_itoa64_):01243             FQB $65712AEC,$8BB683A5     ;  "7309670865643668389"
2D47 1EAD93249EEB7AA3 (benchmark_itoa64_):01244             FQB $1EAD9324,$9EEB7AA3     ;  "2210584777603119779"
2D4F CE97FD5F4250F13C (benchmark_itoa64_):01245             FQB $CE97FD5F,$4250F13C     ; "-3560098394836766404"
2D57 D295BAF63A2173BA (benchmark_itoa64_):01246             FQB $D295BAF6,$3A2173BA     ; "-3272503987514805318"
2D5F 8218FE6FA7D6A138 (benchmark_itoa64_):01247             FQB $8218FE6F,$A7D6A138     ; "-9072221693827178184"
2D67 C9C613BD1A64C203 (benchmark_itoa64_):01248             FQB $C9C613BD,$1A64C203     ; "-3907413923784769021"
2D6F 2C3C9E4A0A2D9177 (benchmark_itoa64_):01249             FQB $2C3C9E4A,$0A2D9177     ;  "3187596677106995575"
2D77 D8977B375115C8EC (benchmark_itoa64_):01250             FQB $D8977B37,$5115C8EC     ; "-2839665562520008468"
2D7F EA842EB5A448EFDD (benchmark_itoa64_):01251             FQB $EA842EB5,$A448EFDD     ; "-1548061014228406307"
2D87 399380C79105E029 (benchmark_itoa64_):01252             FQB $399380C7,$9105E029     ;  "4148801276358287401"
2D8F 8F8DBE7F9975DD03 (benchmark_itoa64_):01253             FQB $8F8DBE7F,$9975DD03     ; "-8102610699324891901"
2D97 1D542EB51CF9A8A5 (benchmark_itoa64_):01254             FQB $1D542EB5,$1CF9A8A5     ;  "2113365480553687205"
2D9F 580D6DA950861D09 (benchmark_itoa64_):01255             FQB $580D6DA9,$50861D09     ;  "6344848024002764041"
2DA7 28AE1888469E1103 (benchmark_itoa64_):01256             FQB $28AE1888,$469E1103     ;  "2931307381044154627"
2DAF 9EE2CFE8ED75910C (benchmark_itoa64_):01257             FQB $9EE2CFE8,$ED75910C     ; "-6997802271657062132"
2DB7 0BF405958AE88FCD (benchmark_itoa64_):01258             FQB $0BF40595,$8AE88FCD     ;   "861319568573370317"
2DBF 7D98974230FFCA21 (benchmark_itoa64_):01259             FQB $7D989742,$30FFCA21     ;  "9050149761746717217"
2DC7 B051EACFC32F35F8 (benchmark_itoa64_):01260             FQB $B051EACF,$C32F35F8     ; "-5741549871866890760"
2DCF 33D807A53F7CA678 (benchmark_itoa64_):01261             FQB $33D807A5,$3F7CA678     ;  "3735744297219958392"
2DD7 5D82A689E53A388B (benchmark_itoa64_):01262             FQB $5D82A689,$E53A388B     ;  "6738131103686211723"
2DDF 32889A3873F70EED (benchmark_itoa64_):01263             FQB $32889A38,$73F70EED     ;  "3641329865983463149"
2DE7 81FF4B2BE6259A20 (benchmark_itoa64_):01264             FQB $81FF4B2B,$E6259A20     ; "-9079455671838729696"
2DEF A0765F2AFCC91C8B (benchmark_itoa64_):01265             FQB $A0765F2A,$FCC91C8B     ; "-6884210342154920821"
2DF7 4356A03B94C54290 (benchmark_itoa64_):01266             FQB $4356A03B,$94C54290     ;  "4852241826297758352"
2DFF 44B2B519A20FD8F7 (benchmark_itoa64_):01267             FQB $44B2B519,$A20FD8F7     ;  "4950218062131353847"
2E07 D1D4E316ACFE9C91 (benchmark_itoa64_):01268             FQB $D1D4E316,$ACFE9C91     ; "-3326784538188800879"
2E0F BDF5B1FDA323C0DA (benchmark_itoa64_):01269             FQB $BDF5B1FD,$A323C0DA     ; "-4758701728325189414"
2E17 DCB544BEBA814D37 (benchmark_itoa64_):01270             FQB $DCB544BE,$BA814D37     ; "-2543050828617265865"
2E1F EE8305CC7B06621D (benchmark_itoa64_):01271             FQB $EE8305CC,$7B06621D     ; "-1260157094938123747"
2E27 60BCFE8ADBDBE2D1 (benchmark_itoa64_):01272             FQB $60BCFE8A,$DBDBE2D1     ;  "6970726195610247889"
2E2F 8DD420FDCFD73F7E (benchmark_itoa64_):01273             FQB $8DD420FD,$CFD73F7E     ; "-8226914344813248642"
2E37 DE733E36BE5F3F3F (benchmark_itoa64_):01274             FQB $DE733E36,$BE5F3F3F     ; "-2417520170124755137"
2E3F 152459B6CA434F3D (benchmark_itoa64_):01275             FQB $152459B6,$CA434F3D     ;  "1523441215570399037"
2E47 B84FC76C314DC291 (benchmark_itoa64_):01276             FQB $B84FC76C,$314DC291     ; "-5165690980073094511"
2E4F 577D26BD4D3D4EEE (benchmark_itoa64_):01277             FQB $577D26BD,$4D3D4EEE     ;  "6304237647875100398"
2E57 5D060205B12EA12A (benchmark_itoa64_):01278             FQB $5D060205,$B12EA12A     ;  "6703047318858277162"
2E5F D834D99A3C2A8315 (benchmark_itoa64_):01279             FQB $D834D99A,$3C2A8315     ; "-2867427806270553323"
2E67 A3AB22481F7E3123 (benchmark_itoa64_):01280             FQB $A3AB2248,$1F7E3123     ; "-6653186331348422365"
2E6F 27DF90D8F7404FB9 (benchmark_itoa64_):01281             FQB $27DF90D8,$F7404FB9     ;  "2873174348821188537"
2E77 6CD146F409B06AD2 (benchmark_itoa64_):01282             FQB $6CD146F4,$09B06AD2     ;  "7841126440177265362"
2E7F 18B96E5D1CA9CC1C (benchmark_itoa64_):01283             FQB $18B96E5D,$1CA9CC1C     ;  "1781576473793645596"
2E87 9433F595366C3CDB (benchmark_itoa64_):01284             FQB $9433F595,$366C3CDB     ; "-7767594911071978277"
2E8F FADBFFFE0424D48E (benchmark_itoa64_):01285             FQB $FADBFFFE,$0424D48E     ;  "-370421077871635314"
2E97 F89B0592D365E079 (benchmark_itoa64_):01286             FQB $F89B0592,$D365E079     ;  "-532826002743238535"
2E9F 0EF4FB09F3485D43 (benchmark_itoa64_):01287             FQB $0EF4FB09,$F3485D43     ;  "1077762231003274563"
2EA7 7D2C041008A1B34D (benchmark_itoa64_):01288             FQB $7D2C0410,$08A1B34D     ;  "9019588620627063629"
2EAF EC5337083A50CEF6 (benchmark_itoa64_):01289             FQB $EC533708,$3A50CEF6     ; "-1417728949213933834"
2EB7 1FC2A15162BEE453 (benchmark_itoa64_):01290             FQB $1FC2A151,$62BEE453     ;  "2288568931578733651"
2EBF 7A36A9417CE12006 (benchmark_itoa64_):01291             FQB $7A36A941,$7CE12006     ;  "8806412220102680582"
2EC7 8095654BBB395C18 (benchmark_itoa64_):01292             FQB $8095654B,$BB395C18     ; "-9181320889386836968"
2ECF 0D7AB384B80DFA6F (benchmark_itoa64_):01293             FQB $0D7AB384,$B80DFA6F     ;   "971286052256741999"
2ED7 815B4963A46C173D (benchmark_itoa64_):01294             FQB $815B4963,$A46C173D     ; "-9125619527627040963"
2EDF 707F5560EF6CA2D1 (benchmark_itoa64_):01295             FQB $707F5560,$EF6CA2D1     ;  "8106291729112277713"
2EE7 0540D54C2C2FCBCA (benchmark_itoa64_):01296             FQB $0540D54C,$2C2FCBCA     ;   "378536891834682314"
2EEF E17ADCA96CEBC002 (benchmark_itoa64_):01297             FQB $E17ADCA9,$6CEBC002     ; "-2199202847782092798"
2EF7 45AE69E7F6BCA008 (benchmark_itoa64_):01298             FQB $45AE69E7,$F6BCA008     ;  "5021067079562600456"
2EFF 4C09945DE0836178 (benchmark_itoa64_):01299             FQB $4C09945D,$E0836178     ;  "5479073552592494968"
2F07 449E66E7CC589EEE (benchmark_itoa64_):01300             FQB $449E66E7,$CC589EEE     ;  "4944502586651221742"
2F0F C9B88515CB6A7D04 (benchmark_itoa64_):01301             FQB $C9B88515,$CB6A7D04     ; "-3911229947717714684"
2F17 76B3F1AD81C82E15 (benchmark_itoa64_):01302             FQB $76B3F1AD,$81C82E15     ;  "8553445844815719957"
2F1F 37652DBBB258628F (benchmark_itoa64_):01303             FQB $37652DBB,$B258628F     ;  "3991646928908083855"
2F27 8168EF98E4F459EA (benchmark_itoa64_):01304             FQB $8168EF98,$E4F459EA     ; "-9121777605283653142"
2F2F 2259B4F5BC03EA3C (benchmark_itoa64_):01305             FQB $2259B4F5,$BC03EA3C     ;  "2475208437731158588"
2F37 9165C65782199A80 (benchmark_itoa64_):01306             FQB $9165C657,$82199A80     ; "-7969745886415054208"
2F3F 7F75152A81297078 (benchmark_itoa64_):01307             FQB $7F75152A,$81297078     ;  "9184270287391780984"
2F47 27E6BDAB3A8F3512 (benchmark_itoa64_):01308             FQB $27E6BDAB,$3A8F3512     ;  "2875193955242161426"
2F4F B9D5C0FE195CFB2A (benchmark_itoa64_):01309             FQB $B9D5C0FE,$195CFB2A     ; "-5055922809073763542"
2F57 B12A52D269424D43 (benchmark_itoa64_):01310             FQB $B12A52D2,$69424D43     ; "-5680636916311896765"
2F5F 91D54FCDB90553C5 (benchmark_itoa64_):01311             FQB $91D54FCD,$B90553C5     ; "-7938351023179607099"
2F67 F2F22B8D73711F15 (benchmark_itoa64_):01312             FQB $F2F22B8D,$73711F15     ;  "-940641485639835883"
2F6F 4A6C0E4B47179CFB (benchmark_itoa64_):01313             FQB $4A6C0E4B,$47179CFB     ;  "5362676972769484027"
2F77 7367923136127B61 (benchmark_itoa64_):01314             FQB $73679231,$36127B61     ;  "8315775977021143905"
2F7F 633382EC937EC293 (benchmark_itoa64_):01315             FQB $633382EC,$937EC293     ;  "7148200986165559955"
2F87 3EC288D5CE8AA74A (benchmark_itoa64_):01316             FQB $3EC288D5,$CE8AA74A     ;  "4522327427708004170"
2F8F 182239306D452BCD (benchmark_itoa64_):01317             FQB $18223930,$6D452BCD     ;  "1739015286272895949"
2F97 C5529DE4241AD03D (benchmark_itoa64_):01318             FQB $C5529DE4,$241AD03D     ; "-4228143496963633091"
2F9F 31E7A66B217E6F89 (benchmark_itoa64_):01319             FQB $31E7A66B,$217E6F89     ;  "3596025806532276105"
2FA7 66AE118F1099C33E (benchmark_itoa64_):01320             FQB $66AE118F,$1099C33E     ;  "7398870543972811582"
2FAF A26B81DAB453A81F (benchmark_itoa64_):01321             FQB $A26B81DA,$B453A81F     ; "-6743153240728950753"
2FB7 94694817F00DA408 (benchmark_itoa64_):01322             FQB $94694817,$F00DA408     ; "-7752586015892724728"
2FBF 5BA03C42B652D289 (benchmark_itoa64_):01323             FQB $5BA03C42,$B652D289     ;  "6602343310949536393"
2FC7 D16886A6191EE404 (benchmark_itoa64_):01324             FQB $D16886A6,$191EE404     ; "-3357285474260556796"
2FCF B5ACFA38D2CA2AA9 (benchmark_itoa64_):01325             FQB $B5ACFA38,$D2CA2AA9     ; "-5355630734888785239"
2FD7 78F99139BE423CE2 (benchmark_itoa64_):01326             FQB $78F99139,$BE423CE2     ;  "8717158230943481058"
2FDF CB695328282BB47C (benchmark_itoa64_):01327             FQB $CB695328,$282BB47C     ; "-3789406179517811588"
2FE7 CC265E8ABCA85DFE (benchmark_itoa64_):01328             FQB $CC265E8A,$BCA85DFE     ; "-3736194890893599234"
2FEF 309E101475EA3AA5 (benchmark_itoa64_):01329             FQB $309E1014,$75EA3AA5     ;  "3503255240204499621"
2FF7 6696DAC7039922F8 (benchmark_itoa64_):01330             FQB $6696DAC7,$039922F8     ;  "7392336386668962552"
2FFF 50DEB84C38B694F9 (benchmark_itoa64_):01331             FQB $50DEB84C,$38B694F9     ;  "5827297605372515577"
3007 96D9109E008D6FBF (benchmark_itoa64_):01332             FQB $96D9109E,$008D6FBF     ; "-7577006627274002497"
300F 96D9656488C2BBBD (benchmark_itoa64_):01333             FQB $96D96564,$88C2BBBD     ; "-7576913415608550467"
3017 4C24CB3267586120 (benchmark_itoa64_):01334             FQB $4C24CB32,$67586120     ;  "5486733663386755360"
301F 03AE7D4867E3D2F5 (benchmark_itoa64_):01335             FQB $03AE7D48,$67E3D2F5     ;   "265287177995539189"
3027 4A747F2D5DD27FFD (benchmark_itoa64_):01336             FQB $4A747F2D,$5DD27FFD     ;  "5365052888929435645"
302F BBAB8854F5F640AE (benchmark_itoa64_):01337             FQB $BBAB8854,$F5F640AE     ; "-4923691869114318674"
3037 679BA7C3D6981C05 (benchmark_itoa64_):01338             FQB $679BA7C3,$D6981C05     ;  "7465745266857483269"
303F 7F12F4492062A27C (benchmark_itoa64_):01339             FQB $7F12F449,$2062A27C     ;  "9156649587310764668"
3047 856245C61051AF06 (benchmark_itoa64_):01340             FQB $856245C6,$1051AF06     ; "-8835422801967862010"
304F 56E0D101A35D268A (benchmark_itoa64_):01341             FQB $56E0D101,$A35D268A     ;  "6260233287010952842"
3057 ABC91E4C2CC5CF69 (benchmark_itoa64_):01342             FQB $ABC91E4C,$2CC5CF69     ; "-6068285710387523735"
305F A8AE60B3567C9BF4 (benchmark_itoa64_):01343             FQB $A8AE60B3,$567C9BF4     ; "-6291985306023584780"
3067 93FCB4C813B48018 (benchmark_itoa64_):01344             FQB $93FCB4C8,$13B48018     ; "-7783147284586004456"
306F A56D2D32956A1E22 (benchmark_itoa64_):01345             FQB $A56D2D32,$956A1E22     ; "-6526510589711606238"
3077 C8319EAD0E74FBBA (benchmark_itoa64_):01346             FQB $C8319EAD,$0E74FBBA     ; "-4021258526156063814"
307F CCF7847B16B2A68B (benchmark_itoa64_):01347             FQB $CCF7847B,$16B2A68B     ; "-3677324906528070005"
3087 243B138607999144 (benchmark_itoa64_):01348             FQB $243B1386,$07999144     ;  "2610701875365384516"
308F 8318A60D7C39728F (benchmark_itoa64_):01349             FQB $8318A60D,$7C39728F     ; "-9000261278451010929"
3097 4C6A7F6FAF29E595 (benchmark_itoa64_):01350             FQB $4C6A7F6F,$AF29E595     ;  "5506353612070708629"
309F 5651C79D0585C4A7 (benchmark_itoa64_):01351             FQB $5651C79D,$0585C4A7     ;  "6219972037591811239"
30A7 3CC78F61EEC3953C (benchmark_itoa64_):01352             FQB $3CC78F61,$EEC3953C     ;  "4379626813421491516"
30AF A608A281B10FC953 (benchmark_itoa64_):01353             FQB $A608A281,$B10FC953     ; "-6482752985694746285"
30B7 E082E8FD9F118ED0 (benchmark_itoa64_):01354             FQB $E082E8FD,$9F118ED0     ; "-2268995086248210736"
30BF DA92600776CCEEA3 (benchmark_itoa64_):01355             FQB $DA926007,$76CCEEA3     ; "-2696987641667326301"
30C7 73FB0E8C4090CF67 (benchmark_itoa64_):01356             FQB $73FB0E8C,$4090CF67     ;  "8357289529057529703"
30CF 56E63F77B1B5A463 (benchmark_itoa64_):01357             FQB $56E63F77,$B1B5A463     ;  "6261762115220382819"
30D7 1B1CCFF3761C1C4C (benchmark_itoa64_):01358             FQB $1B1CCFF3,$761C1C4C     ;  "1953664982937508940"
30DF F6B300F32D4B1785 (benchmark_itoa64_):01359             FQB $F6B300F3,$2D4B1785     ;  "-670190875111123067"
30E7 7955156A66FD96F5 (benchmark_itoa64_):01360             FQB $7955156A,$66FD96F5     ;  "8742917798348297973"
30EF 0F886D8179FAAA92 (benchmark_itoa64_):01361             FQB $0F886D81,$79FAAA92     ;  "1119264910266247826"
30F7 C841D05DA6E396C8 (benchmark_itoa64_):01362             FQB $C841D05D,$A6E396C8     ; "-4016700291987302712"
30FF 68EF073F50226B76 (benchmark_itoa64_):01363             FQB $68EF073F,$50226B76     ;  "7561270267887119222"
3107 39A553F6B6127CB4 (benchmark_itoa64_):01364             FQB $39A553F6,$B6127CB4     ;  "4153818550400875700"
310F EA70F3B5C22064EE (benchmark_itoa64_):01365             FQB $EA70F3B5,$C22064EE     ; "-1553473909471288082"
3117 B32AF298DFC043FB (benchmark_itoa64_):01366             FQB $B32AF298,$DFC043FB     ; "-5536346053495733253"
311F E75C6392DBCF13DA (benchmark_itoa64_):01367             FQB $E75C6392,$DBCF13DA     ; "-1775434670686661670"
3127 BA6856B7756CA679 (benchmark_itoa64_):01368             FQB $BA6856B7,$756CA679     ; "-5014662839127988615"
312F B60FE870B048FFF5 (benchmark_itoa64_):01369             FQB $B60FE870,$B048FFF5     ; "-5327784263464452107"
3137 4A20A68424C10A3D (benchmark_itoa64_):01370             FQB $4A20A684,$24C10A3D     ;  "5341452244543932989"
313F 082BC4F125DF9681 (benchmark_itoa64_):01371             FQB $082BC4F1,$25DF9681     ;   "588780716303554177"
3147 D46F106E02D86CF0 (benchmark_itoa64_):01372             FQB $D46F106E,$02D86CF0     ; "-3139272350573761296"
314F 838EFF5A76B544D8 (benchmark_itoa64_):01373             FQB $838EFF5A,$76B544D8     ; "-8966949044044348200"
3157 B65252EFCCFA1D0E (benchmark_itoa64_):01374             FQB $B65252EF,$CCFA1D0E     ; "-5309089820826788594"
315F 9F2A44043F0E92D1 (benchmark_itoa64_):01375             FQB $9F2A4404,$3F0E92D1     ; "-6977689887628684591"
3167 7594F50A1BBA2EDB (benchmark_itoa64_):01376             FQB $7594F50A,$1BBA2EDB     ;  "8472666222754410203"
316F 53BFA8DB18AB700D (benchmark_itoa64_):01377             FQB $53BFA8DB,$18AB700D     ;  "6034727684664946701"
3177 96D956B77B9E2A14 (benchmark_itoa64_):01378             FQB $96D956B7,$7B9E2A14     ; "-7576929552021181932"
317F 1A9DB6247D963A55 (benchmark_itoa64_):01379             FQB $1A9DB624,$7D963A55     ;  "1917889284171774549"
3187 86ECB9F2E5AB826C (benchmark_itoa64_):01380             FQB $86ECB9F2,$E5AB826C     ; "-8724393925237046676"
318F 1A6C3C278685820B (benchmark_itoa64_):01381             FQB $1A6C3C27,$8685820B     ;  "1903962882929164811"
3197 F5AD3D86A519335A (benchmark_itoa64_):01382             FQB $F5AD3D86,$A519335A     ;  "-743870714941459622"
319F F7EC2A23C0B352AA (benchmark_itoa64_):01383             FQB $F7EC2A23,$C0B352AA     ;  "-582043918792437078"
31A7 D1E701ED7B0B8049 (benchmark_itoa64_):01384             FQB $D1E701ED,$7B0B8049     ; "-3321684080679223223"
31AF 6FF896146503442C (benchmark_itoa64_):01385             FQB $6FF89614,$6503442C     ;  "8068363746772468780"
31B7 3F055DBAB3D39066 (benchmark_itoa64_):01386             FQB $3F055DBA,$B3D39066     ;  "4541138855735300198"
31BF DB6E104C437DE7BF (benchmark_itoa64_):01387             FQB $DB6E104C,$437DE7BF     ; "-2635150812229277761"
31C7 96913DE92CCDFA38 (benchmark_itoa64_):01388             FQB $96913DE9,$2CCDFA38     ; "-7597223024708945352"
31CF A268A9F282CD48C7 (benchmark_itoa64_):01389             FQB $A268A9F2,$82CD48C7     ; "-6743953582945646393"
31D7 66BA107D43973518 (benchmark_itoa64_):01390             FQB $66BA107D,$43973518     ;  "7402247067727770904"
31DF F74D352BE3640D8D (benchmark_itoa64_):01391             FQB $F74D352B,$E3640D8D     ;  "-626786310519779955"
31E7 F07C9BD223B911FA (benchmark_itoa64_):01392             FQB $F07C9BD2,$23B911FA     ; "-1117847280649956870"
31EF 39763CD1F8B81AF2 (benchmark_itoa64_):01393             FQB $39763CD1,$F8B81AF2     ;  "4140563779932396274"
31F7 099BD62552AC15E7 (benchmark_itoa64_):01394             FQB $099BD625,$52AC15E7     ;   "692382423520646631"
31FF AE39C6602DC61EE0 (benchmark_itoa64_):01395             FQB $AE39C660,$2DC61EE0     ; "-5892460521050464544"
3207 1E6D79500CC84BE9 (benchmark_itoa64_):01396             FQB $1E6D7950,$0CC84BE9     ;  "2192541978318097385"
320F C76C0169B044EE6B (benchmark_itoa64_):01397             FQB $C76C0169,$B044EE6B     ; "-4076882009236640149"
3217 5F7F75A57903F1E8 (benchmark_itoa64_):01398             FQB $5F7F75A5,$7903F1E8     ;  "6881348109205762536"
321F C5AC3C219A422024 (benchmark_itoa64_):01399             FQB $C5AC3C21,$9A422024     ; "-4202918237223903196"
3227 1D88241EEF244155 (benchmark_itoa64_):01400             FQB $1D88241E,$EF244155     ;  "2127990539212308821"
322F EE94B7B2BCE65FAD (benchmark_itoa64_):01401             FQB $EE94B7B2,$BCE65FAD     ; "-1255176417828249683"
3237 B65B3AC2CD4B1B51 (benchmark_itoa64_):01402             FQB $B65B3AC2,$CD4B1B51     ; "-5306583127583679663"
323F 71F0AB31FEB79B84 (benchmark_itoa64_):01403             FQB $71F0AB31,$FEB79B84     ;  "8210250351911607172"
3247 F77A73A99E8C3883 (benchmark_itoa64_):01404             FQB $F77A73A9,$9E8C3883     ;  "-614051226835994493"
324F 871AA3055629436E (benchmark_itoa64_):01405             FQB $871AA305,$5629436E     ; "-8711471285879094418"
3257 18C032145E021204 (benchmark_itoa64_):01406             FQB $18C03214,$5E021204     ;  "1783480515496645124"
325F 692464D50CC22899 (benchmark_itoa64_):01407             FQB $692464D5,$0CC22899     ;  "7576291339348879513"
3267 9FBFB6463108CB0D (benchmark_itoa64_):01408             FQB $9FBFB646,$3108CB0D     ; "-6935624488540648691"
326F 97B5409306BE9523 (benchmark_itoa64_):01409             FQB $97B54093,$06BE9523     ; "-7515029402980281053"
3277 879D2FFC508AF3D3 (benchmark_itoa64_):01410             FQB $879D2FFC,$508AF3D3     ; "-8674724546516159533"
327F 031EEA2B1B72B42F (benchmark_itoa64_):01411             FQB $031EEA2B,$1B72B42F     ;   "224874502280098863"
3287 C2895E11B2EC71B3 (benchmark_itoa64_):01412             FQB $C2895E11,$B2EC71B3     ; "-4428905328432877133"
328F 456A3E0C276D88F0 (benchmark_itoa64_):01413             FQB $456A3E0C,$276D88F0     ;  "5001878558070376688"
3297 A024ED29084193A9 (benchmark_itoa64_):01414             FQB $A024ED29,$084193A9     ; "-6907135167991540823"
329F 83645DAECD6C73DF (benchmark_itoa64_):01415             FQB $83645DAE,$CD6C73DF     ; "-8978948751717796897"
32A7 AEB8C37353310F5D (benchmark_itoa64_):01416             FQB $AEB8C373,$53310F5D     ; "-5856716415310950563"
32AF 35AA9E1921C4A126 (benchmark_itoa64_):01417             FQB $35AA9E19,$21C4A126     ;  "3867077060828897574"
32B7 F0DA26A77B4B0A86 (benchmark_itoa64_):01418             FQB $F0DA26A7,$7B4B0A86     ; "-1091517458914014586"
32BF B1BE4CE492053E59 (benchmark_itoa64_):01419             FQB $B1BE4CE4,$92053E59     ; "-5638985138835210663"
32C7 7C2007A53490903E (benchmark_itoa64_):01420             FQB $7C2007A5,$3490903E     ;  "8944157266090692670"
32CF 59B0FEAC16CA5ADB (benchmark_itoa64_):01421             FQB $59B0FEAC,$16CA5ADB     ;  "6462945480346852059"
32D7 FD5B74CB290A2C34 (benchmark_itoa64_):01422             FQB $FD5B74CB,$290A2C34     ;  "-190430143317398476"
32DF 4109E057BD142E39 (benchmark_itoa64_):01423             FQB $4109E057,$BD142E39     ;  "4686523554694704697"
32E7 7448EA2BD316857D (benchmark_itoa64_):01424             FQB $7448EA2B,$D316857D     ;  "8379204580668769661"
32EF C1D546A8690A0AF3 (benchmark_itoa64_):01425             FQB $C1D546A8,$690A0AF3     ; "-4479596565219374349"
32F7 766797D6EB3EC9C7 (benchmark_itoa64_):01426             FQB $766797D6,$EB3EC9C7     ;  "8531954968402250183"
32FF BFB49685A786D087 (benchmark_itoa64_):01427             FQB $BFB49685,$A786D087     ; "-4632912615871950713"
3307 C846E22456C8B15F (benchmark_itoa64_):01428             FQB $C846E224,$56C8B15F     ; "-4015273372051525281"
330F FE4E8C0A933F97DD (benchmark_itoa64_):01429             FQB $FE4E8C0A,$933F97DD     ;  "-122006162844444707"
3317 C4C48A165C48C0F0 (benchmark_itoa64_):01430             FQB $C4C48A16,$5C48C0F0     ; "-4268134718198202128"
331F D890C689CF4567FA (benchmark_itoa64_):01431             FQB $D890C689,$CF4567FA     ; "-2841553069680531462"
3327 725AA85BECA99F26 (benchmark_itoa64_):01432             FQB $725AA85B,$ECA99F26     ;  "8240083580993773350"
332F 1FC57D464FAE204D (benchmark_itoa64_):01433             FQB $1FC57D46,$4FAE204D     ;  "2289373726525759565"
3337 BBE103CB2FA0D688 (benchmark_itoa64_):01434             FQB $BBE103CB,$2FA0D688     ; "-4908637947644815736"
333F 201370250C35488B (benchmark_itoa64_):01435             FQB $20137025,$0C35488B     ;  "2311314338192115851"
3347 EE7A0369796D3406 (benchmark_itoa64_):01436             FQB $EE7A0369,$796D3406     ; "-1262692993980353530"
334F 0BC3F9CFB12FB9C7 (benchmark_itoa64_):01437             FQB $0BC3F9CF,$B12FB9C7     ;   "847795825302026695"
3357 16AE691F6DE912B1 (benchmark_itoa64_):01438             FQB $16AE691F,$6DE912B1     ;  "1634359298490962609"
335F DE53814A59AD846B (benchmark_itoa64_):01439             FQB $DE53814A,$59AD846B     ; "-2426453617890458517"
3367 AF1EE4B0F32F5050 (benchmark_itoa64_):01440             FQB $AF1EE4B0,$F32F5050     ; "-5827969419125501872"
336F 8D4CE2514D1D49E3 (benchmark_itoa64_):01441             FQB $8D4CE251,$4D1D49E3     ; "-8264982377317709341"
3377 3FC68CD5B4CA2558 (benchmark_itoa64_):01442             FQB $3FC68CD5,$B4CA2558     ;  "4595515319267239256"
337F D00E6B79668C85F3 (benchmark_itoa64_):01443             FQB $D00E6B79,$668C85F3     ; "-3454705694990891533"
3387 C24A0F11115D5BE3 (benchmark_itoa64_):01444             FQB $C24A0F11,$115D5BE3     ; "-4446725116094751773"
338F 2601F8CC79E22F82 (benchmark_itoa64_):01445             FQB $2601F8CC,$79E22F82     ;  "2738743605519855490"
3397 60B91149A735B1C2 (benchmark_itoa64_):01446             FQB $60B91149,$A735B1C2     ;  "6969620906368152002"
339F 77F713737CD61A27 (benchmark_itoa64_):01447             FQB $77F71373,$7CD61A27     ;  "8644399396497529383"
33A7 CA0C32C97B761F43 (benchmark_itoa64_):01448             FQB $CA0C32C9,$7B761F43     ; "-3887676537386426557"
33AF 14188A20BD165A34 (benchmark_itoa64_):01449             FQB $14188A20,$BD165A34     ;  "1448059153415559732"
33B7 3ED78B6A27BB0443 (benchmark_itoa64_):01450             FQB $3ED78B6A,$27BB0443     ;  "4528241238393685059"
33BF 48E27B4E45CEF623 (benchmark_itoa64_):01451             FQB $48E27B4E,$45CEF623     ;  "5251895691576276515"
33C7 26C3A316FFBFF806 (benchmark_itoa64_):01452             FQB $26C3A316,$FFBFF806     ;  "2793255513075218438"
33CF F5F7736AED75BEF3 (benchmark_itoa64_):01453             FQB $F5F7736A,$ED75BEF3     ;  "-722982312082030861"
33D7 9A4BF17F4D2791DF (benchmark_itoa64_):01454             FQB $9A4BF17F,$4D2791DF     ; "-7328498439557770785"
33DF A9E6EF3D3BA43E98 (benchmark_itoa64_):01455             FQB $A9E6EF3D,$3BA43E98     ; "-6204008390383616360"
33E7 7AEB4DD1143DB870 (benchmark_itoa64_):01456             FQB $7AEB4DD1,$143DB870     ;  "8857258652537305200"
33EF FBD0C313AB1C4B20 (benchmark_itoa64_):01457             FQB $FBD0C313,$AB1C4B20     ;  "-301526685791270112"
33F7 6AEBA92102BF79F9 (benchmark_itoa64_):01458             FQB $6AEBA921,$02BF79F9     ;  "7704437546792483321"
33FF B1179C924645012E (benchmark_itoa64_):01459             FQB $B1179C92,$4645012E     ; "-5685903852473876178"
3407 B5634604243E3AE5 (benchmark_itoa64_):01460             FQB $B5634604,$243E3AE5     ; "-5376376546548368667"
340F 051FAFFAB9512379 (benchmark_itoa64_):01461             FQB $051FAFFA,$B9512379     ;   "369207185853457273"
3417 41CD810A4FFB9E7D (benchmark_itoa64_):01462             FQB $41CD810A,$4FFB9E7D     ;  "4741587863982546557"
341F 63E225328777AFDD (benchmark_itoa64_):01463             FQB $63E22532,$8777AFDD     ;  "7197356053442834397"
3427 A25E03332C38AA7E (benchmark_itoa64_):01464             FQB $A25E0333,$2C38AA7E     ; "-6746951673434297730"
342F 2A1D63D71BE8566D (benchmark_itoa64_):01465             FQB $2A1D63D7,$1BE8566D     ;  "3034691499454912109"
3437 829CF2D286ED6C6C (benchmark_itoa64_):01466             FQB $829CF2D2,$86ED6C6C     ; "-9035079766391296916"
343F AF917C1315692A13 (benchmark_itoa64_):01467             FQB $AF917C13,$15692A13     ; "-5795714824043681261"
3447 44C1B52C5D6636BE (benchmark_itoa64_):01468             FQB $44C1B52C,$5D6636BE     ;  "4954440267234424510"
344F 958E9F6D7CBC7F81 (benchmark_itoa64_):01469             FQB $958E9F6D,$7CBC7F81     ; "-7670017822772396159"
3457 166C8C26E554361E (benchmark_itoa64_):01470             FQB $166C8C26,$E554361E     ;  "1615820465003312670"
345F 06497C36164B9050 (benchmark_itoa64_):01471             FQB $06497C36,$164B9050     ;   "453029809271574608"
3467 A5887CC914EC94B8 (benchmark_itoa64_):01472             FQB $A5887CC9,$14EC94B8     ; "-6518823257537473352"
346F 144D626196938C3D (benchmark_itoa64_):01473             FQB $144D6261,$96938C3D     ;  "1462933625242881085"
3477 46D2E1171292D93E (benchmark_itoa64_):01474             FQB $46D2E117,$1292D93E     ;  "5103388816976304446"
347F 4DC5646DB4C6BF93 (benchmark_itoa64_):01475             FQB $4DC5646D,$B4C6BF93     ;  "5603995733679587219"
3487 546A084D16C98218 (benchmark_itoa64_):01476             FQB $546A084D,$16C98218     ;  "6082683373905084952"
348F BDC81E9F80B361F8 (benchmark_itoa64_):01477             FQB $BDC81E9F,$80B361F8     ; "-4771530134791167496"
3497 88E9A11D39EACCDC (benchmark_itoa64_):01478             FQB $88E9A11D,$39EACCDC     ; "-8581150468079956772"
349F 0D28C0113F550CFF (benchmark_itoa64_):01479             FQB $0D28C011,$3F550CFF     ;   "948218901871004927"
34A7 1BAB16D68E21E656 (benchmark_itoa64_):01480             FQB $1BAB16D6,$8E21E656     ;  "1993712370804975190"
34AF 61161A07CE4CEA57 (benchmark_itoa64_):01481             FQB $61161A07,$CE4CEA57     ;  "6995807691994884695"
34B7 19AAE7B0D4E39F67 (benchmark_itoa64_):01482             FQB $19AAE7B0,$D4E39F67     ;  "1849545343660957543"
34BF 3C0FC9327020A5EA (benchmark_itoa64_):01483             FQB $3C0FC932,$7020A5EA     ;  "4327898985393071594"
34C7 3BA50C75BF653B19 (benchmark_itoa64_):01484             FQB $3BA50C75,$BF653B19     ;  "4297855119256795929"
34CF 6895FCCC972FF1A3 (benchmark_itoa64_):01485             FQB $6895FCCC,$972FF1A3     ;  "7536207507114422691"
34D7 75564B8B4E33F600 (benchmark_itoa64_):01486             FQB $75564B8B,$4E33F600     ;  "8455028412119250432"
34DF 958E7D0C0B4004C4 (benchmark_itoa64_):01487             FQB $958E7D0C,$0B4004C4     ; "-7670055624683551548"
34E7 356FB1D03B3433B1 (benchmark_itoa64_):01488             FQB $356FB1D0,$3B3433B1     ;  "3850491714329654193"
34EF FB12F8B13BFAED3A (benchmark_itoa64_):01489             FQB $FB12F8B1,$3BFAED3A     ;  "-354947980509647558"
34F7 E9AF1CE7E848A293 (benchmark_itoa64_):01490             FQB $E9AF1CE7,$E848A293     ; "-1608034759587880301"
34FF 6C62051B17777D9A (benchmark_itoa64_):01491             FQB $6C62051B,$17777D9A     ;  "7809810317729824154"
3507 A55D365E6F31EB58 (benchmark_itoa64_):01492             FQB $A55D365E,$6F31EB58     ; "-6531004105396982952"
350F DA23C0DBB26D96C7 (benchmark_itoa64_):01493             FQB $DA23C0DB,$B26D96C7     ; "-2728124899432491321"
3517 0A0590EE2B226FEC (benchmark_itoa64_):01494             FQB $0A0590EE,$2B226FEC     ;   "722142667863125996"
351F D7C109E1A89BB288 (benchmark_itoa64_):01495             FQB $D7C109E1,$A89BB288     ; "-2900025820248821112"
3527 2E3F833793DDDD72 (benchmark_itoa64_):01496             FQB $2E3F8337,$93DDDD72     ;  "3332526524004687218"
352F 3CE4D75B167ACED8 (benchmark_itoa64_):01497             FQB $3CE4D75B,$167ACED8     ;  "4387868723184848600"
3537 115EE835AD4CA1BE (benchmark_itoa64_):01498             FQB $115EE835,$AD4CA1BE     ;  "1251693063693967806"
353F CD26FD1541FC02DD (benchmark_itoa64_):01499             FQB $CD26FD15,$41FC02DD     ; "-3663962979076144419"
3547 5AFDA210D1BD03CA (benchmark_itoa64_):01500             FQB $5AFDA210,$D1BD03CA     ;  "6556574825643312074"
354F 035FB9463FF4832B (benchmark_itoa64_):01501             FQB $035FB946,$3FF4832B     ;   "243116616273134379"
3557 78DE89599CD44679 (benchmark_itoa64_):01502             FQB $78DE8959,$9CD44679     ;  "8709549747357369977"
355F 4FBC30309ADDD6A4 (benchmark_itoa64_):01503             FQB $4FBC3030,$9ADDD6A4     ;  "5745520209932703396"
3567 E9A6FC5C72125DB1 (benchmark_itoa64_):01504             FQB $E9A6FC5C,$72125DB1     ; "-1610322342757376591"
356F B1E1BEA7A9F4286C (benchmark_itoa64_):01505             FQB $B1E1BEA7,$A9F4286C     ; "-5629008431916242836"
3577 9A995CB51C7438E8 (benchmark_itoa64_):01506             FQB $9A995CB5,$1C7438E8     ; "-7306706987495704344"
357F 5D6D5382F25AC4FD (benchmark_itoa64_):01507             FQB $5D6D5382,$F25AC4FD     ;  "6732128839865648381"
3587 1BAE382D98342C8D (benchmark_itoa64_):01508             FQB $1BAE382D,$98342C8D     ;  "1994593453449948301"
358F 5062FEC95E2D082C (benchmark_itoa64_):01509             FQB $5062FEC9,$5E2D082C     ;  "5792472211573770284"
3597 25F8A85CDC1BD872 (benchmark_itoa64_):01510             FQB $25F8A85C,$DC1BD872     ;  "2736121890410846322"
359F 5C34C6C08704B7E0 (benchmark_itoa64_):01511             FQB $5C34C6C0,$8704B7E0     ;  "6644153880479578080"
35A7 6D75392F68974079 (benchmark_itoa64_):01512             FQB $6D75392F,$68974079     ;  "7887273198190280825"
35AF 98B67A83F4F0D621 (benchmark_itoa64_):01513             FQB $98B67A83,$F4F0D621     ; "-7442626627014437343"
35B7 A7F5083BD7F4473C (benchmark_itoa64_):01514             FQB $A7F5083B,$D7F4473C     ; "-6344155446962272452"
35BF 845FDBCC0D4B7721 (benchmark_itoa64_):01515             FQB $845FDBCC,$0D4B7721     ; "-8908159868472690911"
35C7 90CCED10B0EB61F3 (benchmark_itoa64_):01516             FQB $90CCED10,$B0EB61F3     ; "-8012768981055479309"
35CF 493D72901D5346A6 (benchmark_itoa64_):01517             FQB $493D7290,$1D5346A6     ;  "5277500301640943270"
35D7 D24D5A7C9FC9FBBC (benchmark_itoa64_):01518             FQB $D24D5A7C,$9FC9FBBC     ; "-3292876261234705476"
35DF EC6C98F6033BEF23 (benchmark_itoa64_):01519             FQB $EC6C98F6,$033BEF23     ; "-1410584400890171613"
35E7 B475C4ED1E301CF1 (benchmark_itoa64_):01520             FQB $B475C4ED,$1E301CF1     ; "-5443228051914613519"
35EF 0D550A81880C88EE (benchmark_itoa64_):01521             FQB $0D550A81,$880C88EE     ;   "960685646963050734"
35F7 0CC196212D05AD23 (benchmark_itoa64_):01522             FQB $0CC19621,$2D05AD23     ;   "919180868193725731"
35FF ED6F2CFD8758C856 (benchmark_itoa64_):01523             FQB $ED6F2CFD,$8758C856     ; "-1337801096896657322"
3607 98123BD5A21C5E95 (benchmark_itoa64_):01524             FQB $98123BD5,$A21C5E95     ; "-7488857441629872491"
360F ADEE05E69CC20860 (benchmark_itoa64_):01525             FQB $ADEE05E6,$9CC20860     ; "-5913782772660303776"
3617 8C77139C0512C265 (benchmark_itoa64_):01526             FQB $8C77139C,$0512C265     ; "-8325163825350131099"
361F D5E57373D9915AB4 (benchmark_itoa64_):01527             FQB $D5E57373,$D9915AB4     ; "-3033891832555545932"
3627 1E13ADAD89E1DB64 (benchmark_itoa64_):01528             FQB $1E13ADAD,$89E1DB64     ;  "2167266806549568356"
362F 78694C69EA55E05F (benchmark_itoa64_):01529             FQB $78694C69,$EA55E05F     ;  "8676550174892744799"
3637 DC9016D20A61DBF6 (benchmark_itoa64_):01530             FQB $DC9016D2,$0A61DBF6     ; "-2553515897345942538"
363F 2AA9081371990E24 (benchmark_itoa64_):01531             FQB $2AA90813,$71990E24     ;  "3073997100260331044"
3647 53025C1512B19A2B (benchmark_itoa64_):01532             FQB $53025C15,$12B19A2B     ;  "5981444500679137835"
364F 96FCAAF21A9C1342 (benchmark_itoa64_):01533             FQB $96FCAAF2,$1A9C1342     ; "-7566985317084032190"
3657 D74431EA9D425E70 (benchmark_itoa64_):01534             FQB $D74431EA,$9D425E70     ; "-2935166173408240016"
365F 3B0E26ACB23081F9 (benchmark_itoa64_):01535             FQB $3B0E26AC,$B23081F9     ;  "4255381221077451257"
3667 B02127E8E418E788 (benchmark_itoa64_):01536             FQB $B02127E8,$E418E788     ; "-5755274967590049912"
366F 48C7447B11AA81A2 (benchmark_itoa64_):01537             FQB $48C7447B,$11AA81A2     ;  "5244235586464285090"
3677 CEB90D6436C8AEEA (benchmark_itoa64_):01538             FQB $CEB90D64,$36C8AEEA     ; "-3550792107137913110"
367F 00CA3FBC14EA463D (benchmark_itoa64_):01539             FQB $00CA3FBC,$14EA463D     ;    "56928022332851773"
3687 2EC4C7A6BCF2AB00 (benchmark_itoa64_):01540             FQB $2EC4C7A6,$BCF2AB00     ;  "3370037940128492288"
368F 2A723ACB4F8D6DCE (benchmark_itoa64_):01541             FQB $2A723ACB,$4F8D6DCE     ;  "3058571741825428942"
3697 3F48321B071EE24A (benchmark_itoa64_):01542             FQB $3F48321B,$071EE24A     ;  "4559949714377597514"
369F 8CC0736C0404204C (benchmark_itoa64_):01543             FQB $8CC0736C,$0404204C     ; "-8304510805110153140"
36A7 8B8FA41F0E9D463B (benchmark_itoa64_):01544             FQB $8B8FA41F,$0E9D463B     ; "-8390307127471815109"
36AF 3A2CD218A11BAAF0 (benchmark_itoa64_):01545             FQB $3A2CD218,$A11BAAF0     ;  "4191956356399082224"
36B7 BBB3915DF9996E51 (benchmark_itoa64_):01546             FQB $BBB3915D,$F9996E51     ; "-4921430134980252079"
36BF A7D160692E9B943B (benchmark_itoa64_):01547             FQB $A7D16069,$2E9B943B     ; "-6354191594373278661"
36C7 F474D1F6AE54B4DE (benchmark_itoa64_):01548             FQB $F474D1F6,$AE54B4DE     ;  "-831809173739752226"
36CF 8D4537CC09F6D2AA (benchmark_itoa64_):01549             FQB $8D4537CC,$09F6D2AA     ; "-8267140191488650582"
36D7 1D93162C2423003D (benchmark_itoa64_):01550             FQB $1D93162C,$2423003D     ;  "2131071427517022269"
36DF F799A77047D8834C (benchmark_itoa64_):01551             FQB $F799A770,$47D8834C     ;  "-605268574221073588"
36E7 160392C8506A5E1E (benchmark_itoa64_):01552             FQB $160392C8,$506A5E1E     ;  "1586272882804809246"
36EF 1A650A3C646F5510 (benchmark_itoa64_):01553             FQB $1A650A3C,$646F5510     ;  "1901937672133235984"
36F7 56E99AB2C5F496E8 (benchmark_itoa64_):01554             FQB $56E99AB2,$C5F496E8     ;  "6262706849451382504"
36FF DD21F5A11DC803A9 (benchmark_itoa64_):01555             FQB $DD21F5A1,$1DC803A9     ; "-2512457044757838935"
3707 466A419528D97296 (benchmark_itoa64_):01556             FQB $466A4195,$28D97296     ;  "5073940039077556886"
370F B34381BDF28B8826 (benchmark_itoa64_):01557             FQB $B34381BD,$F28B8826     ; "-5529433264662804442"
3717 1844B6406D76E738 (benchmark_itoa64_):01558             FQB $1844B640,$6D76E738     ;  "1748722943157266232"
371F 82CC2B7B1F8064D2 (benchmark_itoa64_):01559             FQB $82CC2B7B,$1F8064D2     ; "-9021788145720466222"
3727 C5C580DCE8E362BA (benchmark_itoa64_):01560             FQB $C5C580DC,$E8E362BA     ; "-4195805791537372486"
372F 92B7C2E57A4FCEB7 (benchmark_itoa64_):01561             FQB $92B7C2E5,$7A4FCEB7     ; "-7874611132578672969"
3737 307B0B8FA6062E8C (benchmark_itoa64_):01562             FQB $307B0B8F,$A6062E8C     ;  "3493398647549603468"
373F CF8E11726857AA3A (benchmark_itoa64_):01563             FQB $CF8E1172,$6857AA3A     ; "-3490833478091036102"
3747 968CBFD44343BED8 (benchmark_itoa64_):01564             FQB $968CBFD4,$4343BED8     ; "-7598487552898384168"
374F 2302892E743BEFB7 (benchmark_itoa64_):01565             FQB $2302892E,$743BEFB7     ;  "2522729573892485047"
3757 E6ACF0D078CC3D2D (benchmark_itoa64_):01566             FQB $E6ACF0D0,$78CC3D2D     ; "-1824818970821378771"
375F 3FC1A4757E93B4E7 (benchmark_itoa64_):01567             FQB $3FC1A475,$7E93B4E7     ;  "4594133919436354791"
3767 1F71D70995FCC304 (benchmark_itoa64_):01568             FQB $1F71D709,$95FCC304     ;  "2265828523715117828"
376F 622E8ED06D218E25 (benchmark_itoa64_):01569             FQB $622E8ED0,$6D218E25     ;  "7074749090480885285"
3777 B78EAAF43386E178 (benchmark_itoa64_):01570             FQB $B78EAAF4,$3386E178     ; "-5220046952262606472"
377F 85ADB7A232A85917 (benchmark_itoa64_):01571             FQB $85ADB7A2,$32A85917     ; "-8814186988431714025"
3787 8E7EFABE9B0087C0 (benchmark_itoa64_):01572             FQB $8E7EFABE,$9B0087C0     ; "-8178824176707008576"
378F 168DB2E327322D3C (benchmark_itoa64_):01573             FQB $168DB2E3,$27322D3C     ;  "1625151729235537212"
3797 15368529A22A7363 (benchmark_itoa64_):01574             FQB $15368529,$A22A7363     ;  "1528555537399706467"
379F 7923D2C879903A5E (benchmark_itoa64_):01575             FQB $7923D2C8,$79903A5E     ;  "8729052261248940638"
37A7 162F5656ADAD6AB9 (benchmark_itoa64_):01576             FQB $162F5656,$ADAD6AB9     ;  "1598591323020815033"
37AF 9E3F78A3141C5E97 (benchmark_itoa64_):01577             FQB $9E3F78A3,$141C5E97     ; "-7043778650371760489"
37B7 A1D548D08F24599B (benchmark_itoa64_):01578             FQB $A1D548D0,$8F24599B     ; "-6785437202971862629"
37BF 04C4ABBFF66ECED9 (benchmark_itoa64_):01579             FQB $04C4ABBF,$F66ECED9     ;   "343588312548560601"
37C7 DF56E8D58F1ED2C4 (benchmark_itoa64_):01580             FQB $DF56E8D5,$8F1ED2C4     ; "-2353437751327665468"
37CF 10D404D301EE5D86 (benchmark_itoa64_):01581             FQB $10D404D3,$01EE5D86     ;  "1212599503986515334"
37D7 3A1FB04F8BEF4BEF (benchmark_itoa64_):01582             FQB $3A1FB04F,$8BEF4BEF     ;  "4188260034174471151"
37DF F4D724A7D4D3EC46 (benchmark_itoa64_):01583             FQB $F4D724A7,$D4D3EC46     ;  "-804133705213547450"
37E7 CA8DF473E323FB68 (benchmark_itoa64_):01584             FQB $CA8DF473,$E323FB68     ; "-3851153327762703512"
37EF 37FCE92EA89B0647 (benchmark_itoa64_):01585             FQB $37FCE92E,$A89B0647     ;  "4034355752823621191"
37F7 B18EA764DED46B03 (benchmark_itoa64_):01586             FQB $B18EA764,$DED46B03     ; "-5652396430626362621"
37FF 10660E21633FA94C (benchmark_itoa64_):01587             FQB $10660E21,$633FA94C     ;  "1181647488793160012"
3807 B03258FE0B859E75 (benchmark_itoa64_):01588             FQB $B03258FE,$0B859E75     ; "-5750435926060458379"
380F 58237AD5E7AC6A90 (benchmark_itoa64_):01589             FQB $58237AD5,$E7AC6A90     ;  "6351054958655990416"
3817 60D6EF281D6871B0 (benchmark_itoa64_):01590             FQB $60D6EF28,$1D6871B0     ;  "6978027628228276656"
381F 4C6F22CDCD12D5EC (benchmark_itoa64_):01591             FQB $4C6F22CD,$CD12D5EC     ;  "5507659136601609708"
3827 FB72E98A44C60FC8 (benchmark_itoa64_):01592             FQB $FB72E98A,$44C60FC8     ;  "-327943042776035384"
382F 3C59069CDFABB4B0 (benchmark_itoa64_):01593             FQB $3C59069C,$DFABB4B0     ;  "4348514186040161456"
3837 373E7DD2A07E038B (benchmark_itoa64_):01594             FQB $373E7DD2,$A07E038B     ;  "3980757464231314315"
383F FECDDD0DB20C9639 (benchmark_itoa64_):01595             FQB $FECDDD0D,$B20C9639     ;   "-86169766958688711"
3847 2BAC4D815A2F2B5E (benchmark_itoa64_):01596             FQB $2BAC4D81,$5A2F2B5E     ;  "3146975457584294750"
384F B9582DCE584585CE (benchmark_itoa64_):01597             FQB $B9582DCE,$584585CE     ; "-5091269014474881586"
3857 96A78508B657EFD4 (benchmark_itoa64_):01598             FQB $96A78508,$B657EFD4     ; "-7590952374444232748"
385F 2E4A4C53077F5326 (benchmark_itoa64_):01599             FQB $2E4A4C53,$077F5326     ;  "3335562393513055014"
3867 5C406973EC962497 (benchmark_itoa64_):01600             FQB $5C406973,$EC962497     ;  "6647428996610270359"
386F 356BA650FD20D42A (benchmark_itoa64_):01601             FQB $356BA650,$FD20D42A     ;  "3849353173292602410"
3877 010AE412C2993275 (benchmark_itoa64_):01602             FQB $010AE412,$C2993275     ;    "75123113030398581"
387F B6E83816C607385C (benchmark_itoa64_):01603             FQB $B6E83816,$C607385C     ; "-5266898093746997156"
3887 2FCF55881FBCEA55 (benchmark_itoa64_):01604             FQB $2FCF5588,$1FBCEA55     ;  "3445066283098106453"
388F 5DCB2473210B4AAD (benchmark_itoa64_):01605             FQB $5DCB2473,$210B4AAD     ;  "6758535742693788333"
3897 4A3E71DEF8E81DA1 (benchmark_itoa64_):01606             FQB $4A3E71DE,$F8E81DA1     ;  "5349838609835367841"
389F 88626293FB44F4B5 (benchmark_itoa64_):01607             FQB $88626293,$FB44F4B5     ; "-8619218349118393163"
38A7 449FFD927B0706EA (benchmark_itoa64_):01608             FQB $449FFD92,$7B0706EA     ;  "4944949721447204586"
38AF 5F91E8B6473EA72D (benchmark_itoa64_):01609             FQB $5F91E8B6,$473EA72D     ;  "6886541174803179309"
38B7 DFFC05DDC94397AF (benchmark_itoa64_):01610             FQB $DFFC05DD,$C94397AF     ; "-2306962458997975121"
38BF A9268A9A050A8A07 (benchmark_itoa64_):01611             FQB $A9268A9A,$050A8A07     ; "-6258162238070552057"
38C7 18F7473224264BC3 (benchmark_itoa64_):01612             FQB $18F74732,$24264BC3     ;  "1798984856838228931"
38CF 4C1A1A133A1902EF (benchmark_itoa64_):01613             FQB $4C1A1A13,$3A1902EF     ;  "5483724166158418671"
38D7 E2C6B76A340E5FED (benchmark_itoa64_):01614             FQB $E2C6B76A,$340E5FED     ; "-2105794108981354515"
38DF F98B7A45BD32FB26 (benchmark_itoa64_):01615             FQB $F98B7A45,$BD32FB26     ;  "-465143696557147354"
38E7 8BA7A9E9B5B7482C (benchmark_itoa64_):01616             FQB $8BA7A9E9,$B5B7482C     ; "-8383545360085727188"
38EF DD8F42223B7D2EB9 (benchmark_itoa64_):01617             FQB $DD8F4222,$3B7D2EB9     ; "-2481692154863472967"
38F7 02F272BD1BFAD506 (benchmark_itoa64_):01618             FQB $02F272BD,$1BFAD506     ;   "212358288983643398"
38FF BDCDC1D04E3C29EC (benchmark_itoa64_):01619             FQB $BDCDC1D0,$4E3C29EC     ; "-4769943329905563156"
3907 1F83FCB52E19DA76 (benchmark_itoa64_):01620             FQB $1F83FCB5,$2E19DA76     ;  "2270936492217588342"
390F B2D6BC7414DD866C (benchmark_itoa64_):01621             FQB $B2D6BC74,$14DD866C     ; "-5560049483190008212"
3917 120B11E9C19D25EE (benchmark_itoa64_):01622             FQB $120B11E9,$C19D25EE     ;  "1300152613099873774"
391F CC930DB75731C389 (benchmark_itoa64_):01623             FQB $CC930DB7,$5731C389     ; "-3705602987302730871"
3927 41780D1F6615EF80 (benchmark_itoa64_):01624             FQB $41780D1F,$6615EF80     ;  "4717535038178455424"
392F 49A0BF0E01A30E85 (benchmark_itoa64_):01625             FQB $49A0BF0E,$01A30E85     ;  "5305450427920354949"
3937 3FE68683ADCB133E (benchmark_itoa64_):01626             FQB $3FE68683,$ADCB133E     ;  "4604515569147515710"
393F AB792AADDA124A74 (benchmark_itoa64_):01627             FQB $AB792AAD,$DA124A74     ; "-6090790094865544588"
3947 895B3E630E2D28C0 (benchmark_itoa64_):01628             FQB $895B3E63,$0E2D28C0     ; "-8549170872472229696"
394F 288792BD905F681A (benchmark_itoa64_):01629             FQB $288792BD,$905F681A     ;  "2920464226241701914"
3957 C286E2328D6C756A (benchmark_itoa64_):01630             FQB $C286E232,$8D6C756A     ; "-4429604476723366550"
395F 5C7EB9520720809F (benchmark_itoa64_):01631             FQB $5C7EB952,$0720809F     ;  "6664968260512940191"
3967 56658D39170E8378 (benchmark_itoa64_):01632             FQB $56658D39,$170E8378     ;  "6225537336249058168"
396F 9C8A041542F307F2 (benchmark_itoa64_):01633             FQB $9C8A0415,$42F307F2     ; "-7166911367642675214"
3977 3B9ABE86E6DDE2C9 (benchmark_itoa64_):01634             FQB $3B9ABE86,$E6DDE2C9     ;  "4294954681259385545"
397F F63BDBCF32FF08BF (benchmark_itoa64_):01635             FQB $F63BDBCF,$32FF08BF     ;  "-703727233793062721"
3987 FCFBFD302D68CA36 (benchmark_itoa64_):01636             FQB $FCFBFD30,$2D68CA36     ;  "-217301773635237322"
398F 07A122037E4AF215 (benchmark_itoa64_):01637             FQB $07A12203,$7E4AF215     ;   "549758027914998293"
3997 4961FE4FE58A67BA (benchmark_itoa64_):01638             FQB $4961FE4F,$E58A67BA     ;  "5287787056616597434"
399F 1D33C8C7B236FE6A (benchmark_itoa64_):01639             FQB $1D33C8C7,$B236FE6A     ;  "2104246210926149226"
39A7 86910B1CB4018ECA (benchmark_itoa64_):01640             FQB $86910B1C,$B4018ECA     ; "-8750200383097172278"
39AF 3AAEB7B14174448F (benchmark_itoa64_):01641             FQB $3AAEB7B1,$4174448F     ;  "4228519072082707599"
39B7 D01E43AFDAA095B1 (benchmark_itoa64_):01642             FQB $D01E43AF,$DAA095B1     ; "-3450245841952926287"
39BF 1987D8CB756FC09D (benchmark_itoa64_):01643             FQB $1987D8CB,$756FC09D     ;  "1839677341164355741"
39C7 69FCD0B59E6B31B2 (benchmark_itoa64_):01644             FQB $69FCD0B5,$9E6B31B2     ;  "7637208546579001778"
39CF 71278EEB31A9AA3B (benchmark_itoa64_):01645             FQB $71278EEB,$31A9AA3B     ;  "8153642791179233851"
39D7 09DE9317AA7E1298 (benchmark_itoa64_):01646             FQB $09DE9317,$AA7E1298     ;   "711167521025036952"
39DF 119E9C550F4E1FC7 (benchmark_itoa64_):01647             FQB $119E9C55,$0F4E1FC7     ;  "1269624034107989959"
39E7 86F23369BCC7949C (benchmark_itoa64_):01648             FQB $86F23369,$BCC7949C     ; "-8722852999031450468"
39EF B22EAE5B4F992020 (benchmark_itoa64_):01649             FQB $B22EAE5B,$4F992020     ; "-5607352778828996576"
39F7 E8F6274E0057CDA8 (benchmark_itoa64_):01650             FQB $E8F6274E,$0057CDA8     ; "-1660096196672762456"
39FF 7F41F80AAD42ACD6 (benchmark_itoa64_):01651             FQB $7F41F80A,$AD42ACD6     ;  "9169883041043229910"
3A07 1C03F6A9DBE52FFD (benchmark_itoa64_):01652             FQB $1C03F6A9,$DBE52FFD     ;  "2018728267391250429"
3A0F A0B45B820831B6D8 (benchmark_itoa64_):01653             FQB $A0B45B82,$0831B6D8     ; "-6866762917791811880"
3A17 3D980F7E3E55445E (benchmark_itoa64_):01654             FQB $3D980F7E,$3E55445E     ;  "4438314467659695198"
3A1F 680F7239378B0CFA (benchmark_itoa64_):01655             FQB $680F7239,$378B0CFA     ;  "7498337494665727226"
3A27 C4F88440EFC353E3 (benchmark_itoa64_):01656             FQB $C4F88440,$EFC353E3     ; "-4253504433616104477"
3A2F 819430EACA6EE8B4 (benchmark_itoa64_):01657             FQB $819430EA,$CA6EE8B4     ; "-9109602361286924108"
3A37 C4AB8B904602AC26 (benchmark_itoa64_):01658             FQB $C4AB8B90,$4602AC26     ; "-4275169969492022234"
3A3F 285CBB33DD2984B4 (benchmark_itoa64_):01659             FQB $285CBB33,$DD2984B4     ;  "2908405290802709684"
3A47 7FA576B5B51C0FB3 (benchmark_itoa64_):01660             FQB $7FA576B5,$B51C0FB3     ;  "9197888336773779379"
3A4F 1B289E64711D3680 (benchmark_itoa64_):01661             FQB $1B289E64,$711D3680     ;  "1956988192324138624"
3A57 A2656B6E63511A0D (benchmark_itoa64_):01662             FQB $A2656B6E,$63511A0D     ; "-6744866745060615667"
3A5F 1F80F951AD45C689 (benchmark_itoa64_):01663             FQB $1F80F951,$AD45C689     ;  "2270088341389428361"
3A67 1C6CF627AAC30A9A (benchmark_itoa64_):01664             FQB $1C6CF627,$AAC30A9A     ;  "2048282580775799450"
3A6F 7798C3A4CBEFBD2D (benchmark_itoa64_):01665             FQB $7798C3A4,$CBEFBD2D     ;  "8617852999536983341"
3A77 702D6DD7E3D7E294 (benchmark_itoa64_):01666             FQB $702D6DD7,$E3D7E294     ;  "8083237680207880852"
3A7F 245164E67FDC00C4 (benchmark_itoa64_):01667             FQB $245164E6,$7FDC00C4     ;  "2616983799629349060"
3A87 0069C107054FFEAC (benchmark_itoa64_):01668             FQB $0069C107,$054FFEAC     ;    "29767108452679340"
3A8F 5379E8D20136030B (benchmark_itoa64_):01669             FQB $5379E8D2,$0136030B     ;  "6015094765991101195"
3A97 1546FF744B4C8E10 (benchmark_itoa64_):01670             FQB $1546FF74,$4B4C8E10     ;  "1533193598110830096"
3A9F 1FE5B9BF64C56F34 (benchmark_itoa64_):01671             FQB $1FE5B9BF,$64C56F34     ;  "2298447416523058996"
3AA7 9A23F347A32E958D (benchmark_itoa64_):01672             FQB $9A23F347,$A32E958D     ; "-7339755478677809779"
3AAF B3FA2349584A222C (benchmark_itoa64_):01673             FQB $B3FA2349,$584A222C     ; "-5478027198821948884"
3AB7 24D1BBEFE8C47BFB (benchmark_itoa64_):01674             FQB $24D1BBEF,$E8C47BFB     ;  "2653108294574701563"
3ABF 7155AB4D9A433F5B (benchmark_itoa64_):01675             FQB $7155AB4D,$9A433F5B     ;  "8166621849095192411"
3AC7 ABD17CE37F491606 (benchmark_itoa64_):01676             FQB $ABD17CE3,$7F491606     ; "-6065929906556430842"
3ACF 196C67902A0BC18F (benchmark_itoa64_):01677             FQB $196C6790,$2A0BC18F     ;  "1831953017311314319"
3AD7 9F8BFA0666781D0A (benchmark_itoa64_):01678             FQB $9F8BFA06,$66781D0A     ; "-6950186694520333046"
3ADF 469FF2A06A38624C (benchmark_itoa64_):01679             FQB $469FF2A0,$6A38624C     ;  "5089052874742719052"
3AE7 18F69D0C870418A6 (benchmark_itoa64_):01680             FQB $18F69D0C,$870418A6     ;  "1798797778311452838"
3AEF 0C02D0B307122479 (benchmark_itoa64_):01681             FQB $0C02D0B3,$07122479     ;   "865483545744909433"
3AF7 170122977D48A482 (benchmark_itoa64_):01682             FQB $17012297,$7D48A482     ;  "1657644171886371970"
3AFF 4C7309AFE5EF609E (benchmark_itoa64_):01683             FQB $4C7309AF,$E5EF609E     ;  "5508757420285845662"
3B07 C83362C4E6246165 (benchmark_itoa64_):01684             FQB $C83362C4,$E6246165     ; "-4020761444497464987"
3B0F 9C3448E2176355C5 (benchmark_itoa64_):01685             FQB $9C3448E2,$176355C5     ; "-7191042569111644731"
3B17 1A43282E010E7F57 (benchmark_itoa64_):01686             FQB $1A43282E,$010E7F57     ;  "1892400446477074263"
3B1F 5AE7A102CC6E2176 (benchmark_itoa64_):01687             FQB $5AE7A102,$CC6E2176     ;  "6550381216425451894"
3B27 6F14AD6F709FE1B5 (benchmark_itoa64_):01688             FQB $6F14AD6F,$709FE1B5     ;  "8004213131886715317"
3B2F BB48BD326EC4E163 (benchmark_itoa64_):01689             FQB $BB48BD32,$6EC4E163     ; "-4951499765989449373"
3B37 79DCCE77394BB450 (benchmark_itoa64_):01690             FQB $79DCCE77,$394BB450     ;  "8781120384923317328"
3B3F D043D383C2318722 (benchmark_itoa64_):01691             FQB $D043D383,$C2318722     ; "-3439673127528724702"
3B47 8F6C698D0906FBCA (benchmark_itoa64_):01692             FQB $8F6C698D,$0906FBCA     ; "-8111992774338348086"
3B4F 9FC55E3A3252730E (benchmark_itoa64_):01693             FQB $9FC55E3A,$3252730E     ; "-6934032447221632242"
3B57 A90EE7BFF1A94A5D (benchmark_itoa64_):01694             FQB $A90EE7BF,$F1A94A5D     ; "-6264815220046607779"
3B5F E6B89F7ECD167C50 (benchmark_itoa64_):01695             FQB $E6B89F7E,$CD167C50     ; "-1821530682315867056"
3B67 1E9828A273596DD5 (benchmark_itoa64_):01696             FQB $1E9828A2,$73596DD5     ;  "2204556695782911445"
3B6F B3441576DDEEF5D6 (benchmark_itoa64_):01697             FQB $B3441576,$DDEEF5D6     ; "-5529270842230377002"
3B77 6A0595117DD4A912 (benchmark_itoa64_):01698             FQB $6A059511,$7DD4A912     ;  "7639676245261986066"
3B7F 5F1C07BB21311F60 (benchmark_itoa64_):01699             FQB $5F1C07BB,$21311F60     ;  "6853361233248198496"
3B87 5EC9DA0578DD1857 (benchmark_itoa64_):01700             FQB $5EC9DA05,$78DD1857     ;  "6830230026921515095"
3B8F A52DAEEE8EE5D47D (benchmark_itoa64_):01701             FQB $A52DAEEE,$8EE5D47D     ; "-6544382343876586371"
3B97 E30B244C881EE396 (benchmark_itoa64_):01702             FQB $E30B244C,$881EE396     ; "-2086534091236252778"
3B9F EBEB85449E241662 (benchmark_itoa64_):01703             FQB $EBEB8544,$9E241662     ; "-1446916325512047006"
3BA7 6023D908487602F0 (benchmark_itoa64_):01704             FQB $6023D908,$487602F0     ;  "6927619281424614128"
3BAF 7916841CD66D0C0C (benchmark_itoa64_):01705             FQB $7916841C,$D66D0C0C     ;  "8725306587468336140"
3BB7 E9B1FA7E95C8CD8D (benchmark_itoa64_):01706             FQB $E9B1FA7E,$95C8CD8D     ; "-1607228170408768115"
3BBF C0EBFE0B030EB63F (benchmark_itoa64_):01707             FQB $C0EBFE0B,$030EB63F     ; "-4545260075650992577"
3BC7 6242DFD6E572D6E5 (benchmark_itoa64_):01708             FQB $6242DFD6,$E572D6E5     ;  "7080467678245344997"
3BCF B7E25B74DC07D167 (benchmark_itoa64_):01709             FQB $B7E25B74,$DC07D167     ; "-5196490462566297241"
3BD7 EF1752C97450128B (benchmark_itoa64_):01710             FQB $EF1752C9,$7450128B     ; "-1218414148987121013"
3BDF B26523980653B161 (benchmark_itoa64_):01711             FQB $B2652398,$0653B161     ; "-5592024226462453407"
3BE7 7A2E8432B766F1C7 (benchmark_itoa64_):01712             FQB $7A2E8432,$B766F1C7     ;  "8804119674916106695"
3BEF D5F19E4E537F00D6 (benchmark_itoa64_):01713             FQB $D5F19E4E,$537F00D6     ; "-3030467014998163242"
3BF7 0C9213D24B77575E (benchmark_itoa64_):01714             FQB $0C9213D2,$4B77575E     ;   "905808268985063262"
3BFF 6BCD5FF1B6A29C45 (benchmark_itoa64_):01715             FQB $6BCD5FF1,$B6A29C45     ;  "7767970424039840837"
3C07 A76AB2B343EF0B1A (benchmark_itoa64_):01716             FQB $A76AB2B3,$43EF0B1A     ; "-6383093038835627238"
3C0F 405D9FAD67AD6DE7 (benchmark_itoa64_):01717             FQB $405D9FAD,$67AD6DE7     ;  "4638038758379056615"
3C17 F747F7A20D31AB6D (benchmark_itoa64_):01718             FQB $F747F7A2,$0D31AB6D     ;  "-628261347616773267"
3C1F 5F152678E87E2351 (benchmark_itoa64_):01719             FQB $5F152678,$E87E2351     ;  "6851424708852589393"
3C27 2C92AA47FB69ED20 (benchmark_itoa64_):01720             FQB $2C92AA47,$FB69ED20     ;  "3211816710406008096"
3C2F 4F51F14DFBE5A14E (benchmark_itoa64_):01721             FQB $4F51F14D,$FBE5A14E     ;  "5715614719350776142"
3C37 8C5BD00C8A075DFA (benchmark_itoa64_):01722             FQB $8C5BD00C,$8A075DFA     ; "-8332837933245047302"
3C3F CFA02D9B139D87C4 (benchmark_itoa64_):01723             FQB $CFA02D9B,$139D87C4     ; "-3485735967512492092"
3C47 1B06F55683514C27 (benchmark_itoa64_):01724             FQB $1B06F556,$83514C27     ;  "1947513640803453991"
3C4F 8712E7D3F254EE6E (benchmark_itoa64_):01725             FQB $8712E7D3,$F254EE6E     ; "-8713647431518720402"
3C57 F501E56373D5476B (benchmark_itoa64_):01726             FQB $F501E563,$73D5476B     ;  "-792099844132616341"
3C5F 68A8810DD970997C (benchmark_itoa64_):01727             FQB $68A8810D,$D970997C     ;  "7541419472514488700"
3C67 DBF7C33EC31A3B7B (benchmark_itoa64_):01728             FQB $DBF7C33E,$C31A3B7B     ; "-2596391985827136645"
3C6F 52C7EE1C39359A5B (benchmark_itoa64_):01729             FQB $52C7EE1C,$39359A5B     ;  "5964998036461820507"
3C77 91C66873B8649C12 (benchmark_itoa64_):01730             FQB $91C66873,$B8649C12     ; "-7942546046597161966"
3C7F 2184D15683A8552F (benchmark_itoa64_):01731             FQB $2184D156,$83A8552F     ;  "2415285469683668271"
3C87 6BCB7722DE5EA5CA (benchmark_itoa64_):01732             FQB $6BCB7722,$DE5EA5CA     ;  "7767432973973890506"
3C8F 469F1A6518179CC7 (benchmark_itoa64_):01733             FQB $469F1A65,$18179CC7     ;  "5088815125450169543"
3C97 98D52DDE99910DC0 (benchmark_itoa64_):01734             FQB $98D52DDE,$99910DC0     ; "-7433985175822725696"
3C9F 529235B27AE8B679 (benchmark_itoa64_):01735             FQB $529235B2,$7AE8B679     ;  "5949877098392368761"
3CA7 89972530490320F8 (benchmark_itoa64_):01736             FQB $89972530,$490320F8     ; "-8532310079716515592"
3CAF 15B51F1ACADB4743 (benchmark_itoa64_):01737             FQB $15B51F1A,$CADB4743     ;  "1564190645514094403"
3CB7 6283333FD12F38A5 (benchmark_itoa64_):01738             FQB $6283333F,$D12F38A5     ;  "7098573786851522725"
3CBF C3B643D481C76CEB (benchmark_itoa64_):01739             FQB $C3B643D4,$81C76CEB     ; "-4344210210562806549"
3CC7 C2EE044CD060C839 (benchmark_itoa64_):01740             FQB $C2EE044C,$D060C839     ; "-4400575057934366663"
3CCF 638BF0218C45DBA8 (benchmark_itoa64_):01741             FQB $638BF021,$8C45DBA8     ;  "7173090858395622312"
3CD7 8972390F61DDD559 (benchmark_itoa64_):01742             FQB $8972390F,$61DDD559     ; "-8542702804939188903"
3CDF CED6630941DEC9FE (benchmark_itoa64_):01743             FQB $CED66309,$41DEC9FE     ; "-3542535165469341186"
3CE7 5B16E780CCBD4FD4 (benchmark_itoa64_):01744             FQB $5B16E780,$CCBD4FD4     ;  "6563688047315865556"
3CEF 78B5AFEE81E30EAF (benchmark_itoa64_):01745             FQB $78B5AFEE,$81E30EAF     ;  "8698051694252199599"
3CF7 DE053186405497A6 (benchmark_itoa64_):01746             FQB $DE053186,$405497A6     ; "-2448496369731332186"
3CFF CF2C481B9901A128 (benchmark_itoa64_):01747             FQB $CF2C481B,$9901A128     ; "-3518357925514862296"
3D07 5EE1B83F0140818C (benchmark_itoa64_):01748             FQB $5EE1B83F,$0140818C     ;  "6836948290068578700"
3D0F 0F79C39D2FA298C0 (benchmark_itoa64_):01749             FQB $0F79C39D,$2FA298C0     ;  "1115137462627375296"
3D17 2D3BFAC17503F415 (benchmark_itoa64_):01750             FQB $2D3BFAC1,$7503F415     ;  "3259474464131511317"
3D1F 12BEED36A555D452 (benchmark_itoa64_):01751             FQB $12BEED36,$A555D452     ;  "1350777757215609938"
3D27 2C1C88B8AC09ED6F (benchmark_itoa64_):01752             FQB $2C1C88B8,$AC09ED6F     ;  "3178565763758419311"
3D2F 8D6048AA4A721860 (benchmark_itoa64_):01753             FQB $8D6048AA,$4A721860     ; "-8259521820366858144"
3D37 BC0C21B8184CC171 (benchmark_itoa64_):01754             FQB $BC0C21B8,$184CC171     ; "-4896501620293189263"
3D3F 2639680C59E03917 (benchmark_itoa64_):01755             FQB $2639680C,$59E03917     ;  "2754347049370532119"
3D47 90A5481BD0D92CA0 (benchmark_itoa64_):01756             FQB $90A5481B,$D0D92CA0     ; "-8023927876785460064"
3D4F F44D1377F5BE7A64 (benchmark_itoa64_):01757             FQB $F44D1377,$F5BE7A64     ;  "-842996149303477660"
3D57 FC16DF1C38F30986 (benchmark_itoa64_):01758             FQB $FC16DF1C,$38F30986     ;  "-281792614356547194"
3D5F 4FBF9BA139B8DF43 (benchmark_itoa64_):01759             FQB $4FBF9BA1,$39B8DF43     ;  "5746482766308499267"
3D67 261852A86A98AB64 (benchmark_itoa64_):01760             FQB $261852A8,$6A98AB64     ;  "2745034856178690916"
3D6F 1FA173944C666072 (benchmark_itoa64_):01761             FQB $1FA17394,$4C666072     ;  "2279229967200313458"
3D77 C8DA2627A5C30944 (benchmark_itoa64_):01762             FQB $C8DA2627,$A5C30944     ; "-3973821769474438844"
3D7F EDDF98F97B88C50A (benchmark_itoa64_):01763             FQB $EDDF98F9,$7B88C50A     ; "-1306157169627314934"
3D87 C726C81202D3045E (benchmark_itoa64_):01764             FQB $C726C812,$02D3045E     ; "-4096366831364537250"
3D8F 6EB3E622F5EABD23 (benchmark_itoa64_):01765             FQB $6EB3E622,$F5EABD23     ;  "7976972402832358691"
3D97 93AEB58F5C20B15F (benchmark_itoa64_):01766             FQB $93AEB58F,$5C20B15F     ; "-7805101476855893665"
3D9F ECF6030C6F61BE9D (benchmark_itoa64_):01767             FQB $ECF6030C,$6F61BE9D     ; "-1371905684544569699"
3DA7 FCBE8F91A32DC9A7 (benchmark_itoa64_):01768             FQB $FCBE8F91,$A32DC9A7     ;  "-234592274905970265"
3DAF 985BA76F68B46525 (benchmark_itoa64_):01769             FQB $985BA76F,$68B46525     ; "-7468191460123974363"
3DB7 2F7954A8A8D6E710 (benchmark_itoa64_):01770             FQB $2F7954A8,$A8D6E710     ;  "3420858475328497424"
3DBF 62F5C42D40DAFD13 (benchmark_itoa64_):01771             FQB $62F5C42D,$40DAFD13     ;  "7130821283651714323"
3DC7 738A408D30856636 (benchmark_itoa64_):01772             FQB $738A408D,$30856636     ;  "8325537836296398390"
3DCF 0BAC731683C3AE84 (benchmark_itoa64_):01773             FQB $0BAC7316,$83C3AE84     ;   "841173770948554372"
3DD7 9C831F11EB7FD780 (benchmark_itoa64_):01774             FQB $9C831F11,$EB7FD780     ; "-7168852020017768576"
3DDF 69AEC183BEBC3C2E (benchmark_itoa64_):01775             FQB $69AEC183,$BEBC3C2E     ;  "7615236791514971182"
3DE7 76DCDDA56D66C136 (benchmark_itoa64_):01776             FQB $76DCDDA5,$6D66C136     ;  "8564964293926633782"
3DEF AF042C498C0FD854 (benchmark_itoa64_):01777             FQB $AF042C49,$8C0FD854     ; "-5835490522771236780"
3DF7 B75945A576985DAA (benchmark_itoa64_):01778             FQB $B75945A5,$76985DAA     ; "-5235076514879873622"
3DFF 6ED58821422508F1 (benchmark_itoa64_):01779             FQB $6ED58821,$422508F1     ;  "7986439190636464369"
3E07 0DFB05DD3FFF4C65 (benchmark_itoa64_):01780             FQB $0DFB05DD,$3FFF4C65     ;  "1007405389467044965"
3E0F 0AEF8AE715EAD147 (benchmark_itoa64_):01781             FQB $0AEF8AE7,$15EAD147     ;   "788001184922915143"
3E17 1B096F62E058C096 (benchmark_itoa64_):01782             FQB $1B096F62,$E058C096     ;  "1948210784275841174"
3E1F 212B9D5099E9E8EE (benchmark_itoa64_):01783             FQB $212B9D50,$99E9E8EE     ;  "2390176996755368174"
3E27 D512D38A68FAB20F (benchmark_itoa64_):01784             FQB $D512D38A,$68FAB20F     ; "-3093177402629901809"
3E2F 34666F9BC4008537 (benchmark_itoa64_):01785             FQB $34666F9B,$C4008537     ;  "3775828052395722039"
3E37 BD76AFBC970565D7 (benchmark_itoa64_):01786             FQB $BD76AFBC,$970565D7     ; "-4794451528766888489"
3E3F 3936305DCB9A2697 (benchmark_itoa64_):01787             FQB $3936305D,$CB9A2697     ;  "4122535688310236823"
3E47 B1EEE19C83AC0C13 (benchmark_itoa64_):01788             FQB $B1EEE19C,$83AC0C13     ; "-5625310822198932461"
3E4F 8DB3B6E2FA0F2D65 (benchmark_itoa64_):01789             FQB $8DB3B6E2,$FA0F2D65     ; "-8236038207556342427"
3E57 03F102A593DCEAB4 (benchmark_itoa64_):01790             FQB $03F102A5,$93DCEAB4     ;   "284011161674640052"
3E5F 4A7D81A6100395F0 (benchmark_itoa64_):01791             FQB $4A7D81A6,$100395F0     ;  "5367588881128723952"
3E67 B10549269FD34F0F (benchmark_itoa64_):01792             FQB $B1054926,$9FD34F0F     ; "-5691062123873743089"
3E6F 7B92C72F77DCDF52 (benchmark_itoa64_):01793             FQB $7B92C72F,$77DCDF52     ;  "8904398419953246034"
3E77 3097D86083705ACA (benchmark_itoa64_):01794             FQB $3097D860,$83705ACA     ;  "3501505144337488586"
3E7F 5345C06B333EF56E (benchmark_itoa64_):01795             FQB $5345C06B,$333EF56E     ;  "6000413645194851694"
3E87 0A477C4A6E797DCF (benchmark_itoa64_):01796             FQB $0A477C4A,$6E797DCF     ;   "740697322848615887"
3E8F 2B46688C3221CD10 (benchmark_itoa64_):01797             FQB $2B46688C,$3221CD10     ;  "3118294743346433296"
3E97 C49F66F2A27556BB (benchmark_itoa64_):01798             FQB $C49F66F2,$A27556BB     ; "-4278587928684964165"
3E9F 7F83230B05304B55 (benchmark_itoa64_):01799             FQB $7F83230B,$05304B55     ;  "9188226195004607317"
3EA7 1DDDC073C136F077 (benchmark_itoa64_):01800             FQB $1DDDC073,$C136F077     ;  "2152087800348340343"
3EAF 3F366B570D540FDE (benchmark_itoa64_):01801             FQB $3F366B57,$0D540FDE     ;  "4554946094761775070"
3EB7 63EC6F0AB7E5CC5D (benchmark_itoa64_):01802             FQB $63EC6F0A,$B7E5CC5D     ;  "7200251996084227165"
3EBF 03876671EC3C6268 (benchmark_itoa64_):01803             FQB $03876671,$EC3C6268     ;   "254284543450440296"
3EC7 B2A78623E8F7E0B1 (benchmark_itoa64_):01804             FQB $B2A78623,$E8F7E0B1     ; "-5573338525057163087"
3ECF 98C070A05F29DAFA (benchmark_itoa64_):01805             FQB $98C070A0,$5F29DAFA     ; "-7439822750322402566"
3ED7 8B026C00B08073C9 (benchmark_itoa64_):01806             FQB $8B026C00,$B08073C9     ; "-8430056802267139127"
3EDF FE9B219ADFAC1122 (benchmark_itoa64_):01807             FQB $FE9B219A,$DFAC1122     ;  "-100449617624428254"
3EE7 D6169A2265870CC2 (benchmark_itoa64_):01808             FQB $D6169A22,$65870CC2     ; "-3020057027582423870"
3EEF D233CC3078B8FC50 (benchmark_itoa64_):01809             FQB $D233CC30,$78B8FC50     ; "-3300069593376555952"
3EF7 C0EF064D9ECD5607 (benchmark_itoa64_):01810             FQB $C0EF064D,$9ECD5607     ; "-4544406568547035641"
3EFF 50ECA54578FFB100 (benchmark_itoa64_):01811             FQB $50ECA545,$78FFB100     ;  "5831217335339299072"
3F07 70847899BFAD96A6 (benchmark_itoa64_):01812             FQB $70847899,$BFAD96A6     ;  "8107737830914889382"
3F0F 56BE7228BC3597FA (benchmark_itoa64_):01813             FQB $56BE7228,$BC3597FA     ;  "6250558852118714362"
3F17 B229D30CAAD81080 (benchmark_itoa64_):01814             FQB $B229D30C,$AAD81080     ; "-5608719809553887104"
3F1F 8582AD687E9EEC2E (benchmark_itoa64_):01815             FQB $8582AD68,$7E9EEC2E     ; "-8826301655380202450"
3F27 670CD9E934E2BAA6 (benchmark_itoa64_):01816             FQB $670CD9E9,$34E2BAA6     ;  "7425549481264986790"
3F2F 9BADA02D4CC19569 (benchmark_itoa64_):01817             FQB $9BADA02D,$4CC19569     ; "-7228945710438050455"
3F37 69BA674B7A217642 (benchmark_itoa64_):01818             FQB $69BA674B,$7A217642     ;  "7618515293519836738"
3F3F B36F346CFD03F67D (benchmark_itoa64_):01819             FQB $B36F346C,$FD03F67D     ; "-5517133375799560579"
3F47 9E2256A5789DC0D7 (benchmark_itoa64_):01820             FQB $9E2256A5,$789DC0D7     ; "-7051978797815578409"
3F4F FC907AE7F744A2C9 (benchmark_itoa64_):01821             FQB $FC907AE7,$F744A2C9     ;  "-247562842800872759"
3F57 DFE0BF107E41258F (benchmark_itoa64_):01822             FQB $DFE0BF10,$7E41258F     ; "-2314640130909854321"
3F5F 999C9197BBE151D3 (benchmark_itoa64_):01823             FQB $999C9197,$BBE151D3     ; "-7377862008661519917"
3F67 121CA4FDFA7E3F64 (benchmark_itoa64_):01824             FQB $121CA4FD,$FA7E3F64     ;  "1305099402766860132"
3F6F 0FF5F701F7DD0522 (benchmark_itoa64_):01825             FQB $0FF5F701,$F7DD0522     ;  "1150096867688514850"
3F77 2F914C1E84AD6AF2 (benchmark_itoa64_):01826             FQB $2F914C1E,$84AD6AF2     ;  "3427604485364345586"
3F7F 173763E0CC08419E (benchmark_itoa64_):01827             FQB $173763E0,$CC08419E     ;  "1672915603738345886"
3F87 3E20B7951201FD6F (benchmark_itoa64_):01828             FQB $3E20B795,$1201FD6F     ;  "4476779880486403439"
3F8F 7EB62F62432EC067 (benchmark_itoa64_):01829             FQB $7EB62F62,$432EC067     ;  "9130537393620697191"
3F97 C2BBEA55933F2112 (benchmark_itoa64_):01830             FQB $C2BBEA55,$933F2112     ; "-4414677356443131630"
3F9F 52B91979E0F55A79 (benchmark_itoa64_):01831             FQB $52B91979,$E0F55A79     ;  "5960823593057475193"
3FA7 B9237BF0EBE49D3C (benchmark_itoa64_):01832             FQB $B9237BF0,$EBE49D3C     ; "-5106101277828014788"
3FAF 500CD97E811F055A (benchmark_itoa64_):01833             FQB $500CD97E,$811F055A     ;  "5768224360110163290"
3FB7 C313BB7116C63A1B (benchmark_itoa64_):01834             FQB $C313BB71,$16C63A1B     ; "-4389959117368313317"
3FBF BADABB4E12173450 (benchmark_itoa64_):01835             FQB $BADABB4E,$12173450     ; "-4982464093746678704"
3FC7 91B83C74CB637E24 (benchmark_itoa64_):01836             FQB $91B83C74,$CB637E24     ; "-7946535070169072092"
3FCF B36049BAD8F00A42 (benchmark_itoa64_):01837             FQB $B36049BA,$D8F00A42     ; "-5521332076303873470"
3FD7 E374BCC7E402B7DF (benchmark_itoa64_):01838             FQB $E374BCC7,$E402B7DF     ; "-2056811563091576865"
3FDF 21DC3EEC1F278713 (benchmark_itoa64_):01839             FQB $21DC3EEC,$1F278713     ;  "2439894281983854355"
3FE7 B3005E4278B20B5C (benchmark_itoa64_):01840             FQB $B3005E42,$78B20B5C     ; "-5548331101334664356"
3FEF 90964F26D0D00AEB (benchmark_itoa64_):01841             FQB $90964F26,$D0D00AEB     ; "-8028142257610683669"
3FF7 F377E5E133557125 (benchmark_itoa64_):01842             FQB $F377E5E1,$33557125     ;  "-903000444872855259"
3FFF A26F54501CB7409D (benchmark_itoa64_):01843             FQB $A26F5450,$1CB7409D     ; "-6742077414094454627"
4007 4B08E13C01679839 (benchmark_itoa64_):01844             FQB $4B08E13C,$01679839     ;  "5406819000496134201"
400F 80A71661A35E2250 (benchmark_itoa64_):01845             FQB $80A71661,$A35E2250     ; "-9176341107135602096"
4017 9EBF439FD83D4503 (benchmark_itoa64_):01846             FQB $9EBF439F,$D83D4503     ; "-7007808141358447357"
401F 5418A49456CB0388 (benchmark_itoa64_):01847             FQB $5418A494,$56CB0388     ;  "6059774255645262728"
4027 C9FDA89877FFDBE5 (benchmark_itoa64_):01848             FQB $C9FDA898,$77FFDBE5     ; "-3891769130176488475"
402F 67132E1E4ABE6D56 (benchmark_itoa64_):01849             FQB $67132E1E,$4ABE6D56     ;  "7427330918101970262"
4037 98E0C68632B1941D (benchmark_itoa64_):01850             FQB $98E0C686,$32B1941D     ; "-7430721105482902499"
403F 9901CDC78FBCA297 (benchmark_itoa64_):01851             FQB $9901CDC7,$8FBCA297     ; "-7421424453936176489"
4047 07CD0EB68119AD5C (benchmark_itoa64_):01852             FQB $07CD0EB6,$8119AD5C     ;   "562121705503960412"
404F 43B909C0CA525C47 (benchmark_itoa64_):01853             FQB $43B909C0,$CA525C47     ;  "4879942394865409095"
4057 2E0F93107568570A (benchmark_itoa64_):01854             FQB $2E0F9310,$7568570A     ;  "3319033149293877002"
405F 42AE1A0A9E69173F (benchmark_itoa64_):01855             FQB $42AE1A0A,$9E69173F     ;  "4804806485360580415"
4067 44D321AAA0B7284A (benchmark_itoa64_):01856             FQB $44D321AA,$A0B7284A     ;  "4959344631389562954"
406F E02CC16CE709E6BF (benchmark_itoa64_):01857             FQB $E02CC16C,$E709E6BF     ; "-2293245436761610561"
4077 6439BD16CFDEB464 (benchmark_itoa64_):01858             FQB $6439BD16,$CFDEB464     ;  "7222011383139710052"
407F A8549201956A4518 (benchmark_itoa64_):01859             FQB $A8549201,$956A4518     ; "-6317263841794570984"
4087 0077FA10FB6D666A (benchmark_itoa64_):01860             FQB $0077FA10,$FB6D666A     ;    "33770473073239658"
408F 4841AF18BF343E5B (benchmark_itoa64_):01861             FQB $4841AF18,$BF343E5B     ;  "5206635165038952027"
4097 73D43EF577A85ACA (benchmark_itoa64_):01862             FQB $73D43EF5,$77A85ACA     ;  "8346365233419803338"
409F 246A11C4ABE23271 (benchmark_itoa64_):01863             FQB $246A11C4,$ABE23271     ;  "2623929269291725425"
40A7 D3FD4AF1019A5A4E (benchmark_itoa64_):01864             FQB $D3FD4AF1,$019A5A4E     ; "-3171296163624494514"
40AF E4AFE80A11A752E3 (benchmark_itoa64_):01865             FQB $E4AFE80A,$11A752E3     ; "-1968099382194122013"
40B7 0DE21F56BD421B6C (benchmark_itoa64_):01866             FQB $0DE21F56,$BD421B6C     ;  "1000396524632546156"
40BF 935A772424E8ABFD (benchmark_itoa64_):01867             FQB $935A7724,$24E8ABFD     ; "-7828814005108429827"
40C7 FC64EBF4D6F002C1 (benchmark_itoa64_):01868             FQB $FC64EBF4,$D6F002C1     ;  "-259823441670044991"
40CF 639846FA3FBC24D3 (benchmark_itoa64_):01869             FQB $639846FA,$3FBC24D3     ;  "7176564046839948499"
40D7 7CEDF0A601BB3035 (benchmark_itoa64_):01870             FQB $7CEDF0A6,$01BB3035     ;  "9002115825967771701"
40DF 1F308C752C8EB5EB (benchmark_itoa64_):01871             FQB $1F308C75,$2C8EB5EB     ;  "2247450648944489963"
40E7 033E30B1046295DF (benchmark_itoa64_):01872             FQB $033E30B1,$046295DF     ;   "233677767510758879"
40EF 195BD4965E544D00 (benchmark_itoa64_):01873             FQB $195BD496,$5E544D00     ;  "1827287816121634048"
40F7 5E7B40A96C1662EB (benchmark_itoa64_):01874             FQB $5E7B40A9,$6C1662EB     ;  "6808106358107693803"
40FF E30E1B7AE9C26B05 (benchmark_itoa64_):01875             FQB $E30E1B7A,$E9C26B05     ; "-2085699362704168187"
4107 F686C65F03EB5411 (benchmark_itoa64_):01876             FQB $F686C65F,$03EB5411     ;  "-682640182110104559"
410F 06E8511C711863F7 (benchmark_itoa64_):01877             FQB $06E8511C,$711863F7     ;   "497736941422797815"
4117 D1D6C445C31EE162 (benchmark_itoa64_):01878             FQB $D1D6C445,$C31EE162     ; "-3326255470861164190"
411F 6A7C27BED0506D19 (benchmark_itoa64_):01879             FQB $6A7C27BE,$D0506D19     ;  "7673051565624683801"
4127 B0D83AC4B29CA5A1 (benchmark_itoa64_):01880             FQB $B0D83AC4,$B29CA5A1     ; "-5703744311580121695"
412F 5021C62E618ABAF8 (benchmark_itoa64_):01881             FQB $5021C62E,$618ABAF8     ;  "5774114099772963576"
4137 AE5AE608F41B4EBB (benchmark_itoa64_):01882             FQB $AE5AE608,$F41B4EBB     ; "-5883137037076574533"
413F BEBC3AA38A8548FD (benchmark_itoa64_):01883             FQB $BEBC3AA3,$8A8548FD     ; "-4702819436803569411"
4147 87AEE374387BB0F2 (benchmark_itoa64_):01884             FQB $87AEE374,$387BB0F2     ; "-8669742144338284302"
414F CF322C2CC0935715 (benchmark_itoa64_):01885             FQB $CF322C2C,$C0935715     ; "-3516699788301871339"
4157 48885744BAB01BF2 (benchmark_itoa64_):01886             FQB $48885744,$BAB01BF2     ;  "5226523320264956914"
415F 10D53DBCBABFA913 (benchmark_itoa64_):01887             FQB $10D53DBC,$BABFA913     ;  "1212943555442485523"
4167 A813A547B529D9D6 (benchmark_itoa64_):01888             FQB $A813A547,$B529D9D6     ; "-6335538523379476010"
416F 7EB2EC2923B5D0DB (benchmark_itoa64_):01889             FQB $7EB2EC29,$23B5D0DB     ;  "9129619056070349019"
4177 56D0C7858F90BFAE (benchmark_itoa64_):01890             FQB $56D0C785,$8F90BFAE     ;  "6255719258870824878"
417F 0CA65AA412A292AF (benchmark_itoa64_):01891             FQB $0CA65AA4,$12A292AF     ;   "911515635322884783"
4187 C1A28E27B6405A64 (benchmark_itoa64_):01892             FQB $C1A28E27,$B6405A64     ; "-4493873176949794204"
418F A8184D1E25CE9315 (benchmark_itoa64_):01893             FQB $A8184D1E,$25CE9315     ; "-6334228084017949931"
4197 AABA9B230D6EDA9D (benchmark_itoa64_):01894             FQB $AABA9B23,$0D6EDA9D     ; "-6144428166742091107"
419F B6185D12E2E5BDE6 (benchmark_itoa64_):01895             FQB $B6185D12,$E2E5BDE6     ; "-5325404223668109850"
41A7 B2B1994201D45BF5 (benchmark_itoa64_):01896             FQB $B2B19942,$01D45BF5     ; "-5570502755303007243"
41AF 51E7BFD2195E102D (benchmark_itoa64_):01897             FQB $51E7BFD2,$195E102D     ;  "5901896745781956653"
41B7 7291E419672EEB47 (benchmark_itoa64_):01898             FQB $7291E419,$672EEB47     ;  "8255630389703273287"
41BF 7C57614125D352EB (benchmark_itoa64_):01899             FQB $7C576141,$25D352EB     ;  "8959736916112265963"
41C7 03554417951C4617 (benchmark_itoa64_):01900             FQB $03554417,$951C4617     ;   "240173023210784279"
41CF E3BAC764A1075037 (benchmark_itoa64_):01901             FQB $E3BAC764,$A1075037     ; "-2037096646419460041"
41D7 D7577CA5E528DA64 (benchmark_itoa64_):01902             FQB $D7577CA5,$E528DA64     ; "-2929735980625110428"
41DF 45D71883047949FC (benchmark_itoa64_):01903             FQB $45D71883,$047949FC     ;  "5032518059604658684"
41E7 ABF0FEB8242AD032 (benchmark_itoa64_):01904             FQB $ABF0FEB8,$242AD032     ; "-6057061431979093966"
41EF 274311A040BC821B (benchmark_itoa64_):01905             FQB $274311A0,$40BC821B     ;  "2829124370897338907"
41F7 8D03453246888CC3 (benchmark_itoa64_):01906             FQB $8D034532,$46888CC3     ; "-8285702807197545277"
41FF 1C98B65896B910BB (benchmark_itoa64_):01907             FQB $1C98B658,$96B910BB     ;  "2060597321124090043"
4207 3709688ED119AB37 (benchmark_itoa64_):01908             FQB $3709688E,$D119AB37     ;  "3965815909479197495"
420F C63C5235A2DDA9C2 (benchmark_itoa64_):01909             FQB $C63C5235,$A2DDA9C2     ; "-4162361565278000702"
4217 ED7A4F24929CB26D (benchmark_itoa64_):01910             FQB $ED7A4F24,$929CB26D     ; "-1334667321064770963"
421F 9C4FEF64F444C9A6 (benchmark_itoa64_):01911             FQB $9C4FEF64,$F444C9A6     ; "-7183259663758734938"
4227 888245C85D62A236 (benchmark_itoa64_):01912             FQB $888245C8,$5D62A236     ; "-8610242810716446154"
422F 0699813D57D48C1C (benchmark_itoa64_):01913             FQB $0699813D,$57D48C1C     ;   "475553336130833436"
4237 95A1F98DC5ECA058 (benchmark_itoa64_):01914             FQB $95A1F98D,$C5ECA058     ; "-7664570703501549480"
423F A9F2048D4B7B2593 (benchmark_itoa64_):01915             FQB $A9F2048D,$4B7B2593     ; "-6200888732032490093"
4247 8FCF17258F522292 (benchmark_itoa64_):01916             FQB $8FCF1725,$8F522292     ; "-8084217356020997486"
424F 39F781BD1DF2A82D (benchmark_itoa64_):01917             FQB $39F781BD,$1DF2A82D     ;  "4176949828660668461"
4257 56377185D4A33F04 (benchmark_itoa64_):01918             FQB $56377185,$D4A33F04     ;  "6212559030592945924"
425F F61613307F968CBA (benchmark_itoa64_):01919             FQB $F6161330,$7F968CBA     ;  "-714362391871714118"
4267 EFF37E87554545C3 (benchmark_itoa64_):01920             FQB $EFF37E87,$554545C3     ; "-1156441559587797565"
426F 20F392E392BA74F3 (benchmark_itoa64_):01921             FQB $20F392E3,$92BA74F3     ;  "2374402934671308019"
4277 2F09084854374E73 (benchmark_itoa64_):01922             FQB $2F090848,$54374E73     ;  "3389249301316587123"
427F 842E411BDD64BB4D (benchmark_itoa64_):01923             FQB $842E411B,$DD64BB4D     ; "-8922122223840085171"
4287 536ED166245DCE27 (benchmark_itoa64_):01924             FQB $536ED166,$245DCE27     ;  "6011972789213187623"
428F 6B5BB32F9F7EC76C (benchmark_itoa64_):01925             FQB $6B5BB32F,$9F7EC76C     ;  "7735973802059679596"
4297 C5932EAD26214E1E (benchmark_itoa64_):01926             FQB $C5932EAD,$26214E1E     ; "-4209969905457344994"
429F C5D2C89E8C2D2A17 (benchmark_itoa64_):01927             FQB $C5D2C89E,$8C2D2A17     ; "-4192067719846352361"
42A7 B27156E5E5CFA63D (benchmark_itoa64_):01928             FQB $B27156E5,$E5CFA63D     ; "-5588590117186984387"
42AF 3A5C797EEC5298B6 (benchmark_itoa64_):01929             FQB $3A5C797E,$EC5298B6     ;  "4205369738094876854"
42B7 574B62F1A4F5C058 (benchmark_itoa64_):01930             FQB $574B62F1,$A4F5C058     ;  "6290230094547239000"
42BF 4179ECAED5117C14 (benchmark_itoa64_):01931             FQB $4179ECAE,$D5117C14     ;  "4718062320290462740"
42C7 75D7B5AE5BD4D33B (benchmark_itoa64_):01932             FQB $75D7B5AE,$5BD4D33B     ;  "8491455382899970875"
42CF 96B4E450971B8019 (benchmark_itoa64_):01933             FQB $96B4E450,$971B8019     ; "-7587188437428764647"
42D7 C2E575824E68758C (benchmark_itoa64_):01934             FQB $C2E57582,$4E68758C     ; "-4402983858163124852"
42DF 319804CCF1A0076C (benchmark_itoa64_):01935             FQB $319804CC,$F1A0076C     ;  "3573611582592124780"
42E7 E18BD93E30D11F76 (benchmark_itoa64_):01936             FQB $E18BD93E,$30D11F76     ; "-2194421532282773642"
42EF 82D779E7ACB876A5 (benchmark_itoa64_):01937             FQB $82D779E7,$ACB876A5     ; "-9018605692843952475"
42F7 E3BCD6CBF801B648 (benchmark_itoa64_):01938             FQB $E3BCD6CB,$F801B648     ; "-2036516759950739896"
42FF 972B43C3081D7A03 (benchmark_itoa64_):01939             FQB $972B43C3,$081D7A03     ; "-7553869445050041853"
4307 87F4D4E5CC3C32E7 (benchmark_itoa64_):01940             FQB $87F4D4E5,$CC3C32E7     ; "-8650054900832783641"
430F EB7C11E1DAEB89DA (benchmark_itoa64_):01941             FQB $EB7C11E1,$DAEB89DA     ; "-1478286915946182182"
4317 EADBDF30D2B7D13A (benchmark_itoa64_):01942             FQB $EADBDF30,$D2B7D13A     ; "-1523378648148094662"
431F F1BAA2A3B5AD9E8C (benchmark_itoa64_):01943             FQB $F1BAA2A3,$B5AD9E8C     ; "-1028330740889313652"
4327 3A1DB6245B04CD24 (benchmark_itoa64_):01944             FQB $3A1DB624,$5B04CD24     ;  "4187703495786548516"
432F 8F72E12800B694E9 (benchmark_itoa64_):01945             FQB $8F72E128,$00B694E9     ; "-8110172417013934871"
4337 8FF884A02E462E1A (benchmark_itoa64_):01946             FQB $8FF884A0,$2E462E1A     ; "-8072556508555629030"
433F 691B1C9ACB2ED9A0 (benchmark_itoa64_):01947             FQB $691B1C9A,$CB2ED9A0     ;  "7573678649513007520"
4347 686EC8DBC800BC7C (benchmark_itoa64_):01948             FQB $686EC8DB,$C800BC7C     ;  "7525172873661561980"
434F 8DC7A16EC66A5D58 (benchmark_itoa64_):01949             FQB $8DC7A16E,$C66A5D58     ; "-8230432296848958120"
4357 32FD95F988F80CA7 (benchmark_itoa64_):01950             FQB $32FD95F9,$88F80CA7     ;  "3674257769981545639"
435F 4F0A3CB8AFBC0CC2 (benchmark_itoa64_):01951             FQB $4F0A3CB8,$AFBC0CC2     ;  "5695431442683399362"
4367 DC767C26F0023147 (benchmark_itoa64_):01952             FQB $DC767C26,$F0023147     ; "-2560722831436271289"
436F 7ECE3F4825F2C2A4 (benchmark_itoa64_):01953             FQB $7ECE3F48,$25F2C2A4     ;  "9137310273088176804"
4377 92B48550C338F4D2 (benchmark_itoa64_):01954             FQB $92B48550,$C338F4D2     ; "-7875523266444987182"
437F 2FB8F5CA559789B4 (benchmark_itoa64_):01955             FQB $2FB8F5CA,$559789B4     ;  "3438768564865567156"
4387 044FA18AAE5C4208 (benchmark_itoa64_):01956             FQB $044FA18A,$AE5C4208     ;   "310644516314694152"
438F C9DA961379B36640 (benchmark_itoa64_):01957             FQB $C9DA9613,$79B36640     ; "-3901641116772768192"
4397 88F9F6A582D026B4 (benchmark_itoa64_):01958             FQB $88F9F6A5,$82D026B4     ; "-8576552824625682764"
439F 111B37573A119D1D (benchmark_itoa64_):01959             FQB $111B3757,$3A119D1D     ;  "1232639770791877917"
43A7 442BE28367F484AF (benchmark_itoa64_):01960             FQB $442BE283,$67F484AF     ;  "4912268872590329007"
43AF 7D85A66A660C3831 (benchmark_itoa64_):01961             FQB $7D85A66A,$660C3831     ;  "9044818402552330289"
43B7 C209B8B3B1C721A7 (benchmark_itoa64_):01962             FQB $C209B8B3,$B1C721A7     ; "-4464834473639861849"
43BF 13C784CAE7FFB949 (benchmark_itoa64_):01963             FQB $13C784CA,$E7FFB949     ;  "1425253814096607561"
43C7 9AE8496EF7795DF5 (benchmark_itoa64_):01964             FQB $9AE8496E,$F7795DF5     ; "-7284491656324620811"
43CF 1986ABD1E92291D9 (benchmark_itoa64_):01965             FQB $1986ABD1,$E92291D9     ;  "1839346415875297753"
43D7 CADC4D61900D1F4B (benchmark_itoa64_):01966             FQB $CADC4D61,$900D1F4B     ; "-3829100501747818677"
43DF CD5FE98D9EFF6346 (benchmark_itoa64_):01967             FQB $CD5FE98D,$9EFF6346     ; "-3647940378679614650"
43E7 7CEC6A8B4B896808 (benchmark_itoa64_):01968             FQB $7CEC6A8B,$4B896808     ;  "9001686901707073544"
43EF C0AAD2951C053428 (benchmark_itoa64_):01969             FQB $C0AAD295,$1C053428     ; "-4563603734524513240"
43F7 789964E63658FCD6 (benchmark_itoa64_):01970             FQB $789964E6,$3658FCD6     ;  "8690087895905139926"
43FF C27D9B313DB402D2 (benchmark_itoa64_):01971             FQB $C27D9B31,$3DB402D2     ; "-4432215822471789870"
4407 98752A055E6BB766 (benchmark_itoa64_):01972             FQB $98752A05,$5E6BB766     ; "-7461011005122037914"
440F C1F1FDA27B9BF326 (benchmark_itoa64_):01973             FQB $C1F1FDA2,$7B9BF326     ; "-4471514080701844698"
4417 9A88B5995AAFF5D5 (benchmark_itoa64_):01974             FQB $9A88B599,$5AAFF5D5     ; "-7311394324779895339"
441F FD51E0237E0034DA (benchmark_itoa64_):01975             FQB $FD51E023,$7E0034DA     ;  "-193126865957800742"
4427 66D2B317E348CA06 (benchmark_itoa64_):01976             FQB $66D2B317,$E348CA06     ;  "7409181252156705286"
442F 388A80BA74439F27 (benchmark_itoa64_):01977             FQB $388A80BA,$74439F27     ;  "4074210351212896039"
4437 5A4E22827B51487E (benchmark_itoa64_):01978             FQB $5A4E2282,$7B51487E     ;  "6507176455406962814"
443F B4FC6FB1317EF24F (benchmark_itoa64_):01979             FQB $B4FC6FB1,$317EF24F     ; "-5405322645921140145"
4447 373D2A2360F3B1DD (benchmark_itoa64_):01980             FQB $373D2A23,$60F3B1DD     ;  "3980383977104191965"
444F 06D6B8EEFAD5A242 (benchmark_itoa64_):01981             FQB $06D6B8EE,$FAD5A242     ;   "492784545793679938"
4457 FC195AF388FB47C9 (benchmark_itoa64_):01982             FQB $FC195AF3,$88FB47C9     ;  "-281093499712223287"
445F F4DF020E3201AC40 (benchmark_itoa64_):01983             FQB $F4DF020E,$3201AC40     ;  "-801919948656890816"
4467 DD379FD8962D4132 (benchmark_itoa64_):01984             FQB $DD379FD8,$962D4132     ; "-2506358915027091150"
446F 72EF0D11ED2ACAE9 (benchmark_itoa64_):01985             FQB $72EF0D11,$ED2ACAE9     ;  "8281852610402241257"
4477 071053826685013C (benchmark_itoa64_):01986             FQB $07105382,$6685013C     ;   "508998577423712572"
447F BEDDA773EB4A92D8 (benchmark_itoa64_):01987             FQB $BEDDA773,$EB4A92D8     ; "-4693411120339578152"
4487 70E31C8347D6F80A (benchmark_itoa64_):01988             FQB $70E31C83,$47D6F80A     ;  "8134376702132811786"
448F CA2D94A3AB5F8C03 (benchmark_itoa64_):01989             FQB $CA2D94A3,$AB5F8C03     ; "-3878280273420383229"
4497 3FA0A8335AC04ABD (benchmark_itoa64_):01990             FQB $3FA0A833,$5AC04ABD     ;  "4584849359182514877"
449F DA0057DDE8D11F99 (benchmark_itoa64_):01991             FQB $DA0057DD,$E8D11F99     ; "-2738091962835853415"
44A7 D0F3E7A75D8423C1 (benchmark_itoa64_):01992             FQB $D0F3E7A7,$5D8423C1     ; "-3390111388465355839"
44AF 6B7EBAF102A12891 (benchmark_itoa64_):01993             FQB $6B7EBAF1,$02A12891     ;  "7745833953417832593"
44B7 1309866D2B921F35 (benchmark_itoa64_):01994             FQB $1309866D,$2B921F35     ;  "1371775364951580469"
44BF B4AD9EE87DFE7CC1 (benchmark_itoa64_):01995             FQB $B4AD9EE8,$7DFE7CC1     ; "-5427507254528148287"
44C7 3E363D97377CBD6D (benchmark_itoa64_):01996             FQB $3E363D97,$377CBD6D     ;  "4482838198774185325"
44CF 0273C4B9E142A623 (benchmark_itoa64_):01997             FQB $0273C4B9,$E142A623     ;   "176701113024816675"
44D7 C2FAB270B4E7B031 (benchmark_itoa64_):01998             FQB $C2FAB270,$B4E7B031     ; "-4397005889032703951"
44DF 96B65FB07A127331 (benchmark_itoa64_):01999             FQB $96B65FB0,$7A127331     ; "-7586771310692109519"
44E7 DD83F97411CDD78A (benchmark_itoa64_):02000             FQB $DD83F974,$11CDD78A     ; "-2484868292468156534"
44EF 89ACDBF36F6123A2 (benchmark_itoa64_):02001             FQB $89ACDBF3,$6F6123A2     ; "-8526198155927018590"
44F7 7FA47548A75A2BDD (benchmark_itoa64_):02002             FQB $7FA47548,$A75A2BDD     ;  "9197605293903195101"
44FF E49199A95ED8B674 (benchmark_itoa64_):02003             FQB $E49199A9,$5ED8B674     ; "-1976629808719153548"
4507 773DD045D531E7D7 (benchmark_itoa64_):02004             FQB $773DD045,$D531E7D7     ;  "8592252662440912855"
450F 56C1F4D878369BA6 (benchmark_itoa64_):02005             FQB $56C1F4D8,$78369BA6     ;  "6251546968333917094"
4517 08080A29B2AAB91C (benchmark_itoa64_):02006             FQB $08080A29,$B2AAB91C     ;   "578723726324578588"
451F E605ED0EF9CFDB4B (benchmark_itoa64_):02007             FQB $E605ED0E,$F9CFDB4B     ; "-1871829421526099125"
4527 18D3EBBF7C6A1D5D (benchmark_itoa64_):02008             FQB $18D3EBBF,$7C6A1D5D     ;  "1789032684654828893"
452F 5088F8D84FD10674 (benchmark_itoa64_):02009             FQB $5088F8D8,$4FD10674     ;  "5803161727802607220"
4537 D70539BA3DAD294E (benchmark_itoa64_):02010             FQB $D70539BA,$3DAD294E     ; "-2952890508610033330"
453F 4258796BBA64A00D (benchmark_itoa64_):02011             FQB $4258796B,$BA64A00D     ;  "4780704508049399821"
4547 EB273EBC26A26A0F (benchmark_itoa64_):02012             FQB $EB273EBC,$26A26A0F     ; "-1502162972881819121"
454F 4E4081C193C8E035 (benchmark_itoa64_):02013             FQB $4E4081C1,$93C8E035     ;  "5638649401875947573"
4557 60B2F5E6EA2BE190 (benchmark_itoa64_):02014             FQB $60B2F5E6,$EA2BE190     ;  "6967901945615606160"
455F 8EE7D4698C0F8BA0 (benchmark_itoa64_):02015             FQB $8EE7D469,$8C0F8BA0     ; "-8149311450917139552"
4567 FFEE7A9FDFFEEE10 (benchmark_itoa64_):02016             FQB $FFEE7A9F,$DFFEEE10     ;    "-4931722504376816"
456F C21E550A78E25EA3 (benchmark_itoa64_):02017             FQB $C21E550A,$78E25EA3     ; "-4459033077584077149"
4577 D5B6C166015C009B (benchmark_itoa64_):02018             FQB $D5B6C166,$015C009B     ; "-3047035454015930213"
457F 72206F7D32073AE1 (benchmark_itoa64_):02019             FQB $72206F7D,$32073AE1     ;  "8223695503079455457"
4587 15CC0FDDE24C898C (benchmark_itoa64_):02020             FQB $15CC0FDD,$E24C898C     ;  "1570647815704316300"
458F B7D12582D0C0AF09 (benchmark_itoa64_):02021             FQB $B7D12582,$D0C0AF09     ; "-5201334850857947383"
4597 E3617CD48F865663 (benchmark_itoa64_):02022             FQB $E3617CD4,$8F865663     ; "-2062229901976119709"
459F F65F15DA9D8B4652 (benchmark_itoa64_):02023             FQB $F65F15DA,$9D8B4652     ;  "-693811788901562798"
45A7 33AC8793B77CFDF1 (benchmark_itoa64_):02024             FQB $33AC8793,$B77CFDF1     ;  "3723500060436921841"
45AF 497945F303D1619B (benchmark_itoa64_):02025             FQB $497945F3,$03D1619B     ;  "5294339746994151835"
45B7 C78B7CB3A6A19EF3 (benchmark_itoa64_):02026             FQB $C78B7CB3,$A6A19EF3     ; "-4068020727362511117"
45BF B076BD0966B09E80 (benchmark_itoa64_):02027             FQB $B076BD09,$66B09E80     ; "-5731185627707171200"
45C7 9E337ECFCA313ED5 (benchmark_itoa64_):02028             FQB $9E337ECF,$CA313ED5     ; "-7047149560989139243"
45CF FC7F1703581576E1 (benchmark_itoa64_):02029             FQB $FC7F1703,$581576E1     ;  "-252457750979315999"
45D7 6A813DDE8E152BE4 (benchmark_itoa64_):02030             FQB $6A813DDE,$8E152BE4     ;  "7674483266091822052"
45DF EB997D26A450434B (benchmark_itoa64_):02031             FQB $EB997D26,$A450434B     ; "-1470006198440803509"
45E7 DEECF374D4119C35 (benchmark_itoa64_):02032             FQB $DEECF374,$D4119C35     ; "-2383262419686155211"
45EF D94F7035383530FE (benchmark_itoa64_):02033             FQB $D94F7035,$383530FE     ; "-2787886270440460034"
45F7 3A5DF65970B50113 (benchmark_itoa64_):02034             FQB $3A5DF659,$70B50113     ;  "4205788491037344019"
45FF 7A6E3A54807DB93A (benchmark_itoa64_):02035             FQB $7A6E3A54,$807DB93A     ;  "8822052854672767290"
4607 BE42D6F9435F1F57 (benchmark_itoa64_):02036             FQB $BE42D6F9,$435F1F57     ; "-4736987491974832297"
460F ECC0340EE3DDFB66 (benchmark_itoa64_):02037             FQB $ECC0340E,$E3DDFB66     ; "-1387051446672950426"
4617 F22A1724B4841C4E (benchmark_itoa64_):02038             FQB $F22A1724,$B4841C4E     ;  "-996958921094325170"
461F 711B130D747CA0B6 (benchmark_itoa64_):02039             FQB $711B130D,$747CA0B6     ;  "8150128899166871734"
4627 EF55284A2D2F5BEB (benchmark_itoa64_):02040             FQB $EF55284A,$2D2F5BEB     ; "-1201009426573599765"
462F D94A0550F92203B5 (benchmark_itoa64_):02041             FQB $D94A0550,$F92203B5     ; "-2789411173867322443"
4637 373010C63248606B (benchmark_itoa64_):02042             FQB $373010C6,$3248606B     ;  "3976696914401321067"
463F 2BA04A6454F1538F (benchmark_itoa64_):02043             FQB $2BA04A64,$54F1538F     ;  "3143594334686892943"
4647 79477FEEE59F69E6 (benchmark_itoa64_):02044             FQB $79477FEE,$E59F69E6     ;  "8739094265967110630"
464F 5BE5E752D4C40CA1 (benchmark_itoa64_):02045             FQB $5BE5E752,$D4C40CA1     ;  "6621953170061135009"
4657 57A2219E9ED7625C (benchmark_itoa64_):02046             FQB $57A2219E,$9ED7625C     ;  "6314646592680321628"
465F F404EF8B993082BB (benchmark_itoa64_):02047             FQB $F404EF8B,$993082BB     ;  "-863301845698706757"
4667 6468C5E31B245052 (benchmark_itoa64_):02048             FQB $6468C5E3,$1B245052     ;  "7235250380574314578"
466F FB32477379159615 (benchmark_itoa64_):02049             FQB $FB324773,$79159615     ;  "-346135660075837931"
4677 3BA5D1EE1CBAD335 (benchmark_itoa64_):02050             FQB $3BA5D1EE,$1CBAD335     ;  "4298072240009433909"
467F 9D0BF915EF17D203 (benchmark_itoa64_):02051             FQB $9D0BF915,$EF17D203     ; "-7130331712410103293"
4687 AAEF762CF5B131BB (benchmark_itoa64_):02052             FQB $AAEF762C,$F5B131BB     ; "-6129550632355286597"
468F E32E433CD7A3520A (benchmark_itoa64_):02053             FQB $E32E433C,$D7A3520A     ; "-2076648449576316406"
4697 71595A390C046A3A (benchmark_itoa64_):02054             FQB $71595A39,$0C046A3A     ;  "8167658600274356794"
469F 35CE4B99D2BA2ACF (benchmark_itoa64_):02055             FQB $35CE4B99,$D2BA2ACF     ;  "3877119453250071247"
46A7 0834E64F466E18B7 (benchmark_itoa64_):02056             FQB $0834E64F,$466E18B7     ;   "591350679250802871"
46AF 5A32C2B636A02B45 (benchmark_itoa64_):02057             FQB $5A32C2B6,$36A02B45     ;  "6499471300105349957"
46B7 5CD0CCCBE2D1C79E (benchmark_itoa64_):02058             FQB $5CD0CCCB,$E2D1C79E     ;  "6688070622701012894"
46BF 7F3DDB23C6CA8AAF (benchmark_itoa64_):02059             FQB $7F3DDB23,$C6CA8AAF     ;  "9168725363101698735"
46C7 0A9D20D185C3202E (benchmark_itoa64_):02060             FQB $0A9D20D1,$85C3202E     ;   "764803595987263534"
46CF BBA1F47028C7EC0D (benchmark_itoa64_):02061             FQB $BBA1F470,$28C7EC0D     ; "-4926387754808906739"
46D7 7AF3EDF39B2A7D0E (benchmark_itoa64_):02062             FQB $7AF3EDF3,$9B2A7D0E     ;  "8859686522503986446"
46DF 43CDE45DDB99613D (benchmark_itoa64_):02063             FQB $43CDE45D,$DB99613D     ;  "4885812262534209853"
46E7 476F03541EB6A2F5 (benchmark_itoa64_):02064             FQB $476F0354,$1EB6A2F5     ;  "5147336558935188213"
46EF D54C03640A4B81D9 (benchmark_itoa64_):02065             FQB $D54C0364,$0A4B81D9     ; "-3077080717196557863"
46F7 FF499A3A6389BD0E (benchmark_itoa64_):02066             FQB $FF499A3A,$6389BD0E     ;   "-51340345169298162"
46FF 2D766B56B52D38B9 (benchmark_itoa64_):02067             FQB $2D766B56,$B52D38B9     ;  "3275923799109613753"
4707 1DD9D926342FF327 (benchmark_itoa64_):02068             FQB $1DD9D926,$342FF327     ;  "2150989055153664807"
470F E9166900899D6272 (benchmark_itoa64_):02069             FQB $E9166900,$899D6272     ; "-1651016762354998670"
4717 16567C5096773402 (benchmark_itoa64_):02070             FQB $16567C50,$96773402     ;  "1609610602395153410"
471F 47953E4057718158 (benchmark_itoa64_):02071             FQB $47953E40,$57718158     ;  "5158097394288656728"
4727 822527EC9B39730C (benchmark_itoa64_):02072             FQB $822527EC,$9B39730C     ; "-9068798377470627060"
472F 29C90BF841DEB459 (benchmark_itoa64_):02073             FQB $29C90BF8,$41DEB459     ;  "3010950986758796377"
4737 CF05D20EFED2D276 (benchmark_itoa64_):02074             FQB $CF05D20E,$FED2D276     ; "-3529183771128311178"
473F 459173CEADB31221 (benchmark_itoa64_):02075             FQB $459173CE,$ADB31221     ;  "5012915191754723873"
4747 3E312E5EB6DB68E4 (benchmark_itoa64_):02076             FQB $3E312E5E,$B6DB68E4     ;  "4481414088539990244"
474F 5B04104082550FEA (benchmark_itoa64_):02077             FQB $5B041040,$82550FEA     ;  "6558384826608848874"
4757 102CD970B09E6242 (benchmark_itoa64_):02078             FQB $102CD970,$B09E6242     ;  "1165545481604850242"
475F CF2D743D87FC595F (benchmark_itoa64_):02079             FQB $CF2D743D,$87FC595F     ; "-3518027926283200161"
4767 95A71E579EC1C8F1 (benchmark_itoa64_):02080             FQB $95A71E57,$9EC1C8F1     ; "-7663122879273121551"
476F FA144E7DF2C66A98 (benchmark_itoa64_):02081             FQB $FA144E7D,$F2C66A98     ;  "-426629761842386280"
4777 55DB39C20A07B50B (benchmark_itoa64_):02082             FQB $55DB39C2,$0A07B50B     ;  "6186602018678224139"
477F 8E9A97A6D749F86D (benchmark_itoa64_):02083             FQB $8E9A97A6,$D749F86D     ; "-8171051831078029203"
4787 9B3C25C3939F79D1 (benchmark_itoa64_):02084             FQB $9B3C25C3,$939F79D1     ; "-7260886977302529583"
478F ADC1E0162B9EF4F8 (benchmark_itoa64_):02085             FQB $ADC1E016,$2B9EF4F8     ; "-5926209248817122056"
4797 AB225B03D1A2B829 (benchmark_itoa64_):02086             FQB $AB225B03,$D1A2B829     ; "-6115225272055580631"
479F E1AF8F22D2ACDC82 (benchmark_itoa64_):02087             FQB $E1AF8F22,$D2ACDC82     ; "-2184369914525197182"
47A7 B0265BB15205067B (benchmark_itoa64_):02088             FQB $B0265BB1,$5205067B     ; "-5753810656775829893"
47AF B1DA2A2FAC7C72E6 (benchmark_itoa64_):02089             FQB $B1DA2A2F,$AC7C72E6     ; "-5631141999827717402"
47B7 1E4F15D988A7E53B (benchmark_itoa64_):02090             FQB $1E4F15D9,$88A7E53B     ;  "2183988368342771003"
47BF 6ACD5C5EA2F53AF0 (benchmark_itoa64_):02091             FQB $6ACD5C5E,$A2F53AF0     ;  "7695908899776707312"
47C7 80A94C6C6AC44079 (benchmark_itoa64_):02092             FQB $80A94C6C,$6AC44079     ; "-9175718737259249543"
47CF CD8DC602A42C8AAC (benchmark_itoa64_):02093             FQB $CD8DC602,$A42C8AAC     ; "-3635031609571505492"
47D7 677647A21F9BCCDB (benchmark_itoa64_):02094             FQB $677647A2,$1F9BCCDB     ;  "7455224994799013083"
47DF A7203426B9A72940 (benchmark_itoa64_):02095             FQB $A7203426,$B9A72940     ; "-6404061329192703680"
47E7 9E6CF0BF65CEDB29 (benchmark_itoa64_):02096             FQB $9E6CF0BF,$65CEDB29     ; "-7030980213394711767"
47EF F4752925FB04203A (benchmark_itoa64_):02097             FQB $F4752925,$FB04203A     ;  "-831713313078108102"
47F7 C06BF7803A931B49 (benchmark_itoa64_):02098             FQB $C06BF780,$3A931B49     ; "-4581296065808753847"
47FF 0EEAE455546DFAF1 (benchmark_itoa64_):02099             FQB $0EEAE455,$546DFAF1     ;  "1074922516221131505"
4807 E9AC625D2F3456B9 (benchmark_itoa64_):02100             FQB $E9AC625D,$2F3456B9     ; "-1608802814514669895"
480F 440BAEDC7942D89B (benchmark_itoa64_):02101             FQB $440BAEDC,$7942D89B     ;  "4903204881273378971"
4817 5A97014722078D57 (benchmark_itoa64_):02102             FQB $5A970147,$22078D57     ;  "6527687589922049367"
481F 3B582F6ED32F0740 (benchmark_itoa64_):02103             FQB $3B582F6E,$D32F0740     ;  "4276219999224268608"
4827 067E4CE022FC815F (benchmark_itoa64_):02104             FQB $067E4CE0,$22FC815F     ;   "467895936836469087"
482F 6FACC249FB8486D1 (benchmark_itoa64_):02105             FQB $6FACC249,$FB8486D1     ;  "8047020257212401361"
4837 B5F431146586F4D2 (benchmark_itoa64_):02106             FQB $B5F43114,$6586F4D2     ; "-5335585694854744878"
483F 662D5E3A989870D6 (benchmark_itoa64_):02107             FQB $662D5E3A,$989870D6     ;  "7362644571581870294"
4847 84BFC3934FDC0AF6 (benchmark_itoa64_):02108             FQB $84BFC393,$4FDC0AF6     ; "-8881164902683899146"
484F D092E70DAF83AC4E (benchmark_itoa64_):02109             FQB $D092E70D,$AF83AC4E     ; "-3417415121255551922"
4857 8F5B69E17FC4E342 (benchmark_itoa64_):02110             FQB $8F5B69E1,$7FC4E342     ; "-8116777486173019326"
485F 7A073A1C9FC78029 (benchmark_itoa64_):02111             FQB $7A073A1C,$9FC78029     ;  "8793060692078329897"
4867 C31D8E7E99BAE36C (benchmark_itoa64_):02112             FQB $C31D8E7E,$99BAE36C     ; "-4387193787592809620"
486F 4FB98CCF355E84CF (benchmark_itoa64_):02113             FQB $4FB98CCF,$355E84CF     ;  "5744777621269284047"
4877 58FAAFBAABDE6613 (benchmark_itoa64_):02114             FQB $58FAAFBA,$ABDE6613     ;  "6411630235797579283"
487F 00B2CE20755C96CF (benchmark_itoa64_):02115             FQB $00B2CE20,$755C96CF     ;    "50329184657774287"
4887 C2223B14F72592AE (benchmark_itoa64_):02116             FQB $C2223B14,$F72592AE     ; "-4457935719911550290"
488F A55B8C38F4D5A2F1 (benchmark_itoa64_):02117             FQB $A55B8C38,$F4D5A2F1     ; "-6531472658317073679"
4897 7B0F4DC7771EF72E (benchmark_itoa64_):02118             FQB $7B0F4DC7,$771EF72E     ;  "8867391710408144686"
489F 8F46A1F91F9C81D9 (benchmark_itoa64_):02119             FQB $8F46A1F9,$1F9C81D9     ; "-8122626786566831655"
48A7 EF2C62CB2B57F9A5 (benchmark_itoa64_):02120             FQB $EF2C62CB,$2B57F9A5     ; "-1212485574924437083"
48AF 30A60EBCC99B07B8 (benchmark_itoa64_):02121             FQB $30A60EBC,$C99B07B8     ;  "3505505563953530808"
48B7 4BAB1544DFFEB987 (benchmark_itoa64_):02122             FQB $4BAB1544,$DFFEB987     ;  "5452475159422089607"
48BF 3D875129FE04330E (benchmark_itoa64_):02123             FQB $3D875129,$FE04330E     ;  "4433601598966739726"
48C7 B261637711FCF312 (benchmark_itoa64_):02124             FQB $B2616377,$11FCF312     ; "-5593079899163397358"
48CF 33E4427B8EFE0842 (benchmark_itoa64_):02125             FQB $33E4427B,$8EFE0842     ;  "3739186689071777858"
48D7 BED0077E97788FE9 (benchmark_itoa64_):02126             FQB $BED0077E,$97788FE9     ; "-4697246171058892823"
48DF 234838103ABC3FB4 (benchmark_itoa64_):02127             FQB $23483810,$3ABC3FB4     ;  "2542343632006692788"
48E7 0FDC890E0B44B78F (benchmark_itoa64_):02128             FQB $0FDC890E,$0B44B78F     ;  "1142939098856863631"
48EF 584B9E8F2EFFEBC6 (benchmark_itoa64_):02129             FQB $584B9E8F,$2EFFEBC6     ;  "6362353236396993478"
48F7 484B0E5FB8B80C99 (benchmark_itoa64_):02130             FQB $484B0E5F,$B8B80C99     ;  "5209273198267862169"
48FF 8F932558D34EE0C6 (benchmark_itoa64_):02131             FQB $8F932558,$D34EE0C6     ; "-8101090241276878650"
4907 420CF86711B144F9 (benchmark_itoa64_):02132             FQB $420CF867,$11B144F9     ;  "4759452027785921785"
490F 012B09DD28183BD3 (benchmark_itoa64_):02133             FQB $012B09DD,$28183BD3     ;    "84171863501585363"
4917 6562557582B1B340 (benchmark_itoa64_):02134             FQB $65625575,$82B1B340     ;  "7305495508740584256"
491F 98040E7C789CD4E1 (benchmark_itoa64_):02135             FQB $98040E7C,$789CD4E1     ; "-7492847952275385119"
4927 DE850A30A40B11B4 (benchmark_itoa64_):02136             FQB $DE850A30,$A40B11B4     ; "-2412510821360135756"
492F 58443753AFA0F4DC (benchmark_itoa64_):02137             FQB $58443753,$AFA0F4DC     ;  "6360269406322357468"
4937 2AA077497B97AFAA (benchmark_itoa64_):02138             FQB $2AA07749,$7B97AFAA     ;  "3071586103356534698"
493F 4BEA00D72EFC230E (benchmark_itoa64_):02139             FQB $4BEA00D7,$2EFC230E     ;  "5470185621601133326"
4947 45BED7AA58AC1235 (benchmark_itoa64_):02140             FQB $45BED7AA,$58AC1235     ;  "5025691360824136245"
494F 85CC2F0DD5CC9DC1 (benchmark_itoa64_):02141             FQB $85CC2F0D,$D5CC9DC1     ; "-8805611434948125247"
4957 6D6EDBDCC5277CFF (benchmark_itoa64_):02142             FQB $6D6EDBDC,$C5277CFF     ;  "7885481738819304703"
495F 5ABF1DA85ED309CB (benchmark_itoa64_):02143             FQB $5ABF1DA8,$5ED309CB     ;  "6538977792947849675"
4967 8C12BE55272B0D22 (benchmark_itoa64_):02144             FQB $8C12BE55,$272B0D22     ; "-8353405085880218334"
496F F298E28330B86011 (benchmark_itoa64_):02145             FQB $F298E283,$30B86011     ;  "-965773066984988655"
4977 5959750A7875B702 (benchmark_itoa64_):02146             FQB $5959750A,$7875B702     ;  "6438305830133937922"
497F 4DFA94FCE5B679F8 (benchmark_itoa64_):02147             FQB $4DFA94FC,$E5B679F8     ;  "5618967299004725752"
4987 80856F304250059F (benchmark_itoa64_):02148             FQB $80856F30,$4250059F     ; "-9185813611890604641"
498F 2F81568E3711A674 (benchmark_itoa64_):02149             FQB $2F81568E,$3711A674     ;  "3423112360587535988"
4997 768A2A9DEF0B6170 (benchmark_itoa64_):02150             FQB $768A2A9D,$EF0B6170     ;  "8541686501070299504"
499F 1C97B47B40DDE5CE (benchmark_itoa64_):02151             FQB $1C97B47B,$40DDE5CE     ;  "2060313796007552462"
49A7 26F46BB1175DD2F2 (benchmark_itoa64_):02152             FQB $26F46BB1,$175DD2F2     ;  "2806986876104069874"
49AF C2BBA2B70D9A696D (benchmark_itoa64_):02153             FQB $C2BBA2B7,$0D9A696D     ; "-4414756102615701139"
49B7 16C5F7D5B951AC56 (benchmark_itoa64_):02154             FQB $16C5F7D5,$B951AC56     ;  "1640990136555646038"
49BF 94D648F4D58798C7 (benchmark_itoa64_):02155             FQB $94D648F4,$D58798C7     ; "-7721904294688483129"
49C7 3A7F9C28056EFD68 (benchmark_itoa64_):02156             FQB $3A7F9C28,$056EFD68     ;  "4215259471945858408"
49CF 0B177FC8E57BC2F7 (benchmark_itoa64_):02157             FQB $0B177FC8,$E57BC2F7     ;   "799247959701832439"
49D7 2B34B506218CE7C5 (benchmark_itoa64_):02158             FQB $2B34B506,$218CE7C5     ;  "3113312280357169093"
49DF A1C48A52392226E4 (benchmark_itoa64_):02159             FQB $A1C48A52,$392226E4     ; "-6790150252417374492"
49E7 9981E1EB3517DD81 (benchmark_itoa64_):02160             FQB $9981E1EB,$3517DD81     ; "-7385373513586582143"
49EF 156A939A44E6C998 (benchmark_itoa64_):02161             FQB $156A939A,$44E6C998     ;  "1543208113118038424"
49F7 EA607B7C3D5DBE72 (benchmark_itoa64_):02162             FQB $EA607B7C,$3D5DBE72     ; "-1558109697534476686"
49FF FC0168D4687632E9 (benchmark_itoa64_):02163             FQB $FC0168D4,$687632E9     ;  "-287833639680068887"
4A07 674706B6B0C7E09E (benchmark_itoa64_):02164             FQB $674706B6,$B0C7E09E     ;  "7441924290972737694"
4A0F B8D4C643E803C40A (benchmark_itoa64_):02165             FQB $B8D4C643,$E803C40A     ; "-5128256080710482934"
4A17 56AEE3189DB9563A (benchmark_itoa64_):02166             FQB $56AEE318,$9DB9563A     ;  "6246179428074346042"
4A1F 97D6F5FFE044ABC0 (benchmark_itoa64_):02167             FQB $97D6F5FF,$E044ABC0     ; "-7505541249638290496"
4A27 6796407292C5EF12 (benchmark_itoa64_):02168             FQB $67964072,$92C5EF12     ;  "7464224293246070546"
4A2F 80142FE27BBB6D78 (benchmark_itoa64_):02169             FQB $80142FE2,$7BBB6D78     ; "-9217689887535567496"
4A37 BF9C286D3F040D90 (benchmark_itoa64_):02170             FQB $BF9C286D,$3F040D90     ; "-4639789066424676976"
4A3F 359687DC5A37ABBE (benchmark_itoa64_):02171             FQB $359687DC,$5A37ABBE     ;  "3861423110992931774"
4A47 2835DC1A21DFEA88 (benchmark_itoa64_):02172             FQB $2835DC1A,$21DFEA88     ;  "2897463940078365320"
4A4F F4C082756D377126 (benchmark_itoa64_):02173             FQB $F4C08275,$6D377126     ;  "-810504492071554778"
4A57 01133F74D8E8E006 (benchmark_itoa64_):02174             FQB $01133F74,$D8E8E006     ;    "77475389683326982"
4A5F CD254D5B95FC2342 (benchmark_itoa64_):02175             FQB $CD254D5B,$95FC2342     ; "-3664437666042338494"
4A67 11BAD8315656685E (benchmark_itoa64_):02176             FQB $11BAD831,$5656685E     ;  "1277571150726457438"
4A6F 9BC39574F0A5AD1F (benchmark_itoa64_):02177             FQB $9BC39574,$F0A5AD1F     ; "-7222765047886009057"
4A77 1A66C530195D2350 (benchmark_itoa64_):02178             FQB $1A66C530,$195D2350     ;  "1902424702985249616"
4A7F C16B26426C054850 (benchmark_itoa64_):02179             FQB $C16B2642,$6C054850     ; "-4509468535159437232"
4A87 45EC5C56EBF5096B (benchmark_itoa64_):02180             FQB $45EC5C56,$EBF5096B     ;  "5038503611516389739"
4A8F 73364E4DBC3A8043 (benchmark_itoa64_):02181             FQB $73364E4D,$BC3A8043     ;  "8301909058881486915"
4A97 F0C7C64A96B07973 (benchmark_itoa64_):02182             FQB $F0C7C64A,$96B07973     ; "-1096689960583399053"
4A9F DA9F7CD8201FB798 (benchmark_itoa64_):02183             FQB $DA9F7CD8,$201FB798     ; "-2693296784450537576"
4AA7 5101D5FE1B0C4ABA (benchmark_itoa64_):02184             FQB $5101D5FE,$1B0C4ABA     ;  "5837181879401073338"
4AAF B256E92E5BB0D02A (benchmark_itoa64_):02185             FQB $B256E92E,$5BB0D02A     ; "-5596029101645180886"
4AB7 61353C9145DDE04A (benchmark_itoa64_):02186             FQB $61353C91,$45DDE04A     ;  "7004571390084767818"
4ABF E0C76705AAE246AF (benchmark_itoa64_):02187             FQB $E0C76705,$AAE246AF     ; "-2249716214808820049"
4AC7 FC1975929B81F751 (benchmark_itoa64_):02188             FQB $FC197592,$9B81F751     ;  "-281064229199284399"
4ACF 4E02A2CFD88C655B (benchmark_itoa64_):02189             FQB $4E02A2CF,$D88C655B     ;  "5621234298486809947"
4AD7 886E40E1EFF98B7E (benchmark_itoa64_):02190             FQB $886E40E1,$EFF98B7E     ; "-8615877697975252098"
4ADF 4FAB58CF22B79DB6 (benchmark_itoa64_):02191             FQB $4FAB58CF,$22B79DB6     ;  "5740779796677762486"
4AE7 6BBC16440834D890 (benchmark_itoa64_):02192             FQB $6BBC1644,$0834D890     ;  "7763104339131160720"
4AEF B3FEE228BB44B9B5 (benchmark_itoa64_):02193             FQB $B3FEE228,$BB44B9B5     ; "-5476691432267531851"
4AF7 248BFF6A80DAFD0F (benchmark_itoa64_):02194             FQB $248BFF6A,$80DAFD0F     ;  "2633479240021638415"
4AFF 14F95402C94B392D (benchmark_itoa64_):02195             FQB $14F95402,$C94B392D     ;  "1511331520903330093"
4B07 0B9C10C15ED16F90 (benchmark_itoa64_):02196             FQB $0B9C10C1,$5ED16F90     ;   "836562053489586064"
4B0F 1545C2C198B1D5DD (benchmark_itoa64_):02197             FQB $1545C2C1,$98B1D5DD     ;  "1532845384935790045"
4B17 C44C619D0B214AF8 (benchmark_itoa64_):02198             FQB $C44C619D,$0B214AF8     ; "-4301956216921175304"
4B1F 006B53D502812743 (benchmark_itoa64_):02199             FQB $006B53D5,$02812743     ;    "30209996843198275"
4B27 55111CB55AD9E01D (benchmark_itoa64_):02200             FQB $55111CB5,$5AD9E01D     ;  "6129712133066842141"
4B2F DFFF7B60B86F91D1 (benchmark_itoa64_):02201             FQB $DFFF7B60,$B86F91D1     ; "-2305988828849008175"
4B37 23C43B88956227B9 (benchmark_itoa64_):02202             FQB $23C43B88,$956227B9     ;  "2577250344570595257"
4B3F 9F6472BAA2A5A640 (benchmark_itoa64_):02203             FQB $9F6472BA,$A2A5A640     ; "-6961312978089695680"
4B47 D076A7F5346D41B7 (benchmark_itoa64_):02204             FQB $D076A7F5,$346D41B7     ; "-3425365794980281929"
4B4F 94A062C24BDD1397 (benchmark_itoa64_):02205             FQB $94A062C2,$4BDD1397     ; "-7737075573186554985"
4B57 15E4C43EE07D7DE0 (benchmark_itoa64_):02206             FQB $15E4C43E,$E07D7DE0     ;  "1577601543819853280"
4B5F E94BBCEEEA3337EF (benchmark_itoa64_):02207             FQB $E94BBCEE,$EA3337EF     ; "-1636006305301579793"
4B67 2DD41BDEFDE8273C (benchmark_itoa64_):02208             FQB $2DD41BDE,$FDE8273C     ;  "3302295071325955900"
4B6F 1AC89CEFA8119B00 (benchmark_itoa64_):02209             FQB $1AC89CEF,$A8119B00     ;  "1929964993459100416"
4B77 A79D0A199BACE599 (benchmark_itoa64_):02210             FQB $A79D0A19,$9BACE599     ; "-6368923192929753703"
4B7F 3F86AAACC2C9BEA1 (benchmark_itoa64_):02211             FQB $3F86AAAC,$C2C9BEA1     ;  "4577533730247786145"
4B87 D2217A9850A97152 (benchmark_itoa64_):02212             FQB $D2217A98,$50A97152     ; "-3305225856906333870"
4B8F 1E1FB66F5FF5DF58 (benchmark_itoa64_):02213             FQB $1E1FB66F,$5FF5DF58     ;  "2170654134883442520"
4B97 6245436966998929 (benchmark_itoa64_):02214             FQB $62454369,$66998929     ;  "7081140109081938217"
4B9F 44F4B4B77880BDCD (benchmark_itoa64_):02215             FQB $44F4B4B7,$7880BDCD     ;  "4968794988990217677"
4BA7 08D3A0D3F7C9B47C (benchmark_itoa64_):02216             FQB $08D3A0D3,$F7C9B47C     ;   "636028804645106812"
4BAF 500D7E1BFF77BE5E (benchmark_itoa64_):02217             FQB $500D7E1B,$FF77BE5E     ;  "5768405356446727774"
4BB7 9EDD600CDC2BE5CD (benchmark_itoa64_):02218             FQB $9EDD600C,$DC2BE5CD     ; "-6999332637514144307"
4BBF DEBBBCEF088DEEBF (benchmark_itoa64_):02219             FQB $DEBBBCEF,$088DEEBF     ; "-2397114641817932097"
4BC7 8C0C1D82D561FA98 (benchmark_itoa64_):02220             FQB $8C0C1D82,$D561FA98     ; "-8355270760916190568"
4BCF 9ADA4411DDC0C8D6 (benchmark_itoa64_):02221             FQB $9ADA4411,$DDC0C8D6     ; "-7288438203420194602"
4BD7 0AACF25CC1411119 (benchmark_itoa64_):02222             FQB $0AACF25C,$C1411119     ;   "769256116566692121"
4BDF 24CCF675E2C5D72B (benchmark_itoa64_):02223             FQB $24CCF675,$E2C5D72B     ;  "2651765266790602539"
4BE7 E7E95E1D9E25C304 (benchmark_itoa64_):02224             FQB $E7E95E1D,$9E25C304     ; "-1735752700074278140"
4BEF 77F22C262007D812 (benchmark_itoa64_):02225             FQB $77F22C26,$2007D812     ;  "8643019177135167506"
4BF7 5FFDA189B2418053 (benchmark_itoa64_):02226             FQB $5FFDA189,$B2418053     ;  "6916862215484178515"
4BFF D0EE293C96E681A1 (benchmark_itoa64_):02227             FQB $D0EE293C,$96E681A1     ; "-3391728129156939359"
4C07 CC039B3194E80356 (benchmark_itoa64_):02228             FQB $CC039B31,$94E80356     ; "-3745979827788184746"
4C0F DFAE155A42448C35 (benchmark_itoa64_):02229             FQB $DFAE155A,$42448C35     ; "-2328900479900939211"
4C17 A7B38A87BDA1A6F1 (benchmark_itoa64_):02230             FQB $A7B38A87,$BDA1A6F1     ; "-6362589532937672975"
4C1F 3657BEBFF0686628 (benchmark_itoa64_):02231             FQB $3657BEBF,$F0686628     ;  "3915808132603340328"
4C27 4D5488442D32B636 (benchmark_itoa64_):02232             FQB $4D548844,$2D32B636     ;  "5572228465361598006"
4C2F BA832DAE1FF06D7C (benchmark_itoa64_):02233             FQB $BA832DAE,$1FF06D7C     ; "-5007108134822449796"
4C37 8F8180327D47425E (benchmark_itoa64_):02234             FQB $8F818032,$7D47425E     ; "-8106056899951639970"
4C3F EEFC1A1E63251E55 (benchmark_itoa64_):02235             FQB $EEFC1A1E,$63251E55     ; "-1226076280736899499"
4C47 EE364A5B2216C5FD (benchmark_itoa64_):02236             FQB $EE364A5B,$2216C5FD     ; "-1281755288665930243"
4C4F 64D128D0E6ACDF60 (benchmark_itoa64_):02237             FQB $64D128D0,$E6ACDF60     ;  "7264632551613718368"
4C57 EDF7D14DD89D4326 (benchmark_itoa64_):02238             FQB $EDF7D14D,$D89D4326     ; "-1299339835196226778"
4C5F 22FBE9A697508A6B (benchmark_itoa64_):02239             FQB $22FBE9A6,$97508A6B     ;  "2520865318156405355"
4C67 D882EBE517794922 (benchmark_itoa64_):02240             FQB $D882EBE5,$17794922     ; "-2845452645370869470"
4C6F FE4406FB3AC9B88E (benchmark_itoa64_):02241             FQB $FE4406FB,$3AC9B88E     ;  "-124967213566674802"
4C77 3B381FDF46B17805 (benchmark_itoa64_):02242             FQB $3B381FDF,$46B17805     ;  "4267195690757748741"
4C7F 179CE13FDF6E9878 (benchmark_itoa64_):02243             FQB $179CE13F,$DF6E9878     ;  "1701482423686961272"
4C87 D381B2D03966E2BA (benchmark_itoa64_):02244             FQB $D381B2D0,$3966E2BA     ; "-3206084852325096774"
4C8F FE89487E60D41338 (benchmark_itoa64_):02245             FQB $FE89487E,$60D41338     ;  "-105473408638905544"
4C97 FB925271CF322576 (benchmark_itoa64_):02246             FQB $FB925271,$CF322576     ;  "-319101974828931722"
4C9F 60C95241C1952528 (benchmark_itoa64_):02247             FQB $60C95241,$C1952528     ;  "6974195940334052648"
4CA7 4AAAB628AC12F288 (benchmark_itoa64_):02248             FQB $4AAAB628,$AC12F288     ;  "5380312990649348744"
4CAF D570D80E3DB9EF3B (benchmark_itoa64_):02249             FQB $D570D80E,$3DB9EF3B     ; "-3066713790562570437"
4CB7 B7AD4F9A45FFB7B6 (benchmark_itoa64_):02250             FQB $B7AD4F9A,$45FFB7B6     ; "-5211421669779851338"
4CBF E5A1F090FEC668FF (benchmark_itoa64_):02251             FQB $E5A1F090,$FEC668FF     ; "-1899973062233265921"
4CC7 CEEC493137F9ABDB (benchmark_itoa64_):02252             FQB $CEEC4931,$37F9ABDB     ; "-3536371131651347493"
4CCF 20E56EA5CD1B4975 (benchmark_itoa64_):02253             FQB $20E56EA5,$CD1B4975     ;  "2370422437270210933"
4CD7 829DDCAD861A4401 (benchmark_itoa64_):02254             FQB $829DDCAD,$861A4401     ; "-9034822639598025727"
4CDF C4E749FF530DA1D3 (benchmark_itoa64_):02255             FQB $C4E749FF,$530DA1D3     ; "-4258353561696624173"
4CE7 4509741ED8B5C773 (benchmark_itoa64_):02256             FQB $4509741E,$D8B5C773     ;  "4974634939241056115"
4CEF 1CB85101498B7520 (benchmark_itoa64_):02257             FQB $1CB85101,$498B7520     ;  "2069493094747436320"
4CF7 9B079F1C0C1C7D31 (benchmark_itoa64_):02258             FQB $9B079F1C,$0C1C7D31     ; "-7275671730182652623"
4CFF 5003E6E12D378650 (benchmark_itoa64_):02259             FQB $5003E6E1,$2D378650     ;  "5765705802765010512"
4D07 143842B278EE1408 (benchmark_itoa64_):02260             FQB $143842B2,$78EE1408     ;  "1456987813754835976"
4D0F F48DEE2CD1E46735 (benchmark_itoa64_):02261             FQB $F48DEE2C,$D1E46735     ;  "-824741280471554251"
4D17 488EC3836D98F955 (benchmark_itoa64_):02262             FQB $488EC383,$6D98F955     ;  "5228331186670598485"
4D1F 0456F9D2D855C510 (benchmark_itoa64_):02263             FQB $0456F9D2,$D855C510     ;   "312711908116776208"
4D27 E8F3DFE9CFE0A8D4 (benchmark_itoa64_):02264             FQB $E8F3DFE9,$CFE0A8D4     ; "-1660737642261600044"
4D2F DD3B52EE53834E4B (benchmark_itoa64_):02265             FQB $DD3B52EE,$53834E4B     ; "-2505317584144740789"
4D37 3B8EBF02D3AB6B59 (benchmark_itoa64_):02266             FQB $3B8EBF02,$D3AB6B59     ;  "4291577513792727897"
4D3F 6CCE3CB33CC30E73 (benchmark_itoa64_):02267             FQB $6CCE3CB3,$3CC30E73     ;  "7840270741814840947"
4D47 F8903B6AEAF1F99E (benchmark_itoa64_):02268             FQB $F8903B6A,$EAF1F99E     ;  "-535863025262790242"
4D4F 5457EBEAEC8A0D92 (benchmark_itoa64_):02269             FQB $5457EBEA,$EC8A0D92     ;  "6077585616383118738"
4D57 33F8AFD3DBC8AF82 (benchmark_itoa64_):02270             FQB $33F8AFD3,$DBC8AF82     ;  "3744936414618890114"
4D5F 149725A29B914369 (benchmark_itoa64_):02271             FQB $149725A2,$9B914369     ;  "1483695982566785897"
4D67 354859E02CB93D62 (benchmark_itoa64_):02272             FQB $354859E0,$2CB93D62     ;  "3839417501691231586"
4D6F 0713222A787C307A (benchmark_itoa64_):02273             FQB $0713222A,$787C307A     ;   "509788748628373626"
4D77 8E4BC3EEB7BB323E (benchmark_itoa64_):02274             FQB $8E4BC3EE,$B7BB323E     ; "-8193239667018354114"
4D7F B126D0B3847D6B03 (benchmark_itoa64_):02275             FQB $B126D0B3,$847D6B03     ; "-5681624410440766717"
4D87 677920E364ACFF6D (benchmark_itoa64_):02276             FQB $677920E3,$64ACFF6D     ;  "7456026819107290989"
4D8F 19DB073E405C4D1C (benchmark_itoa64_):02277             FQB $19DB073E,$405C4D1C     ;  "1863090834796989724"
4D97 BD906F90C2D180F2 (benchmark_itoa64_):02278             FQB $BD906F90,$C2D180F2     ; "-4787203736360353550"
4D9F 81D10058772AC919 (benchmark_itoa64_):02279             FQB $81D10058,$772AC919     ; "-9092485792727906023"
4DA7 C30F537E59F48617 (benchmark_itoa64_):02280             FQB $C30F537E,$59F48617     ; "-4391199309522762217"
4DAF ED89D8A370568081 (benchmark_itoa64_):02281             FQB $ED89D8A3,$70568081     ; "-1330294018435284863"
4DB7 945E1D5096F0C14C (benchmark_itoa64_):02282             FQB $945E1D50,$96F0C14C     ; "-7755729276318465716"
4DBF E96B00E2BEE67941 (benchmark_itoa64_):02283             FQB $E96B00E2,$BEE67941     ; "-1627205866498918079"
4DC7 BAB7C0F5A8A89FAD (benchmark_itoa64_):02284             FQB $BAB7C0F5,$A8A89FAD     ; "-4992309500587761747"
4DCF C0FAABF859B6EAF3 (benchmark_itoa64_):02285             FQB $C0FAABF8,$59B6EAF3     ; "-4541128191104324877"
4DD7 3029278EF2922AA8 (benchmark_itoa64_):02286             FQB $3029278E,$F2922AA8     ;  "3470348482774182568"
4DDF 85866EBC9798ED92 (benchmark_itoa64_):02287             FQB $85866EBC,$9798ED92     ; "-8825244663509619310"
4DE7 C1A70F85B1B07ECE (benchmark_itoa64_):02288             FQB $C1A70F85,$B1B07ECE     ; "-4492605036392579378"
4DEF 00592B834DF63E24 (benchmark_itoa64_):02289             FQB $00592B83,$4DF63E24     ;    "25099115875941924"
4DF7 982B193C6B01C8D8 (benchmark_itoa64_):02290             FQB $982B193C,$6B01C8D8     ; "-7481858608661935912"
4DFF B02950ABDFDCB4B5 (benchmark_itoa64_):02291             FQB $B02950AB,$DFDCB4B5     ; "-5752978349863684939"
4E07 A1EF7D068756EDC4 (benchmark_itoa64_):02292             FQB $A1EF7D06,$8756EDC4     ; "-6778061447175410236"
4E0F 9965FAB5C169EB67 (benchmark_itoa64_):02293             FQB $9965FAB5,$C169EB67     ; "-7393227554717832345"
4E17 78774CCE95D5B7E3 (benchmark_itoa64_):02294             FQB $78774CCE,$95D5B7E3     ;  "8680491256940705763"
4E1F E9550D1F46505582 (benchmark_itoa64_):02295             FQB $E9550D1F,$46505582     ; "-1633384861877119614"
4E27 C2DD6A3FF24CF2AC (benchmark_itoa64_):02296             FQB $C2DD6A3F,$F24CF2AC     ; "-4405248037617864020"
4E2F 3938CAF94D10896F (benchmark_itoa64_):02297             FQB $3938CAF9,$4D10896F     ;  "4123268630946285935"
4E37 8B39640084D8E82C (benchmark_itoa64_):02298             FQB $8B396400,$84D8E82C     ; "-8414584475373475796"
4E3F A92627C091B4F1FE (benchmark_itoa64_):02299             FQB $A92627C0,$91B4F1FE     ; "-6258270924152966658"
4E47 C45F6E62AA3F6788 (benchmark_itoa64_):02300             FQB $C45F6E62,$AA3F6788     ; "-4296594149446031480"
4E4F B0FAF28801F1B45D (benchmark_itoa64_):02301             FQB $B0FAF288,$01F1B45D     ; "-5693972112894479267"
4E57 43DD9858188D7B9B (benchmark_itoa64_):02302             FQB $43DD9858,$188D7B9B     ;  "4890232274530696091"
4E5F 9C13A5976690084D (benchmark_itoa64_):02303             FQB $9C13A597,$6690084D     ; "-7200229309555931059"
4E67 D17ECC12675C336A (benchmark_itoa64_):02304             FQB $D17ECC12,$675C336A     ; "-3351016693301496982"
4E6F DBDE67D4D46AC2E2 (benchmark_itoa64_):02305             FQB $DBDE67D4,$D46AC2E2     ; "-2603529370779073822"
4E77 81D93E45BB79DAE3 (benchmark_itoa64_):02306             FQB $81D93E45,$BB79DAE3     ; "-9090165903651644701"
4E7F 6CB767C550E863CD (benchmark_itoa64_):02307             FQB $6CB767C5,$50E863CD     ;  "7833844173997892557"
4E87 22047046FB54E511 (benchmark_itoa64_):02308             FQB $22047046,$FB54E511     ;  "2451207547363058961"
4E8F 4D8F30D5DB699CB5 (benchmark_itoa64_):02309             FQB $4D8F30D5,$DB699CB5     ;  "5588739357657373877"
4E97 4C1F9B2D69384890 (benchmark_itoa64_):02310             FQB $4C1F9B2D,$69384890     ;  "5485273490501683344"
4E9F BF83D2A20B91ED3B (benchmark_itoa64_):02311             FQB $BF83D2A2,$0B91ED3B     ; "-4646638797095572165"
4EA7 D9B044BB0FA55425 (benchmark_itoa64_):02312             FQB $D9B044BB,$0FA55425     ; "-2760631001366047707"
4EAF 602B1A6CA3B353F0 (benchmark_itoa64_):02313             FQB $602B1A6C,$A3B353F0     ;  "6929661505544868848"
4EB7 8B9D69C7966EF434 (benchmark_itoa64_):02314             FQB $8B9D69C7,$966EF434     ; "-8386430625150733260"
4EBF 80291A6EF8BE93B7 (benchmark_itoa64_):02315             FQB $80291A6E,$F8BE93B7     ; "-9211802498887674953"
4EC7 96B974A5F718B8FB (benchmark_itoa64_):02316             FQB $96B974A5,$F718B8FB     ; "-7585903841164871429"
4ECF 19BC6C5A61AB00F5 (benchmark_itoa64_):02317             FQB $19BC6C5A,$61AB00F5     ;  "1854476282011255029"
4ED7 DD9E88DA5C209836 (benchmark_itoa64_):02318             FQB $DD9E88DA,$5C209836     ; "-2477392273577306058"
4EDF BE168FAFEDFBA714 (benchmark_itoa64_):02319             FQB $BE168FAF,$EDFBA714     ; "-4749450771240868076"
4EE7 112D3763A95F6D16 (benchmark_itoa64_):02320             FQB $112D3763,$A95F6D16     ;  "1237706373779647766"
4EEF 6A7FB84D8F49DF94 (benchmark_itoa64_):02321             FQB $6A7FB84D,$8F49DF94     ;  "7674054933318590356"
4EF7 B32CFE3AC308AA95 (benchmark_itoa64_):02322             FQB $B32CFE3A,$C308AA95     ; "-5535770313611498859"
4EFF 5C8B794BC1DBF396 (benchmark_itoa64_):02323             FQB $5C8B794B,$C1DBF396     ;  "6668557039534076822"
4F07 D564C8A8ED0C428F (benchmark_itoa64_):02324             FQB $D564C8A8,$ED0C428F     ; "-3070108418102771057"
4F0F 1017CDBC4C92FB02 (benchmark_itoa64_):02325             FQB $1017CDBC,$4C92FB02     ;  "1159621637693438722"
4F17 806D39FF0EB27BDA (benchmark_itoa64_):02326             FQB $806D39FF,$0EB27BDA     ; "-9192627496767292454"
4F1F 4B7767E264E01739 (benchmark_itoa64_):02327             FQB $4B7767E2,$64E01739     ;  "5437929297125840697"
4F27 171582E446BCD4AD (benchmark_itoa64_):02328             FQB $171582E4,$46BCD4AD     ;  "1663379554334201005"
4F2F 03D16D128342C6DD (benchmark_itoa64_):02329             FQB $03D16D12,$8342C6DD     ;   "275120978525341405"
4F37 5973C1E54E7F0EF5 (benchmark_itoa64_):02330             FQB $5973C1E5,$4E7F0EF5     ;  "6445708682305933045"
4F3F 69B6216E87281F69 (benchmark_itoa64_):02331             FQB $69B6216E,$87281F69     ;  "7617312578341445481"
4F47 96CBE8B323DF86D3 (benchmark_itoa64_):02332             FQB $96CBE8B3,$23DF86D3     ; "-7580709691649456429"
4F4F B95ABB9814142800 (benchmark_itoa64_):02333             FQB $B95ABB98,$14142800     ; "-5090550166942636032"
4F57 1756D3604A326A43 (benchmark_itoa64_):02334             FQB $1756D360,$4A326A43     ;  "1681763921384598083"
4F5F 1C9E47B800F922B7 (benchmark_itoa64_):02335             FQB $1C9E47B8,$00F922B7     ;  "2062164534998147767"
4F67 BAE3DD5D8AC32EB3 (benchmark_itoa64_):02336             FQB $BAE3DD5D,$8AC32EB3     ; "-4979893369111892301"
4F6F 2C1940A141DEE8EF (benchmark_itoa64_):02337             FQB $2C1940A1,$41DEE8EF     ;  "3177642073425635567"
4F77 E91BDD7FF5A2B868 (benchmark_itoa64_):02338             FQB $E91BDD7F,$F5A2B868     ; "-1649481296849487768"
4F7F A3C8E3556CFBC228 (benchmark_itoa64_):02339             FQB $A3C8E355,$6CFBC228     ; "-6644811294145002968"
4F87 FDD5125EA32E72DD (benchmark_itoa64_):02340             FQB $FDD5125E,$A32E72DD     ;  "-156198414400458019"
4F8F E33676583B5EB2DF (benchmark_itoa64_):02341             FQB $E3367658,$3B5EB2DF     ; "-2074340457032273185"
4F97 563B8984D00E620E (benchmark_itoa64_):02342             FQB $563B8984,$D00E620E     ;  "6213711314407023118"
4F9F C018D44FB6DD39B0 (benchmark_itoa64_):02343             FQB $C018D44F,$B6DD39B0     ; "-4604697180150875728"
4FA7 FE44E6D460032D86 (benchmark_itoa64_):02344             FQB $FE44E6D4,$60032D86     ;  "-124721089841255034"
4FAF B63753ABA5B6C5BE (benchmark_itoa64_):02345             FQB $B63753AB,$A5B6C5BE     ; "-5316688838402849346"
4FB7 29ADC5FF73A6AF57 (benchmark_itoa64_):02346             FQB $29ADC5FF,$73A6AF57     ;  "3003274227473624919"
4FBF 7A42A41CB3C2C911 (benchmark_itoa64_):02347             FQB $7A42A41C,$B3C2C911     ;  "8809784264272038161"
4FC7 6787BA35C69D73C9 (benchmark_itoa64_):02348             FQB $6787BA35,$C69D73C9     ;  "7460136047890756553"
4FCF 1C5DABD864D3428B (benchmark_itoa64_):02349             FQB $1C5DABD8,$64D3428B     ;  "2043978751788925579"
4FD7 495737BDE7D80478 (benchmark_itoa64_):02350             FQB $495737BD,$E7D80478     ;  "5284753976520606840"
4FDF C9BAC77CBA8ED823 (benchmark_itoa64_):02351             FQB $C9BAC77C,$BA8ED823     ; "-3910593987898058717"
4FE7 9D7ECB1F88AFE15E (benchmark_itoa64_):02352             FQB $9D7ECB1F,$88AFE15E     ; "-7098012626391670434"
4FEF 22ECBB71C4016C51 (benchmark_itoa64_):02353             FQB $22ECBB71,$C4016C51     ;  "2516592389087390801"
4FF7 44D508D397C75379 (benchmark_itoa64_):02354             FQB $44D508D3,$97C75379     ;  "4959880269496013689"
4FFF 8F0137E09822FB6E (benchmark_itoa64_):02355             FQB $8F0137E0,$9822FB6E     ; "-8142165213544514706"
5007 1D22D06C09F10B3C (benchmark_itoa64_):02356             FQB $1D22D06C,$09F10B3C     ;  "2099469538749909820"
500F 8CE434AEF0A98DAF (benchmark_itoa64_):02357             FQB $8CE434AE,$F0A98DAF     ; "-8294446687743013457"
5017 028E91137695AC2F (benchmark_itoa64_):02358             FQB $028E9113,$7695AC2F     ;   "184244147548695599"
501F F81BD2BAF054E746 (benchmark_itoa64_):02359             FQB $F81BD2BA,$F054E746     ;  "-568629227594389690"
5027 7321D9E2D9B018C6 (benchmark_itoa64_):02360             FQB $7321D9E2,$D9B018C6     ;  "8296151556931197126"
502F 71BB8B608138FE6C (benchmark_itoa64_):02361             FQB $71BB8B60,$8138FE6C     ;  "8195297193531866732"
5037 D47E85216D130186 (benchmark_itoa64_):02362             FQB $D47E8521,$6D130186     ; "-3134921911992909434"
503F E0580D37C81A35C0 (benchmark_itoa64_):02363             FQB $E0580D37,$C81A35C0     ; "-2281058678031632960"
5047 F3AFA0147C2DE6F2 (benchmark_itoa64_):02364             FQB $F3AFA014,$7C2DE6F2     ;  "-887314591725525262"
504F 7272376D425E5C1E (benchmark_itoa64_):02365             FQB $7272376D,$425E5C1E     ;  "8246714810073242654"
5057 55538D1F3701DDBE (benchmark_itoa64_):02366             FQB $55538D1F,$3701DDBE     ;  "6148413081497230782"
505F 6E29E693EAE277D2 (benchmark_itoa64_):02367             FQB $6E29E693,$EAE277D2     ;  "7938129341192501202"
5067 E5FB53509BFF8855 (benchmark_itoa64_):02368             FQB $E5FB5350,$9BFF8855     ; "-1874813214189975467"
506F FF68AC18F60213DC (benchmark_itoa64_):02369             FQB $FF68AC18,$F60213DC     ;   "-42594973253495844"
5077 14495AE11D3E622D (benchmark_itoa64_):02370             FQB $14495AE1,$1D3E622D     ;  "1461799476963205677"
507F F160978199B84E7F (benchmark_itoa64_):02371             FQB $F1609781,$99B84E7F     ; "-1053675729919127937"
5087 75F96E2215040028 (benchmark_itoa64_):02372             FQB $75F96E22,$15040028     ;  "8500946864299049000"
508F E21FBBD101D50BD9 (benchmark_itoa64_):02373             FQB $E21FBBD1,$01D50BD9     ; "-2152795590506509351"
5097 ADD3521D02A0FF74 (benchmark_itoa64_):02374             FQB $ADD3521D,$02A0FF74     ; "-5921298800510435468"
509F BAE01F2F832A1013 (benchmark_itoa64_):02375             FQB $BAE01F2F,$832A1013     ; "-4980946898947272685"
50A7 DC0FA075994F9A3E (benchmark_itoa64_):02376             FQB $DC0FA075,$994F9A3E     ; "-2589674833770997186"
50AF CB6D02C7FBA5C0F6 (benchmark_itoa64_):02377             FQB $CB6D02C7,$FBA5C0F6     ; "-3788368653605027594"
50B7 3079A08D7E4F60B3 (benchmark_itoa64_):02378             FQB $3079A08D,$7E4F60B3     ;  "3492999515572494515"
50BF D21F9D638B4067B6 (benchmark_itoa64_):02379             FQB $D21F9D63,$8B4067B6     ; "-3305750550603077706"
50C7 69589E9F765C675F (benchmark_itoa64_):02380             FQB $69589E9F,$765C675F     ;  "7590991579655726943"
50CF 817F2EB0155B9F7E (benchmark_itoa64_):02381             FQB $817F2EB0,$155B9F7E     ; "-9115515786967146626"
50D7 BEED26C4CD006BAD (benchmark_itoa64_):02382             FQB $BEED26C4,$CD006BAD     ; "-4689049010328015955"
50DF FA6D7C4AFB21FBED (benchmark_itoa64_):02383             FQB $FA6D7C4A,$FB21FBED     ;  "-401528130283373587"
50E7 E78707BAAF6C974E (benchmark_itoa64_):02384             FQB $E78707BA,$AF6C974E     ; "-1763432230703818930"
50EF 6642297FAB0BDA01 (benchmark_itoa64_):02385             FQB $6642297F,$AB0BDA01     ;  "7368497568638818817"
50F7 32B91A27FE93FA32 (benchmark_itoa64_):02386             FQB $32B91A27,$FE93FA32     ;  "3654981331665025586"
50FF 4453F92D5824497C (benchmark_itoa64_):02387             FQB $4453F92D,$5824497C     ;  "4923552790793701756"
5107 F0589CB515B0E431 (benchmark_itoa64_):02388             FQB $F0589CB5,$15B0E431     ; "-1127979405089381327"
510F DAAF1B160184CF9C (benchmark_itoa64_):02389             FQB $DAAF1B16,$0184CF9C     ; "-2688900671188185188"
5117 19904F785E090CC3 (benchmark_itoa64_):02390             FQB $19904F78,$5E090CC3     ;  "1842059625986854083"
511F 28833DC5A7B71398 (benchmark_itoa64_):02391             FQB $28833DC5,$A7B71398     ;  "2919244902597858200"
5127 71071F49EE134E27 (benchmark_itoa64_):02392             FQB $71071F49,$EE134E27     ;  "8144512853510147623"
512F 223723E34C68D204 (benchmark_itoa64_):02393             FQB $223723E3,$4C68D204     ;  "2465478780155122180"
5137 972AC74910C2399F (benchmark_itoa64_):02394             FQB $972AC749,$10C2399F     ; "-7554006308332881505"
513F 2BF80D52EE6CB25B (benchmark_itoa64_):02395             FQB $2BF80D52,$EE6CB25B     ;  "3168296987693724251"
5147 0F00DB7873C95434 (benchmark_itoa64_):02396             FQB $0F00DB78,$73C95434     ;  "1081105220954051636"
514F F3442A3EDCF881B6 (benchmark_itoa64_):02397             FQB $F3442A3E,$DCF881B6     ;  "-917561974593125962"
5157 9705508240DEA64B (benchmark_itoa64_):02398             FQB $97055082,$40DEA64B     ; "-7564551478734576053"
515F 85F482C3A202FDEC (benchmark_itoa64_):02399             FQB $85F482C3,$A202FDEC     ; "-8794260395599397396"
5167 C65F5CD470098514 (benchmark_itoa64_):02400             FQB $C65F5CD4,$70098514     ; "-4152498263929813740"
516F FC981F874CF75B8D (benchmark_itoa64_):02401             FQB $FC981F87,$4CF75B8D     ;  "-245411513719366771"
5177 FF577A6BE0DF7B38 (benchmark_itoa64_):02402             FQB $FF577A6B,$E0DF7B38     ;   "-47434667311269064"
517F 4159DF65DB99420D (benchmark_itoa64_):02403             FQB $4159DF65,$DB99420D     ;  "4709040513961509389"
5187 8E456C4BF9B343B1 (benchmark_itoa64_):02404             FQB $8E456C4B,$F9B343B1     ; "-8195024873363127375"
518F 04B390ED17581ECF (benchmark_itoa64_):02405             FQB $04B390ED,$17581ECF     ;   "338773744956219087"
5197 F277118AAB0C8809 (benchmark_itoa64_):02406             FQB $F277118A,$AB0C8809     ;  "-975291507029538807"
519F ABDECD8DBE8EB439 (benchmark_itoa64_):02407             FQB $ABDECD8D,$BE8EB439     ; "-6062182039723002823"
51A7 E0EC6F52E2E7ADB2 (benchmark_itoa64_):02408             FQB $E0EC6F52,$E2E7ADB2     ; "-2239292512925143630"
51AF AC23E38F33F458E3 (benchmark_itoa64_):02409             FQB $AC23E38F,$33F458E3     ; "-6042736070809593629"
51B7 567400825B24FB0D (benchmark_itoa64_):02410             FQB $56740082,$5B24FB0D     ;  "6229604744435137293"
51BF AD4591B67D0B148C (benchmark_itoa64_):02411             FQB $AD4591B6,$7D0B148C     ; "-5961198318787029876"
51C7 30DDAA425D279556 (benchmark_itoa64_):02412             FQB $30DDAA42,$5D279556     ;  "3521157685681034582"
51CF 00F9FA1DB1F4BB9C (benchmark_itoa64_):02413             FQB $00F9FA1D,$B1F4BB9C     ;    "70362274647554972"
51D7 A34C8D40267340D2 (benchmark_itoa64_):02414             FQB $A34C8D40,$267340D2     ; "-6679808840634777390"
51DF 25F148758A62B0F3 (benchmark_itoa64_):02415             FQB $25F14875,$8A62B0F3     ;  "2734046118460698867"
51E7 116445E91DB231F6 (benchmark_itoa64_):02416             FQB $116445E9,$1DB231F6     ;  "1253203463843754486"
51EF F9112E22858F97A2 (benchmark_itoa64_):02417             FQB $F9112E22,$858F97A2     ;  "-499567357856868446"
51F7 905AC45424012271 (benchmark_itoa64_):02418             FQB $905AC454,$24012271     ; "-8044901918683618703"
51FF ECD5A30803FC8E45 (benchmark_itoa64_):02419             FQB $ECD5A308,$03FC8E45     ; "-1381018455897239995"
5207 B0A8F14AFF9C18C4 (benchmark_itoa64_):02420             FQB $B0A8F14A,$FF9C18C4     ; "-5717054422528550716"
520F A02754DD87C1B986 (benchmark_itoa64_):02421             FQB $A02754DD,$87C1B986     ; "-6906458193107240570"
5217 0891DAAFD4F1206A (benchmark_itoa64_):02422             FQB $0891DAAF,$D4F1206A     ;   "617515072653172842"
521F A9D38E3EE621BD31 (benchmark_itoa64_):02423             FQB $A9D38E3E,$E621BD31     ; "-6209463060413694671"
5227 74B0D27E4208AEFE (benchmark_itoa64_):02424             FQB $74B0D27E,$4208AEFE     ;  "8408451944016293630"
522F 86F969417765774C (benchmark_itoa64_):02425             FQB $86F96941,$7765774C     ; "-8720823473529325748"
5237 7C13458BAEC181ED (benchmark_itoa64_):02426             FQB $7C13458B,$AEC181ED     ;  "8940566151495254509"
523F 3148A601865EA0BF (benchmark_itoa64_):02427             FQB $3148A601,$865EA0BF     ;  "3551270831661162687"
5247 6CDF080CD0332FE3 (benchmark_itoa64_):02428             FQB $6CDF080C,$D0332FE3     ;  "7844997927028338659"
524F 4D55FB9C11F25067 (benchmark_itoa64_):02429             FQB $4D55FB9C,$11F25067     ;  "5572636761675419751"
5257 928FA7AB96AFAC23 (benchmark_itoa64_):02430             FQB $928FA7AB,$96AFAC23     ; "-7885900067093107677"
525F EA2F104E3E20C9E1 (benchmark_itoa64_):02431             FQB $EA2F104E,$3E20C9E1     ; "-1572019816693184031"
5267 7F926D21288D3C58 (benchmark_itoa64_):02432             FQB $7F926D21,$288D3C58     ;  "9192529778598296664"
526F 6781D0973DE89B5B (benchmark_itoa64_):02433             FQB $6781D097,$3DE89B5B     ;  "7458471805899545435"
5277 A178D359379631D4 (benchmark_itoa64_):02434             FQB $A178D359,$379631D4     ; "-6811462056259735084"
527F D31879EE5DB9EFD2 (benchmark_itoa64_):02435             FQB $D31879EE,$5DB9EFD2     ; "-3235702267584057390"
5287 5BC448249C673BE0 (benchmark_itoa64_):02436             FQB $5BC44824,$9C673BE0     ;  "6612489474966764512"
528F 3DD70E23278C8503 (benchmark_itoa64_):02437             FQB $3DD70E23,$278C8503     ;  "4456045900456559875"
5297 FFC9AA593CE93368 (benchmark_itoa64_):02438             FQB $FFC9AA59,$3CE93368     ;   "-15293823468358808"
529F 3B6D79C14DCBC22B (benchmark_itoa64_):02439             FQB $3B6D79C1,$4DCBC22B     ;  "4282212691840057899" 
                      (benchmark_itoa64_):02440         ;------------------------------------------------------------------------------
52A7                  (benchmark_itoa64_):02441         END_TEST_VECTORS
                      (benchmark_itoa64_):02442         ;------------------------------------------------------------------------------
                      (benchmark_itoa64_):02443         ; EOF
                      (benchmark_itoa64_):02444         ;------------------------------------------------------------------------------
