                      (benchmark_itoa64.):00001         ;------------------------------------------------------------------------------
                      (benchmark_itoa64.):00002         ;
                      (benchmark_itoa64.):00003         ; ITOA64 - 64-BIT SIGNED INTEGER TO DECOMAL STRING - EXPERIMENTS
                      (benchmark_itoa64.):00004         ;
                      (benchmark_itoa64.):00005         ; THIS IS A FAIRLY NAIVE IMPLEMENTATION OF ITOA FOR 64-BIT INTEGERS.
                      (benchmark_itoa64.):00006         ;
                      (benchmark_itoa64.):00007         ; FOR FUN, AND TO COMPARE PERFORMANCE DIFFERENCES BETWEEN MC6809 AND HD6309,
                      (benchmark_itoa64.):00008         ; TWO DIFFERENT VERSIONS OF EACH FUNCTION ARE PROVIDED, ONE FOR EACH 
                      (benchmark_itoa64.):00009         ; ARCHITECTURE.
                      (benchmark_itoa64.):00010         ;
                      (benchmark_itoa64.):00011         ; THE PRIMARY DIFFERENCE BETWEEN THE TWO VERSIONS IS THAT THE 6809 DOES 
                      (benchmark_itoa64.):00012         ; EVERYTHING BYTE-WISE, WHILE THE HD6309 VERSION, WHERE POSSIBLE DOES 
                      (benchmark_itoa64.):00013         ; A LOT OF THINGS WORD-WISE. 
                      (benchmark_itoa64.):00014         ;
                      (benchmark_itoa64.):00015         ; (THE 6309 FCN NAMES HAVE A _3, WHILE 6809 ONES HAVE _8)
                      (benchmark_itoa64.):00016         ;
                      (benchmark_itoa64.):00017         ; FOR TIMING, IT GETS THE START AND END TIMES OF EACH TEST USING THE 
                      (benchmark_itoa64.):00018         ; PUGPUTER 6309'S INTERRUPT-BASED 16HZ TICK COUNTER.
                      (benchmark_itoa64.):00019         ; 
                      (benchmark_itoa64.):00020         ; HERE'S THE RESULTS I GOT (WITH A 3.58MHZ BUS CLOCK).
                      (benchmark_itoa64.):00021         ;
                      (benchmark_itoa64.):00022         ;   CPU-MODE            CODE_VERSION            16HZ_TICKS
                      (benchmark_itoa64.):00023         ;   --------------      ------------            ----------
                      (benchmark_itoa64.):00024         ;   6309-NATIVE         6809                    187
                      (benchmark_itoa64.):00025         ;   6309-NATIVE         6309                    133   
                      (benchmark_itoa64.):00026         ;   6809-EMULATION      6809                    196
                      (benchmark_itoa64.):00027         ;   6809-EMULATION      6309                    144
                      (benchmark_itoa64.):00028         ;
                      (benchmark_itoa64.):00029         ;------------------------------------------------------------------------------
                      (benchmark_itoa64.):00030             INCLUDE bios_func_tab.d     ; BIOS functions jump table
                      (  bios_func_tab.d):00001         ;------------------------------------------------------------------------------
                      (  bios_func_tab.d):00002         ; BIOS BIOS FUNCTION JUMP TABLE ADDRESSES
                      (  bios_func_tab.d):00003         ;------------------------------------------------------------------------------
     FEA0             (  bios_func_tab.d):00004         FUNC_BASE       EQU  $FEA0          ; SEE 6309/BOOT/MAIN.ASM FOR DEFS
                      (  bios_func_tab.d):00005         ;------------------------------------------------------------------------------
     FEA0             (  bios_func_tab.d):00006         BF_V_RESET      EQU  FUNC_BASE+0
     FEA3             (  bios_func_tab.d):00007         BF_UT_GETC      EQU  FUNC_BASE+3
     FEA6             (  bios_func_tab.d):00008         BF_UT_GETS      EQU  FUNC_BASE+6
     FEA9             (  bios_func_tab.d):00009         BF_UT_PUTC      EQU  FUNC_BASE+9    ;
     FEAC             (  bios_func_tab.d):00010         BF_UT_PUTS      EQU  FUNC_BASE+12
     FEAF             (  bios_func_tab.d):00011         BF_UT_WAITTX    EQU  FUNC_BASE+15
     FEB2             (  bios_func_tab.d):00012         BF_UT_CLRSCR    EQU  FUNC_BASE+18
     FEB5             (  bios_func_tab.d):00013         BF_S_HEXA       EQU  FUNC_BASE+21   ; CONVERT REG A TO HEX OCTET AT X, X+=2
     FEB8             (  bios_func_tab.d):00014         BF_S_EOL        EQU  FUNC_BASE+24   ; PUT CR, LF, $00 AT X, X+=3
     FEBB             (  bios_func_tab.d):00015         BF_S_LEN        EQU  FUNC_BASE+27   ; PUT LEN OF STRING AT X INTO REG B
     FEBE             (  bios_func_tab.d):00016         BF_S_CPY        EQU  FUNC_BASE+30   ; COPY STRING AT Y TO MEM AT X. X+=?
     FEC1             (  bios_func_tab.d):00017         BF_RTC_GETTIX   EQU  FUNC_BASE+33   ; GET CURRENT SYSTEM TICKS TO I64 AT X.
     FEC4             (  bios_func_tab.d):00018         BF_S_TOUPPER    EQU  FUNC_BASE+36   ; MAKE A UPPERCASE IF IT IS LOWERCASE
     FEC7             (  bios_func_tab.d):00019         BF_S_INTD       EQU  FUNC_BASE+39   ; CONVERT REG D TO STRING AT X, X+=?
     FECA             (  bios_func_tab.d):00020         BF_RTC_SETTIX   EQU  FUNC_BASE+42   ; SET CURRENT SYSTEM TICKS FROM I64 AT X.
                      (  bios_func_tab.d):00021         ;------------------------------------------------------------------------------
                      (  bios_func_tab.d):00022         ; EOF
                      (  bios_func_tab.d):00023         ;------------------------------------------------------------------------------
                      (benchmark_itoa64.):00031         ;------------------------------------------------------------------------------
     000A             (benchmark_itoa64.):00032         LF  EQU  $0A        ; LINE FEED
     000D             (benchmark_itoa64.):00033         CR  EQU  $0D        ; CARRIAGE RETURN
     0000             (benchmark_itoa64.):00034         NUL EQU  $00
                      (benchmark_itoa64.):00035         ;------------------------------------------------------------------------------
                      (benchmark_itoa64.):00036         ; ENTRYPOINT
                      (benchmark_itoa64.):00037         ;------------------------------------------------------------------------------
                      (benchmark_itoa64.):00038             ORG $1000
                      (benchmark_itoa64.):00039         ;------------------------------------------------------------------------------
1000                  (benchmark_itoa64.):00040         START:
1000 BD10A3           (benchmark_itoa64.):00041             JSR MAIN_8
1003 BD10CC           (benchmark_itoa64.):00042             JSR MAIN_3
1006 39               (benchmark_itoa64.):00043             RTS
                      (benchmark_itoa64.):00044         ;------------------------------------------------------------------------------
                      (benchmark_itoa64.):00045         ; CONSTS
                      (benchmark_itoa64.):00046         ;------------------------------------------------------------------------------
1007 52554E4E494E4720 (benchmark_itoa64.):00047         MSG_START_8 FCC  "RUNNING ITOA64 BENCHMARK (6809 VER)... "
     49544F4136342042
     454E43484D41524B
     2028363830392056
     4552292E2E2E20
102E 00               (benchmark_itoa64.):00048                     FCB  0
102F 52554E4E494E4720 (benchmark_itoa64.):00049         MSG_START_3 FCC  "RUNNING ITOA64 BENCHMARK (6309 VER)... "
     49544F4136342042
     454E43484D41524B
     2028363330392056
     4552292E2E2E20
1056 00               (benchmark_itoa64.):00050                     FCB  0
1057 444F4E452E2028   (benchmark_itoa64.):00051         MSG_TOOK    FCC  "DONE. ("
105E 00               (benchmark_itoa64.):00052                     FCB  0
105F 205449434B5329   (benchmark_itoa64.):00053         MSG_END     FCC  " TICKS)"
1066 0A0D00           (benchmark_itoa64.):00054         MSG_CR      FCB  LF,CR,0
                      (benchmark_itoa64.):00055         ;------------------------------------------------------------------------------
                      (benchmark_itoa64.):00056         ; VARS
                      (benchmark_itoa64.):00057         ;------------------------------------------------------------------------------
                      (benchmark_itoa64.):00058         ; USED BY TESTS
1069                  (benchmark_itoa64.):00059         SERBUF      RMB 32
1089                  (benchmark_itoa64.):00060         STARTTICKS  RMB 8
1091                  (benchmark_itoa64.):00061         ENDTICKS    RMB 8
                      (benchmark_itoa64.):00062         ; USED BY ITOA64
1099                  (benchmark_itoa64.):00063         I64         RMB 8       ; WORKING VALUE
10A1                  (benchmark_itoa64.):00064         DIGIT       RMB 1       ; WORKING DIGIT
10A2                  (benchmark_itoa64.):00065         LEADZ       RMB 1       ; 1:IGNORING LEADING ZEROES
                      (benchmark_itoa64.):00066         ;------------------------------------------------------------------------------
                      (benchmark_itoa64.):00067         ; MAINLOOP - 6809 VERSION
                      (benchmark_itoa64.):00068         ;------------------------------------------------------------------------------
10A3                  (benchmark_itoa64.):00069         MAIN_8:
10A3 108E1066         (benchmark_itoa64.):00070             LDY  #MSG_CR
10A7 BDFEAC           (benchmark_itoa64.):00071             JSR  BF_UT_PUTS
10AA 108E1007         (benchmark_itoa64.):00072             LDY  #MSG_START_8
10AE BDFEAC           (benchmark_itoa64.):00073             JSR  BF_UT_PUTS    
10B1 BDFEAF           (benchmark_itoa64.):00074             JSR  BF_UT_WAITTX
10B4 8E1089           (benchmark_itoa64.):00075             LDX  #STARTTICKS    ; GET STARTING SYS TICK COUNT (U64 16THS OF SECONDS)
10B7 BDFEC1           (benchmark_itoa64.):00076             JSR  BF_RTC_GETTIX  
10BA 8E137F           (benchmark_itoa64.):00077             LDX  #TEST_VECTORS
10BD                  (benchmark_itoa64.):00078         MAINLOOP_8:
10BD 108E1069         (benchmark_itoa64.):00079             LDY  #SERBUF
10C1 BD124A           (benchmark_itoa64.):00080             JSR  ITOA64_8
10C4 8C51FF           (benchmark_itoa64.):00081             CMPX #END_TEST_VECTORS
10C7 26F4             (benchmark_itoa64.):00082             BNE  MAINLOOP_8
10C9 7E10EE           (benchmark_itoa64.):00083             JMP  DO_END_TICKS
                      (benchmark_itoa64.):00084         ;------------------------------------------------------------------------------
                      (benchmark_itoa64.):00085         ; MAINLOOP - 6309 VERSION
                      (benchmark_itoa64.):00086         ;------------------------------------------------------------------------------
10CC                  (benchmark_itoa64.):00087         MAIN_3:
10CC 108E102F         (benchmark_itoa64.):00088             LDY  #MSG_START_3
10D0 BDFEAC           (benchmark_itoa64.):00089             JSR  BF_UT_PUTS
10D3 BDFEAF           (benchmark_itoa64.):00090             JSR  BF_UT_WAITTX
10D6 8E1089           (benchmark_itoa64.):00091             LDX  #STARTTICKS    ; GET STARTING SYS TICK COUNT (U64 16THS OF SECONDS)
10D9 BDFEC1           (benchmark_itoa64.):00092             JSR  BF_RTC_GETTIX  
10DC 8E137F           (benchmark_itoa64.):00093             LDX  #TEST_VECTORS
10DF                  (benchmark_itoa64.):00094         MAINLOOP_3:
10DF 108E1069         (benchmark_itoa64.):00095             LDY  #SERBUF
10E3 BD1312           (benchmark_itoa64.):00096             JSR  ITOA64_3
10E6 8C51FF           (benchmark_itoa64.):00097             CMPX #END_TEST_VECTORS
10E9 26F4             (benchmark_itoa64.):00098             BNE  MAINLOOP_3
10EB 7E10EE           (benchmark_itoa64.):00099             JMP  DO_END_TICKS
                      (benchmark_itoa64.):00100         ;------------------------------------------------------------------------------
10EE                  (benchmark_itoa64.):00101         DO_END_TICKS:
10EE 8E1091           (benchmark_itoa64.):00102             LDX  #ENDTICKS      ; GET ENDING TICKCOUNT
10F1 BDFEC1           (benchmark_itoa64.):00103             JSR  BF_RTC_GETTIX  
10F4 8E1091           (benchmark_itoa64.):00104             LDX  #ENDTICKS
10F7 CE1089           (benchmark_itoa64.):00105             LDU  #STARTTICKS
10FA BD12D9           (benchmark_itoa64.):00106             JSR  SUB64_XU_3
10FD 108E1057         (benchmark_itoa64.):00107             LDY  #MSG_TOOK
1101 BDFEAC           (benchmark_itoa64.):00108             JSR  BF_UT_PUTS
1104 108E1069         (benchmark_itoa64.):00109             LDY  #SERBUF
1108 BD1312           (benchmark_itoa64.):00110             JSR  ITOA64_3
110B 108E1069         (benchmark_itoa64.):00111             LDY  #SERBUF
110F BDFEAC           (benchmark_itoa64.):00112             JSR  BF_UT_PUTS
1112 108E105F         (benchmark_itoa64.):00113             LDY  #MSG_END
1116 BDFEAC           (benchmark_itoa64.):00114             JSR  BF_UT_PUTS
1119 BDFEAF           (benchmark_itoa64.):00115             JSR  BF_UT_WAITTX
111C 39               (benchmark_itoa64.):00116             RTS
                      (benchmark_itoa64.):00117         ;------------------------------------------------------------------------------
                      (benchmark_itoa64.):00118         ; GIVEN AN I64 AT X, NEGATE IT. (COMPLEMENT ALL WORDS, THEN ADD 1.)
                      (benchmark_itoa64.):00119         ;------------------------------------------------------------------------------
111D                  (benchmark_itoa64.):00120         NEGATE64_8:
111D 8600             (benchmark_itoa64.):00121             LDA  #0
111F A007             (benchmark_itoa64.):00122             SUBA  7,X
1121 A707             (benchmark_itoa64.):00123             STA   7,X
1123 8600             (benchmark_itoa64.):00124             LDA  #0
1125 A206             (benchmark_itoa64.):00125             SBCA  6,X
1127 A706             (benchmark_itoa64.):00126             STA   6,X
1129 8600             (benchmark_itoa64.):00127             LDA  #0
112B A205             (benchmark_itoa64.):00128             SBCA  5,X
112D A705             (benchmark_itoa64.):00129             STA   5,X
112F 8600             (benchmark_itoa64.):00130             LDA  #0
1131 A204             (benchmark_itoa64.):00131             SBCA  4,X
1133 A704             (benchmark_itoa64.):00132             STA   4,X
1135 8600             (benchmark_itoa64.):00133             LDA  #0
1137 A203             (benchmark_itoa64.):00134             SBCA  3,X
1139 A703             (benchmark_itoa64.):00135             STA   3,X
113B 8600             (benchmark_itoa64.):00136             LDA  #0
113D A202             (benchmark_itoa64.):00137             SBCA  2,X
113F A702             (benchmark_itoa64.):00138             STA   2,X
1141 8600             (benchmark_itoa64.):00139             LDA  #0
1143 A201             (benchmark_itoa64.):00140             SBCA  1,X
1145 A701             (benchmark_itoa64.):00141             STA   1,X
1147 8600             (benchmark_itoa64.):00142             LDA  #0
1149 A200             (benchmark_itoa64.):00143             SBCA  0,X
114B A700             (benchmark_itoa64.):00144             STA   0,X
114D 39               (benchmark_itoa64.):00145             RTS
                      (benchmark_itoa64.):00146         ;------------------------------------------------------------------------------
                      (benchmark_itoa64.):00147         ; GIVEN I64'S AT X AND U, SUBTRACT U FROM X, LEAVING RESULT IN X.
                      (benchmark_itoa64.):00148         ;------------------------------------------------------------------------------
114E                  (benchmark_itoa64.):00149         SUB64_XU_8:
114E A607             (benchmark_itoa64.):00150             LDA   7,X
1150 A047             (benchmark_itoa64.):00151             SUBA  7,U
1152 A707             (benchmark_itoa64.):00152             STA   7,X
1154 A606             (benchmark_itoa64.):00153             LDA   6,X
1156 A246             (benchmark_itoa64.):00154             SBCA  6,U
1158 A706             (benchmark_itoa64.):00155             STA   6,X
115A A605             (benchmark_itoa64.):00156             LDA   5,X
115C A245             (benchmark_itoa64.):00157             SBCA  5,U
115E A705             (benchmark_itoa64.):00158             STA   5,X
1160 A604             (benchmark_itoa64.):00159             LDA   4,X
1162 A244             (benchmark_itoa64.):00160             SBCA  4,U
1164 A704             (benchmark_itoa64.):00161             STA   4,X
1166 A603             (benchmark_itoa64.):00162             LDA   3,X
1168 A243             (benchmark_itoa64.):00163             SBCA  3,U
116A A703             (benchmark_itoa64.):00164             STA   3,X
116C A602             (benchmark_itoa64.):00165             LDA   2,X
116E A242             (benchmark_itoa64.):00166             SBCA  2,U
1170 A702             (benchmark_itoa64.):00167             STA   2,X
1172 A601             (benchmark_itoa64.):00168             LDA   1,X
1174 A241             (benchmark_itoa64.):00169             SBCA  1,U
1176 A701             (benchmark_itoa64.):00170             STA   1,X
1178 A600             (benchmark_itoa64.):00171             LDA   0,X
117A A240             (benchmark_itoa64.):00172             SBCA  0,U
117C A700             (benchmark_itoa64.):00173             STA   0,X
117E 39               (benchmark_itoa64.):00174             RTS
                      (benchmark_itoa64.):00175         ;------------------------------------------------------------------------------
                      (benchmark_itoa64.):00176         ; GIVEN I64'S AT X AND U, COMPARE X TO U.
                      (benchmark_itoa64.):00177         ;------------------------------------------------------------------------------
117F                  (benchmark_itoa64.):00178         CMP64_XU_8:
117F 1C7E             (benchmark_itoa64.):00179             ANDCC #$7E          ; CLEAR CARRY
1181 A600             (benchmark_itoa64.):00180             LDA   0,X
1183 A140             (benchmark_itoa64.):00181             CMPA  0,U
1185 262A             (benchmark_itoa64.):00182             BNE   DONECMP64
1187 A601             (benchmark_itoa64.):00183             LDA   1,X
1189 A141             (benchmark_itoa64.):00184             CMPA  1,U
118B 2624             (benchmark_itoa64.):00185             BNE   DONECMP64
118D A602             (benchmark_itoa64.):00186             LDA   2,X
118F A142             (benchmark_itoa64.):00187             CMPA  2,U
1191 261E             (benchmark_itoa64.):00188             BNE   DONECMP64
1193 A603             (benchmark_itoa64.):00189             LDA   3,X
1195 A143             (benchmark_itoa64.):00190             CMPA  3,U
1197 2618             (benchmark_itoa64.):00191             BNE   DONECMP64
1199 A604             (benchmark_itoa64.):00192             LDA   4,X
119B A144             (benchmark_itoa64.):00193             CMPA  4,U
119D 2612             (benchmark_itoa64.):00194             BNE   DONECMP64
119F A605             (benchmark_itoa64.):00195             LDA   5,X
11A1 A145             (benchmark_itoa64.):00196             CMPA  5,U
11A3 260C             (benchmark_itoa64.):00197             BNE   DONECMP64
11A5 A606             (benchmark_itoa64.):00198             LDA   6,X
11A7 A146             (benchmark_itoa64.):00199             CMPA  6,U
11A9 2606             (benchmark_itoa64.):00200             BNE   DONECMP64
11AB A607             (benchmark_itoa64.):00201             LDA   7,X
11AD A147             (benchmark_itoa64.):00202             CMPA  7,U
11AF 2600             (benchmark_itoa64.):00203             BNE   DONECMP64
11B1                  (benchmark_itoa64.):00204         DONECMP64:
11B1 39               (benchmark_itoa64.):00205             RTS      
                      (benchmark_itoa64.):00206         ;------------------------------------------------------------------------------
                      (benchmark_itoa64.):00207         ; I64 POWERS OF 10, IN DESCENDING-ORDER, STARTING WITH 10^18
                      (benchmark_itoa64.):00208         ;------------------------------------------------------------------------------
11B2                  (benchmark_itoa64.):00209         POWERS:
11B2 0DE0B6B3A7640000 (benchmark_itoa64.):00210             FDB $0DE0,$B6B3,$A764,$0000
11BA 016345785D8A0000 (benchmark_itoa64.):00211             FDB $0163,$4578,$5D8A,$0000
11C2 002386F26FC10000 (benchmark_itoa64.):00212             FDB $0023,$86F2,$6FC1,$0000
11CA 00038D7EA4C68000 (benchmark_itoa64.):00213             FDB $0003,$8D7E,$A4C6,$8000
11D2 00005AF3107A4000 (benchmark_itoa64.):00214             FDB $0000,$5Af3,$107A,$4000
11DA 000009184E72A000 (benchmark_itoa64.):00215             FDB $0000,$0918,$4E72,$A000
11E2 000000E8D4A51000 (benchmark_itoa64.):00216             FDB $0000,$00E8,$D4A5,$1000
11EA 000000174876E800 (benchmark_itoa64.):00217             FDB $0000,$0017,$4876,$E800
11F2 00000002540BE400 (benchmark_itoa64.):00218             FDB $0000,$0002,$540B,$E400
11FA 000000003B9ACA00 (benchmark_itoa64.):00219             FDB $0000,$0000,$3B9A,$CA00
1202 0000000005F5E100 (benchmark_itoa64.):00220             FDB $0000,$0000,$05F5,$E100
120A 0000000000989680 (benchmark_itoa64.):00221             FDB $0000,$0000,$0098,$9680
1212 00000000000F4240 (benchmark_itoa64.):00222             FDB $0000,$0000,$000F,$4240
121A 00000000000186A0 (benchmark_itoa64.):00223             FDB $0000,$0000,$0001,$86A0
1222 0000000000002710 (benchmark_itoa64.):00224             FDB $0000,$0000,$0000,$2710
122A 00000000000003E8 (benchmark_itoa64.):00225             FDB $0000,$0000,$0000,$03E8
1232 0000000000000064 (benchmark_itoa64.):00226             FDB $0000,$0000,$0000,$0064
123A 000000000000000A (benchmark_itoa64.):00227             FDB $0000,$0000,$0000,$000A
1242 0000000000000001 (benchmark_itoa64.):00228             FDB $0000,$0000,$0000,$0001
                      (benchmark_itoa64.):00229         ;------------------------------------------------------------------------------
                      (benchmark_itoa64.):00230         ; GIVEN AN I64 AT X, OUTPUTS IT AS A NULL-TERMINATED DECIMAL STRING AT Y.
                      (benchmark_itoa64.):00231         ; ON RETURN, X WILL BE PAST THE 8-BYTE INPUT, AND Y WILL POINT AT THE STR NULL.
                      (benchmark_itoa64.):00232         ;------------------------------------------------------------------------------
124A                  (benchmark_itoa64.):00233         ITOA64_8:
124A EC81             (benchmark_itoa64.):00234             LDD  ,X++           ; STASH I64 INPUT VALUE AT X TO TEMP WORKING VAR
124C FD1099           (benchmark_itoa64.):00235             STD  I64+0
124F EC81             (benchmark_itoa64.):00236             LDD  ,X++
1251 FD109B           (benchmark_itoa64.):00237             STD  I64+2
1254 EC81             (benchmark_itoa64.):00238             LDD  ,X++
1256 FD109D           (benchmark_itoa64.):00239             STD  I64+4
1259 EC81             (benchmark_itoa64.):00240             LDD  ,X++
125B FD109F           (benchmark_itoa64.):00241             STD  I64+6
125E 3410             (benchmark_itoa64.):00242             PSHS X
1260 B61099           (benchmark_itoa64.):00243             LDA  I64
1263 8480             (benchmark_itoa64.):00244             ANDA #$80
1265 270A             (benchmark_itoa64.):00245             BEQ  DIDNEG
1267 8E1099           (benchmark_itoa64.):00246             LDX  #I64           ; IF I64 IS NEGATIVE, NEGATE IT,
126A BD111D           (benchmark_itoa64.):00247             JSR  NEGATE64_8
126D 862D             (benchmark_itoa64.):00248             LDA  #'-'           ; AND OUTPUT A MINUS SIGN.
126F A7A0             (benchmark_itoa64.):00249             STA  ,Y+
1271                  (benchmark_itoa64.):00250         DIDNEG:
1271 8E1099           (benchmark_itoa64.):00251             LDX  #I64           ; X AT TMP64
1274 CE11B2           (benchmark_itoa64.):00252             LDU  #POWERS        ; U AT POWERS TABLE
1277 8601             (benchmark_itoa64.):00253             LDA  #1
1279 B710A2           (benchmark_itoa64.):00254             STA  LEADZ          ; IGNORING LEADING ZEROES
127C                  (benchmark_itoa64.):00255         IT64_LOOP:              ; FOR EACH POWER OF TEN (EACH DIGIT)
127C 8630             (benchmark_itoa64.):00256             LDA  #'0'
127E B710A1           (benchmark_itoa64.):00257             STA  DIGIT
1281                  (benchmark_itoa64.):00258         IT64_ILOOP:             ; CALCULATE A DIGIT
1281 BD117F           (benchmark_itoa64.):00259             JSR  CMP64_XU_8     ; WHILE TMP64 >= POWER:
1284 2508             (benchmark_itoa64.):00260             BLO  DONE_ILOOP
1286 7C10A1           (benchmark_itoa64.):00261             INC  DIGIT          ;     DIGIT++
1289 BD114E           (benchmark_itoa64.):00262             JSR  SUB64_XU_8     ;     TMP64 -= POWER
128C 20F3             (benchmark_itoa64.):00263             BRA  IT64_ILOOP
128E                  (benchmark_itoa64.):00264         DONE_ILOOP:
128E B610A2           (benchmark_itoa64.):00265             LDA  LEADZ          ; IF NOT IGNORING LEADING ZEROES,
1291 2712             (benchmark_itoa64.):00266             BEQ  ADDDIGIT       ; OUTPUT EVERY DIGIT.   
1293 B610A1           (benchmark_itoa64.):00267             LDA  DIGIT
1296 8130             (benchmark_itoa64.):00268             CMPA #'0'
1298 2608             (benchmark_itoa64.):00269             BNE  NONZERO        ; DIGIT IS NONZERO.
129A 11831377         (benchmark_itoa64.):00270             CMPU #TEST_VECTORS-8 ; IF ALL ZEROES, DO OUTPUT THE LAST ONE.
129E 2702             (benchmark_itoa64.):00271             BEQ  NONZERO
12A0 2008             (benchmark_itoa64.):00272             BRA  SKIPDIGIT      ; SKIP THIS ZERO DIGIT.
12A2                  (benchmark_itoa64.):00273         NONZERO:
12A2 7F10A2           (benchmark_itoa64.):00274             CLR  LEADZ          ; DONE IGNORING ZEROES.
12A5                  (benchmark_itoa64.):00275         ADDDIGIT:
12A5 B610A1           (benchmark_itoa64.):00276             LDA  DIGIT          ; ADD DIGIT TO OUTPUT
12A8 A7A0             (benchmark_itoa64.):00277             STA  ,Y+
12AA                  (benchmark_itoa64.):00278         SKIPDIGIT:
12AA 3348             (benchmark_itoa64.):00279             LEAU 8,U            ; POINT U AT NEXT (LOWER) POWER OF 10, IF ANY.
12AC 1183124A         (benchmark_itoa64.):00280             CMPU #POWERS+152    ; IF PLACE VALUES REMAINING,
12B0 26CA             (benchmark_itoa64.):00281             BNE  IT64_LOOP      ; DO NEXT ONE.
12B2                  (benchmark_itoa64.):00282         IT64_DONE:
12B2 8600             (benchmark_itoa64.):00283             LDA  #0
12B4 A7A4             (benchmark_itoa64.):00284             STA  ,Y
12B6 3510             (benchmark_itoa64.):00285             PULS X
12B8 39               (benchmark_itoa64.):00286             RTS
                      (benchmark_itoa64.):00287         ;------------------------------------------------------------------------------
                      (benchmark_itoa64.):00288         ; GIVEN AN I64 AT X, NEGATE IT. (COMPLEMENT ALL WORDS, THEN ADD 1.)
                      (benchmark_itoa64.):00289         ;------------------------------------------------------------------------------
12B9                  (benchmark_itoa64.):00290         NEGATE64_3:
12B9 CC0000           (benchmark_itoa64.):00291             LDD  #0
12BC A306             (benchmark_itoa64.):00292             SUBD 6,X
12BE ED06             (benchmark_itoa64.):00293             STD  6,X
12C0 CC0000           (benchmark_itoa64.):00294             LDD  #0
12C3 10A204           (benchmark_itoa64.):00295             SBCD 4,X
12C6 ED04             (benchmark_itoa64.):00296             STD  4,X
12C8 CC0000           (benchmark_itoa64.):00297             LDD  #0
12CB 10A202           (benchmark_itoa64.):00298             SBCD 2,X
12CE ED02             (benchmark_itoa64.):00299             STD  2,X
12D0 CC0000           (benchmark_itoa64.):00300             LDD  #0
12D3 10A200           (benchmark_itoa64.):00301             SBCD 0,X
12D6 ED00             (benchmark_itoa64.):00302             STD  0,X
12D8 39               (benchmark_itoa64.):00303             RTS
                      (benchmark_itoa64.):00304         ;------------------------------------------------------------------------------
                      (benchmark_itoa64.):00305         ; GIVEN I64'S AT X AND U, SUBTRACT U FROM X, LEAVING RESULT IN X.
                      (benchmark_itoa64.):00306         ;------------------------------------------------------------------------------
12D9                  (benchmark_itoa64.):00307         SUB64_XU_3:
12D9 EC06             (benchmark_itoa64.):00308             LDD   6,X
12DB A346             (benchmark_itoa64.):00309             SUBD  6,U
12DD ED06             (benchmark_itoa64.):00310             STD   6,X
12DF EC04             (benchmark_itoa64.):00311             LDD   4,X
12E1 10A244           (benchmark_itoa64.):00312             SBCD  4,U
12E4 ED04             (benchmark_itoa64.):00313             STD   4,X
12E6 EC02             (benchmark_itoa64.):00314             LDD   2,X
12E8 10A242           (benchmark_itoa64.):00315             SBCD  2,U
12EB ED02             (benchmark_itoa64.):00316             STD   2,X
12ED EC00             (benchmark_itoa64.):00317             LDD   0,X
12EF 10A240           (benchmark_itoa64.):00318             SBCD  0,U
12F2 ED00             (benchmark_itoa64.):00319             STD   0,X
12F4 39               (benchmark_itoa64.):00320             RTS
                      (benchmark_itoa64.):00321         ;------------------------------------------------------------------------------
                      (benchmark_itoa64.):00322         ; GIVEN I64'S AT X AND U, COMPARE X TO U.
                      (benchmark_itoa64.):00323         ;------------------------------------------------------------------------------
12F5                  (benchmark_itoa64.):00324         CMP64_XU_3:
12F5 1C7E             (benchmark_itoa64.):00325             ANDCC #$7E          ; CLEAR CARRY
12F7 EC00             (benchmark_itoa64.):00326             LDD   0,X
12F9 10A340           (benchmark_itoa64.):00327             CMPD  0,U
12FC 2613             (benchmark_itoa64.):00328             BNE   DONECMP64_3
12FE EC02             (benchmark_itoa64.):00329             LDD   2,X
1300 10A342           (benchmark_itoa64.):00330             CMPD  2,U
1303 260C             (benchmark_itoa64.):00331             BNE   DONECMP64_3
1305 EC04             (benchmark_itoa64.):00332             LDD   4,X
1307 10A344           (benchmark_itoa64.):00333             CMPD  4,U
130A 2605             (benchmark_itoa64.):00334             BNE   DONECMP64_3
130C EC06             (benchmark_itoa64.):00335             LDD   6,X
130E 10A346           (benchmark_itoa64.):00336             CMPD  6,U
1311                  (benchmark_itoa64.):00337         DONECMP64_3:
1311 39               (benchmark_itoa64.):00338             RTS      
                      (benchmark_itoa64.):00339         ;------------------------------------------------------------------------------
                      (benchmark_itoa64.):00340         ; GIVEN AN I64 AT X, OUTPUTS IT AS A NULL-TERMINATED DECIMAL STRING AT Y.
                      (benchmark_itoa64.):00341         ; ON RETURN, X WILL BE PAST THE 8-BYTE INPUT, AND Y WILL POINT AT THE STR NULL.
                      (benchmark_itoa64.):00342         ;------------------------------------------------------------------------------
1312                  (benchmark_itoa64.):00343         ITOA64_3:
1312 10EC81           (benchmark_itoa64.):00344             LDQ   ,X++          ; STASH I64 INPUT VALUE AT X TO TEMP WORKING VAR
1315 3002             (benchmark_itoa64.):00345             LEAX 2,X
1317 10FD1099         (benchmark_itoa64.):00346             STQ  I64+0
131B 10EC81           (benchmark_itoa64.):00347             LDQ   ,X++
131E 3002             (benchmark_itoa64.):00348             LEAX 2,X
1320 10FD109D         (benchmark_itoa64.):00349             STQ  I64+4
1324 3410             (benchmark_itoa64.):00350             PSHS X
1326 B61099           (benchmark_itoa64.):00351             LDA  I64
1329 8480             (benchmark_itoa64.):00352             ANDA #$80
132B 270A             (benchmark_itoa64.):00353             BEQ  DIDNEG_3
132D 8E1099           (benchmark_itoa64.):00354             LDX  #I64           ; IF I64 IS NEGATIVE, NEGATE IT,
1330 BD12B9           (benchmark_itoa64.):00355             JSR  NEGATE64_3
1333 862D             (benchmark_itoa64.):00356             LDA  #'-'           ; AND OUTPUT A MINUS SIGN.
1335 A7A0             (benchmark_itoa64.):00357             STA  ,Y+
1337                  (benchmark_itoa64.):00358         DIDNEG_3:
1337 8E1099           (benchmark_itoa64.):00359             LDX  #I64           ; X AT TMP64
133A CE11B2           (benchmark_itoa64.):00360             LDU  #POWERS        ; U AT POWERS TABLE
133D 8601             (benchmark_itoa64.):00361             LDA  #1
133F B710A2           (benchmark_itoa64.):00362             STA  LEADZ          ; IGNORING LEADING ZEROES
1342                  (benchmark_itoa64.):00363         IT64_LOOP_3:            ; FOR EACH POWER OF TEN (EACH DIGIT)
1342 8630             (benchmark_itoa64.):00364             LDA  #'0'
1344 B710A1           (benchmark_itoa64.):00365             STA  DIGIT
1347                  (benchmark_itoa64.):00366         IT64_ILOOP_3:           ; CALCULATE A DIGIT
1347 BD12F5           (benchmark_itoa64.):00367             JSR  CMP64_XU_3     ; WHILE TMP64 >= POWER:
134A 2508             (benchmark_itoa64.):00368             BLO  DONE_ILOOP_3
134C 7C10A1           (benchmark_itoa64.):00369             INC  DIGIT          ;     DIGIT++
134F BD12D9           (benchmark_itoa64.):00370             JSR  SUB64_XU_3     ;     TMP64 -= POWER
1352 20F3             (benchmark_itoa64.):00371             BRA  IT64_ILOOP_3
1354                  (benchmark_itoa64.):00372         DONE_ILOOP_3:
1354 B610A2           (benchmark_itoa64.):00373             LDA  LEADZ          ; IF NOT IGNORING LEADING ZEROES,
1357 2712             (benchmark_itoa64.):00374             BEQ  ADDDIGIT_3     ; OUTPUT EVERY DIGIT.   
1359 B610A1           (benchmark_itoa64.):00375             LDA  DIGIT
135C 8130             (benchmark_itoa64.):00376             CMPA #'0'
135E 2608             (benchmark_itoa64.):00377             BNE  NONZERO_3      ; DIGIT IS NONZERO.
1360 11831377         (benchmark_itoa64.):00378             CMPU #TEST_VECTORS-8 ; IF ALL ZEROES, DO OUTPUT THE LAST ONE.
1364 2702             (benchmark_itoa64.):00379             BEQ  NONZERO_3
1366 2008             (benchmark_itoa64.):00380             BRA  SKIPDIGIT_3    ; SKIP THIS ZERO DIGIT.
1368                  (benchmark_itoa64.):00381         NONZERO_3:
1368 7F10A2           (benchmark_itoa64.):00382             CLR  LEADZ          ; DONE IGNORING ZEROES.
136B                  (benchmark_itoa64.):00383         ADDDIGIT_3:
136B B610A1           (benchmark_itoa64.):00384             LDA  DIGIT          ; ADD DIGIT TO OUTPUT
136E A7A0             (benchmark_itoa64.):00385             STA  ,Y+
1370                  (benchmark_itoa64.):00386         SKIPDIGIT_3:
1370 3348             (benchmark_itoa64.):00387             LEAU 8,U            ; POINT U AT NEXT (LOWER) POWER OF 10, IF ANY.
1372 1183124A         (benchmark_itoa64.):00388             CMPU #POWERS+152    ; IF PLACE VALUES REMAINING,
1376 26CA             (benchmark_itoa64.):00389             BNE  IT64_LOOP_3    ; DO NEXT ONE.
1378                  (benchmark_itoa64.):00390         IT64_DONE_3:
1378 8600             (benchmark_itoa64.):00391             LDA  #0
137A A7A4             (benchmark_itoa64.):00392             STA  ,Y
137C 3510             (benchmark_itoa64.):00393             PULS X
137E 39               (benchmark_itoa64.):00394             RTS
                      (benchmark_itoa64.):00395         
                      (benchmark_itoa64.):00396         ;------------------------------------------------------------------------------
                      (benchmark_itoa64.):00397         ; TEST VALUES FOR BENCHMARK
                      (benchmark_itoa64.):00398         ;------------------------------------------------------------------------------
137F                  (benchmark_itoa64.):00399         TEST_VECTORS:
                      (benchmark_itoa64.):00400         ;                INPUT                       EXPECTED_RESULT
137F 0000000000000000 (benchmark_itoa64.):00401             FDB $0000,$0000,$0000,$0000     ;                    "0"
1387 FFFFFFFFFFFFFFFF (benchmark_itoa64.):00402             FDB $FFFF,$FFFF,$FFFF,$FFFF     ;                   "-1"
138F 8000000000000001 (benchmark_itoa64.):00403             FDB $8000,$0000,$0000,$0001     ; "-9223372036854775807"
1397 7FFFFFFFFFFFFFFF (benchmark_itoa64.):00404             FDB $7FFF,$FFFF,$FFFF,$FFFF     ;  "9223372036854775807"
139F 6DCE388D22683D8E (benchmark_itoa64.):00405             FDB $6DCE,$388D,$2268,$3D8E     ;  "7912323774155341198"
13A7 042DE29EDBA975E3 (benchmark_itoa64.):00406             FDB $042D,$E29E,$DBA9,$75E3     ;   "301145922021717475"
13AF 956B1FF442D86D8C (benchmark_itoa64.):00407             FDB $956B,$1FF4,$42D8,$6D8C     ; "-7680009605596287604"
13B7 5BB54CE20B9F00CB (benchmark_itoa64.):00408             FDB $5BB5,$4CE2,$0B9F,$00CB     ;  "6608272561977360587"
13BF 53F31C264629A901 (benchmark_itoa64.):00409             FDB $53F3,$1C26,$4629,$A901     ;  "6049209675200178433"
13C7 F534D33FEF790672 (benchmark_itoa64.):00410             FDB $F534,$D33F,$EF79,$0672     ;  "-777764564074166670"
13CF 63ED6274F6C46F48 (benchmark_itoa64.):00411             FDB $63ED,$6274,$F6C4,$6F48     ;  "7200519633731088200"
13D7 33827281A3CAF21A (benchmark_itoa64.):00412             FDB $3382,$7281,$A3CA,$F21A     ;  "3711654944031044122"
13DF 06E7D7908F3C9FDE (benchmark_itoa64.):00413             FDB $06E7,$D790,$8F3C,$9FDE     ;   "497603299726106590"
13E7 8C0A82D19DD8EDC1 (benchmark_itoa64.):00414             FDB $8C0A,$82D1,$9DD8,$EDC1     ; "-8355722321824518719"
13EF A359093BF556CAE2 (benchmark_itoa64.):00415             FDB $A359,$093B,$F556,$CAE2     ; "-6676294819476223262"
13F7 2A766792F566982A (benchmark_itoa64.):00416             FDB $2A76,$6792,$F566,$982A     ;  "3059746877724858410"
13FF 1DBE386EB05F261C (benchmark_itoa64.):00417             FDB $1DBE,$386E,$B05F,$261C     ;  "2143212520731518492"
1407 CC0059E60631791C (benchmark_itoa64.):00418             FDB $CC00,$59E6,$0631,$791C     ; "-3746896045490996964"
140F B440A00432253BFF (benchmark_itoa64.):00419             FDB $B440,$A004,$3225,$3BFF     ; "-5458186808491426817"
1417 7AE4AF7B554557B8 (benchmark_itoa64.):00420             FDB $7AE4,$AF7B,$5545,$57B8     ;  "8855395711563683768"
141F DB9D5E05DAE9B3FF (benchmark_itoa64.):00421             FDB $DB9D,$5E05,$DAE9,$B3FF     ; "-2621836028819164161"
1427 0C3CC474394532D8 (benchmark_itoa64.):00422             FDB $0C3C,$C474,$3945,$32D8     ;   "881795630513861336"
142F 1C4E55AF200167AE (benchmark_itoa64.):00423             FDB $1C4E,$55AF,$2001,$67AE     ;  "2039661891890014126"
1437 341FDCD1587D384A (benchmark_itoa64.):00424             FDB $341F,$DCD1,$587D,$384A     ;  "3755963405941160010"
143F 87096D7B1E25E080 (benchmark_itoa64.):00425             FDB $8709,$6D7B,$1E25,$E080     ; "-8716315228244680576"
1447 B9EF89A42809D981 (benchmark_itoa64.):00426             FDB $B9EF,$89A4,$2809,$D981     ; "-5048665319119660671"
144F 66B87BAACA47B4ED (benchmark_itoa64.):00427             FDB $66B8,$7BAA,$CA47,$B4ED     ;  "7401801961051763949"
1457 D89B5980EDB8D730 (benchmark_itoa64.):00428             FDB $D89B,$5980,$EDB8,$D730     ; "-2838576729847965904"
145F 502C7AA0DAF0E364 (benchmark_itoa64.):00429             FDB $502C,$7AA0,$DAF0,$E364     ;  "5777127253296079716"
1467 37E6D0137198391C (benchmark_itoa64.):00430             FDB $37E6,$D013,$7198,$391C     ;  "4028135698658244892"
146F 81A237939D1CA806 (benchmark_itoa64.):00431             FDB $81A2,$3793,$9D1C,$A806     ; "-9105654389454100474"
1477 11B9AA1DBF5E2F81 (benchmark_itoa64.):00432             FDB $11B9,$AA1D,$BF5E,$2F81     ;  "1277239014077640577"
147F FFFA68ECF9A53C0B (benchmark_itoa64.):00433             FDB $FFFA,$68EC,$F9A5,$3C0B     ;    "-1573482850337781"
1487 C0B9A8117B8A3BB8 (benchmark_itoa64.):00434             FDB $C0B9,$A811,$7B8A,$3BB8     ; "-4559428354695349320"
148F E85235AD31C823DC (benchmark_itoa64.):00435             FDB $E852,$35AD,$31C8,$23DC     ; "-1706242290839182372"
1497 E2F9B2F69151BB1A (benchmark_itoa64.):00436             FDB $E2F9,$B2F6,$9151,$BB1A     ; "-2091443779867133158"
149F 8FF26D9B663E733C (benchmark_itoa64.):00437             FDB $8FF2,$6D9B,$663E,$733C     ; "-8074270667719150788"
14A7 703384F19E9C6C4B (benchmark_itoa64.):00438             FDB $7033,$84F1,$9E9C,$6C4B     ;  "8084951929343208523"
14AF 3BF1C3587E4CFCDA (benchmark_itoa64.):00439             FDB $3BF1,$C358,$7E4C,$FCDA     ;  "4319448302468529370"
14B7 7A3AB9A24A95F498 (benchmark_itoa64.):00440             FDB $7A3A,$B9A2,$4A95,$F498     ;  "8807556127963608216"
14BF 36CB06AF7D4821EF (benchmark_itoa64.):00441             FDB $36CB,$06AF,$7D48,$21EF     ;  "3948256849111294447"
14C7 448CCD9BAFB52D11 (benchmark_itoa64.):00442             FDB $448C,$CD9B,$AFB5,$2D11     ;  "4939548959870102801"
14CF 01EFC92BD2B16D30 (benchmark_itoa64.):00443             FDB $01EF,$C92B,$D2B1,$6D30     ;   "139551303527394608"
14D7 FAC8AD6547C38473 (benchmark_itoa64.):00444             FDB $FAC8,$AD65,$47C3,$8473     ;  "-375859918378138509"
14DF 9F546DEF5EA88E4A (benchmark_itoa64.):00445             FDB $9F54,$6DEF,$5EA8,$8E4A     ; "-6965821848782598582"
14E7 AC8F805834F62F61 (benchmark_itoa64.):00446             FDB $AC8F,$8058,$34F6,$2F61     ; "-6012445861182296223"
14EF FE414F75A2843934 (benchmark_itoa64.):00447             FDB $FE41,$4F75,$A284,$3934     ;  "-125731947933320908"
14F7 4C2BFBC28945567A (benchmark_itoa64.):00448             FDB $4C2B,$FBC2,$8945,$567A     ;  "5488757383826331258"
14FF AB7E9485564B9B69 (benchmark_itoa64.):00449             FDB $AB7E,$9485,$564B,$9B69     ; "-6089266345758975127"
1507 2AD739D9CB1570A2 (benchmark_itoa64.):00450             FDB $2AD7,$39D9,$CB15,$70A2     ;  "3086999677163630754"
150F B2FA91E7CF5E6269 (benchmark_itoa64.):00451             FDB $B2FA,$91E7,$CF5E,$6269     ; "-5549963165978172823"
1517 5FA02050ACB8841D (benchmark_itoa64.):00452             FDB $5FA0,$2050,$ACB8,$841D     ;  "6890542960744104989"
151F DDFDDAC8919B9BC6 (benchmark_itoa64.):00453             FDB $DDFD,$DAC8,$919B,$9BC6     ; "-2450562067248473146"
1527 DB2A3BAB70CD050B (benchmark_itoa64.):00454             FDB $DB2A,$3BAB,$70CD,$050B     ; "-2654243422863555317"
152F A830D6CB2F65E7DE (benchmark_itoa64.):00455             FDB $A830,$D6CB,$2F65,$E7DE     ; "-6327321308293634082"
1537 E244646C3A034DE4 (benchmark_itoa64.):00456             FDB $E244,$646C,$3A03,$4DE4     ; "-2142477106728972828"
153F 1B04CF9102768E57 (benchmark_itoa64.):00457             FDB $1B04,$CF91,$0276,$8E57     ;  "1946909160649428567"
1547 052093F34530077D (benchmark_itoa64.):00458             FDB $0520,$93F3,$4530,$077D     ;   "369457842491492221"
154F 593B9F1F68FAE5E0 (benchmark_itoa64.):00459             FDB $593B,$9F1F,$68FA,$E5E0     ;  "6429907850255590880"
1557 48DD63D67339F60A (benchmark_itoa64.):00460             FDB $48DD,$63D6,$7339,$F60A     ;  "5250462513291195914"
155F 7CEB405965D4BD50 (benchmark_itoa64.):00461             FDB $7CEB,$4059,$65D4,$BD50     ;  "9001359032934776144"
1567 06C6F29E2703E779 (benchmark_itoa64.):00462             FDB $06C6,$F29E,$2703,$E779     ;   "488344370689599353"
156F C99BD88A4EFCB796 (benchmark_itoa64.):00463             FDB $C99B,$D88A,$4EFC,$B796     ; "-3919300962153613418"
1577 78C7137E30E51829 (benchmark_itoa64.):00464             FDB $78C7,$137E,$30E5,$1829     ;  "8702946237623900201"
157F F07071BAE53E4C00 (benchmark_itoa64.):00465             FDB $F070,$71BA,$E53E,$4C00     ; "-1121271259691332608"
1587 5A9CCEBF3B840B2A (benchmark_itoa64.):00466             FDB $5A9C,$CEBF,$3B84,$0B2A     ;  "6529320880512961322"
158F 9B90E3E916DDEF7E (benchmark_itoa64.):00467             FDB $9B90,$E3E9,$16DD,$EF7E     ; "-7237034010933858434"
1597 09D5FBAC507D2250 (benchmark_itoa64.):00468             FDB $09D5,$FBAC,$507D,$2250     ;   "708749233884045904"
159F 63C6CF199D15FB45 (benchmark_itoa64.):00469             FDB $63C6,$CF19,$9D15,$FB45     ;  "7189661564060171077"
15A7 C27A7BC892B3986D (benchmark_itoa64.):00470             FDB $C27A,$7BC8,$92B3,$986D     ; "-4433094781807912851"
15AF E09E3506CEF4F9E2 (benchmark_itoa64.):00471             FDB $E09E,$3506,$CEF4,$F9E2     ; "-2261311659535173150"
15B7 39BF9723F8A79551 (benchmark_itoa64.):00472             FDB $39BF,$9723,$F8A7,$9551     ;  "4161210761465009489"
15BF 1C2A99A099ED18A5 (benchmark_itoa64.):00473             FDB $1C2A,$99A0,$99ED,$18A5     ;  "2029603497140099237"
15C7 7B4FA441DC95760E (benchmark_itoa64.):00474             FDB $7B4F,$A441,$DC95,$760E     ;  "8885501192605890062"
15CF 25EF70B0A33C0CC8 (benchmark_itoa64.):00475             FDB $25EF,$70B0,$A33C,$0CC8     ;  "2733527402792357064"
15D7 151EFE3E43AC58A5 (benchmark_itoa64.):00476             FDB $151E,$FE3E,$43AC,$58A5     ;  "1521933267474602149"
15DF 5C9C063BC72C0776 (benchmark_itoa64.):00477             FDB $5C9C,$063B,$C72C,$0776     ;  "6673215601670621046"
15E7 CBEFF2AD924FF806 (benchmark_itoa64.):00478             FDB $CBEF,$F2AD,$924F,$F806     ; "-3751513137278355450"
15EF 62C5BD9CE7F09299 (benchmark_itoa64.):00479             FDB $62C5,$BD9C,$E7F0,$9299     ;  "7117303267732787865"
15F7 B9A193FD7910EA6F (benchmark_itoa64.):00480             FDB $B9A1,$93FD,$7910,$EA6F     ; "-5070608988575307153"
15FF A0F4F3F03BBB5426 (benchmark_itoa64.):00481             FDB $A0F4,$F3F0,$3BBB,$5426     ; "-6848580920203848666"
1607 676DA3B38046F11C (benchmark_itoa64.):00482             FDB $676D,$A3B3,$8046,$F11C     ;  "7452792949714645276"
160F 4DE9B997029DE3C0 (benchmark_itoa64.):00483             FDB $4DE9,$B997,$029D,$E3C0     ;  "5614222468729136064"
1617 98A968354B1563F3 (benchmark_itoa64.):00484             FDB $98A9,$6835,$4B15,$63F3     ; "-7446305930778156045"
161F 432AB606B3EE71E5 (benchmark_itoa64.):00485             FDB $432A,$B606,$B3EE,$71E5     ;  "4839880889467826661"
1627 7E20DC66013A495E (benchmark_itoa64.):00486             FDB $7E20,$DC66,$013A,$495E     ;  "9088506378699032926"
162F 94E2113A20BBEF54 (benchmark_itoa64.):00487             FDB $94E2,$113A,$20BB,$EF54     ; "-7718587870004646060"
1637 E231B486CC4EFAB0 (benchmark_itoa64.):00488             FDB $E231,$B486,$CC4E,$FAB0     ; "-2147737056232670544"
163F 4AB95A64543A2923 (benchmark_itoa64.):00489             FDB $4AB9,$5A64,$543A,$2923     ;  "5384434216454465827"
1647 C32C77D6DE7AE03A (benchmark_itoa64.):00490             FDB $C32C,$77D6,$DE7A,$E03A     ; "-4382996572599033798"
164F 08F591EC0930A932 (benchmark_itoa64.):00491             FDB $08F5,$91EC,$0930,$A932     ;   "645582564550027570"
1657 9BB89D9CB4B30255 (benchmark_itoa64.):00492             FDB $9BB8,$9D9C,$B4B3,$0255     ; "-7225852305743871403"
165F 6BABCCE057E6CCE1 (benchmark_itoa64.):00493             FDB $6BAB,$CCE0,$57E6,$CCE1     ;  "7758520046995295457"
1667 6F8C7BA2CD17856D (benchmark_itoa64.):00494             FDB $6F8C,$7BA2,$CD17,$856D     ;  "8037935374105281901"
166F B304B8E3E5AB7B7F (benchmark_itoa64.):00495             FDB $B304,$B8E3,$E5AB,$7B7F     ; "-5547105552063300737"
1677 A12E0E13D79EA9BA (benchmark_itoa64.):00496             FDB $A12E,$0E13,$D79E,$A9BA     ; "-6832508106289796678"
167F 1E616FBA1F6CE500 (benchmark_itoa64.):00497             FDB $1E61,$6FBA,$1F6C,$E500     ;  "2189153739060602112"
1687 5049BBC205E4FA79 (benchmark_itoa64.):00498             FDB $5049,$BBC2,$05E4,$FA79     ;  "5785361638331054713"
168F F3CD05B5CFA28596 (benchmark_itoa64.):00499             FDB $F3CD,$05B5,$CFA2,$8596     ;  "-879040073836624490"
1697 74A61EE6FD55C89C (benchmark_itoa64.):00500             FDB $74A6,$1EE6,$FD55,$C89C     ;  "8405439731975178396"
169F 86A9A3AF6B8FE639 (benchmark_itoa64.):00501             FDB $86A9,$A3AF,$6B8F,$E639     ; "-8743277227743910343"
16A7 B056BE45EBC390A8 (benchmark_itoa64.):00502             FDB $B056,$BE45,$EBC3,$90A8     ; "-5740191467519635288"
16AF 2C98FF826CD0CD5A (benchmark_itoa64.):00503             FDB $2C98,$FF82,$6CD0,$CD5A     ;  "3213599269765303642"
16B7 7A009D0BA4DC91CA (benchmark_itoa64.):00504             FDB $7A00,$9D0B,$A4DC,$91CA     ;  "8791199145963327946"
16BF 0E5CB85971280D71 (benchmark_itoa64.):00505             FDB $0E5C,$B859,$7128,$0D71     ;  "1034904708678421873"
16C7 44E05FD3790B7F40 (benchmark_itoa64.):00506             FDB $44E0,$5FD3,$790B,$7F40     ;  "4963072151235821376"
16CF 84D028BD7DC2AA7C (benchmark_itoa64.):00507             FDB $84D0,$28BD,$7DC2,$AA7C     ; "-8876550071223408004"
16D7 60FABDCBC546AD7F (benchmark_itoa64.):00508             FDB $60FA,$BDCB,$C546,$AD7F     ;  "6988106454704500095"
16DF 8A34B57969DD1013 (benchmark_itoa64.):00509             FDB $8A34,$B579,$69DD,$1013     ; "-8487959864614776813"
16E7 54A748EA47A628B3 (benchmark_itoa64.):00510             FDB $54A7,$48EA,$47A6,$28B3     ;  "6099924391358245043"
16EF 513A977C17B4D9EA (benchmark_itoa64.):00511             FDB $513A,$977C,$17B4,$D9EA     ;  "5853157224950847978"
16F7 3EC8EE75607CE53F (benchmark_itoa64.):00512             FDB $3EC8,$EE75,$607C,$E53F     ;  "4524128013591045439"
16FF 7B135EF0C5A0B299 (benchmark_itoa64.):00513             FDB $7B13,$5EF0,$C5A0,$B299     ;  "8868536479423443609"
1707 FCEDCEAC2DA4C85B (benchmark_itoa64.):00514             FDB $FCED,$CEAC,$2DA4,$C85B     ;  "-221293567775815589"
170F 14AF944A930C7599 (benchmark_itoa64.):00515             FDB $14AF,$944A,$930C,$7599     ;  "1490573049698481561"
1717 40B033B3047E7012 (benchmark_itoa64.):00516             FDB $40B0,$33B3,$047E,$7012     ;  "4661282458296021010"
171F B0C273FF7E9789C6 (benchmark_itoa64.):00517             FDB $B0C2,$73FF,$7E97,$89C6     ; "-5709873836374652474"
1727 9F19F5F0074BC0D2 (benchmark_itoa64.):00518             FDB $9F19,$F5F0,$074B,$C0D2     ; "-6982279335997882158"
172F B64F5F3179829419 (benchmark_itoa64.):00519             FDB $B64F,$5F31,$7982,$9419     ; "-5309920769549888487"
1737 AFDC5D16A2ED2066 (benchmark_itoa64.):00520             FDB $AFDC,$5D16,$A2ED,$2066     ; "-5774638270391705498"
173F C84CEBB472A44EBA (benchmark_itoa64.):00521             FDB $C84C,$EBB4,$72A4,$4EBA     ; "-4013574007643943238"
1747 0318EC88511D35B4 (benchmark_itoa64.):00522             FDB $0318,$EC88,$511D,$35B4     ;   "223188251775415732"
174F B6F1E1D06759B859 (benchmark_itoa64.):00523             FDB $B6F1,$E1D0,$6759,$B859     ; "-5264178204216018855"
1757 7FE28191EE9F4FEF (benchmark_itoa64.):00524             FDB $7FE2,$8191,$EE9F,$4FEF     ;  "9215070251327115247"
175F 8C7A77E8A35E53C4 (benchmark_itoa64.):00525             FDB $8C7A,$77E8,$A35E,$53C4     ; "-8324209120183954492"
1767 367B353E4D0336A3 (benchmark_itoa64.):00526             FDB $367B,$353E,$4D03,$36A3     ;  "3925790041879819939"
176F 962934390032AB9A (benchmark_itoa64.):00527             FDB $9629,$3439,$0032,$AB9A     ; "-7626507074554123366"
1777 D9E899AB8397CF99 (benchmark_itoa64.):00528             FDB $D9E8,$99AB,$8397,$CF99     ; "-2744775010956095591"
177F AE5AEAF42E43677B (benchmark_itoa64.):00529             FDB $AE5A,$EAF4,$2E43,$677B     ; "-5883131628737042565"
1787 3AD661E67E826F7C (benchmark_itoa64.):00530             FDB $3AD6,$61E6,$7E82,$6F7C     ;  "4239683741808750460"
178F 8782E584166EDB9E (benchmark_itoa64.):00531             FDB $8782,$E584,$166E,$DB9E     ; "-8682124776142087266"
1797 A43FF2FDEBCC3AC9 (benchmark_itoa64.):00532             FDB $A43F,$F2FD,$EBCC,$3AC9     ; "-6611298555559920951"
179F 4389F375A4B7EC5E (benchmark_itoa64.):00533             FDB $4389,$F375,$A4B7,$EC5E     ;  "4866688558950771806"
17A7 94B1844A3F131071 (benchmark_itoa64.):00534             FDB $94B1,$844A,$3F13,$1071     ; "-7732253630797770639"
17AF 01B69FE006A13E3B (benchmark_itoa64.):00535             FDB $01B6,$9FE0,$06A1,$3E3B     ;   "123461824331988539"
17B7 BE6BE237C1B52A1E (benchmark_itoa64.):00536             FDB $BE6B,$E237,$C1B5,$2A1E     ; "-4725434654894249442"
17BF 4729E6BFFC14DEC2 (benchmark_itoa64.):00537             FDB $4729,$E6BF,$FC14,$DEC2     ;  "5127883362980388546"
17C7 0BE2AA2160A900BB (benchmark_itoa64.):00538             FDB $0BE2,$AA21,$60A9,$00BB     ;   "856433939486146747"
17CF A2F4082A2BB3D8E5 (benchmark_itoa64.):00539             FDB $A2F4,$082A,$2BB3,$D8E5     ; "-6704724968032970523"
17D7 C12DCF69B81B60C9 (benchmark_itoa64.):00540             FDB $C12D,$CF69,$B81B,$60C9     ; "-4526733997470162743"
17DF F38A5DC25A8C10CB (benchmark_itoa64.):00541             FDB $F38A,$5DC2,$5A8C,$10CB     ;  "-897802086382825269"
17E7 B712553E4E607172 (benchmark_itoa64.):00542             FDB $B712,$553E,$4E60,$7172     ; "-5255044089096670862"
17EF E395D2E3795246D7 (benchmark_itoa64.):00543             FDB $E395,$D2E3,$7952,$46D7     ; "-2047498581135178025"
17F7 D49F741D6E2DE0B7 (benchmark_itoa64.):00544             FDB $D49F,$741D,$6E2D,$E0B7     ; "-3125651946620460873"
17FF 2C3A01424FBF0022 (benchmark_itoa64.):00545             FDB $2C3A,$0142,$4FBF,$0022     ;  "3186861070635434018"
1807 7F37F5C53382DC65 (benchmark_itoa64.):00546             FDB $7F37,$F5C5,$3382,$DC65     ;  "9167065793857510501"
180F 49DBCF90D482B5D2 (benchmark_itoa64.):00547             FDB $49DB,$CF90,$D482,$B5D2     ;  "5322075605615949266"
1817 AE208685FCA5464D (benchmark_itoa64.):00548             FDB $AE20,$8685,$FCA5,$464D     ; "-5899567601827887539"
181F 3486269CD390F8F2 (benchmark_itoa64.):00549             FDB $3486,$269C,$D390,$F8F2     ;  "3784754991857727730"
1827 E46DD32865BA45F6 (benchmark_itoa64.):00550             FDB $E46D,$D328,$65BA,$45F6     ; "-1986699690141661706"
182F 64AA99E749A72471 (benchmark_itoa64.):00551             FDB $64AA,$99E7,$49A7,$2471     ;  "7253779368485790833"
1837 C807D3DAEBB782AE (benchmark_itoa64.):00552             FDB $C807,$D3DA,$EBB7,$82AE     ; "-4033022004075986258"
183F 1581112669AC4C03 (benchmark_itoa64.):00553             FDB $1581,$1126,$69AC,$4C03     ;  "1549538603471490051"
1847 5D18091A45332C23 (benchmark_itoa64.):00554             FDB $5D18,$091A,$4533,$2C23     ;  "6708121653403135011"
184F 16BAECE266EA1913 (benchmark_itoa64.):00555             FDB $16BA,$ECE2,$66EA,$1913     ;  "1637881871635978515"
1857 6E742D57CF05A529 (benchmark_itoa64.):00556             FDB $6E74,$2D57,$CF05,$A529     ;  "7959036296629167401"
185F 23289550626FE4FC (benchmark_itoa64.):00557             FDB $2328,$9550,$626F,$E4FC     ;  "2533438962877326588"
1867 375E229A2D42A82B (benchmark_itoa64.):00558             FDB $375E,$229A,$2D42,$A82B     ;  "3989664365476489259"
186F 054C7463AEAA47BA (benchmark_itoa64.):00559             FDB $054C,$7463,$AEAA,$47BA     ;   "381808039900628922"
1877 FD5817C7CFF1CC65 (benchmark_itoa64.):00560             FDB $FD58,$17C7,$CFF1,$CC65     ;  "-191376837208585115"
187F BFEAC1830A451C37 (benchmark_itoa64.):00561             FDB $BFEA,$C183,$0A45,$1C37     ; "-4617665699357844425"
1887 BA8101D913449599 (benchmark_itoa64.):00562             FDB $BA81,$01D9,$1344,$9599     ; "-5007719278816488039"
188F 352D0E1DBEDB501D (benchmark_itoa64.):00563             FDB $352D,$0E1D,$BEDB,$501D     ;  "3831734378881044509"
1897 1826D30AFDDF19D2 (benchmark_itoa64.):00564             FDB $1826,$D30A,$FDDF,$19D2     ;  "1740310350187665874"
189F BAC316B57447B4FC (benchmark_itoa64.):00565             FDB $BAC3,$16B5,$7447,$B4FC     ; "-4989118993600629508"
18A7 C31AECE9F060857F (benchmark_itoa64.):00566             FDB $C31A,$ECE9,$F060,$857F     ; "-4387934397414734465"
18AF 9DDC1B8E1779ACD2 (benchmark_itoa64.):00567             FDB $9DDC,$1B8E,$1779,$ACD2     ; "-7071747017785365294"
18B7 72782DF8A38807E9 (benchmark_itoa64.):00568             FDB $7278,$2DF8,$A388,$07E9     ;  "8248393263447803881"
18BF CEADBAA2C4A1ECF6 (benchmark_itoa64.):00569             FDB $CEAD,$BAA2,$C4A1,$ECF6     ; "-3553979322679038730"
18C7 5F3CCB3686C1F812 (benchmark_itoa64.):00570             FDB $5F3C,$CB36,$86C1,$F812     ;  "6862583367255324690"
18CF 2BA45111D278D90B (benchmark_itoa64.):00571             FDB $2BA4,$5111,$D278,$D90B     ;  "3144727576798877963"
18D7 CA96D79C741E8C85 (benchmark_itoa64.):00572             FDB $CA96,$D79C,$741E,$8C85     ; "-3848651764578481019"
18DF 09640ECE35EB4F98 (benchmark_itoa64.):00573             FDB $0964,$0ECE,$35EB,$4F98     ;   "676682122843082648"
18E7 4C2C4963F43FE79B (benchmark_itoa64.):00574             FDB $4C2C,$4963,$F43F,$E79B     ;  "5488842739506210715"
18EF D1657F48F44A44C5 (benchmark_itoa64.):00575             FDB $D165,$7F48,$F44A,$44C5     ; "-3358137995821955899"
18F7 E6EC081D3424B889 (benchmark_itoa64.):00576             FDB $E6EC,$081D,$3424,$B889     ; "-1807060428960515959"
18FF A3F8BAFE8C4CAF17 (benchmark_itoa64.):00577             FDB $A3F8,$BAFE,$8C4C,$AF17     ; "-6631344848864760041"
1907 F2445B9429CE5FB8 (benchmark_itoa64.):00578             FDB $F244,$5B94,$29CE,$5FB8     ;  "-989565326199988296"
190F 76B4ECBA46DBE158 (benchmark_itoa64.):00579             FDB $76B4,$ECBA,$46DB,$E158     ;  "8553721877080301912"
1917 6B23A12326D33803 (benchmark_itoa64.):00580             FDB $6B23,$A123,$26D3,$3803     ;  "7720191358590466051"
191F 08EC5EF39E9A0A6D (benchmark_itoa64.):00581             FDB $08EC,$5EF3,$9E9A,$0A6D     ;   "642993247238097517"
1927 E8301DC645D58083 (benchmark_itoa64.):00582             FDB $E830,$1DC6,$45D5,$8083     ; "-1715838720615808893"
192F AE42FEF8A192E5CC (benchmark_itoa64.):00583             FDB $AE42,$FEF8,$A192,$E5CC     ; "-5889865018831084084"
1937 A51267D789FCB81E (benchmark_itoa64.):00584             FDB $A512,$67D7,$89FC,$B81E     ; "-6552060332439980002"
193F 891E49F669AEECFC (benchmark_itoa64.):00585             FDB $891E,$49F6,$69AE,$ECFC     ; "-8566328118528250628"
1947 3B8822BD968614BF (benchmark_itoa64.):00586             FDB $3B88,$22BD,$9686,$14BF     ;  "4289716842739930303"
194F F27F0B67D45EEDEA (benchmark_itoa64.):00587             FDB $F27F,$0B67,$D45E,$EDEA     ;  "-973046453916209686"
1957 C078BF0731D0F853 (benchmark_itoa64.):00588             FDB $C078,$BF07,$31D0,$F853     ; "-4577698983600654253"
195F CC03EACD54B979D0 (benchmark_itoa64.):00589             FDB $CC03,$EACD,$54B9,$79D0     ; "-3745892297431483952"
1967 B6E6DCAD4B16012B (benchmark_itoa64.):00590             FDB $B6E6,$DCAD,$4B16,$012B     ; "-5267280077316030165"
196F BC7D340F32FE82D7 (benchmark_itoa64.):00591             FDB $BC7D,$340F,$32FE,$82D7     ; "-4864674782605573417"
1977 7A1B0944C368DE82 (benchmark_itoa64.):00592             FDB $7A1B,$0944,$C368,$DE82     ;  "8798636487939251842"
197F CD1904800EC27A13 (benchmark_itoa64.):00593             FDB $CD19,$0480,$0EC2,$7A13     ; "-3667895473466607085"
1987 3A6E23F84EC3BFC1 (benchmark_itoa64.):00594             FDB $3A6E,$23F8,$4EC3,$BFC1     ;  "4210342251018305473"
198F 7FAC77DEF9840AD5 (benchmark_itoa64.):00595             FDB $7FAC,$77DE,$F984,$0AD5     ;  "9199859938363706069"
1997 A73CE6779CF4A4E0 (benchmark_itoa64.):00596             FDB $A73C,$E677,$9CF4,$A4E0     ; "-6395983969364171552"
199F 2C3453C20BDA6C52 (benchmark_itoa64.):00597             FDB $2C34,$53C2,$0BDA,$6C52     ;  "3185262929345408082"
19A7 B9CDD36267DAD6AE (benchmark_itoa64.):00598             FDB $B9CD,$D362,$67DA,$D6AE     ; "-5058154386864548178"
19AF 0BF14B4E6F29146B (benchmark_itoa64.):00599             FDB $0BF1,$4B4E,$6F29,$146B     ;   "860551804048970859"
19B7 9EFA5C921B45591F (benchmark_itoa64.):00600             FDB $9EFA,$5C92,$1B45,$591F     ; "-6991173688946763489"
19BF 01BB230729F40A82 (benchmark_itoa64.):00601             FDB $01BB,$2307,$29F4,$0A82     ;   "124731928358423170"
19C7 A02D816BAAF232A7 (benchmark_itoa64.):00602             FDB $A02D,$816B,$AAF2,$32A7     ; "-6904720354259619161"
19CF EA697882A0A96078 (benchmark_itoa64.):00603             FDB $EA69,$7882,$A0A9,$6078     ; "-1555579693843259272"
19D7 F9C97986BC5FAD50 (benchmark_itoa64.):00604             FDB $F9C9,$7986,$BC5F,$AD50     ;  "-447693068353688240"
19DF 6CDEC245C4E3FB72 (benchmark_itoa64.):00605             FDB $6CDE,$C245,$C4E3,$FB72     ;  "7844921205837790066"
19E7 BCF7B2AEBDDB9D45 (benchmark_itoa64.):00606             FDB $BCF7,$B2AE,$BDDB,$9D45     ; "-4830195611752227515"
19EF 89AD5AF437C08D5E (benchmark_itoa64.):00607             FDB $89AD,$5AF4,$37C0,$8D5E     ; "-8526058514588594850"
19F7 8D36F85F126FA06B (benchmark_itoa64.):00608             FDB $8D36,$F85F,$126F,$A06B     ; "-8271150578404450197"
19FF DA69418FCC431060 (benchmark_itoa64.):00609             FDB $DA69,$418F,$CC43,$1060     ; "-2708561615023566752"
1A07 8D65D2BF17884927 (benchmark_itoa64.):00610             FDB $8D65,$D2BF,$1788,$4927     ; "-8257962623538542297"
1A0F 5653EC886F383E39 (benchmark_itoa64.):00611             FDB $5653,$EC88,$6F38,$3E39     ;  "6220575581054451257"
1A17 04A9B49B7BEBD747 (benchmark_itoa64.):00612             FDB $04A9,$B49B,$7BEB,$D747     ;   "335998227107796807"
1A1F 258BEEAF3A544A30 (benchmark_itoa64.):00613             FDB $258B,$EEAF,$3A54,$4A30     ;  "2705518437531404848"
1A27 6F3A6E9E65918BCD (benchmark_itoa64.):00614             FDB $6F3A,$6E9E,$6591,$8BCD     ;  "8014840113447144397"
1A2F F2B43EABBBF13F37 (benchmark_itoa64.):00615             FDB $F2B4,$3EAB,$BBF1,$3F37     ;  "-958071913409593545"
1A37 A941B08B3D050E0E (benchmark_itoa64.):00616             FDB $A941,$B08B,$3D05,$0E0E     ; "-6250520695742853618"
1A3F 5C9D97F977426503 (benchmark_itoa64.):00617             FDB $5C9D,$97F9,$7742,$6503     ;  "6673657320536433923"
1A47 4F4F149DB35427AF (benchmark_itoa64.):00618             FDB $4F4F,$149D,$B354,$27AF     ;  "5714809119707506607"
1A4F 3EF83005D4F12B28 (benchmark_itoa64.):00619             FDB $3EF8,$3005,$D4F1,$2B28     ;  "4537429426181319464"
1A57 2E484532348FF11B (benchmark_itoa64.):00620             FDB $2E48,$4532,$348F,$F11B     ;  "3334991606000382235"
1A5F 6E4A630ABC17395C (benchmark_itoa64.):00621             FDB $6E4A,$630A,$BC17,$395C     ;  "7947273390205122908"
1A67 959B781763E64561 (benchmark_itoa64.):00622             FDB $959B,$7817,$63E6,$4561     ; "-7666401898812521119"
1A6F CDE3DFCB919031A3 (benchmark_itoa64.):00623             FDB $CDE3,$DFCB,$9190,$31A3     ; "-3610796410807504477"
1A77 9541F273607EEA79 (benchmark_itoa64.):00624             FDB $9541,$F273,$607E,$EA79     ; "-7691600111218005383"
1A7F 959123BBF2898977 (benchmark_itoa64.):00625             FDB $9591,$23BB,$F289,$8977     ; "-7669309400300287625"
1A87 F50916FACB5B97D1 (benchmark_itoa64.):00626             FDB $F509,$16FA,$CB5B,$97D1     ;  "-790074993217398831"
1A8F 242874627B0F754B (benchmark_itoa64.):00627             FDB $2428,$7462,$7B0F,$754B     ;  "2605460350754059595"
1A97 0E2868BC194A8834 (benchmark_itoa64.):00628             FDB $0E28,$68BC,$194A,$8834     ;  "1020180472686872628"
1A9F 98ACB602C6F00A8F (benchmark_itoa64.):00629             FDB $98AC,$B602,$C6F0,$0A8F     ; "-7445375960906462577"
1AA7 38C14D1753BB8193 (benchmark_itoa64.):00630             FDB $38C1,$4D17,$53BB,$8193     ;  "4089634699213504915"
1AAF FB376727E3496CEB (benchmark_itoa64.):00631             FDB $FB37,$6727,$E349,$6CEB     ;  "-344693425455928085"
1AB7 F57AD1A9F4BBFCFB (benchmark_itoa64.):00632             FDB $F57A,$D1A9,$F4BB,$FCFB     ;  "-758063059372868357"
1ABF 848E4DA7E63A6DBB (benchmark_itoa64.):00633             FDB $848E,$4DA7,$E63A,$6DBB     ; "-8895086830492684869"
1AC7 6928F6C0A5C0B097 (benchmark_itoa64.):00634             FDB $6928,$F6C0,$A5C0,$B097     ;  "7577577680325882007"
1ACF 5B73A56E222D494C (benchmark_itoa64.):00635             FDB $5B73,$A56E,$222D,$494C     ;  "6589792572211546444"
1AD7 AE44998204A8374D (benchmark_itoa64.):00636             FDB $AE44,$9982,$04A8,$374D     ; "-5889413628990834867"
1ADF C23234900FC91D0E (benchmark_itoa64.):00637             FDB $C232,$3490,$0FC9,$1D0E     ; "-4453439288171225842"
1AE7 32D2807D9582BE59 (benchmark_itoa64.):00638             FDB $32D2,$807D,$9582,$BE59     ;  "3662130723873275481"
1AEF 597F348C15124801 (benchmark_itoa64.):00639             FDB $597F,$348C,$1512,$4801     ;  "6448930967671425025"
1AF7 C0A70789107A11D5 (benchmark_itoa64.):00640             FDB $C0A7,$0789,$107A,$11D5     ; "-4564671412048358955"
1AFF D4BF9B91EC243705 (benchmark_itoa64.):00641             FDB $D4BF,$9B91,$EC24,$3705     ; "-3116601366082734331"
1B07 D2D3549BC4C12F7D (benchmark_itoa64.):00642             FDB $D2D3,$549B,$C4C1,$2F7D     ; "-3255165077661077635"
1B0F 3EA5DBC137713035 (benchmark_itoa64.):00643             FDB $3EA5,$DBC1,$3771,$3035     ;  "4514255824414126133"
1B17 71BA0A9DEEE130FD (benchmark_itoa64.):00644             FDB $71BA,$0A9D,$EEE1,$30FD     ;  "8194874145387917565"
1B1F 69BBC6111B48CC7B (benchmark_itoa64.):00645             FDB $69BB,$C611,$1B48,$CC7B     ;  "7618900971401825403"
1B27 E04DD8A7DCBC09D4 (benchmark_itoa64.):00646             FDB $E04D,$D8A7,$DCBC,$09D4     ; "-2283931220532524588"
1B2F 8A371C887801CA86 (benchmark_itoa64.):00647             FDB $8A37,$1C88,$7801,$CA86     ; "-8487283600301897082"
1B37 5F92F548333E4DD9 (benchmark_itoa64.):00648             FDB $5F92,$F548,$333E,$4DD9     ;  "6886836470649081305"
1B3F 6F8E607CB6ECF2FC (benchmark_itoa64.):00649             FDB $6F8E,$607C,$B6EC,$F2FC     ;  "8038468473664107260"
1B47 52C51E6D95725C14 (benchmark_itoa64.):00650             FDB $52C5,$1E6D,$9572,$5C14     ;  "5964206737529658388"
1B4F 9DCC67B0ED9EBC1F (benchmark_itoa64.):00651             FDB $9DCC,$67B0,$ED9E,$BC1F     ; "-7076166904907383777"
1B57 6E9CC1273B7240B4 (benchmark_itoa64.):00652             FDB $6E9C,$C127,$3B72,$40B4     ;  "7970457814784164020"
1B5F 4CE913E9837A31F7 (benchmark_itoa64.):00653             FDB $4CE9,$13E9,$837A,$31F7     ;  "5541982710110237175"
1B67 3D979B696A120CAA (benchmark_itoa64.):00654             FDB $3D97,$9B69,$6A12,$0CAA     ;  "4438186834850352298"
1B6F EA5F0C2663C4FD3B (benchmark_itoa64.):00655             FDB $EA5F,$0C26,$63C4,$FD3B     ; "-1558513587024757445"
1B77 507659CE2CD50516 (benchmark_itoa64.):00656             FDB $5076,$59CE,$2CD5,$0516     ;  "5797920312336385302"
1B7F 23A41536A6AD977B (benchmark_itoa64.):00657             FDB $23A4,$1536,$A6AD,$977B     ;  "2568201011976836987"
1B87 2217571BCE3339EC (benchmark_itoa64.):00658             FDB $2217,$571B,$CE33,$39EC     ;  "2456527898689092076"
1B8F FBA495086B49A5A0 (benchmark_itoa64.):00659             FDB $FBA4,$9508,$6B49,$A5A0     ;  "-313962210616826464"
1B97 EE7C48034BC140C3 (benchmark_itoa64.):00660             FDB $EE7C,$4803,$4BC1,$40C3     ; "-1262054616577523517"
1B9F 6C0229151EAA5310 (benchmark_itoa64.):00661             FDB $6C02,$2915,$1EAA,$5310     ;  "7782828276735169296"
1BA7 3B9AE0D022B6C3FC (benchmark_itoa64.):00662             FDB $3B9A,$E0D0,$22B6,$C3FC     ;  "4294992379191411708"
1BAF 7F66A40D85818E84 (benchmark_itoa64.):00663             FDB $7F66,$A40D,$8581,$8E84     ;  "9180205268422725252"
1BB7 4B76F4413AE55AF3 (benchmark_itoa64.):00664             FDB $4B76,$F441,$3AE5,$5AF3     ;  "5437802161094613747"
1BBF AAEF810B37F1C8B2 (benchmark_itoa64.):00665             FDB $AAEF,$810B,$37F1,$C8B2     ; "-6129538682644739918"
1BC7 6F22DAF13237A770 (benchmark_itoa64.):00666             FDB $6F22,$DAF1,$3237,$A770     ;  "8008203816882644848"
1BCF 1E0C61690AC5DB43 (benchmark_itoa64.):00667             FDB $1E0C,$6169,$0AC5,$DB43     ;  "2165212624638565187"
1BD7 E9D2C6177E42E542 (benchmark_itoa64.):00668             FDB $E9D2,$C617,$7E42,$E542     ; "-1597997113558244030"
1BDF 5C6BA898F4EE2C3B (benchmark_itoa64.):00669             FDB $5C6B,$A898,$F4EE,$2C3B     ;  "6659601848895155259"
1BE7 C21D6F5BA9EE161C (benchmark_itoa64.):00670             FDB $C21D,$6F5B,$A9EE,$161C     ; "-4459285616543263204"
1BEF B16DDC2FC2746C64 (benchmark_itoa64.):00671             FDB $B16D,$DC2F,$C274,$6C64     ; "-5661627058850861980"
1BF7 7E788347D842D1BB (benchmark_itoa64.):00672             FDB $7E78,$8347,$D842,$D1BB     ;  "9113178190578373051"
1BFF E7B6601F057E9C18 (benchmark_itoa64.):00673             FDB $E7B6,$601F,$057E,$9C18     ; "-1750105718834422760"
1C07 B09D4E7EDCDB6D16 (benchmark_itoa64.):00674             FDB $B09D,$4E7E,$DCDB,$6D16     ; "-5720329644912448234"
1C0F FC34C0E7DAB4C3C6 (benchmark_itoa64.):00675             FDB $FC34,$C0E7,$DAB4,$C3C6     ;  "-273381575323499578"
1C17 AB5C6D5F06928301 (benchmark_itoa64.):00676             FDB $AB5C,$6D5F,$0692,$8301     ; "-6098879540466908415"
1C1F 6095D16064CA7E9F (benchmark_itoa64.):00677             FDB $6095,$D160,$64CA,$7E9F     ;  "6959699011109027487"
1C27 850BB1537205125B (benchmark_itoa64.):00678             FDB $850B,$B153,$7205,$125B     ; "-8859792869967981989"
1C2F 2F1AA4AFEA2C2534 (benchmark_itoa64.):00679             FDB $2F1A,$A4AF,$EA2C,$2534     ;  "3394206344632083764"
1C37 1A9D81BC619FF1C4 (benchmark_itoa64.):00680             FDB $1A9D,$81BC,$619F,$F1C4     ;  "1917831662421406148"
1C3F 65684BACCAA4F3B4 (benchmark_itoa64.):00681             FDB $6568,$4BAC,$CAA4,$F3B4     ;  "7307173600914895796"
1C47 36E1F63995808385 (benchmark_itoa64.):00682             FDB $36E1,$F639,$9580,$8385     ;  "3954712674989802373"
1C4F 2D74E2DF06B5D37B (benchmark_itoa64.):00683             FDB $2D74,$E2DF,$06B5,$D37B     ;  "3275492276523357051"
1C57 3585608FDAE66711 (benchmark_itoa64.):00684             FDB $3585,$608F,$DAE6,$6711     ;  "3856594826881820433"
1C5F FD9E3C2FA3EED8B6 (benchmark_itoa64.):00685             FDB $FD9E,$3C2F,$A3EE,$D8B6     ;  "-171633560482031434"
1C67 361AB93CA0B4B7FC (benchmark_itoa64.):00686             FDB $361A,$B93C,$A0B4,$B7FC     ;  "3898632097487960060"
1C6F 647922F6DEED8166 (benchmark_itoa64.):00687             FDB $6479,$22F6,$DEED,$8166     ;  "7239856319672189286"
1C77 62C67E78DC4202A2 (benchmark_itoa64.):00688             FDB $62C6,$7E78,$DC42,$02A2     ;  "7117515318662136482"
1C7F D5417651F66BF65F (benchmark_itoa64.):00689             FDB $D541,$7651,$F66B,$F65F     ; "-3080050575746009505"
1C87 2CD3A1B437EB3602 (benchmark_itoa64.):00690             FDB $2CD3,$A1B4,$37EB,$3602     ;  "3230103153159124482"
1C8F D7DCBD00463D8E6C (benchmark_itoa64.):00691             FDB $D7DC,$BD00,$463D,$8E6C     ; "-2892229051802612116"
1C97 68FB58005F9604F0 (benchmark_itoa64.):00692             FDB $68FB,$5800,$5F96,$04F0     ;  "7564736757725791472"
1C9F 0C4A6F1CC4FD74C9 (benchmark_itoa64.):00693             FDB $0C4A,$6F1C,$C4FD,$74C9     ;   "885642446086436041"
1CA7 313A328295E7741B (benchmark_itoa64.):00694             FDB $313A,$3282,$95E7,$741B     ;  "3547203192949797915"
1CAF AE3886756F0B9238 (benchmark_itoa64.):00695             FDB $AE38,$8675,$6F0B,$9238     ; "-5892812273481969096"
1CB7 FF1BEC575FB7956F (benchmark_itoa64.):00696             FDB $FF1B,$EC57,$5FB7,$956F     ;   "-64197909654563473"
1CBF E02AA3FB26DC21F9 (benchmark_itoa64.):00697             FDB $E02A,$A3FB,$26DC,$21F9     ; "-2293840761107766791"
1CC7 348BF5D9D2F15D60 (benchmark_itoa64.):00698             FDB $348B,$F5D9,$D2F1,$5D60     ;  "3786390227630775648"
1CCF A79BBAE61841AD8D (benchmark_itoa64.):00699             FDB $A79B,$BAE6,$1841,$AD8D     ; "-6369291750573232755"
1CD7 02CED9BF65C9F59B (benchmark_itoa64.):00700             FDB $02CE,$D9BF,$65C9,$F59B     ;   "202338449347966363"
1CDF 41EFF22105FE9AD9 (benchmark_itoa64.):00701             FDB $41EF,$F221,$05FE,$9AD9     ;  "4751282355547577049"
1CE7 04B5DDB0D6A08472 (benchmark_itoa64.):00702             FDB $04B5,$DDB0,$D6A0,$8472     ;   "339421098521166962"
1CEF 4A5080833B6E83E0 (benchmark_itoa64.):00703             FDB $4A50,$8083,$3B6E,$83E0     ;  "5354921258069689312"
1CF7 A8026784A82999E6 (benchmark_itoa64.):00704             FDB $A802,$6784,$A829,$99E6     ; "-6340391505929594394"
1CFF 6D47B753790A6AEA (benchmark_itoa64.):00705             FDB $6D47,$B753,$790A,$6AEA     ;  "7874464042621496042"
1D07 3D894452A66FB323 (benchmark_itoa64.):00706             FDB $3D89,$4452,$A66F,$B323     ;  "4434150429893309219"
1D0F 9EB1A8B3AD34949E (benchmark_itoa64.):00707             FDB $9EB1,$A8B3,$AD34,$949E     ; "-7011637655180634978"
1D17 9001B87787566B01 (benchmark_itoa64.):00708             FDB $9001,$B877,$8756,$6B01     ; "-8069966233760011519"
1D1F 1CADA63BE5ABC331 (benchmark_itoa64.):00709             FDB $1CAD,$A63B,$E5AB,$C331     ;  "2066490580219446065"
1D27 2A1EDE8A749B4C2D (benchmark_itoa64.):00710             FDB $2A1E,$DE8A,$749B,$4C2D     ;  "3035107885137480749"
1D2F 99E03B5F1746D4D9 (benchmark_itoa64.):00711             FDB $99E0,$3B5F,$1746,$D4D9     ; "-7358816511524940583"
1D37 9A6C2CAA45815D99 (benchmark_itoa64.):00712             FDB $9A6C,$2CAA,$4581,$5D99     ; "-7319426184561730151"
1D3F D90502E90A9432C4 (benchmark_itoa64.):00713             FDB $D905,$02E9,$0A94,$32C4     ; "-2808835592667516220"
1D47 88949B7B9A8E3E5E (benchmark_itoa64.):00714             FDB $8894,$9B7B,$9A8E,$3E5E     ; "-8605082032821879202"
1D4F 090854FB5C2B1606 (benchmark_itoa64.):00715             FDB $0908,$54FB,$5C2B,$1606     ;   "650863584714888710"
1D57 CBC025E65BFE4FD0 (benchmark_itoa64.):00716             FDB $CBC0,$25E6,$5BFE,$4FD0     ; "-3764967617165635632"
1D5F A6936A78327B12FA (benchmark_itoa64.):00717             FDB $A693,$6A78,$327B,$12FA     ; "-6443689577361501446"
1D67 331F60199ACAE5CD (benchmark_itoa64.):00718             FDB $331F,$6019,$9ACA,$E5CD     ;  "3683768683299792333"
1D6F 4212FFA91E0F8F70 (benchmark_itoa64.):00719             FDB $4212,$FFA9,$1E0F,$8F70     ;  "4761148857902927728"
1D77 0C8E5F4B0A6623CE (benchmark_itoa64.):00720             FDB $0C8E,$5F4B,$0A66,$23CE     ;   "904765351049700302"
1D7F 4BB84108D8351B37 (benchmark_itoa64.):00721             FDB $4BB8,$4108,$D835,$1B37     ;  "5456182454802258743"
1D87 6C4C0CA7554D40B2 (benchmark_itoa64.):00722             FDB $6C4C,$0CA7,$554D,$40B2     ;  "7803626167156424882"
1D8F DCB72E5C7AECE52A (benchmark_itoa64.):00723             FDB $DCB7,$2E5C,$7AEC,$E52A     ; "-2542512489893141206"
1D97 1C5F8D218926E4E0 (benchmark_itoa64.):00724             FDB $1C5F,$8D21,$8926,$E4E0     ;  "2044507931023959264"
1D9F 9CD7531B19880C2B (benchmark_itoa64.):00725             FDB $9CD7,$531B,$1988,$0C2B     ; "-7145150907942433749"
1DA7 7F726DBC3E608E01 (benchmark_itoa64.):00726             FDB $7F72,$6DBC,$3E60,$8E01     ;  "9183523245429657089"
1DAF 54197C5F6791D2D7 (benchmark_itoa64.):00727             FDB $5419,$7C5F,$6791,$D2D7     ;  "6060011522805060311"
1DB7 305DB9DB6555DE0C (benchmark_itoa64.):00728             FDB $305D,$B9DB,$6555,$DE0C     ;  "3485146038603734540"
1DBF 09F54FF318F14BFB (benchmark_itoa64.):00729             FDB $09F5,$4FF3,$18F1,$4BFB     ;   "717567621149576187"
1DC7 F392570480228621 (benchmark_itoa64.):00730             FDB $F392,$5704,$8022,$8621     ;  "-895557699052075487"
1DCF 829F932FBD929C31 (benchmark_itoa64.):00731             FDB $829F,$932F,$BD92,$9C31     ; "-9034340494228677583"
1DD7 3D3377BC5D650877 (benchmark_itoa64.):00732             FDB $3D33,$77BC,$5D65,$0877     ;  "4410000111030306935"
1DDF 18C9B0811B5C859E (benchmark_itoa64.):00733             FDB $18C9,$B081,$1B5C,$859E     ;  "1786152795785430430"
1DE7 B8B333ADA4A59DBE (benchmark_itoa64.):00734             FDB $B8B3,$33AD,$A4A5,$9DBE     ; "-5137705929014927938"
1DEF 9B9FD9D5B8C862F5 (benchmark_itoa64.):00735             FDB $9B9F,$D9D5,$B8C8,$62F5     ; "-7232822964582325515"
1DF7 01506EA0D6C610E3 (benchmark_itoa64.):00736             FDB $0150,$6EA0,$D6C6,$10E3     ;    "94697229251907811"
1DFF 6AAD94C4BAC68D58 (benchmark_itoa64.):00737             FDB $6AAD,$94C4,$BAC6,$8D58     ;  "7686963711659380056"
1E07 4B1F796D1BECB2BF (benchmark_itoa64.):00738             FDB $4B1F,$796D,$1BEC,$B2BF     ;  "5413178786649518783"
1E0F AAA5E9CF74DC1BEB (benchmark_itoa64.):00739             FDB $AAA5,$E9CF,$74DC,$1BEB     ; "-6150252638876460053"
1E17 91B58582BCA7EAC3 (benchmark_itoa64.):00740             FDB $91B5,$8582,$BCA7,$EAC3     ; "-7947299170868008253"
1E1F 780C0AD5F7DB9A43 (benchmark_itoa64.):00741             FDB $780C,$0AD5,$F7DB,$9A43     ;  "8650300898374556227"
1E27 5C8BCE78DA8EAEAA (benchmark_itoa64.):00742             FDB $5C8B,$CE78,$DA8E,$AEAA     ;  "6668650691710332586"
1E2F 11C984E56F91ECF1 (benchmark_itoa64.):00743             FDB $11C9,$84E5,$6F91,$ECF1     ;  "1281701689917828337"
1E37 EE5C23177F6B8705 (benchmark_itoa64.):00744             FDB $EE5C,$2317,$7F6B,$8705     ; "-1271102410996349179"
1E3F D77466AA1489D689 (benchmark_itoa64.):00745             FDB $D774,$66AA,$1489,$D689     ; "-2921597377581558135"
1E47 D2F41F1DDD510A7D (benchmark_itoa64.):00746             FDB $D2F4,$1F1D,$DD51,$0A7D     ; "-3245935218299696515"
1E4F ADC4F9381C09101B (benchmark_itoa64.):00747             FDB $ADC4,$F938,$1C09,$101B     ; "-5925337190328889317"
1E57 1B957F7F4E761A34 (benchmark_itoa64.):00748             FDB $1B95,$7F7F,$4E76,$1A34     ;  "1987634995307878964"
1E5F 5C4AA88B61DE5080 (benchmark_itoa64.):00749             FDB $5C4A,$A88B,$61DE,$5080     ;  "6650313116361838720"
1E67 E808F091FA4DB8F8 (benchmark_itoa64.):00750             FDB $E808,$F091,$FA4D,$B8F8     ; "-1726865947336263432"
1E6F 6DB45FCC1A5E6811 (benchmark_itoa64.):00751             FDB $6DB4,$5FCC,$1A5E,$6811     ;  "7905048576162424849"
1E77 5D169D16AA6E8CC5 (benchmark_itoa64.):00752             FDB $5D16,$9D16,$AA6E,$8CC5     ;  "6707721415689145541"
1E7F 1B85AD1584120651 (benchmark_itoa64.):00753             FDB $1B85,$AD15,$8412,$0651     ;  "1983181518848263761"
1E87 1C911261AFEF6E08 (benchmark_itoa64.):00754             FDB $1C91,$1261,$AFEF,$6E08     ;  "2058446715457859080"
1E8F 81F8B473B4F6032C (benchmark_itoa64.):00755             FDB $81F8,$B473,$B4F6,$032C     ; "-9081310239542344916"
1E97 D9F0EAECF765A495 (benchmark_itoa64.):00756             FDB $D9F0,$EAEC,$F765,$A495     ; "-2742433869584817003"
1E9F 620F17A93C51C2E2 (benchmark_itoa64.):00757             FDB $620F,$17A9,$3C51,$C2E2     ;  "7065892355996500706"
1EA7 85E972D2480B9D8D (benchmark_itoa64.):00758             FDB $85E9,$72D2,$480B,$9D8D     ; "-8797374149614133875"
1EAF 6E9962073035940A (benchmark_itoa64.):00759             FDB $6E99,$6207,$3035,$940A     ;  "7969508798621914122"
1EB7 A365F2E8CCDA27E7 (benchmark_itoa64.):00760             FDB $A365,$F2E8,$CCDA,$27E7     ; "-6672660191196338201"
1EBF 89A5FB4CC46E74B4 (benchmark_itoa64.):00761             FDB $89A5,$FB4C,$C46E,$74B4     ; "-8528134012224506700"
1EC7 1F2948DC88EFE569 (benchmark_itoa64.):00762             FDB $1F29,$48DC,$88EF,$E569     ;  "2245406001248331113"
1ECF 16DF92A8B6DA998D (benchmark_itoa64.):00763             FDB $16DF,$92A8,$B6DA,$998D     ;  "1648197241960831373"
1ED7 A40ECC2230BE9467 (benchmark_itoa64.):00764             FDB $A40E,$CC22,$30BE,$9467     ; "-6625133554596670361"
1EDF 489549DF0565CA82 (benchmark_itoa64.):00765             FDB $4895,$49DF,$0565,$CA82     ;  "5230167764477790850"
1EE7 D8FBF014229B9CD7 (benchmark_itoa64.):00766             FDB $D8FB,$F014,$229B,$9CD7     ; "-2811389573092107049"
1EEF 374437C46D359175 (benchmark_itoa64.):00767             FDB $3744,$37C4,$6D35,$9175     ;  "3982369287287705973"
1EF7 2F3599A35B8A81D1 (benchmark_itoa64.):00768             FDB $2F35,$99A3,$5B8A,$81D1     ;  "3401794020442800593"
1EFF 08492B2A2B74E98E (benchmark_itoa64.):00769             FDB $0849,$2B2A,$2B74,$E98E     ;   "597055885721004430"
1F07 6142A131C9A20A27 (benchmark_itoa64.):00770             FDB $6142,$A131,$C9A2,$0A27     ;  "7008341205350222375"
1F0F CA6329156E878697 (benchmark_itoa64.):00771             FDB $CA63,$2915,$6E87,$8697     ; "-3863198883328325993"
1F17 BF503B4D07DE5B91 (benchmark_itoa64.):00772             FDB $BF50,$3B4D,$07DE,$5B91     ; "-4661160412297929839"
1F1F 14CEAC5D9884BFF9 (benchmark_itoa64.):00773             FDB $14CE,$AC5D,$9884,$BFF9     ;  "1499325243951726585"
1F27 5B2BEDB3C9FE61B5 (benchmark_itoa64.):00774             FDB $5B2B,$EDB3,$C9FE,$61B5     ;  "6569605837893820853"
1F2F 2BD04FEA8044EE73 (benchmark_itoa64.):00775             FDB $2BD0,$4FEA,$8044,$EE73     ;  "3157111207379660403"
1F37 44255EFBCCBDCF38 (benchmark_itoa64.):00776             FDB $4425,$5EFB,$CCBD,$CF38     ;  "4910435404282187576"
1F3F 2180DB8602AA1165 (benchmark_itoa64.):00777             FDB $2180,$DB86,$02AA,$1165     ;  "2414170768887386469"
1F47 D54AC0B3C3915B3E (benchmark_itoa64.):00778             FDB $D54A,$C0B3,$C391,$5B3E     ; "-3077435517041550530"
1F4F B792FC676099551A (benchmark_itoa64.):00779             FDB $B792,$FC67,$6099,$551A     ; "-5218831497236490982"
1F57 166D322896D67C21 (benchmark_itoa64.):00780             FDB $166D,$3228,$96D6,$7C21     ;  "1616002991206595617"
1F5F 20893C935F6F52C6 (benchmark_itoa64.):00781             FDB $2089,$3C93,$5F6F,$52C6     ;  "2344471684682044102"
1F67 18A34707A9309605 (benchmark_itoa64.):00782             FDB $18A3,$4707,$A930,$9605     ;  "1775340776342984197"
1F6F B40B989E80BEC17E (benchmark_itoa64.):00783             FDB $B40B,$989E,$80BE,$C17E     ; "-5473113115606466178"
1F77 4DEDE52AC5F6164F (benchmark_itoa64.):00784             FDB $4DED,$E52A,$C5F6,$164F     ;  "5615396282273502799"
1F7F 44103E3A61A2BFCA (benchmark_itoa64.):00785             FDB $4410,$3E3A,$61A2,$BFCA     ;  "4904488414673551306"
1F87 DAE099F47B969EBD (benchmark_itoa64.):00786             FDB $DAE0,$99F4,$7B96,$9EBD     ; "-2674968903333536067"
1F8F 664E76578CB3A6FC (benchmark_itoa64.):00787             FDB $664E,$7657,$8CB3,$A6FC     ;  "7371959758446896892"
1F97 1BC8300C87B47249 (benchmark_itoa64.):00788             FDB $1BC8,$300C,$87B4,$7249     ;  "2001902864740676169"
1F9F 23E5B4DFF877BC7A (benchmark_itoa64.):00789             FDB $23E5,$B4DF,$F877,$BC7A     ;  "2586672435033521274"
1FA7 E019731831C15B1B (benchmark_itoa64.):00790             FDB $E019,$7318,$31C1,$5B1B     ; "-2298679587044762853"
1FAF 13F558B323CE4A61 (benchmark_itoa64.):00791             FDB $13F5,$58B3,$23CE,$4A61     ;  "1438153182437853793"
1FB7 859C7633D64BDB41 (benchmark_itoa64.):00792             FDB $859C,$7633,$D64B,$DB41     ; "-8819044005287568575"
1FBF BDDB1B9E0C7BA0D2 (benchmark_itoa64.):00793             FDB $BDDB,$1B9E,$0C7B,$A0D2     ; "-4766185415013326638"
1FC7 B3D6786376096FAE (benchmark_itoa64.):00794             FDB $B3D6,$7863,$7609,$6FAE     ; "-5488066727326945362"
1FCF F1D0BA820B97AC26 (benchmark_itoa64.):00795             FDB $F1D0,$BA82,$0B97,$AC26     ; "-1022112047710098394"
1FD7 061A6D57A2FA61F1 (benchmark_itoa64.):00796             FDB $061A,$6D57,$A2FA,$61F1     ;   "439784136785945073"
1FDF AFB51A0D6DEF75D7 (benchmark_itoa64.):00797             FDB $AFB5,$1A0D,$6DEF,$75D7     ; "-5785689501306227241"
1FE7 7E81945957438501 (benchmark_itoa64.):00798             FDB $7E81,$9459,$5743,$8501     ;  "9115730232211637505"
1FEF 8F8340A19FB0DB6D (benchmark_itoa64.):00799             FDB $8F83,$40A1,$9FB0,$DB6D     ; "-8105563841423680659"
1FF7 40E444B871FF8B0A (benchmark_itoa64.):00800             FDB $40E4,$44B8,$71FF,$8B0A     ;  "4675937872094661386"
1FFF BB39CC25034F9FDF (benchmark_itoa64.):00801             FDB $BB39,$CC25,$034F,$9FDF     ; "-4955705455603114017"
2007 96CCE68981C2E53F (benchmark_itoa64.):00802             FDB $96CC,$E689,$81C2,$E53F     ; "-7580430594509445825"
200F 73A319E68EA01849 (benchmark_itoa64.):00803             FDB $73A3,$19E6,$8EA0,$1849     ;  "8332532213591578697"
2017 32FF6EDEF2FE7250 (benchmark_itoa64.):00804             FDB $32FF,$6EDE,$F2FE,$7250     ;  "3674777724796170832"
201F 0B3217DBBFF97C8D (benchmark_itoa64.):00805             FDB $0B32,$17DB,$BFF9,$7C8D     ;   "806733515838815373"
2027 26BDC852FEA298C0 (benchmark_itoa64.):00806             FDB $26BD,$C852,$FEA2,$98C0     ;  "2791607602824517824"
202F 8F50DC519CA839B6 (benchmark_itoa64.):00807             FDB $8F50,$DC51,$9CA8,$39B6     ; "-8119747885070272074"
2037 731358EAAD2122A9 (benchmark_itoa64.):00808             FDB $7313,$58EA,$AD21,$22A9     ;  "8292069103869436585"
203F 09F86874A25209FF (benchmark_itoa64.):00809             FDB $09F8,$6874,$A252,$09FF     ;   "718438990714374655"
2047 3827B57144B6841E (benchmark_itoa64.):00810             FDB $3827,$B571,$44B6,$841E     ;  "4046402288304423966"
204F 5E12D400618F7EB2 (benchmark_itoa64.):00811             FDB $5E12,$D400,$618F,$7EB2     ;  "6778713487247900338"
2057 94C79149FA39A653 (benchmark_itoa64.):00812             FDB $94C7,$9149,$FA39,$A653     ; "-7726046888814074285"
205F B948D718D061A214 (benchmark_itoa64.):00813             FDB $B948,$D718,$D061,$A214     ; "-5095586476794469868"
2067 BEB7C67CF5DE5C1B (benchmark_itoa64.):00814             FDB $BEB7,$C67C,$F5DE,$5C1B     ; "-4704073045761958885"
206F 3F062AAE2F355F8D (benchmark_itoa64.):00815             FDB $3F06,$2AAE,$2F35,$5F8D     ;  "4541364201854427021"
2077 A2B6C1B400FDEDA8 (benchmark_itoa64.):00816             FDB $A2B6,$C1B4,$00FD,$EDA8     ; "-6721972414948971096"
207F D9BEBD375ABA4D98 (benchmark_itoa64.):00817             FDB $D9BE,$BD37,$5ABA,$4D98     ; "-2756557876461154920"
2087 FC1351EA9C086534 (benchmark_itoa64.):00818             FDB $FC13,$51EA,$9C08,$6534     ;  "-282792283512216268"
208F 6FA813CDC705E948 (benchmark_itoa64.):00819             FDB $6FA8,$13CD,$C705,$E948     ;  "8045702508825667912"
2097 7F56E93ED9EE97B9 (benchmark_itoa64.):00820             FDB $7F56,$E93E,$D9EE,$97B9     ;  "9175777746967500729"
209F 055B03EE52214825 (benchmark_itoa64.):00821             FDB $055B,$03EE,$5221,$4825     ;   "385906515185322021"
20A7 46DD71A6A237AF93 (benchmark_itoa64.):00822             FDB $46DD,$71A6,$A237,$AF93     ;  "5106362513008078739"
20AF 941897951ADC9ABF (benchmark_itoa64.):00823             FDB $9418,$9795,$1ADC,$9ABF     ; "-7775298089998574913"
20B7 731D057F71BC0C09 (benchmark_itoa64.):00824             FDB $731D,$057F,$71BC,$0C09     ;  "8294792133613456393"
20BF 5CA8A3C2B8F4AE01 (benchmark_itoa64.):00825             FDB $5CA8,$A3C2,$B8F4,$AE01     ;  "6676766504298786305"
20C7 C7C1A8B229D85806 (benchmark_itoa64.):00826             FDB $C7C1,$A8B2,$29D8,$5806     ; "-4052772706497046522"
20CF 8AF7B60D4E75728D (benchmark_itoa64.):00827             FDB $8AF7,$B60D,$4E75,$728D     ; "-8433071608960814451"
20D7 6EC0E98F9FA1FABA (benchmark_itoa64.):00828             FDB $6EC0,$E98F,$9FA1,$FABA     ;  "7980635342768306874"
20DF FABBC7DF6392007B (benchmark_itoa64.):00829             FDB $FABB,$C7DF,$6392,$007B     ;  "-379489981320527749"
20E7 F8838C325C39D484 (benchmark_itoa64.):00830             FDB $F883,$8C32,$5C39,$D484     ;  "-539433382430780284"
20EF FC5CB8CF2A54E899 (benchmark_itoa64.):00831             FDB $FC5C,$B8CF,$2A54,$E899     ;  "-262131478386382695"
20F7 32418974015EAAF1 (benchmark_itoa64.):00832             FDB $3241,$8974,$015E,$AAF1     ;  "3621326706714782449"
20FF EB420337186FFC26 (benchmark_itoa64.):00833             FDB $EB42,$0337,$186F,$FC26     ; "-1494628591165506522"
2107 40C0AC4CA9E6F500 (benchmark_itoa64.):00834             FDB $40C0,$AC4C,$A9E6,$F500     ;  "4665918659223811328"
210F C81518CA52F3886D (benchmark_itoa64.):00835             FDB $C815,$18CA,$52F3,$886D     ; "-4029287034358888339"
2117 45D4B26DFD98BAF0 (benchmark_itoa64.):00836             FDB $45D4,$B26D,$FD98,$BAF0     ;  "5031842869155511024"
211F A3C0F15E8A6F1C12 (benchmark_itoa64.):00837             FDB $A3C0,$F15E,$8A6F,$1C12     ; "-6647047661647094766"
2127 1C89E8A97E47C4BF (benchmark_itoa64.):00838             FDB $1C89,$E8A9,$7E47,$C4BF     ;  "2056430519537091775"
212F 8E0C08E5ABAFAADD (benchmark_itoa64.):00839             FDB $8E0C,$08E5,$ABAF,$AADD     ; "-8211178238082307363"
2137 D8CD86BD7A805F69 (benchmark_itoa64.):00840             FDB $D8CD,$86BD,$7A80,$5F69     ; "-2824453242929258647"
213F 9BE8ED091D53B376 (benchmark_itoa64.):00841             FDB $9BE8,$ED09,$1D53,$B376     ; "-7212254179831336074"
2147 D3353788B9673DB6 (benchmark_itoa64.):00842             FDB $D335,$3788,$B967,$3DB6     ; "-3227612497575461450"
214F E7989313DC8D31A0 (benchmark_itoa64.):00843             FDB $E798,$9313,$DC8D,$31A0     ; "-1758493940974276192"
2157 127D2973814BEACC (benchmark_itoa64.):00844             FDB $127D,$2973,$814B,$EACC     ;  "1332266640838748876"
215F F55BE0A3030E3741 (benchmark_itoa64.):00845             FDB $F55B,$E0A3,$030E,$3741     ;  "-766772320800983231"
2167 E172605F1D02C684 (benchmark_itoa64.):00846             FDB $E172,$605F,$1D02,$C684     ; "-2201591306205870460"
216F F0E6ECDCD9066B3E (benchmark_itoa64.):00847             FDB $F0E6,$ECDC,$D906,$6B3E     ; "-1087921826685359298"
2177 1D54BF385F1595D3 (benchmark_itoa64.):00848             FDB $1D54,$BF38,$5F15,$95D3     ;  "2113524373977929171"
217F 75A4B0723EB1932E (benchmark_itoa64.):00849             FDB $75A4,$B072,$3EB1,$932E     ;  "8477094403342701358"
2187 38A764CBCE272D52 (benchmark_itoa64.):00850             FDB $38A7,$64CB,$CE27,$2D52     ;  "4082342413734456658"
218F 0D0201E2022D7E27 (benchmark_itoa64.):00851             FDB $0D02,$01E2,$022D,$7E27     ;   "937313742657256999"
2197 6B1DD227A36C112A (benchmark_itoa64.):00852             FDB $6B1D,$D227,$A36C,$112A     ;  "7718556404070224170"
219F 7630041A63F89309 (benchmark_itoa64.):00853             FDB $7630,$041A,$63F8,$9309     ;  "8516311406750503689"
21A7 260757BD40D28127 (benchmark_itoa64.):00854             FDB $2607,$57BD,$40D2,$8127     ;  "2740255368626209063"
21AF 14BF2DFB67221CD5 (benchmark_itoa64.):00855             FDB $14BF,$2DFB,$6722,$1CD5     ;  "1494964159100624085"
21B7 CA20C8B24C101644 (benchmark_itoa64.):00856             FDB $CA20,$C8B2,$4C10,$1644     ; "-3881882210687510972"
21BF 9EB403783FC07E09 (benchmark_itoa64.):00857             FDB $9EB4,$0378,$3FC0,$7E09     ; "-7010974904908481015"
21C7 6644B603BEE22776 (benchmark_itoa64.):00858             FDB $6644,$B603,$BEE2,$2776     ;  "7369215017488623478"
21CF D708ED187ECD3EFF (benchmark_itoa64.):00859             FDB $D708,$ED18,$7ECD,$3EFF     ; "-2951848866278981889"
21D7 66E66DEBA5D70514 (benchmark_itoa64.):00860             FDB $66E6,$6DEB,$A5D7,$0514     ;  "7414734695379174676"
21DF 00CAD658B8BF41B2 (benchmark_itoa64.):00861             FDB $00CA,$D658,$B8BF,$41B2     ;    "57093621840560562"
21E7 73061ECC1152415F (benchmark_itoa64.):00862             FDB $7306,$1ECC,$1152,$415F     ;  "8288346026034741599"
21EF B7A392E5F99EE0D9 (benchmark_itoa64.):00863             FDB $B7A3,$92E5,$F99E,$E0D9     ; "-5214162427131797287"
21F7 CE1FBB3DA6DF770A (benchmark_itoa64.):00864             FDB $CE1F,$BB3D,$A6DF,$770A     ; "-3593948104151304438"
21FF 12AB908BA53DC64E (benchmark_itoa64.):00865             FDB $12AB,$908B,$A53D,$C64E     ;  "1345327843147368014"
2207 36DF22B70F0276F5 (benchmark_itoa64.):00866             FDB $36DF,$22B7,$0F02,$76F5     ;  "3953917167480764149"
220F 1065B2D194FC4E25 (benchmark_itoa64.):00867             FDB $1065,$B2D1,$94FC,$4E25     ;  "1181547090472095269"
2217 C37BD8F8A1DB26D7 (benchmark_itoa64.):00868             FDB $C37B,$D8F8,$A1DB,$26D7     ; "-4360653251799210281"
221F 2EB76A942A3284CD (benchmark_itoa64.):00869             FDB $2EB7,$6A94,$2A32,$84CD     ;  "3366276431078393037"
2227 76C2E28CC75B6EEA (benchmark_itoa64.):00870             FDB $76C2,$E28C,$C75B,$6EEA     ;  "8557651336225320682"
222F 696AFB51BB2AB232 (benchmark_itoa64.):00871             FDB $696A,$FB51,$BB2A,$B232     ;  "7596160049964823090"
2237 317432CA3E6B7C3B (benchmark_itoa64.):00872             FDB $3174,$32CA,$3E6B,$7C3B     ;  "3563529049368919099"
223F BF4823E6C15DE7C4 (benchmark_itoa64.):00873             FDB $BF48,$23E6,$C15D,$E7C4     ; "-4663437940148541500"
2247 5B7E716B163B0444 (benchmark_itoa64.):00874             FDB $5B7E,$716B,$163B,$0444     ;  "6592831609265390660"
224F BFF1727CF6760094 (benchmark_itoa64.):00875             FDB $BFF1,$727C,$F676,$0094     ; "-4615782262041608044"
2257 15B4E86B5645B590 (benchmark_itoa64.):00876             FDB $15B4,$E86B,$5645,$B590     ;  "1564130518310958480"
225F 79EDA301A2B2E7B9 (benchmark_itoa64.):00877             FDB $79ED,$A301,$A2B2,$E7B9     ;  "8785857675489634233"
2267 4A35995B1F60952F (benchmark_itoa64.):00878             FDB $4A35,$995B,$1F60,$952F     ;  "5347348749219829039"
226F 27823FDC0B5D6B12 (benchmark_itoa64.):00879             FDB $2782,$3FDC,$0B5D,$6B12     ;  "2846908128767601426"
2277 5DEDD3A5E5195B17 (benchmark_itoa64.):00880             FDB $5DED,$D3A5,$E519,$5B17     ;  "6768298524474432279"
227F 69F009DE3B28A01C (benchmark_itoa64.):00881             FDB $69F0,$09DE,$3B28,$A01C     ;  "7633612218472898588"
2287 C5D034A77B221BD4 (benchmark_itoa64.):00882             FDB $C5D0,$34A7,$7B22,$1BD4     ; "-4192793359151916076"
228F 826D30D43EBD476C (benchmark_itoa64.):00883             FDB $826D,$30D4,$3EBD,$476C     ; "-9048522388173666452"
2297 1754D59DCE3A717B (benchmark_itoa64.):00884             FDB $1754,$D59D,$CE3A,$717B     ;  "1681203434662556027"
229F 41C1575404BE292A (benchmark_itoa64.):00885             FDB $41C1,$5754,$04BE,$292A     ;  "4738164301338913066"
22A7 EBD11F0FB4C3E9D5 (benchmark_itoa64.):00886             FDB $EBD1,$1F0F,$B4C3,$E9D5     ; "-1454347052346250795"
22AF ACEC427068E597D7 (benchmark_itoa64.):00887             FDB $ACEC,$4270,$68E5,$97D7     ; "-5986336754118584361"
22B7 AECE77DBCB2488E4 (benchmark_itoa64.):00888             FDB $AECE,$77DB,$CB24,$88E4     ; "-5850607080017983260"
22BF E5F3BE86DC93DE74 (benchmark_itoa64.):00889             FDB $E5F3,$BE86,$DC93,$DE74     ; "-1876947133247791500"
22C7 09C806C5180E2B34 (benchmark_itoa64.):00890             FDB $09C8,$06C5,$180E,$2B34     ;   "704820785265388340"
22CF BA0D900155283EAF (benchmark_itoa64.):00891             FDB $BA0D,$9001,$5528,$3EAF     ; "-5040214072559649105"
22D7 19260D13A28EBD3F (benchmark_itoa64.):00892             FDB $1926,$0D13,$A28E,$BD3F     ;  "1812150278046006591"
22DF 65EE209C58513CBB (benchmark_itoa64.):00893             FDB $65EE,$209C,$5851,$3CBB     ;  "7344843898156563643"
22E7 D3EAABBAA59298FC (benchmark_itoa64.):00894             FDB $D3EA,$ABBA,$A592,$98FC     ; "-3176537769026348804"
22EF 73ACD512E88FD970 (benchmark_itoa64.):00895             FDB $73AC,$D512,$E88F,$D970     ;  "8335271287543814512"
22F7 81726B0F3F438840 (benchmark_itoa64.):00896             FDB $8172,$6B0F,$3F43,$8840     ; "-9119108582241761216"
22FF 58FFB90A28A52365 (benchmark_itoa64.):00897             FDB $58FF,$B90A,$28A5,$2365     ;  "6413047847681598309"
2307 68DD1920187EE3A2 (benchmark_itoa64.):00898             FDB $68DD,$1920,$187E,$E3A2     ;  "7556223375438177186"
230F 559813E5519BECA5 (benchmark_itoa64.):00899             FDB $5598,$13E5,$519B,$ECA5     ;  "6167701565321505957"
2317 5D42C9FE387D67D7 (benchmark_itoa64.):00900             FDB $5D42,$C9FE,$387D,$67D7     ;  "6720155687696820183"
231F DAD615271C43303C (benchmark_itoa64.):00901             FDB $DAD6,$1527,$1C43,$303C     ; "-2677929670703108036"
2327 022D08D2DF99D9DC (benchmark_itoa64.):00902             FDB $022D,$08D2,$DF99,$D9DC     ;   "156791263815391708"
232F 6A84FB6FC7D5745C (benchmark_itoa64.):00903             FDB $6A84,$FB6F,$C7D5,$745C     ;  "7675536122458764380"
2337 63DAFB7D177350EB (benchmark_itoa64.):00904             FDB $63DA,$FB7D,$1773,$50EB     ;  "7195339869360705771"
233F A4842DCB77974E82 (benchmark_itoa64.):00905             FDB $A484,$2DCB,$7797,$4E82     ; "-6592093602655547774"
2347 AB9CBE325AEECAD8 (benchmark_itoa64.):00906             FDB $AB9C,$BE32,$5AEE,$CAD8     ; "-6080776273373771048"
234F 932B4F94540A08B1 (benchmark_itoa64.):00907             FDB $932B,$4F94,$540A,$08B1     ; "-7842086827651888975"
2357 938194B30F466C9C (benchmark_itoa64.):00908             FDB $9381,$94B3,$0F46,$6C9C     ; "-7817803981362140004"
235F 436EBFB11A265892 (benchmark_itoa64.):00909             FDB $436E,$BFB1,$1A26,$5892     ;  "4859031815348181138"
2367 AB418BADC24523C2 (benchmark_itoa64.):00910             FDB $AB41,$8BAD,$C245,$23C2     ; "-6106446041332767806"
236F 659A579169B4069E (benchmark_itoa64.):00911             FDB $659A,$5791,$69B4,$069E     ;  "7321260426299442846"
2377 C377D1235367DBB7 (benchmark_itoa64.):00912             FDB $C377,$D123,$5367,$DBB7     ; "-4361787764431660105"
237F B04893E9185169E9 (benchmark_itoa64.):00913             FDB $B048,$93E9,$1851,$69E9     ; "-5744178695366415895"
2387 0B1C2CA4464F2CEC (benchmark_itoa64.):00914             FDB $0B1C,$2CA4,$464F,$2CEC     ;   "800563917830958316"
238F 39DEEB5C7D8EBDCE (benchmark_itoa64.):00915             FDB $39DE,$EB5C,$7D8E,$BDCE     ;  "4170029087467683278"
2397 1AE41D745C053AC2 (benchmark_itoa64.):00916             FDB $1AE4,$1D74,$5C05,$3AC2     ;  "1937706125273414338"
239F 4A607CB861321D7C (benchmark_itoa64.):00917             FDB $4A60,$7CB8,$6132,$1D7C     ;  "5359420687917391228"
23A7 DD8FD84E8042F879 (benchmark_itoa64.):00918             FDB $DD8F,$D84E,$8042,$F879     ; "-2481527037986932615"
23AF 0A869EC7B60C6453 (benchmark_itoa64.):00919             FDB $0A86,$9EC7,$B60C,$6453     ;   "758468167848453203"
23B7 0B50DC2CE247352D (benchmark_itoa64.):00920             FDB $0B50,$DC2C,$E247,$352D     ;   "815393617887049005"
23BF E9CE04F180613158 (benchmark_itoa64.):00921             FDB $E9CE,$04F1,$8061,$3158     ; "-1599335382382464680"
23C7 192CBD130CE8F668 (benchmark_itoa64.):00922             FDB $192C,$BD13,$0CE8,$F668     ;  "1814032639442089576"
23CF F153D5F34266F31E (benchmark_itoa64.):00923             FDB $F153,$D5F3,$4266,$F31E     ; "-1057266246734122210"
23D7 E8C1723F4E770E7E (benchmark_itoa64.):00924             FDB $E8C1,$723F,$4E77,$0E7E     ; "-1674931970180182402"
23DF E77EB51E274658F4 (benchmark_itoa64.):00925             FDB $E77E,$B51E,$2746,$58F4     ; "-1765774862770087692"
23E7 E6E977D4D9CEDCA4 (benchmark_itoa64.):00926             FDB $E6E9,$77D4,$D9CE,$DCA4     ; "-1807782019341558620"
23EF 8755B11E4D53DA9E (benchmark_itoa64.):00927             FDB $8755,$B11E,$4D53,$DA9E     ; "-8694848761864398178"
23F7 3FE5A6182A590AEB (benchmark_itoa64.):00928             FDB $3FE5,$A618,$2A59,$0AEB     ;  "4604268816776104683"
23FF 9A964709BB8A1B2C (benchmark_itoa64.):00929             FDB $9A96,$4709,$BB8A,$1B2C     ; "-7307575238235382996"
2407 DA0B333FCD47ED27 (benchmark_itoa64.):00930             FDB $DA0B,$333F,$CD47,$ED27     ; "-2735035999577445081"
240F 5BE1A69526ACE1EF (benchmark_itoa64.):00931             FDB $5BE1,$A695,$26AC,$E1EF     ;  "6620756086740541935"
2417 95C34359888AA6D6 (benchmark_itoa64.):00932             FDB $95C3,$4359,$888A,$A6D6     ; "-7655200889777772842"
241F D9ABDD2570B4E910 (benchmark_itoa64.):00933             FDB $D9AB,$DD25,$70B4,$E910     ; "-2761870793587234544"
2427 5E0FC505841D3515 (benchmark_itoa64.):00934             FDB $5E0F,$C505,$841D,$3515     ;  "6777852591697900821"
242F 55E1F294B67CE5BF (benchmark_itoa64.):00935             FDB $55E1,$F294,$B67C,$E5BF     ;  "6188494083514492351"
2437 EF12FD6E6015CB46 (benchmark_itoa64.):00936             FDB $EF12,$FD6E,$6015,$CB46     ; "-1219633898563712186"
243F 5467633409B51652 (benchmark_itoa64.):00937             FDB $5467,$6334,$09B5,$1652     ;  "6081938896939456082"
2447 D456B5E5FFAFEF90 (benchmark_itoa64.):00938             FDB $D456,$B5E5,$FFAF,$EF90     ; "-3146127290229854320"
244F 0658D9DC8A31159A (benchmark_itoa64.):00939             FDB $0658,$D9DC,$8A31,$159A     ;   "457354903412610458"
2457 164B159AC9153656 (benchmark_itoa64.):00940             FDB $164B,$159A,$C915,$3656     ;  "1606401446630471254"
245F 5BD97C19F60E2C2F (benchmark_itoa64.):00941             FDB $5BD9,$7C19,$F60E,$2C2F     ;  "6618457578341805103"
2467 6DBD50A41CE90D57 (benchmark_itoa64.):00942             FDB $6DBD,$50A4,$1CE9,$0D57     ;  "7907565186522352983"
246F 347EAE3162CA05B7 (benchmark_itoa64.):00943             FDB $347E,$AE31,$62CA,$05B7     ;  "3782652264171832759"
2477 CDDCD660D9E1DFD2 (benchmark_itoa64.):00944             FDB $CDDC,$D660,$D9E1,$DFD2     ; "-3612777089597317166"
247F C4725B81B8B08EB7 (benchmark_itoa64.):00945             FDB $C472,$5B81,$B8B0,$8EB7     ; "-4291266882223173961"
2487 98C6F9A6409FF307 (benchmark_itoa64.):00946             FDB $98C6,$F9A6,$409F,$F307     ; "-7437983242111683833"
248F 69F3E649602FA4B6 (benchmark_itoa64.):00947             FDB $69F3,$E649,$602F,$A4B6     ;  "7634698996143858870"
2497 5D783931429EE113 (benchmark_itoa64.):00948             FDB $5D78,$3931,$429E,$E113     ;  "6735196126466466067"
249F 2F687A8662810562 (benchmark_itoa64.):00949             FDB $2F68,$7A86,$6281,$0562     ;  "3416115034957350242"
24A7 43EAAC9B5C37D232 (benchmark_itoa64.):00950             FDB $43EA,$AC9B,$5C37,$D232     ;  "4893913728358535730"
24AF 9F8AA6A8780CA74E (benchmark_itoa64.):00951             FDB $9F8A,$A6A8,$780C,$A74E     ; "-6950559832394127538"
24B7 58A6915877FDE4EE (benchmark_itoa64.):00952             FDB $58A6,$9158,$77FD,$E4EE     ;  "6387952930627904750"
24BF 82E3DF56F384DD59 (benchmark_itoa64.):00953             FDB $82E3,$DF56,$F384,$DD59     ; "-9015116464519848615"
24C7 584EB18FB26D35C3 (benchmark_itoa64.):00954             FDB $584E,$B18F,$B26D,$35C3     ;  "6363218554253030851"
24CF 7714FA8B50821DE8 (benchmark_itoa64.):00955             FDB $7714,$FA8B,$5082,$1DE8     ;  "8580758666305740264"
24D7 3BBCB04E7F043B3E (benchmark_itoa64.):00956             FDB $3BBC,$B04E,$7F04,$3B3E     ;  "4304509195044272958"
24DF 7A2AD66D83A269E3 (benchmark_itoa64.):00957             FDB $7A2A,$D66D,$83A2,$69E3     ;  "8803084187497294307"
24E7 FD1FC3C63156CCE4 (benchmark_itoa64.):00958             FDB $FD1F,$C3C6,$3156,$CCE4     ;  "-207231801837040412"
24EF CFC7423032D35F04 (benchmark_itoa64.):00959             FDB $CFC7,$4230,$32D3,$5F04     ; "-3474735812714471676"
24F7 2E4A494E77ADF8F8 (benchmark_itoa64.):00960             FDB $2E4A,$494E,$77AD,$F8F8     ;  "3335559075385440504"
24FF 4DF829471E494A32 (benchmark_itoa64.):00961             FDB $4DF8,$2947,$1E49,$4A32     ;  "5618285920572230194"
2507 585D4023099EEF2E (benchmark_itoa64.):00962             FDB $585D,$4023,$099E,$EF2E     ;  "6367315967401193262"
250F E7C2CC9612A57C5B (benchmark_itoa64.):00963             FDB $E7C2,$CC96,$12A5,$7C5B     ; "-1746608760536335269"
2517 4E8FD8D307E3165B (benchmark_itoa64.):00964             FDB $4E8F,$D8D3,$07E3,$165B     ;  "5660981657510024795"
251F E96BD4B751856724 (benchmark_itoa64.):00965             FDB $E96B,$D4B7,$5185,$6724     ; "-1626972956552501468"
2527 5CD54BAF7F7F2C3A (benchmark_itoa64.):00966             FDB $5CD5,$4BAF,$7F7F,$2C3A     ;  "6689336038659140666"
252F 44B22F2EB82C45CD (benchmark_itoa64.):00967             FDB $44B2,$2F2E,$B82C,$45CD     ;  "4950070818138506701"
2537 5CE52C44BCC23326 (benchmark_itoa64.):00968             FDB $5CE5,$2C44,$BCC2,$3326     ;  "6693805094892352294"
253F 64DA80828A95B418 (benchmark_itoa64.):00969             FDB $64DA,$8082,$8A95,$B418     ;  "7267262246874887192"
2547 C0C01A6772C41CC5 (benchmark_itoa64.):00970             FDB $C0C0,$1A67,$72C4,$1CC5     ; "-4557613791289533243"
254F 27C951EF63F3D4D1 (benchmark_itoa64.):00971             FDB $27C9,$51EF,$63F3,$D4D1     ;  "2866912726413989073"
2557 F7291F95A757EA8A (benchmark_itoa64.):00972             FDB $F729,$1F95,$A757,$EA8A     ;  "-636943144678069622"
255F 74E4F43D9F0B261C (benchmark_itoa64.):00973             FDB $74E4,$F43D,$9F0B,$261C     ;  "8423125748588160540"
2567 77AA080C524BFF13 (benchmark_itoa64.):00974             FDB $77AA,$080C,$524B,$FF13     ;  "8622713285567577875"
256F 8660DE77ED712096 (benchmark_itoa64.):00975             FDB $8660,$DE77,$ED71,$2096     ; "-8763760268196896618"
2577 CB475F888438454E (benchmark_itoa64.):00976             FDB $CB47,$5F88,$8438,$454E     ; "-3798962720725252786"
257F 091ED188FAD5DD2A (benchmark_itoa64.):00977             FDB $091E,$D188,$FAD5,$DD2A     ;   "657192981896748330"
2587 9E0958B9FAB55F83 (benchmark_itoa64.):00978             FDB $9E09,$58B9,$FAB5,$5F83     ; "-7059013385128157309"
258F A1BD14732B52704A (benchmark_itoa64.):00979             FDB $A1BD,$1473,$2B52,$704A     ; "-6792250178124222390"
2597 9F1B041D714390E9 (benchmark_itoa64.):00980             FDB $9F1B,$041D,$7143,$90E9     ; "-6981982272807005975"
259F 27AE217B2115E486 (benchmark_itoa64.):00981             FDB $27AE,$217B,$2115,$E486     ;  "2859259626146620550"
25A7 AEF0434AC15A329F (benchmark_itoa64.):00982             FDB $AEF0,$434A,$C15A,$329F     ; "-5841094728348978529"
25AF 14B2614681AB4121 (benchmark_itoa64.):00983             FDB $14B2,$6146,$81AB,$4121     ;  "1491361382064144673"
25B7 443FB3508BF0B7ED (benchmark_itoa64.):00984             FDB $443F,$B350,$8BF0,$B7ED     ;  "4917846476638435309"
25BF A953296CFC5FBE66 (benchmark_itoa64.):00985             FDB $A953,$296C,$FC5F,$BE66     ; "-6245602710165406106"
25C7 5C37C22D0FA95D59 (benchmark_itoa64.):00986             FDB $5C37,$C22D,$0FA9,$5D59     ;  "6644993274000530777"
25CF BD74B38BEC100046 (benchmark_itoa64.):00987             FDB $BD74,$B38B,$EC10,$0046     ; "-4795010289700437946"
25D7 FDB278B4B0F0384D (benchmark_itoa64.):00988             FDB $FDB2,$78B4,$B0F0,$384D     ;  "-165937518801307571"
25DF 0EBEC555BF90D787 (benchmark_itoa64.):00989             FDB $0EBE,$C555,$BF90,$D787     ;  "1062503534182848391"
25E7 669A956EA712CDC4 (benchmark_itoa64.):00990             FDB $669A,$956E,$A712,$CDC4     ;  "7393386040764059076"
25EF C3241FED42D2B23B (benchmark_itoa64.):00991             FDB $C324,$1FED,$42D2,$B23B     ; "-4385345033263205829"
25F7 5C7B7AD55598DCB5 (benchmark_itoa64.):00992             FDB $5C7B,$7AD5,$5598,$DCB5     ;  "6664055130307484853"
25FF 8757DCBE45530394 (benchmark_itoa64.):00993             FDB $8757,$DCBE,$4553,$0394     ; "-8694237845850487916"
2607 B1275E3331874540 (benchmark_itoa64.):00994             FDB $B127,$5E33,$3187,$4540     ; "-5681468830937299648"
260F 1C7697DB7597FFD0 (benchmark_itoa64.):00995             FDB $1C76,$97DB,$7597,$FFD0     ;  "2050993649140367312"
2617 D124E0633071F6B9 (benchmark_itoa64.):00996             FDB $D124,$E063,$3071,$F6B9     ; "-3376327104001870151"
261F 263751129A225764 (benchmark_itoa64.):00997             FDB $2637,$5112,$9A22,$5764     ;  "2753758837497550692"
2627 6995FC8CA3126B19 (benchmark_itoa64.):00998             FDB $6995,$FC8C,$A312,$6B19     ;  "7608264826473835289"
262F 8ED1448167505E4E (benchmark_itoa64.):00999             FDB $8ED1,$4481,$6750,$5E4E     ; "-8155662127616467378"
2637 96C4C9F5389DEDB2 (benchmark_itoa64.):01000             FDB $96C4,$C9F5,$389D,$EDB2     ; "-7582713817531028046"
263F 7037471A2E44931B (benchmark_itoa64.):01001             FDB $7037,$471A,$2E44,$931B     ;  "8086009833737982747"
2647 85965EC007A24D8A (benchmark_itoa64.):01002             FDB $8596,$5EC0,$07A2,$4D8A     ; "-8820758641303728758"
264F 910D60760C5AED58 (benchmark_itoa64.):01003             FDB $910D,$6076,$0C5A,$ED58     ; "-7994627703383069352"
2657 36B42C3B4CFF5E5F (benchmark_itoa64.):01004             FDB $36B4,$2C3B,$4CFF,$5E5F     ;  "3941824207062523487"
265F 81B54581FEFB86BC (benchmark_itoa64.):01005             FDB $81B5,$4581,$FEFB,$86BC     ; "-9100291047401224516"
2667 AACC6CEE1D00127D (benchmark_itoa64.):01006             FDB $AACC,$6CEE,$1D00,$127D     ; "-6139412422068268419"
266F 5B8946FC3223DA1C (benchmark_itoa64.):01007             FDB $5B89,$46FC,$3223,$DA1C     ;  "6595881178247715356"
2677 9225176B06FB0377 (benchmark_itoa64.):01008             FDB $9225,$176B,$06FB,$0377     ; "-7915895021587725449"
267F 6141538ECCA80E23 (benchmark_itoa64.):01009             FDB $6141,$538E,$CCA8,$0E23     ;  "7007974367949229603"
2687 F00D50C92D7E45F9 (benchmark_itoa64.):01010             FDB $F00D,$50C9,$2D7E,$45F9     ; "-1149173504927709703"
268F 8007FE82E7922F52 (benchmark_itoa64.):01011             FDB $8007,$FE82,$E792,$2F52     ; "-9221121873833480366"
2697 B1AFF0BA44090F94 (benchmark_itoa64.):01012             FDB $B1AF,$F0BA,$4409,$0F94     ; "-5643027125275914348"
269F 62215DEDC70437A7 (benchmark_itoa64.):01013             FDB $6221,$5DED,$C704,$37A7     ;  "7071036165775964071"
26A7 F3572C7C2890DACE (benchmark_itoa64.):01014             FDB $F357,$2C7C,$2890,$DACE     ;  "-912211487751087410"
26AF F8CC7039278376BA (benchmark_itoa64.):01015             FDB $F8CC,$7039,$2783,$76BA     ;  "-518916466276075846"
26B7 74A84A113F87707B (benchmark_itoa64.):01016             FDB $74A8,$4A11,$3F87,$707B     ;  "8406050142427771003"
26BF C1C2845A8CC5247F (benchmark_itoa64.):01017             FDB $C1C2,$845A,$8CC5,$247F     ; "-4484876754463939457"
26C7 551B4DCA7C97F080 (benchmark_itoa64.):01018             FDB $551B,$4DCA,$7C97,$F080     ;  "6132580849664127104"
26CF 03F2CCBA81A3B6CE (benchmark_itoa64.):01019             FDB $03F2,$CCBA,$81A3,$B6CE     ;   "284514827888735950"
26D7 CEBE32F920EB5F15 (benchmark_itoa64.):01020             FDB $CEBE,$32F9,$20EB,$5F15     ; "-3549343410740830443"
26DF 44DBB6793851C1C3 (benchmark_itoa64.):01021             FDB $44DB,$B679,$3851,$C1C3     ;  "4961760046230913475"
26E7 F72D4B17E4B82773 (benchmark_itoa64.):01022             FDB $F72D,$4B17,$E4B8,$2773     ;  "-635769406395766925"
26EF ACA382040C522E65 (benchmark_itoa64.):01023             FDB $ACA3,$8204,$0C52,$2E65     ; "-6006814524083917211"
26F7 A9B7172E42F67DD2 (benchmark_itoa64.):01024             FDB $A9B7,$172E,$42F6,$7DD2     ; "-6217475273102295598"
26FF 47DFCF67A7B73008 (benchmark_itoa64.):01025             FDB $47DF,$CF67,$A7B7,$3008     ;  "5179086140601741320"
2707 6B02613250CD19AC (benchmark_itoa64.):01026             FDB $6B02,$6132,$50CD,$19AC     ;  "7710832380743588268"
270F 8B2E5F2BF9F0969C (benchmark_itoa64.):01027             FDB $8B2E,$5F2B,$F9F0,$969C     ; "-8417686011027351908"
2717 01FFE16BEC2EBE2B (benchmark_itoa64.):01028             FDB $01FF,$E16B,$EC2E,$BE2B     ;   "144081566739381803"
271F 8002C4B6B7ADF968 (benchmark_itoa64.):01029             FDB $8002,$C4B6,$B7AD,$F968     ; "-9222592797856630424"
2727 73A6C4A8CE849B84 (benchmark_itoa64.):01030             FDB $73A6,$C4A8,$CE84,$9B84     ;  "8333564389794028420"
272F 486B7A9199C26687 (benchmark_itoa64.):01031             FDB $486B,$7A91,$99C2,$6687     ;  "5218399359007352455"
2737 F748AE5EB2C510E2 (benchmark_itoa64.):01032             FDB $F748,$AE5E,$B2C5,$10E2     ;  "-628060426268765982"
273F B781D22C77A434B6 (benchmark_itoa64.):01033             FDB $B781,$D22C,$77A4,$34B6     ; "-5223663004345420618"
2747 39CEF33C9443AD33 (benchmark_itoa64.):01034             FDB $39CE,$F33C,$9443,$AD33     ;  "4165534146875338035"
274F F1217A97E503C73B (benchmark_itoa64.):01035             FDB $F121,$7A97,$E503,$C73B     ; "-1071440443536586949"
2757 7E3F1C6689EC61B9 (benchmark_itoa64.):01036             FDB $7E3F,$1C66,$89EC,$61B9     ;  "9097020999037903289"
275F 365B14BA4176AF25 (benchmark_itoa64.):01037             FDB $365B,$14BA,$4176,$AF25     ;  "3916747091123547941"
2767 9B672BABA57FA52A (benchmark_itoa64.):01038             FDB $9B67,$2BAB,$A57F,$A52A     ; "-7248777059013515990"
276F FF869657717C6073 (benchmark_itoa64.):01039             FDB $FF86,$9657,$717C,$6073     ;   "-34174644848402317"
2777 02D7EB5612DED140 (benchmark_itoa64.):01040             FDB $02D7,$EB56,$12DE,$D140     ;   "204891062984954176"
277F A1E85312845393D2 (benchmark_itoa64.):01041             FDB $A1E8,$5312,$8453,$93D2     ; "-6780077900011695150"
2787 45EE0818E98EEE73 (benchmark_itoa64.):01042             FDB $45EE,$0818,$E98E,$EE73     ;  "5038973936164859507"
278F AC39E667D5DE0857 (benchmark_itoa64.):01043             FDB $AC39,$E667,$D5DE,$0857     ; "-6036540491869321129"
2797 EFF537D48B349709 (benchmark_itoa64.):01044             FDB $EFF5,$37D4,$8B34,$9709     ; "-1155956343342590199"
279F FD52B1A0E95EB8EB (benchmark_itoa64.):01045             FDB $FD52,$B1A0,$E95E,$B8EB     ;  "-192896529355327253"
27A7 092415C1C8AF7FCC (benchmark_itoa64.):01046             FDB $0924,$15C1,$C8AF,$7FCC     ;   "658675367542751180"
27AF 9CA275525E05AA9F (benchmark_itoa64.):01047             FDB $9CA2,$7552,$5E05,$AA9F     ; "-7160031460940469601"
27B7 8CC6E3633D1732F1 (benchmark_itoa64.):01048             FDB $8CC6,$E363,$3D17,$32F1     ; "-8302698847644732687"
27BF 7CDA871425CC2069 (benchmark_itoa64.):01049             FDB $7CDA,$8714,$25CC,$2069     ;  "8996651726229217385"
27C7 0161F7032B772123 (benchmark_itoa64.):01050             FDB $0161,$F703,$2B77,$2123     ;    "99632259765051683"
27CF 4F2C599AB244D290 (benchmark_itoa64.):01051             FDB $4F2C,$599A,$B244,$D290     ;  "5705033348922266256"
27D7 1B49AF1DE2CD0175 (benchmark_itoa64.):01052             FDB $1B49,$AF1D,$E2CD,$0175     ;  "1966295255217930613"
27DF 9B279B1557B41706 (benchmark_itoa64.):01053             FDB $9B27,$9B15,$57B4,$1706     ; "-7266668957770967290"
27E7 FDF3B05BB06F6178 (benchmark_itoa64.):01054             FDB $FDF3,$B05B,$B06F,$6178     ;  "-147580454924492424"
27EF 971C230DE5E77355 (benchmark_itoa64.):01055             FDB $971C,$230D,$E5E7,$7355     ; "-7558127532035837099"
27F7 7159754EAC3EA9CE (benchmark_itoa64.):01056             FDB $7159,$754E,$AC3E,$A9CE     ;  "8167688379970791886"
27FF CB432DEDBC81E876 (benchmark_itoa64.):01057             FDB $CB43,$2DED,$BC81,$E876     ; "-3800143161477437322"
2807 91B86B787C03628F (benchmark_itoa64.):01058             FDB $91B8,$6B78,$7C03,$628F     ; "-7946483377274396017"
280F BEC0548F50B817D8 (benchmark_itoa64.):01059             FDB $BEC0,$548F,$50B8,$17D8     ; "-4701665036463499304"
2817 175ABD6CF0620BC3 (benchmark_itoa64.):01060             FDB $175A,$BD6C,$F062,$0BC3     ;  "1682865686363376579"
281F 9806F8CFE158EFF0 (benchmark_itoa64.):01061             FDB $9806,$F8CF,$E158,$EFF0     ; "-7492027358361620496"
2827 B55526171ABDAC01 (benchmark_itoa64.):01062             FDB $B555,$2617,$1ABD,$AC01     ; "-5380352299149448191"
282F D9FDB5AC52827FED (benchmark_itoa64.):01063             FDB $D9FD,$B5AC,$5282,$7FED     ; "-2738833246648107027"
2837 5888C9C66F9FE670 (benchmark_itoa64.):01064             FDB $5888,$C9C6,$6F9F,$E670     ;  "6379570726283765360"
283F DEAF31476A570326 (benchmark_itoa64.):01065             FDB $DEAF,$3147,$6A57,$0326     ; "-2400645893568658650"
2847 B738FEFC0A609B43 (benchmark_itoa64.):01066             FDB $B738,$FEFC,$0A60,$9B43     ; "-5244161407613625533"
284F 8C7B72E81B26A262 (benchmark_itoa64.):01067             FDB $8C7B,$72E8,$1B26,$A262     ; "-8323933145050733982"
2857 F7B5AF9097272D55 (benchmark_itoa64.):01068             FDB $F7B5,$AF90,$9727,$2D55     ;  "-597378340010644139"
285F 29D2A8CFD54EF842 (benchmark_itoa64.):01069             FDB $29D2,$A8CF,$D54E,$F842     ;  "3013656711254702146"
2867 63046980C2687FF0 (benchmark_itoa64.):01070             FDB $6304,$6980,$C268,$7FF0     ;  "7134943711400067056"
286F 9D8FF9BDD4C3EC0F (benchmark_itoa64.):01071             FDB $9D8F,$F9BD,$D4C3,$EC0F     ; "-7093176294371496945"
2877 E04C0170581CCE98 (benchmark_itoa64.):01072             FDB $E04C,$0170,$581C,$CE98     ; "-2284449328957436264"
287F DE3665F8B336E8DF (benchmark_itoa64.):01073             FDB $DE36,$65F8,$B336,$E8DF     ; "-2434646429714159393"
2887 A257C6E2A21E6D1A (benchmark_itoa64.):01074             FDB $A257,$C6E2,$A21E,$6D1A     ; "-6748706839906587366"
288F 5873A732B8628A6F (benchmark_itoa64.):01075             FDB $5873,$A732,$B862,$8A6F     ;  "6373621733943052911"
2897 55860937416DB9F7 (benchmark_itoa64.):01076             FDB $5586,$0937,$416D,$B9F7     ;  "6162623273028663799"
289F 1E02E61A64E60D23 (benchmark_itoa64.):01077             FDB $1E02,$E61A,$64E6,$0D23     ;  "2162543772127595811"
28A7 E22982945595D0CA (benchmark_itoa64.):01078             FDB $E229,$8294,$5595,$D0CA     ; "-2150043773490048822"
28AF 7256086AD84105FF (benchmark_itoa64.):01079             FDB $7256,$086A,$D841,$05FF     ;  "8238781823308596735"
28B7 3435B62BCF268FE5 (benchmark_itoa64.):01080             FDB $3435,$B62B,$CF26,$8FE5     ;  "3762113363013177317"
28BF E44FDDE8B690FB3B (benchmark_itoa64.):01081             FDB $E44F,$DDE8,$B690,$FB3B     ; "-1995132118336734405"
28C7 1B211321AB69D01F (benchmark_itoa64.):01082             FDB $1B21,$1321,$AB69,$D01F     ;  "1954864748586192927"
28CF 817FC1906F487EE1 (benchmark_itoa64.):01083             FDB $817F,$C190,$6F48,$7EE1     ; "-9115354294688121119"
28D7 68203BC1ACDBEA25 (benchmark_itoa64.):01084             FDB $6820,$3BC1,$ACDB,$EA25     ;  "7503062682214066725"
28DF 01C74F41D04D513A (benchmark_itoa64.):01085             FDB $01C7,$4F41,$D04D,$513A     ;   "128158258489545018"
28E7 2BD4A19422129B28 (benchmark_itoa64.):01086             FDB $2BD4,$A194,$2212,$9B28     ;  "3158326896292436776"
28EF 95B4C1A8B0CE4772 (benchmark_itoa64.):01087             FDB $95B4,$C1A8,$B0CE,$4772     ; "-7659284135985395854"
28F7 6F4A8C3535DEF3E9 (benchmark_itoa64.):01088             FDB $6F4A,$8C35,$35DE,$F3E9     ;  "8019376246651548649"
28FF 39597EF04C7E19CB (benchmark_itoa64.):01089             FDB $3959,$7EF0,$4C7E,$19CB     ;  "4132473703629724107"
2907 3CDE07F4A1E582DA (benchmark_itoa64.):01090             FDB $3CDE,$07F4,$A1E5,$82DA     ;  "4385951834375029466"
290F C56119FDB80FE5CE (benchmark_itoa64.):01091             FDB $C561,$19FD,$B80F,$E5CE     ; "-4224066397991344690"
2917 5EAF7F70CECC7ED9 (benchmark_itoa64.):01092             FDB $5EAF,$7F70,$CECC,$7ED9     ;  "6822812082972163801"
291F 9966118CE5DDA374 (benchmark_itoa64.):01093             FDB $9966,$118C,$E5DD,$A374     ; "-7393202441432489100"
2927 10B6ECC492142B41 (benchmark_itoa64.):01094             FDB $10B6,$ECC4,$9214,$2B41     ;  "1204410279376726849"
292F 1A755B0CB4A15F40 (benchmark_itoa64.):01095             FDB $1A75,$5B0C,$B4A1,$5F40     ;  "1906530127389482816"
2937 0BFA5824C322A757 (benchmark_itoa64.):01096             FDB $0BFA,$5824,$C322,$A757     ;   "863099193510766423"
293F 861035B12C6AD027 (benchmark_itoa64.):01097             FDB $8610,$35B1,$2C6A,$D027     ; "-8786463837929156569"
2947 80C31669516C80A3 (benchmark_itoa64.):01098             FDB $80C3,$1669,$516C,$80A3     ; "-9168459774802755421"
294F A9423470DE409704 (benchmark_itoa64.):01099             FDB $A942,$3470,$DE40,$9704     ; "-6250375673467070716"
2957 F5152B7F5CA6D4F7 (benchmark_itoa64.):01100             FDB $F515,$2B7F,$5CA6,$D4F7     ;  "-786674733891005193"
295F 3FDF1DFBBCED547F (benchmark_itoa64.):01101             FDB $3FDF,$1DFB,$BCED,$547F     ;  "4602430311239603327"
2967 811408E70B764044 (benchmark_itoa64.):01102             FDB $8114,$08E7,$0B76,$4044     ; "-9145675154859868092"
296F 236EDA7C00174959 (benchmark_itoa64.):01103             FDB $236E,$DA7C,$0017,$4959     ;  "2553218264877975897"
2977 1DB9D08ED341F6B3 (benchmark_itoa64.):01104             FDB $1DB9,$D08E,$D341,$F6B3     ;  "2141972409639630515"
297F 0F42AF9C1671B8CD (benchmark_itoa64.):01105             FDB $0F42,$AF9C,$1671,$B8CD     ;  "1099634343958132941"
2987 540AC0A59C7D7520 (benchmark_itoa64.):01106             FDB $540A,$C0A5,$9C7D,$7520     ;  "6055864466480657696"
298F 4A290EF33FEABC6B (benchmark_itoa64.):01107             FDB $4A29,$0EF3,$3FEA,$BC6B     ;  "5343818870763994219"
2997 1AD37A080103B55C (benchmark_itoa64.):01108             FDB $1AD3,$7A08,$0103,$B55C     ;  "1933022839867422044"
299F D74C131FCC03A680 (benchmark_itoa64.):01109             FDB $D74C,$131F,$CC03,$A680     ; "-2932948230037330304"
29A7 5AF8191524FDA1E1 (benchmark_itoa64.):01110             FDB $5AF8,$1915,$24FD,$A1E1     ;  "6555016836243366369"
29AF 1C97278B27E175CF (benchmark_itoa64.):01111             FDB $1C97,$278B,$27E1,$75CF     ;  "2060158833168315855"
29B7 29D31662EC4812B3 (benchmark_itoa64.):01112             FDB $29D3,$1662,$EC48,$12B3     ;  "3013777189767746227"
29BF AB120F3C9E1D9908 (benchmark_itoa64.):01113             FDB $AB12,$0F3C,$9E1D,$9908     ; "-6119812190617888504"
29C7 5826CB7249413641 (benchmark_itoa64.):01114             FDB $5826,$CB72,$4941,$3641     ;  "6351988016168384065"
29CF 9EEC85EBA427811A (benchmark_itoa64.):01115             FDB $9EEC,$85EB,$A427,$811A     ; "-6995068874095361766"
29D7 8165CE681561C38E (benchmark_itoa64.):01116             FDB $8165,$CE68,$1561,$C38E     ; "-9122658523738422386"
29DF 27C48792C2DEFE81 (benchmark_itoa64.):01117             FDB $27C4,$8792,$C2DE,$FE81     ;  "2865564327318847105"
29E7 DC5F71D4C7FF9DD8 (benchmark_itoa64.):01118             FDB $DC5F,$71D4,$C7FF,$9DD8     ; "-2567208103875469864"
29EF B4A2E4E4F50E562E (benchmark_itoa64.):01119             FDB $B4A2,$E4E4,$F50E,$562E     ; "-5430526528640362962"
29F7 2E5D60780C9CDEEE (benchmark_itoa64.):01120             FDB $2E5D,$6078,$0C9C,$DEEE     ;  "3340932567302725358"
29FF C3041491D92F63D1 (benchmark_itoa64.):01121             FDB $C304,$1491,$D92F,$63D1     ; "-4394364719760186415"
2A07 C3147F6D5B0F41D5 (benchmark_itoa64.):01122             FDB $C314,$7F6D,$5B0F,$41D5     ; "-4389743629123501611"
2A0F CE7DA45698568841 (benchmark_itoa64.):01123             FDB $CE7D,$A456,$9856,$8841     ; "-3567514637977614271"
2A17 98DAFB469E55682B (benchmark_itoa64.):01124             FDB $98DA,$FB46,$9E55,$682B     ; "-7432351954298902485"
2A1F 9E6750FE74D1DF93 (benchmark_itoa64.):01125             FDB $9E67,$50FE,$74D1,$DF93     ; "-7032563239303913581"
2A27 F509540CBAF5B78E (benchmark_itoa64.):01126             FDB $F509,$540C,$BAF5,$B78E     ;  "-790007845973805170"
2A2F AB7F9DB32DE4C023 (benchmark_itoa64.):01127             FDB $AB7F,$9DB3,$2DE4,$C023     ; "-6088974778286948317"
2A37 FA50201111AA3410 (benchmark_itoa64.):01128             FDB $FA50,$2011,$11AA,$3410     ;  "-409792308407815152"
2A3F 1D1880CC0F22B928 (benchmark_itoa64.):01129             FDB $1D18,$80CC,$0F22,$B928     ;  "2096567240456583464"
2A47 6D04F1CD0442E8DD (benchmark_itoa64.):01130             FDB $6D04,$F1CD,$0442,$E8DD     ;  "7855669512883071197"
2A4F CD3F297D7F45B629 (benchmark_itoa64.):01131             FDB $CD3F,$297D,$7F45,$B629     ; "-3657158753418627543"
2A57 EC900AD7CCFFED50 (benchmark_itoa64.):01132             FDB $EC90,$0AD7,$CCFF,$ED50     ; "-1400607562138653360"
2A5F 6D921F4C4AEB43A1 (benchmark_itoa64.):01133             FDB $6D92,$1F4C,$4AEB,$43A1     ;  "7895407509268808609"
2A67 5A9A427DE8DC9F2A (benchmark_itoa64.):01134             FDB $5A9A,$427D,$E8DC,$9F2A     ;  "6528603718372073258"
2A6F 69A8C08CD89BFCE1 (benchmark_itoa64.):01135             FDB $69A8,$C08C,$D89B,$FCE1     ;  "7613546881231879393"
2A77 4015702BB7958BE6 (benchmark_itoa64.):01136             FDB $4015,$702B,$B795,$8BE6     ;  "4617720326004247526"
2A7F 9E567F00677837D0 (benchmark_itoa64.):01137             FDB $9E56,$7F00,$6778,$37D0     ; "-7037297728007161904"
2A87 EF89D6C0F93DAF2E (benchmark_itoa64.):01138             FDB $EF89,$D6C0,$F93D,$AF2E     ; "-1186180902531780818"
2A8F A2339FFC49301A85 (benchmark_itoa64.):01139             FDB $A233,$9FFC,$4930,$1A85     ; "-6758882709844518267"
2A97 98CE871B9B0739ED (benchmark_itoa64.):01140             FDB $98CE,$871B,$9B07,$39ED     ; "-7435857382107301395"
2A9F A52B2CED0FDDCEF0 (benchmark_itoa64.):01141             FDB $A52B,$2CED,$0FDD,$CEF0     ; "-6545088236767818000"
2AA7 6EA6BF633D5A03CC (benchmark_itoa64.):01142             FDB $6EA6,$BF63,$3D5A,$03CC     ;  "7973270623258018764"
2AAF 06E8D50B9A38C5D5 (benchmark_itoa64.):01143             FDB $06E8,$D50B,$9A38,$C5D5     ;   "497882004633208277"
2AB7 1C02976908975197 (benchmark_itoa64.):01144             FDB $1C02,$9769,$0897,$5197     ;  "2018342060386898327"
2ABF 0A628542542108B1 (benchmark_itoa64.):01145             FDB $0A62,$8542,$5421,$08B1     ;   "748307008022710449"
2AC7 E9DC1C0A0D07E3F4 (benchmark_itoa64.):01146             FDB $E9DC,$1C0A,$0D07,$E3F4     ; "-1595369338502126604"
2ACF DD879DC730779240 (benchmark_itoa64.):01147             FDB $DD87,$9DC7,$3077,$9240     ; "-2483843190634343872"
2AD7 1351B022539F196E (benchmark_itoa64.):01148             FDB $1351,$B022,$539F,$196E     ;  "1392087421312506222"
2ADF 2DBB39B3A21D8E47 (benchmark_itoa64.):01149             FDB $2DBB,$39B3,$A21D,$8E47     ;  "3295290996033424967"
2AE7 ADC38C9BE8B66B89 (benchmark_itoa64.):01150             FDB $ADC3,$8C9B,$E8B6,$6B89     ; "-5925738083437352055"
2AEF 4F883A392781B9B7 (benchmark_itoa64.):01151             FDB $4F88,$3A39,$2781,$B9B7     ;  "5730894542979316151"
2AF7 A76587A4F750F962 (benchmark_itoa64.):01152             FDB $A765,$87A4,$F750,$F962     ; "-6384547754134144670"
2AFF E2DC3DC9812480C7 (benchmark_itoa64.):01153             FDB $E2DC,$3DC9,$8124,$80C7     ; "-2099735390597119801"
2B07 82B7C97F34C3F379 (benchmark_itoa64.):01154             FDB $82B7,$C97F,$34C3,$F379     ; "-9027525379857583239"
2B0F F9BD2B72F7BCEBF5 (benchmark_itoa64.):01155             FDB $F9BD,$2B72,$F7BC,$EBF5     ;  "-451156614884561931"
2B17 ADB16D4C9F743402 (benchmark_itoa64.):01156             FDB $ADB1,$6D4C,$9F74,$3402     ; "-5930839058410097662"
2B1F AD658EBDA7036714 (benchmark_itoa64.):01157             FDB $AD65,$8EBD,$A703,$6714     ; "-5952194387298261228"
2B27 04DD057D2A11EF26 (benchmark_itoa64.):01158             FDB $04DD,$057D,$2A11,$EF26     ;   "350442381139636006"
2B2F DAC76AD3AE2F3105 (benchmark_itoa64.):01159             FDB $DAC7,$6AD3,$AE2F,$3105     ; "-2682057595682868987"
2B37 2CC88D64E022AFC0 (benchmark_itoa64.):01160             FDB $2CC8,$8D64,$E022,$AFC0     ;  "3226984597407576000"
2B3F 43B2B635C10E6075 (benchmark_itoa64.):01161             FDB $43B2,$B635,$C10E,$6075     ;  "4878161688384135285"
2B47 917E4E1BDE774A3F (benchmark_itoa64.):01162             FDB $917E,$4E1B,$DE77,$4A3F     ; "-7962841209541014977"
2B4F E02886C5DE3C6336 (benchmark_itoa64.):01163             FDB $E028,$86C5,$DE3C,$6336     ; "-2294435825750088906"
2B57 927817B274ED0611 (benchmark_itoa64.):01164             FDB $9278,$17B2,$74ED,$0611     ; "-7892532291733486063"
2B5F 08DFC2B08943314B (benchmark_itoa64.):01165             FDB $08DF,$C2B0,$8943,$314B     ;   "639443735582814539"
2B67 87A0448E6942F4C9 (benchmark_itoa64.):01166             FDB $87A0,$448E,$6942,$F4C9     ; "-8673857503873534775"
2B6F C4A9FA6C0DC72FC8 (benchmark_itoa64.):01167             FDB $C4A9,$FA6C,$0DC7,$2FC8     ; "-4275611029217005624"
2B77 8D2B0D9B700207F4 (benchmark_itoa64.):01168             FDB $8D2B,$0D9B,$7002,$07F4     ; "-8274504929112881164"
2B7F FBEC891FC3630139 (benchmark_itoa64.):01169             FDB $FBEC,$891F,$C363,$0139     ;  "-293709106170887879"
2B87 71FE1ACC5AB2A9B5 (benchmark_itoa64.):01170             FDB $71FE,$1ACC,$5AB2,$A9B5     ;  "8214032235367672245"
2B8F 7823CC35E6814E71 (benchmark_itoa64.):01171             FDB $7823,$CC35,$E681,$4E71     ;  "8656987440608792177"
2B97 2100F9F611808097 (benchmark_itoa64.):01172             FDB $2100,$F9F6,$1180,$8097     ;  "2378175438502527127"
2B9F E384987787CACC32 (benchmark_itoa64.):01173             FDB $E384,$9877,$87CA,$CC32     ; "-2052347891027358670"
2BA7 66D759DADCDF4A83 (benchmark_itoa64.):01174             FDB $66D7,$59DA,$DCDF,$4A83     ;  "7410490508404804227"
2BAF 62A2C59121645852 (benchmark_itoa64.):01175             FDB $62A2,$C591,$2164,$5852     ;  "7107460389065218130"
2BB7 C4F11838098CD1FD (benchmark_itoa64.):01176             FDB $C4F1,$1838,$098C,$D1FD     ; "-4255593543930949123"
2BBF 96838FB2648F9DEA (benchmark_itoa64.):01177             FDB $9683,$8FB2,$648F,$9DEA     ; "-7601073749717180950"
2BC7 37F0B048756D2540 (benchmark_itoa64.):01178             FDB $37F0,$B048,$756D,$2540     ;  "4030915491750815040"
2BCF 61A8DBA99885FBAA (benchmark_itoa64.):01179             FDB $61A8,$DBA9,$9885,$FBAA     ;  "7037115939221273514"
2BD7 F90A3883977E3B7F (benchmark_itoa64.):01180             FDB $F90A,$3883,$977E,$3B7F     ;  "-501526270664885377"
2BDF EAD2053F953B4D2E (benchmark_itoa64.):01181             FDB $EAD2,$053F,$953B,$4D2E     ; "-1526151553080406738"
2BE7 2E8261466A638A7C (benchmark_itoa64.):01182             FDB $2E82,$6146,$6A63,$8A7C     ;  "3351348027777583740"
2BEF 63F5A6587E879D60 (benchmark_itoa64.):01183             FDB $63F5,$A658,$7E87,$9D60     ;  "7202846078059126112"
2BF7 0360772CBFD1743F (benchmark_itoa64.):01184             FDB $0360,$772C,$BFD1,$743F     ;   "243325413958448191"
2BFF 2CA8221CD92CD390 (benchmark_itoa64.):01185             FDB $2CA8,$221C,$D92C,$D390     ;  "3217859441054241680"
2C07 73C6A7E53A56592D (benchmark_itoa64.):01186             FDB $73C6,$A7E5,$3A56,$592D     ;  "8342539962718509357"
2C0F ADC64E29807B59E3 (benchmark_itoa64.):01187             FDB $ADC6,$4E29,$807B,$59E3     ; "-5924962319603115549"
2C17 A0135BB1E26104A6 (benchmark_itoa64.):01188             FDB $A013,$5BB1,$E261,$04A6     ; "-6912080183518231386"
2C1F 8088DD741DEB046A (benchmark_itoa64.):01189             FDB $8088,$DD74,$1DEB,$046A     ; "-9184847949234240406"
2C27 69BC3E5EC6CBAD90 (benchmark_itoa64.):01190             FDB $69BC,$3E5E,$C6CB,$AD90     ;  "7619033246387121552"
2C2F F30D7C47CA46F516 (benchmark_itoa64.):01191             FDB $F30D,$7C47,$CA46,$F516     ;  "-932952900017654506"
2C37 AA4CAF1C1C925AD6 (benchmark_itoa64.):01192             FDB $AA4C,$AF1C,$1C92,$5AD6     ; "-6175368453758493994"
2C3F 6BFC35D6EEDE7E1A (benchmark_itoa64.):01193             FDB $6BFC,$35D6,$EEDE,$7E1A     ;  "7781153453436206618"
2C47 27E56A05CE2E3BCE (benchmark_itoa64.):01194             FDB $27E5,$6A05,$CE2E,$3BCE     ;  "2874820510312446926"
2C4F 7C460CE635206055 (benchmark_itoa64.):01195             FDB $7C46,$0CE6,$3520,$6055     ;  "8954859091946135637"
2C57 194B83AAEC24B38E (benchmark_itoa64.):01196             FDB $194B,$83AA,$EC24,$B38E     ;  "1822695244331004814"
2C5F AC33116CB519C353 (benchmark_itoa64.):01197             FDB $AC33,$116C,$B519,$C353     ; "-6038463516781198509"
2C67 0B7CD8C24E3B1934 (benchmark_itoa64.):01198             FDB $0B7C,$D8C2,$4E3B,$1934     ;   "827774760577079604"
2C6F F0750F624264FE86 (benchmark_itoa64.):01199             FDB $F075,$0F62,$4264,$FE86     ; "-1119972017636573562"
2C77 2960C0717B29B3A0 (benchmark_itoa64.):01200             FDB $2960,$C071,$7B29,$B3A0     ;  "2981594546949436320"
2C7F 6DC84A3C42917B1D (benchmark_itoa64.):01201             FDB $6DC8,$4A3C,$4291,$7B1D     ;  "7910654368151599901"
2C87 13D142D35B546BE1 (benchmark_itoa64.):01202             FDB $13D1,$42D3,$5B54,$6BE1     ;  "1427996032390949857"
2C8F 062F84A5B0059367 (benchmark_itoa64.):01203             FDB $062F,$84A5,$B005,$9367     ;   "445720735290594151"
2C97 20C38A60A91C96E1 (benchmark_itoa64.):01204             FDB $20C3,$8A60,$A91C,$96E1     ;  "2360882777430988513"
2C9F 65C869161D7D5ACA (benchmark_itoa64.):01205             FDB $65C8,$6916,$1D7D,$5ACA     ;  "7334227536877804234"
2CA7 6323026A42F857C6 (benchmark_itoa64.):01206             FDB $6323,$026A,$42F8,$57C6     ;  "7143556089353099206"
2CAF 98EB46813D31E56D (benchmark_itoa64.):01207             FDB $98EB,$4681,$3D31,$E56D     ; "-7427765639526095507"
2CB7 85E096898D567F9D (benchmark_itoa64.):01208             FDB $85E0,$9689,$8D56,$7F9D     ; "-8799868154356007011"
2CBF B5D885B7BA222C8B (benchmark_itoa64.):01209             FDB $B5D8,$85B7,$BA22,$2C8B     ; "-5343373933726782325"
2CC7 4165278446C99F24 (benchmark_itoa64.):01210             FDB $4165,$2784,$46C9,$9F24     ;  "4712216034189877028"
2CCF FE686FC7F6B41A1A (benchmark_itoa64.):01211             FDB $FE68,$6FC7,$F6B4,$1A1A     ;  "-114718885869774310"
2CD7 6DB968A80C3E96C9 (benchmark_itoa64.):01212             FDB $6DB9,$68A8,$0C3E,$96C9     ;  "7906465691794839241"
2CDF 294D33D263D5439D (benchmark_itoa64.):01213             FDB $294D,$33D2,$63D5,$439D     ;  "2976091907472835485"
2CE7 E966AA4BF115AA14 (benchmark_itoa64.):01214             FDB $E966,$AA4B,$F115,$AA14     ; "-1628426972103857644"
2CEF 188D56EF5C4BE131 (benchmark_itoa64.):01215             FDB $188D,$56EF,$5C4B,$E131     ;  "1769165814672122161"
2CF7 4245897EFDBEC382 (benchmark_itoa64.):01216             FDB $4245,$897E,$FDBE,$C382     ;  "4775374158412301186"
2CFF 718589359DCB2A6A (benchmark_itoa64.):01217             FDB $7185,$8935,$9DCB,$2A6A     ;  "8180095161561983594"
2D07 8D8ADC6B1B7ABE15 (benchmark_itoa64.):01218             FDB $8D8A,$DC6B,$1B7A,$BE15     ; "-8247537414995001835"
2D0F FA042BA4C0979910 (benchmark_itoa64.):01219             FDB $FA04,$2BA4,$C097,$9910     ;  "-431171677714933488"
2D17 DDF85AABAF21F7D0 (benchmark_itoa64.):01220             FDB $DDF8,$5AAB,$AF21,$F7D0     ; "-2452110303679088688"
2D1F A3BAB514567C36D4 (benchmark_itoa64.):01221             FDB $A3BA,$B514,$567C,$36D4     ; "-6648802800904161580"
2D27 A6EFAEBCB246CDD4 (benchmark_itoa64.):01222             FDB $A6EF,$AEBC,$B246,$CDD4     ; "-6417718818511598124"
2D2F 5C3AD4EF5CE9EE05 (benchmark_itoa64.):01223             FDB $5C3A,$D4EF,$5CE9,$EE05     ;  "6645858324659695109"
2D37 25794ADF438EA238 (benchmark_itoa64.):01224             FDB $2579,$4ADF,$438E,$A238     ;  "2700271774356906552"
2D3F FEE9F4A668F509AF (benchmark_itoa64.):01225             FDB $FEE9,$F4A6,$68F5,$09AF     ;   "-78262522939635281"
2D47 869C12B9A4072AE7 (benchmark_itoa64.):01226             FDB $869C,$12B9,$A407,$2AE7     ; "-8747095787730162969"
2D4F 5779F72E17150A69 (benchmark_itoa64.):01227             FDB $5779,$F72E,$1715,$0A69     ;  "6303340930809530985"
2D57 0EFC31BDB67F9C43 (benchmark_itoa64.):01228             FDB $0EFC,$31BD,$B67F,$9C43     ;  "1079792701542472771"
2D5F 19F2949D78C6B372 (benchmark_itoa64.):01229             FDB $19F2,$949D,$78C6,$B372     ;  "1869720199369241458"
2D67 4F795808DE097766 (benchmark_itoa64.):01230             FDB $4F79,$5808,$DE09,$7766     ;  "5726705196286441318"
2D6F 5773526A18FB3AA8 (benchmark_itoa64.):01231             FDB $5773,$526A,$18FB,$3AA8     ;  "6301470919260584616"
2D77 CE6F8192B566DDB0 (benchmark_itoa64.):01232             FDB $CE6F,$8192,$B566,$DDB0     ; "-3571493512372888144"
2D7F E9C5C855BE203CCD (benchmark_itoa64.):01233             FDB $E9C5,$C855,$BE20,$3CCD     ; "-1601653821872784179"
2D87 8195453C377A8AD5 (benchmark_itoa64.):01234             FDB $8195,$453C,$377A,$8AD5     ; "-9109298546355828011"
2D8F EE116F2A4876BB5F (benchmark_itoa64.):01235             FDB $EE11,$6F2A,$4876,$BB5F     ; "-1292129390683571361"
2D97 D0B20F2141A83F4D (benchmark_itoa64.):01236             FDB $D0B2,$0F21,$41A8,$3F4D     ; "-3408645332456161459"
2D9F 5CABECB4FF48CE3C (benchmark_itoa64.):01237             FDB $5CAB,$ECB4,$FF48,$CE3C     ;  "6677691134628122172"
2DA7 6AEA4CB8EBFD6939 (benchmark_itoa64.):01238             FDB $6AEA,$4CB8,$EBFD,$6939     ;  "7704054469687601465"
2DAF 8E4BD2D5651A53CE (benchmark_itoa64.):01239             FDB $8E4B,$D2D5,$651A,$53CE     ; "-8193223283104394290"
2DB7 4189B19D80F1F5C3 (benchmark_itoa64.):01240             FDB $4189,$B19D,$80F1,$F5C3     ;  "4722500974305998275"
2DBF 877936093A0A0572 (benchmark_itoa64.):01241             FDB $8779,$3609,$3A0A,$0572     ; "-8684850993150950030"
2DC7 CE5FEC1A2CF0EA28 (benchmark_itoa64.):01242             FDB $CE5F,$EC1A,$2CF0,$EA28     ; "-3575879981941593560"
2DCF 1ACA90C5A9D17C89 (benchmark_itoa64.):01243             FDB $1ACA,$90C5,$A9D1,$7C89     ;  "1930514568913714313"
2DD7 7A67A571E46D78C4 (benchmark_itoa64.):01244             FDB $7A67,$A571,$E46D,$78C4     ;  "8820200303810672836"
2DDF 373A883E1F01A996 (benchmark_itoa64.):01245             FDB $373A,$883E,$1F01,$A996     ;  "3979643021124807062"
2DE7 EB60D2DB70C1004A (benchmark_itoa64.):01246             FDB $EB60,$D2DB,$70C1,$004A     ; "-1485956037100896182"
2DEF 67EE2545F86380C7 (benchmark_itoa64.):01247             FDB $67EE,$2545,$F863,$80C7     ;  "7488964212813955271"
2DF7 5A447B499844DC57 (benchmark_itoa64.):01248             FDB $5A44,$7B49,$9844,$DC57     ;  "6504459317847317591"
2DFF 97F352CE471A6977 (benchmark_itoa64.):01249             FDB $97F3,$52CE,$471A,$6977     ; "-7497557908732089993"
2E07 B0E209AA2FA227BF (benchmark_itoa64.):01250             FDB $B0E2,$09AA,$2FA2,$27BF     ; "-5700983551749380161"
2E0F DEB300C699083273 (benchmark_itoa64.):01251             FDB $DEB3,$00C6,$9908,$3273     ; "-2399573323487366541"
2E17 0496687B83B3A084 (benchmark_itoa64.):01252             FDB $0496,$687B,$83B3,$A084     ;   "330566502358163588"
2E1F 8970814713AC2F2D (benchmark_itoa64.):01253             FDB $8970,$8147,$13AC,$2F2D     ; "-8543186350849118419"
2E27 8F3B8154F7F58CBA (benchmark_itoa64.):01254             FDB $8F3B,$8154,$F7F5,$8CBA     ; "-8125758900722627398"
2E2F EBB8AAE7F562C5A2 (benchmark_itoa64.):01255             FDB $EBB8,$AAE7,$F562,$C5A2     ; "-1461230165850667614"
2E37 E7A35B36AD25A8C9 (benchmark_itoa64.):01256             FDB $E7A3,$5B36,$AD25,$A8C9     ; "-1755459139353073463"
2E3F EBE705D3F666E927 (benchmark_itoa64.):01257             FDB $EBE7,$05D3,$F666,$E927     ; "-1448182347246147289"
2E47 79E9D01D68BE904E (benchmark_itoa64.):01258             FDB $79E9,$D01D,$68BE,$904E     ;  "8784781372892811342"
2E4F 45DDE45FC7AB8024 (benchmark_itoa64.):01259             FDB $45DD,$E45F,$C7AB,$8024     ;  "5034431058493014052"
2E57 008AB5E9A5A4C4AB (benchmark_itoa64.):01260             FDB $008A,$B5E9,$A5A4,$C4AB     ;    "39043561897116843"
2E5F 49319058DFB115AE (benchmark_itoa64.):01261             FDB $4931,$9058,$DFB1,$15AE     ;  "5274155350012007854"
2E67 01E75ED693811330 (benchmark_itoa64.):01262             FDB $01E7,$5ED6,$9381,$1330     ;   "137182589348811568"
2E6F B936E7E1C59E23A0 (benchmark_itoa64.):01263             FDB $B936,$E7E1,$C59E,$23A0     ; "-5100634571081374816"
2E77 7657B15FDEB34AF7 (benchmark_itoa64.):01264             FDB $7657,$B15F,$DEB3,$4AF7     ;  "8527479444765625079"
2E7F 6BE7D3E94CAD59CF (benchmark_itoa64.):01265             FDB $6BE7,$D3E9,$4CAD,$59CF     ;  "7775416280645720527"
2E87 EE113B61ABD78247 (benchmark_itoa64.):01266             FDB $EE11,$3B61,$ABD7,$8247     ; "-1292186327397727673"
2E8F E1EB1C05E1272F11 (benchmark_itoa64.):01267             FDB $E1EB,$1C05,$E127,$2F11     ; "-2167607984070906095"
2E97 F828795DF3F46777 (benchmark_itoa64.):01268             FDB $F828,$795D,$F3F4,$6777     ;  "-565068308803197065"
2E9F 521A6A817FE4921F (benchmark_itoa64.):01269             FDB $521A,$6A81,$7FE4,$921F     ;  "5916158164933579295"
2EA7 72004301ED3B6628 (benchmark_itoa64.):01270             FDB $7200,$4301,$ED3B,$6628     ;  "8214639395877905960"
2EAF 29FA78518BA98AE8 (benchmark_itoa64.):01271             FDB $29FA,$7851,$8BA9,$8AE8     ;  "3024862391363537640"
2EB7 5071C082465D31B4 (benchmark_itoa64.):01272             FDB $5071,$C082,$465D,$31B4     ;  "5796625861161333172"
2EBF ED887FB9D6BABDDA (benchmark_itoa64.):01273             FDB $ED88,$7FB9,$D6BA,$BDDA     ; "-1330673253739741734"
2EC7 74BD18E8336CC9DF (benchmark_itoa64.):01274             FDB $74BD,$18E8,$336C,$C9DF     ;  "8411907064572201439"
2ECF FD7E81AD6235782F (benchmark_itoa64.):01275             FDB $FD7E,$81AD,$6235,$782F     ;  "-180564353371244497"
2ED7 01AE9DF0BE101932 (benchmark_itoa64.):01276             FDB $01AE,$9DF0,$BE10,$1932     ;   "121207897292020018"
2EDF 6CABC072C80E52FB (benchmark_itoa64.):01277             FDB $6CAB,$C072,$C80E,$52FB     ;  "7830563976328925947"
2EE7 4DB1911C5FE34B51 (benchmark_itoa64.):01278             FDB $4DB1,$911C,$5FE3,$4B51     ;  "5598415362852080465"
2EEF D823069317D33FBC (benchmark_itoa64.):01279             FDB $D823,$0693,$17D3,$3FBC     ; "-2872444908502564932"
2EF7 254637776C5A7BC8 (benchmark_itoa64.):01280             FDB $2546,$3777,$6C5A,$7BC8     ;  "2685895213831584712"
2EFF 94752394E5CC36A7 (benchmark_itoa64.):01281             FDB $9475,$2394,$E5CC,$36A7     ; "-7749248461403572569"
2F07 3429F3FC0C83E854 (benchmark_itoa64.):01282             FDB $3429,$F3FC,$0C83,$E854     ;  "3758803627884669012"
2F0F DD3BC9B1DC90ECC8 (benchmark_itoa64.):01283             FDB $DD3B,$C9B1,$DC90,$ECC8     ; "-2505187001954669368"
2F17 10A087547DA85880 (benchmark_itoa64.):01284             FDB $10A0,$8754,$7DA8,$5880     ;  "1198106297835739264"
2F1F 39B0EA136262CF28 (benchmark_itoa64.):01285             FDB $39B0,$EA13,$6262,$CF28     ;  "4157079825038888744"
2F27 5B5006B316B36221 (benchmark_itoa64.):01286             FDB $5B50,$06B3,$16B3,$6221     ;  "6579766421838062113"
2F2F 36148798DCE78199 (benchmark_itoa64.):01287             FDB $3614,$8798,$DCE7,$8199     ;  "3896888668193259929"
2F37 A20BCC4496654254 (benchmark_itoa64.):01288             FDB $A20B,$CC44,$9665,$4254     ; "-6770093019868347820"
2F3F 7408E283C2FCE5A2 (benchmark_itoa64.):01289             FDB $7408,$E283,$C2FC,$E5A2     ;  "8361181763753272738"
2F47 699986A27BBBD4B8 (benchmark_itoa64.):01290             FDB $6999,$86A2,$7BBB,$D4B8     ;  "7609261077837894840"
2F4F 37CD2A82BFC5FBA5 (benchmark_itoa64.):01291             FDB $37CD,$2A82,$BFC5,$FBA5     ;  "4020916783363259301"
2F57 C80509E9859169FE (benchmark_itoa64.):01292             FDB $C805,$09E9,$8591,$69FE     ; "-4033806992667481602"
2F5F F86B31DFE6C1FA3C (benchmark_itoa64.):01293             FDB $F86B,$31DF,$E6C1,$FA3C     ;  "-546288092076443076"
2F67 A23E80C9898AC812 (benchmark_itoa64.):01294             FDB $A23E,$80C9,$898A,$C812     ; "-6755820787924809710"
2F6F 212863687F5B3AE9 (benchmark_itoa64.):01295             FDB $2128,$6368,$7F5B,$3AE9     ;  "2389268902784482025"
2F77 81DBCBF83EF764FE (benchmark_itoa64.):01296             FDB $81DB,$CBF8,$3EF7,$64FE     ; "-9089447155848485634"
2F7F 796BE649B04FBA64 (benchmark_itoa64.):01297             FDB $796B,$E649,$B04F,$BA64     ;  "8749339905262336612"
2F87 0836AA2990C3C155 (benchmark_itoa64.):01298             FDB $0836,$AA29,$90C3,$C155     ;   "591847496544928085"
2F8F C6B585654CDAA4A3 (benchmark_itoa64.):01299             FDB $C6B5,$8565,$4CDA,$A4A3     ; "-4128246813287603037"
2F97 3056E41150241DB9 (benchmark_itoa64.):01300             FDB $3056,$E411,$5024,$1DB9     ;  "3483222124827778489"
2F9F D39EAE5056CACA5F (benchmark_itoa64.):01301             FDB $D39E,$AE50,$56CA,$CA5F     ; "-3197927025309726113"
2FA7 31535F8081C415A1 (benchmark_itoa64.):01302             FDB $3153,$5F80,$81C4,$15A1     ;  "3554289536463017377"
2FAF 0541AD04398E48EF (benchmark_itoa64.):01303             FDB $0541,$AD04,$398E,$48EF     ;   "378774077332932847"
2FB7 9C998D48FD73CD49 (benchmark_itoa64.):01304             FDB $9C99,$8D48,$FD73,$CD49     ; "-7162538387726676663"
2FBF 451948D123D32B4D (benchmark_itoa64.):01305             FDB $4519,$48D1,$23D3,$2B4D     ;  "4979090926121200461"
2FC7 644A7020EC0B2B31 (benchmark_itoa64.):01306             FDB $644A,$7020,$EC0B,$2B31     ;  "7226711838770801457"
2FCF 358A243FE2165E50 (benchmark_itoa64.):01307             FDB $358A,$243F,$E216,$5E50     ;  "3857935887590907472"
2FD7 D9C11B59530F25AB (benchmark_itoa64.):01308             FDB $D9C1,$1B59,$530F,$25AB     ; "-2755891426514491989"
2FDF 2C972206D835693D (benchmark_itoa64.):01309             FDB $2C97,$2206,$D835,$693D     ;  "3213074271944665405"
2FE7 CB124E152799572B (benchmark_itoa64.):01310             FDB $CB12,$4E15,$2799,$572B     ; "-3813900081663748309"
2FEF 85AF4AD4CB56E670 (benchmark_itoa64.):01311             FDB $85AF,$4AD4,$CB56,$E670     ; "-8813743667935779216"
2FF7 120C861A482D9F35 (benchmark_itoa64.):01312             FDB $120C,$861A,$482D,$9F35     ;  "1300561839841451829"
2FFF 23729BF934A9C61F (benchmark_itoa64.):01313             FDB $2372,$9BF9,$34A9,$C61F     ;  "2554275433305196063"
3007 3981D7F1F18F6592 (benchmark_itoa64.):01314             FDB $3981,$D7F1,$F18F,$6592     ;  "4143830566297363858"
300F 2B365C4140DC2B6B (benchmark_itoa64.):01315             FDB $2B36,$5C41,$40DC,$2B6B     ;  "3113777627704077163"
3017 0854F5F94569C780 (benchmark_itoa64.):01316             FDB $0854,$F5F9,$4569,$C780     ;   "600375101307340672"
301F 4491CA1D124BAF04 (benchmark_itoa64.):01317             FDB $4491,$CA1D,$124B,$AF04     ;  "4940952492411956996"
3027 40B0823335A8A955 (benchmark_itoa64.):01318             FDB $40B0,$8233,$35A8,$A955     ;  "4661368770783652181"
302F 8E3DF590D759D83E (benchmark_itoa64.):01319             FDB $8E3D,$F590,$D759,$D83E     ; "-8197125744307349442"
3037 C9F07391ADDE35EE (benchmark_itoa64.):01320             FDB $C9F0,$7391,$ADDE,$35EE     ; "-3895486608151005714"
303F CB12609E64B34CB2 (benchmark_itoa64.):01321             FDB $CB12,$609E,$64B3,$4CB2     ; "-3813879701018817358"
3047 5F4E33CBF28C3DB8 (benchmark_itoa64.):01322             FDB $5F4E,$33CB,$F28C,$3DB8     ;  "6867483432827239864"
304F 8D74D38DC196926D (benchmark_itoa64.):01323             FDB $8D74,$D38D,$C196,$926D     ; "-8253739611271556499"
3057 60F8F03061B330D1 (benchmark_itoa64.):01324             FDB $60F8,$F030,$61B3,$30D1     ;  "6987598912453554385"
305F D16EF1A843EE7E1E (benchmark_itoa64.):01325             FDB $D16E,$F1A8,$43EE,$7E1E     ; "-3355478967347937762"
3067 4492A1A162250E13 (benchmark_itoa64.):01326             FDB $4492,$A1A1,$6225,$0E13     ;  "4941189455687257619"
306F 3DB7977F1A79289B (benchmark_itoa64.):01327             FDB $3DB7,$977F,$1A79,$289B     ;  "4447189729212442779"
3077 A2780CDB10E9363D (benchmark_itoa64.):01328             FDB $A278,$0CDB,$10E9,$363D     ; "-6739622707338856899"
307F CA94982F531BF3D7 (benchmark_itoa64.):01329             FDB $CA94,$982F,$531B,$F3D7     ; "-3849284452469705769"
3087 8D93CC6DE0631CB2 (benchmark_itoa64.):01330             FDB $8D93,$CC6D,$E063,$1CB2     ; "-8245021720497152846"
308F 92498B06F187EE97 (benchmark_itoa64.):01331             FDB $9249,$8B06,$F187,$EE97     ; "-7905634808933912937"
3097 DD67F9518B18B8E5 (benchmark_itoa64.):01332             FDB $DD67,$F951,$8B18,$B8E5     ; "-2492749740104959771"
309F A9ED191BE398BFA5 (benchmark_itoa64.):01333             FDB $A9ED,$191B,$E398,$BFA5     ; "-6202273504246055003"
30A7 E1D3718016D40348 (benchmark_itoa64.):01334             FDB $E1D3,$7180,$16D4,$0348     ; "-2174269400137071800"
30AF 70AEB2DFEDDFDE53 (benchmark_itoa64.):01335             FDB $70AE,$B2DF,$EDDF,$DE53     ;  "8119623853033905747"
30B7 F6C810F95CEE4E5E (benchmark_itoa64.):01336             FDB $F6C8,$10F9,$5CEE,$4E5E     ;  "-664262281845125538"
30BF B4498843DFC4DA12 (benchmark_itoa64.):01337             FDB $B449,$8843,$DFC4,$DA12     ; "-5455679648484238830"
30C7 574E6BF3FB160C3E (benchmark_itoa64.):01338             FDB $574E,$6BF3,$FB16,$0C3E     ;  "6291084425116912702"
30CF C937EE3391D4999A (benchmark_itoa64.):01339             FDB $C937,$EE33,$91D4,$999A     ; "-3947424643109578342"
30D7 F65D0C359D494490 (benchmark_itoa64.):01340             FDB $F65D,$0C35,$9D49,$4490     ;  "-694385343133563760"
30DF 65C80177AD2A7329 (benchmark_itoa64.):01341             FDB $65C8,$0177,$AD2A,$7329     ;  "7334113606690829097"
30E7 ACCABB89E5856704 (benchmark_itoa64.):01342             FDB $ACCA,$BB89,$E585,$6704     ; "-5995773752954755324"
30EF 536DFE146B3D0CAC (benchmark_itoa64.):01343             FDB $536D,$FE14,$6B3D,$0CAC     ;  "6011740441261444268"
30F7 3AB986D0D9CC6564 (benchmark_itoa64.):01344             FDB $3AB9,$86D0,$D9CC,$6564     ;  "4231561556456662372"
30FF ECAD274C26B0F0FD (benchmark_itoa64.):01345             FDB $ECAD,$274C,$26B0,$F0FD     ; "-1392413501767487235"
3107 A0C02D8041F4485B (benchmark_itoa64.):01346             FDB $A0C0,$2D80,$41F4,$485B     ; "-6863435803227043749"
310F 72631FFA56206104 (benchmark_itoa64.):01347             FDB $7263,$1FFA,$5620,$6104     ;  "8242466903065387268"
3117 25EC768D0E2A8F68 (benchmark_itoa64.):01348             FDB $25EC,$768D,$0E2A,$8F68     ;  "2732689422107185000"
311F 09F8D6E3CFBF92D8 (benchmark_itoa64.):01349             FDB $09F8,$D6E3,$CFBF,$92D8     ;   "718560414496953048"
3127 F2622F6EE9CFEB48 (benchmark_itoa64.):01350             FDB $F262,$2F6E,$E9CF,$EB48     ;  "-981169615397721272"
312F 92125D8753B7E629 (benchmark_itoa64.):01351             FDB $9212,$5D87,$53B7,$E629     ; "-7921165958784752087"
3137 5F256029D15BFF66 (benchmark_itoa64.):01352             FDB $5F25,$6029,$D15B,$FF66     ;  "6855991740463841126"
313F DD0D59BC74A5B9DB (benchmark_itoa64.):01353             FDB $DD0D,$59BC,$74A5,$B9DB     ; "-2518257950684497445"
3147 10E88C50EB330A0C (benchmark_itoa64.):01354             FDB $10E8,$8C50,$EB33,$0A0C     ;  "1218377978374982156"
314F 5A63DC21A54F9071 (benchmark_itoa64.):01355             FDB $5A63,$DC21,$A54F,$9071     ;  "6513291523173355633"
3157 E164D7F29C20B399 (benchmark_itoa64.):01356             FDB $E164,$D7F2,$9C20,$B399     ; "-2205400480503254119"
315F 2890B50C9B632F9D (benchmark_itoa64.):01357             FDB $2890,$B50C,$9B63,$2F9D     ;  "2923035223914655645"
3167 1D743247FA5A0BF4 (benchmark_itoa64.):01358             FDB $1D74,$3247,$FA5A,$0BF4     ;  "2122376609122618356"
316F EE7201362EB78BE1 (benchmark_itoa64.):01359             FDB $EE72,$0136,$2EB7,$8BE1     ; "-1264947213114045471"
3177 ED4C008914607CFC (benchmark_itoa64.):01360             FDB $ED4C,$0089,$1460,$7CFC     ; "-1347701599738233604"
317F EC18297E026148B8 (benchmark_itoa64.):01361             FDB $EC18,$297E,$0261,$48B8     ; "-1434350860134954824"
3187 534F36EC7798CF54 (benchmark_itoa64.):01362             FDB $534F,$36EC,$7798,$CF54     ;  "6003077217554845524"
318F BEAFEEDEE06B6E41 (benchmark_itoa64.):01363             FDB $BEAF,$EEDE,$E06B,$6E41     ; "-4706280444563591615"
3197 5275CC90130D9477 (benchmark_itoa64.):01364             FDB $5275,$CC90,$130D,$9477     ;  "5941880202552251511"
319F F617625C2AB7A62A (benchmark_itoa64.):01365             FDB $F617,$625C,$2AB7,$A62A     ;  "-713993867921742294"
31A7 5C4345C8BF0B0D87 (benchmark_itoa64.):01366             FDB $5C43,$45C8,$BF0B,$0D87     ;  "6648234203429932423"
31AF 00A535C5EE114E34 (benchmark_itoa64.):01367             FDB $00A5,$35C5,$EE11,$4E34     ;    "46502495376199220"
31B7 AB98B1BC178167F7 (benchmark_itoa64.):01368             FDB $AB98,$B1BC,$1781,$67F7     ; "-6081915875357530121"
31BF B9CF52B5CA19A519 (benchmark_itoa64.):01369             FDB $B9CF,$52B5,$CA19,$A519     ; "-5057732915780541159"
31C7 211EA144E8B7DFB2 (benchmark_itoa64.):01370             FDB $211E,$A144,$E8B7,$DFB2     ;  "2386522169887154098"
31CF F57BF851E85FB02C (benchmark_itoa64.):01371             FDB $F57B,$F851,$E85F,$B02C     ;  "-757739081607172052"
31D7 7C847C3D480549F3 (benchmark_itoa64.):01372             FDB $7C84,$7C3D,$4805,$49F3     ;  "8972432960272026099"
31DF CB26F6D40A15994B (benchmark_itoa64.):01373             FDB $CB26,$F6D4,$0A15,$994B     ; "-3808085044332488373"
31E7 78FCAD91AA6A7A71 (benchmark_itoa64.):01374             FDB $78FC,$AD91,$AA6A,$7A71     ;  "8718033819823405681"
31EF 8DC4AA7A3A14FCF2 (benchmark_itoa64.):01375             FDB $8DC4,$AA7A,$3A14,$FCF2     ; "-8231266776989238030"
31F7 AC9C2C4ECAA84AF8 (benchmark_itoa64.):01376             FDB $AC9C,$2C4E,$CAA8,$4AF8     ; "-6008879085899986184"
31FF 0D42B32EBC4FB981 (benchmark_itoa64.):01377             FDB $0D42,$B32E,$BC4F,$B981     ;   "955523084265175425"
3207 A131EDB451B7ADBF (benchmark_itoa64.):01378             FDB $A131,$EDB4,$51B7,$ADBF     ; "-6831417801023443521"
320F 4D74CFA99D3F0B25 (benchmark_itoa64.):01379             FDB $4D74,$CFA9,$9D3F,$0B25     ;  "5581314165613464357"
3217 6F7E0E8FA9693B89 (benchmark_itoa64.):01380             FDB $6F7E,$0E8F,$A969,$3B89     ;  "8033874795460901769"
321F 0758F5EE4A598E3E (benchmark_itoa64.):01381             FDB $0758,$F5EE,$4A59,$8E3E     ;   "529443360014437950"
3227 B37220244835F8F4 (benchmark_itoa64.):01382             FDB $B372,$2024,$4835,$F8F4     ; "-5516311253373028108"
322F 073B34EF1B1A922F (benchmark_itoa64.):01383             FDB $073B,$34EF,$1B1A,$922F     ;   "521068383447978543"
3237 7B49055F02E3DE02 (benchmark_itoa64.):01384             FDB $7B49,$055F,$02E3,$DE02     ;  "8883637645593533954"
323F 4920806AAFFBA8E3 (benchmark_itoa64.):01385             FDB $4920,$806A,$AFFB,$A8E3     ;  "5269352759730874595"
3247 24F93BBB3722F6E5 (benchmark_itoa64.):01386             FDB $24F9,$3BBB,$3722,$F6E5     ;  "2664226329836320485"
324F 7AD966258ECF1337 (benchmark_itoa64.):01387             FDB $7AD9,$6625,$8ECF,$1337     ;  "8852218854069179191"
3257 C49A5F48E42EC22F (benchmark_itoa64.):01388             FDB $C49A,$5F48,$E42E,$C22F     ; "-4280003729191681489"
325F 88446A3BEB247540 (benchmark_itoa64.):01389             FDB $8844,$6A3B,$EB24,$7540     ; "-8627654180554377920"
3267 C55F91D94C4AB350 (benchmark_itoa64.):01390             FDB $C55F,$91D9,$4C4A,$B350     ; "-4224497562976341168"
326F B1C3278E29F223D3 (benchmark_itoa64.):01391             FDB $B1C3,$278E,$29F2,$23D3     ; "-5637618816995154989"
3277 F741BC19CD5FC07E (benchmark_itoa64.):01392             FDB $F741,$BC19,$CD5F,$C07E     ;  "-630015653849350018"
327F 527A4D648E4F18FD (benchmark_itoa64.):01393             FDB $527A,$4D64,$8E4F,$18FD     ;  "5943147752548407549"
3287 C2A3B42D9DFEFBEE (benchmark_itoa64.):01394             FDB $C2A3,$B42D,$9DFE,$FBEE     ; "-4421492301130433554"
328F 80859A12D48477C7 (benchmark_itoa64.):01395             FDB $8085,$9A12,$D484,$77C7     ; "-9185766459286718521"
3297 2271DC23F919B015 (benchmark_itoa64.):01396             FDB $2271,$DC23,$F919,$B015     ;  "2482006916719030293"
329F 9C69411E354E2835 (benchmark_itoa64.):01397             FDB $9C69,$411E,$354E,$2835     ; "-7176132933239035851"
32A7 18DF94A9C1E77BBD (benchmark_itoa64.):01398             FDB $18DF,$94A9,$C1E7,$7BBD     ;  "1792314633540303805"
32AF 178338E3FE7388C2 (benchmark_itoa64.):01399             FDB $1783,$38E3,$FE73,$88C2     ;  "1694260436699154626"
32B7 327F8A1430A3EB36 (benchmark_itoa64.):01400             FDB $327F,$8A14,$30A3,$EB36     ;  "3638778843258678070"
32BF B61A425538D125FB (benchmark_itoa64.):01401             FDB $B61A,$4255,$38D1,$25FB     ; "-5324870675619305989"
32C7 31306D35BE8EEFC5 (benchmark_itoa64.):01402             FDB $3130,$6D35,$BE8E,$EFC5     ;  "3544452984338313157"
32CF 4F0872A7519B46F6 (benchmark_itoa64.):01403             FDB $4F08,$72A7,$519B,$46F6     ;  "5694927791764227830"
32D7 9D081F1531AFD54C (benchmark_itoa64.):01404             FDB $9D08,$1F15,$31AF,$D54C     ; "-7131415834052799156"
32DF 4E27F8FBA844A684 (benchmark_itoa64.):01405             FDB $4E27,$F8FB,$A844,$A684     ;  "5631743618793645700"
32E7 5A4BBC9B7553AFC2 (benchmark_itoa64.):01406             FDB $5A4B,$BC9B,$7553,$AFC2     ;  "6506501462541184962"
32EF E35109A10D6FD617 (benchmark_itoa64.):01407             FDB $E351,$09A1,$0D6F,$D617     ; "-2066860166666529257"
32F7 C9D117D48FB2770F (benchmark_itoa64.):01408             FDB $C9D1,$17D4,$8FB2,$770F     ; "-3904313200242166001"
32FF A4D2E10192AA8D9C (benchmark_itoa64.):01409             FDB $A4D2,$E101,$92AA,$8D9C     ; "-6569941509508264548"
3307 2BB43D5D182E72EA (benchmark_itoa64.):01410             FDB $2BB4,$3D5D,$182E,$72EA     ;  "3149209509485769450"
330F 5445E45AB040E314 (benchmark_itoa64.):01411             FDB $5445,$E45A,$B040,$E314     ;  "6072510750734213908"
3317 8838AC313CF01086 (benchmark_itoa64.):01412             FDB $8838,$AC31,$3CF0,$1086     ; "-8630959358379814778"
331F 477A3CA07F44C657 (benchmark_itoa64.):01413             FDB $477A,$3CA0,$7F44,$C657     ;  "5150495783879231063"
3327 ED461553A2A6CC7D (benchmark_itoa64.):01414             FDB $ED46,$1553,$A2A6,$CC7D     ; "-1349367589395575683"
332F 5C8B2E0B636707B5 (benchmark_itoa64.):01415             FDB $5C8B,$2E0B,$6367,$07B5     ;  "6668474299699365813"
3337 C790DDC1A7100CAA (benchmark_itoa64.):01416             FDB $C790,$DDC1,$A710,$0CAA     ; "-4066506639714284374"
333F C8C29C6DDE4BECE1 (benchmark_itoa64.):01417             FDB $C8C2,$9C6D,$DE4B,$ECE1     ; "-3980447124947211039"
3347 D6BA0BDED8458F6D (benchmark_itoa64.):01418             FDB $D6BA,$0BDE,$D845,$8F6D     ; "-2974051552185708691"
334F FFE964CCE01BE3EE (benchmark_itoa64.):01419             FDB $FFE9,$64CC,$E01B,$E3EE     ;    "-6363093368314898"
3357 557531A1051B1E64 (benchmark_itoa64.):01420             FDB $5575,$31A1,$051B,$1E64     ;  "6157882633144180324"
335F 4436C1CB10153F3F (benchmark_itoa64.):01421             FDB $4436,$C1CB,$1015,$3F3F     ;  "4915329121213824831"
3367 8092EC8E58D7440A (benchmark_itoa64.):01422             FDB $8092,$EC8E,$58D7,$440A     ; "-9182016594135006198"
336F 4618C6D34EB26612 (benchmark_itoa64.):01423             FDB $4618,$C6D3,$4EB2,$6612     ;  "5051005592956724754"
3377 5C421CEAC634F6D8 (benchmark_itoa64.):01424             FDB $5C42,$1CEA,$C634,$F6D8     ;  "6647907794625558232"
337F C816DC7B170DE5CA (benchmark_itoa64.):01425             FDB $C816,$DC7B,$170D,$E5CA     ; "-4028790395410455094"
3387 968BCBD789F18299 (benchmark_itoa64.):01426             FDB $968B,$CBD7,$89F1,$8299     ; "-7598755819664866663"
338F 9BB57C7C8BB711AA (benchmark_itoa64.):01427             FDB $9BB5,$7C7C,$8BB7,$11AA     ; "-7226733152684273238"
3397 5DCB93BD878AC663 (benchmark_itoa64.):01428             FDB $5DCB,$93BD,$878A,$C663     ;  "6758658108031682147"
339F 7F3437FC5431D939 (benchmark_itoa64.):01429             FDB $7F34,$37FC,$5431,$D939     ;  "9166012698489641273"
33A7 23803A0F0F1CA2C4 (benchmark_itoa64.):01430             FDB $2380,$3A0F,$0F1C,$A2C4     ;  "2558108424698897092"
33AF 1AA49CF2BA43D050 (benchmark_itoa64.):01431             FDB $1AA4,$9CF2,$BA43,$D050     ;  "1919831907487699024"
33B7 193A25A8AAED6494 (benchmark_itoa64.):01432             FDB $193A,$25A8,$AAED,$6494     ;  "1817806805949834388"
33BF CD0B16DA20B3E81C (benchmark_itoa64.):01433             FDB $CD0B,$16DA,$20B3,$E81C     ; "-3671815945083164644"
33C7 84B0E39203583EF0 (benchmark_itoa64.):01434             FDB $84B0,$E392,$0358,$3EF0     ; "-8885351848541143312"
33CF 88D1E93FF2B3101C (benchmark_itoa64.):01435             FDB $88D1,$E93F,$F2B3,$101C     ; "-8587826553554792420"
33D7 EDBF71B5F2951A06 (benchmark_itoa64.):01436             FDB $EDBF,$71B5,$F295,$1A06     ; "-1315207539896018426"
33DF 0AEF8A9F2B8E0841 (benchmark_itoa64.):01437             FDB $0AEF,$8A9F,$2B8E,$0841     ;   "788000876048287809"
33E7 44E59BFBDAB0DECD (benchmark_itoa64.):01438             FDB $44E5,$9BFB,$DAB0,$DECD     ;  "4964545670253960909"
33EF 52FED61FC0EF9238 (benchmark_itoa64.):01439             FDB $52FE,$D61F,$C0EF,$9238     ;  "5980452787063853624"
33F7 F7B4A21736998322 (benchmark_itoa64.):01440             FDB $F7B4,$A217,$3699,$8322     ;  "-597674629949455582"
33FF 18DCC49EF2FC62A2 (benchmark_itoa64.):01441             FDB $18DC,$C49E,$F2FC,$62A2     ;  "1791522938747118242"
3407 09B74DC195F9657E (benchmark_itoa64.):01442             FDB $09B7,$4DC1,$95F9,$657E     ;   "700113760919577982"
340F 0AAAF53B5E52D9CF (benchmark_itoa64.):01443             FDB $0AAA,$F53B,$5E52,$D9CF     ;   "768696321754454479"
3417 C9B1F9DF05BF9A60 (benchmark_itoa64.):01444             FDB $C9B1,$F9DF,$05BF,$9A60     ; "-3913071864938784160"
341F BD8457052F009E41 (benchmark_itoa64.):01445             FDB $BD84,$5705,$2F00,$9E41     ; "-4790608423840342463"
3427 001E73A6F3D6FC51 (benchmark_itoa64.):01446             FDB $001E,$73A6,$F3D6,$FC51     ;     "8571410194037841"
342F C436C4FFDE7A600E (benchmark_itoa64.):01447             FDB $C436,$C4FF,$DE7A,$600E     ; "-4308039390305034226"
3437 FDE21C5C9380E484 (benchmark_itoa64.):01448             FDB $FDE2,$1C5C,$9380,$E484     ;  "-152528253439908732"
343F 8B18CB91673AAE31 (benchmark_itoa64.):01449             FDB $8B18,$CB91,$673A,$AE31     ; "-8423759277633917391"
3447 6766E05D8EE155AC (benchmark_itoa64.):01450             FDB $6766,$E05D,$8EE1,$55AC     ;  "7450889325964776876"
344F 570EE1ED8BF43015 (benchmark_itoa64.):01451             FDB $570E,$E1ED,$8BF4,$3015     ;  "6273199741345214485"
3457 330433A19516A6B9 (benchmark_itoa64.):01452             FDB $3304,$33A1,$9516,$A6B9     ;  "3676119964925208249"
345F 874B6101A74B0EC0 (benchmark_itoa64.):01453             FDB $874B,$6101,$A74B,$0EC0     ; "-8697751595606405440"
3467 914A791D6341AEDF (benchmark_itoa64.):01454             FDB $914A,$791D,$6341,$AEDF     ; "-7977430622807150881"
346F C63AAAF5003F9B5C (benchmark_itoa64.):01455             FDB $C63A,$AAF5,$003F,$9B5C     ; "-4162826936302724260"
3477 3313D87C1DEC02FE (benchmark_itoa64.):01456             FDB $3313,$D87C,$1DEC,$02FE     ;  "3680523348081378046"
347F 2C1471853580E0C3 (benchmark_itoa64.):01457             FDB $2C14,$7185,$3580,$E0C3     ;  "3176288454145269955"
3487 AA69345BD042A211 (benchmark_itoa64.):01458             FDB $AA69,$345B,$D042,$A211     ; "-6167340645766487535"
348F 5BC9889054BDC59C (benchmark_itoa64.):01459             FDB $5BC9,$8890,$54BD,$C59C     ;  "6613967681248675228"
3497 902EB3A0A335FA87 (benchmark_itoa64.):01460             FDB $902E,$B3A0,$A335,$FA87     ; "-8057305180804875641"
349F 9BC8EB8DFB138189 (benchmark_itoa64.):01461             FDB $9BC8,$EB8D,$FB13,$8189     ; "-7221263007453314679"
34A7 181A4A956652081F (benchmark_itoa64.):01462             FDB $181A,$4A95,$6652,$081F     ;  "1736782611831982111"
34AF 3CED445CACC55AC9 (benchmark_itoa64.):01463             FDB $3CED,$445C,$ACC5,$5AC9     ;  "4390240376582396617"
34B7 4F64909B06781D60 (benchmark_itoa64.):01464             FDB $4F64,$909B,$0678,$1D60     ;  "5720856422170238304"
34BF 498016772BA6C99D (benchmark_itoa64.):01465             FDB $4980,$1677,$2BA6,$C99D     ;  "5296257862876973469"
34C7 27801797F0B0FBA6 (benchmark_itoa64.):01466             FDB $2780,$1797,$F0B0,$FBA6     ;  "2846300905843784614"
34CF 08B46E04B559492F (benchmark_itoa64.):01467             FDB $08B4,$6E04,$B559,$492F     ;   "627247214612793647"
34D7 43AFEF285C200473 (benchmark_itoa64.):01468             FDB $43AF,$EF28,$5C20,$0473     ;  "4877379878088868979"
34DF 273007CCE3C069BC (benchmark_itoa64.):01469             FDB $2730,$07CC,$E3C0,$69BC     ;  "2823765542937061820"
34E7 270879480BDD9AB1 (benchmark_itoa64.):01470             FDB $2708,$7948,$0BDD,$9AB1     ;  "2812631317636553393"
34EF FC8E2C5D052138D2 (benchmark_itoa64.):01471             FDB $FC8E,$2C5D,$0521,$38D2     ;  "-248212151429154606"
34F7 216A788561E29E81 (benchmark_itoa64.):01472             FDB $216A,$7885,$61E2,$9E81     ;  "2407869465051176577"
34FF 43A9BF18D42F788E (benchmark_itoa64.):01473             FDB $43A9,$BF18,$D42F,$788E     ;  "4875638184965273742"
3507 5384AF5A2B682523 (benchmark_itoa64.):01474             FDB $5384,$AF5A,$2B68,$2523     ;  "6018127803883988259"
350F 442BD3A3FED08623 (benchmark_itoa64.):01475             FDB $442B,$D3A3,$FED0,$8623     ;  "4912252519885866531"
3517 6F9175FA13E5931A (benchmark_itoa64.):01476             FDB $6F91,$75FA,$13E5,$931A     ;  "8039336526769132314"
351F 47BD275FDB86F35F (benchmark_itoa64.):01477             FDB $47BD,$275F,$DB86,$F35F     ;  "5169331239949628255"
3527 9E3CC5992BFC89C2 (benchmark_itoa64.):01478             FDB $9E3C,$C599,$2BFC,$89C2     ; "-7044538455455659582"
352F 027386A85DA719DB (benchmark_itoa64.):01479             FDB $0273,$86A8,$5DA7,$19DB     ;   "176632868081441243"
3537 2B18BF817DE72BC1 (benchmark_itoa64.):01480             FDB $2B18,$BF81,$7DE7,$2BC1     ;  "3105442505955945409"
353F A8E9A6E9164A228D (benchmark_itoa64.):01481             FDB $A8E9,$A6E9,$164A,$228D     ; "-6275301085732527475"
3547 E3EA95C5E21C490E (benchmark_itoa64.):01482             FDB $E3EA,$95C5,$E21C,$490E     ; "-2023640405415016178"
354F C6BD5E81E4E464E9 (benchmark_itoa64.):01483             FDB $C6BD,$5E81,$E4E4,$64E9     ; "-4126037771617540887"
3557 9860AA05ED446241 (benchmark_itoa64.):01484             FDB $9860,$AA05,$ED44,$6241     ; "-7466781239748042175"
355F 1AD58EDCED736ED2 (benchmark_itoa64.):01485             FDB $1AD5,$8EDC,$ED73,$6ED2     ;  "1933608694553210578"
3567 62285E080926C8A3 (benchmark_itoa64.):01486             FDB $6228,$5E08,$0926,$C8A3     ;  "7073006603391649955"
356F 88F17ED980D1D6F6 (benchmark_itoa64.):01487             FDB $88F1,$7ED9,$80D1,$D6F6     ; "-8578936342529845514"
3577 2C14FEDD6F8F4DD0 (benchmark_itoa64.):01488             FDB $2C14,$FEDD,$6F8F,$4DD0     ;  "3176443864215932368"
357F E615E4EABFFC9235 (benchmark_itoa64.):01489             FDB $E615,$E4EA,$BFFC,$9235     ; "-1867334773580721611"
3587 97071D962EE4DA44 (benchmark_itoa64.):01490             FDB $9707,$1D96,$2EE4,$DA44     ; "-7564044518276408764"
358F 18A298EB9BC697AF (benchmark_itoa64.):01491             FDB $18A2,$98EB,$9BC6,$97AF     ;  "1775149340835616687"
3597 8660A1020B14E41E (benchmark_itoa64.):01492             FDB $8660,$A102,$0B14,$E41E     ; "-8763827844715060194"
359F AE0F1FA95AFFA54F (benchmark_itoa64.):01493             FDB $AE0F,$1FA9,$5AFF,$A54F     ; "-5904465774222793393"
35A7 D758A0CB77DC3455 (benchmark_itoa64.):01494             FDB $D758,$A0CB,$77DC,$3455     ; "-2929414761854782379"
35AF 9720E71A76A90F81 (benchmark_itoa64.):01495             FDB $9720,$E71A,$76A9,$0F81     ; "-7556786073881735295"
35B7 6E1A79C58CE7593C (benchmark_itoa64.):01496             FDB $6E1A,$79C5,$8CE7,$593C     ;  "7933787582946040124"
35BF D7EB79968CB7AA5F (benchmark_itoa64.):01497             FDB $D7EB,$7996,$8CB7,$AA5F     ; "-2888081048515138977"
35C7 E1F68FD676052E87 (benchmark_itoa64.):01498             FDB $E1F6,$8FD6,$7605,$2E87     ; "-2164384419639120249"
35CF A292959F0BC01338 (benchmark_itoa64.):01499             FDB $A292,$959F,$0BC0,$1338     ; "-6732153982635994312"
35D7 F0EEC9F7964DD38D (benchmark_itoa64.):01500             FDB $F0EE,$C9F7,$964D,$D38D     ; "-1085708394933922931"
35DF A963C76A3B75B82D (benchmark_itoa64.):01501             FDB $A963,$C76A,$3B75,$B82D     ; "-6240925399527344083"
35E7 7F8672D509C7B70F (benchmark_itoa64.):01502             FDB $7F86,$72D5,$09C7,$B70F     ;  "9189158349013759759"
35EF 5322336480740C3D (benchmark_itoa64.):01503             FDB $5322,$3364,$8074,$0C3D     ;  "5990406961101016125"
35F7 EA7C786644A757EA (benchmark_itoa64.):01504             FDB $EA7C,$7866,$44A7,$57EA     ; "-1550231791088478230"
35FF 5E1C04478FB8B28E (benchmark_itoa64.):01505             FDB $5E1C,$0447,$8FB8,$B28E     ;  "6781299844313559694"
3607 945F98BF58966B13 (benchmark_itoa64.):01506             FDB $945F,$98BF,$5896,$6B13     ; "-7755312085716276461"
360F BBFFB72F3523E5C1 (benchmark_itoa64.):01507             FDB $BBFF,$B72F,$3523,$E5C1     ; "-4899996456172919359"
3617 EDA87ECE299A0020 (benchmark_itoa64.):01508             FDB $EDA8,$7ECE,$299A,$0020     ; "-1321667066706919392"
361F 323CFF8A6589C329 (benchmark_itoa64.):01509             FDB $323C,$FF8A,$6589,$C329     ;  "3620049170373133097"
3627 1F4370B952776D26 (benchmark_itoa64.):01510             FDB $1F43,$70B9,$5277,$6D26     ;  "2252768179870199078"
362F DD4CFF7CDE0E85F9 (benchmark_itoa64.):01511             FDB $DD4C,$FF7C,$DE0E,$85F9     ; "-2500342781330946567"
3637 F71D73463CD235B8 (benchmark_itoa64.):01512             FDB $F71D,$7346,$3CD2,$35B8     ;  "-640228826511428168"
363F 899963E8FAA19FC6 (benchmark_itoa64.):01513             FDB $8999,$63E8,$FAA1,$9FC6     ; "-8531678166788235322"
3647 80A08D9571D6202E (benchmark_itoa64.):01514             FDB $80A0,$8D95,$71D6,$202E     ; "-9178180367581568978"
364F CED4510859E4C2BE (benchmark_itoa64.):01515             FDB $CED4,$5108,$59E4,$C2BE     ; "-3543117910523985218"
3657 57DD7966C9626341 (benchmark_itoa64.):01516             FDB $57DD,$7966,$C962,$6341     ;  "6331350133525078849"
365F FF9799B8CD6A9645 (benchmark_itoa64.):01517             FDB $FF97,$99B8,$CD6A,$9645     ;   "-29385853555272123"
3667 D771B1173163A1DF (benchmark_itoa64.):01518             FDB $D771,$B117,$3163,$A1DF     ; "-2922359970015764001"
366F EC4297A1AF399969 (benchmark_itoa64.):01519             FDB $EC42,$97A1,$AF39,$9969     ; "-1422407811610338967"
3677 94B6D1E1CC207BF1 (benchmark_itoa64.):01520             FDB $94B6,$D1E1,$CC20,$7BF1     ; "-7730760942612349967"
367F 29D8BD9C32BF49FB (benchmark_itoa64.):01521             FDB $29D8,$BD9C,$32BF,$49FB     ;  "3015368429088492027"
3687 2A5A2834FBD930B2 (benchmark_itoa64.):01522             FDB $2A5A,$2834,$FBD9,$30B2     ;  "3051795905525657778"
368F 63F8573F58EBF362 (benchmark_itoa64.):01523             FDB $63F8,$573F,$58EB,$F362     ;  "7203603533565522786"
3697 523FFB318F963980 (benchmark_itoa64.):01524             FDB $523F,$FB31,$8F96,$3980     ;  "5926731824923818368"
369F 8D1FC255E0C125FC (benchmark_itoa64.):01525             FDB $8D1F,$C255,$E0C1,$25FC     ; "-8277683915984919044"
36A7 6506C61E1FF82002 (benchmark_itoa64.):01526             FDB $6506,$C61E,$1FF8,$2002     ;  "7279723680378658818"
36AF DFBAB4CCB5827C32 (benchmark_itoa64.):01527             FDB $DFBA,$B4CC,$B582,$7C32     ; "-2325347466271884238"
36B7 27CB019B2D27807D (benchmark_itoa64.):01528             FDB $27CB,$019B,$2D27,$807D     ;  "2867387353740574845"
36BF D4E089F98564B7DB (benchmark_itoa64.):01529             FDB $D4E0,$89F9,$8564,$B7DB     ; "-3107332038107809829"
36C7 2F7DB9F175FFDE9F (benchmark_itoa64.):01530             FDB $2F7D,$B9F1,$75FF,$DE9F     ;  "3422095738589404831"
36CF D8BE6091664E3156 (benchmark_itoa64.):01531             FDB $D8BE,$6091,$664E,$3156     ; "-2828717338339167914"
36D7 87BB4FEA41717D87 (benchmark_itoa64.):01532             FDB $87BB,$4FEA,$4171,$7D87     ; "-8666245190405489273"
36DF 4357DA98DAEA6FF2 (benchmark_itoa64.):01533             FDB $4357,$DA98,$DAEA,$6FF2     ;  "4852587473557680114"
36E7 521EBEA3BDFB99C2 (benchmark_itoa64.):01534             FDB $521E,$BEA3,$BDFB,$99C2     ;  "5917376570887739842"
36EF D012FF1B4ABBCBD9 (benchmark_itoa64.):01535             FDB $D012,$FF1B,$4ABB,$CBD9     ; "-3453417471556727847"
36F7 653B54B39681EDC4 (benchmark_itoa64.):01536             FDB $653B,$54B3,$9681,$EDC4     ;  "7294517151757626820"
36FF 6BD6259C955B628E (benchmark_itoa64.):01537             FDB $6BD6,$259C,$955B,$628E     ;  "7770439561525289614"
3707 9533FE99B94149A6 (benchmark_itoa64.):01538             FDB $9533,$FE99,$B941,$49A6     ; "-7695527402054530650"
370F 0ED4DBB6BDAE3C6E (benchmark_itoa64.):01539             FDB $0ED4,$DBB6,$BDAE,$3C6E     ;  "1068720589506493550"
3717 037615397E220D36 (benchmark_itoa64.):01540             FDB $0376,$1539,$7E22,$0D36     ;   "249410166039121206"
371F 60F7660E295BE4BF (benchmark_itoa64.):01541             FDB $60F7,$660E,$295B,$E4BF     ;  "6987165557898077375"
3727 D6EA4382358FBC8F (benchmark_itoa64.):01542             FDB $D6EA,$4382,$358F,$BC8F     ; "-2960479578519257969"
372F 8262E467A860FC73 (benchmark_itoa64.):01543             FDB $8262,$E467,$A860,$FC73     ; "-9051421167203582861"
3737 4F5295A9D00FCFA9 (benchmark_itoa64.):01544             FDB $4F52,$95A9,$D00F,$CFA9     ;  "5715795433659289513"
373F 782FA66FD1E8BB7B (benchmark_itoa64.):01545             FDB $782F,$A66F,$D1E8,$BB7B     ;  "8660323607650024315"
3747 CEED02A4D96B361A (benchmark_itoa64.):01546             FDB $CEED,$02A4,$D96B,$361A     ; "-3536167225370397158"
374F 745888750DF5407C (benchmark_itoa64.):01547             FDB $7458,$8875,$0DF5,$407C     ;  "8383600742676906108"
3757 4090E96E4E7A9DE7 (benchmark_itoa64.):01548             FDB $4090,$E96E,$4E7A,$9DE7     ;  "4652475075046055399"
375F 808D0BE9404B7357 (benchmark_itoa64.):01549             FDB $808D,$0BE9,$404B,$7357     ; "-9183670968704601257"
3767 A566FB366E859FB4 (benchmark_itoa64.):01550             FDB $A566,$FB36,$6E85,$9FB4     ; "-6528254398625898572"
376F 658D467C252B380E (benchmark_itoa64.):01551             FDB $658D,$467C,$252B,$380E     ;  "7317582468560402446"
3777 9C9B295A5F6C2027 (benchmark_itoa64.):01552             FDB $9C9B,$295A,$5F6C,$2027     ; "-7162085314277924825"
377F 8B8D9829CDB8CAAD (benchmark_itoa64.):01553             FDB $8B8D,$9829,$CDB8,$CAAD     ; "-8390883225408845139"
3787 3D39E72E29000B3D (benchmark_itoa64.):01554             FDB $3D39,$E72E,$2900,$0B3D     ;  "4411811495428492093"
378F 5FEBA315C54CB502 (benchmark_itoa64.):01555             FDB $5FEB,$A315,$C54C,$B502     ;  "6911797367029937410"
3797 12ED088B278106F2 (benchmark_itoa64.):01556             FDB $12ED,$088B,$2781,$06F2     ;  "1363755655919372018"
379F DD5EEB52DD341B6E (benchmark_itoa64.):01557             FDB $DD5E,$EB52,$DD34,$1B6E     ; "-2495298402385650834"
37A7 ED79B17843F46AC7 (benchmark_itoa64.):01558             FDB $ED79,$B178,$43F4,$6AC7     ; "-1334840684444357945"
37AF 070078CFB11B82B5 (benchmark_itoa64.):01559             FDB $0700,$78CF,$B11B,$82B5     ;   "504535991690429109"
37B7 34516ADF288DDE28 (benchmark_itoa64.):01560             FDB $3451,$6ADF,$288D,$DE28     ;  "3769911869776453160"
37BF FD0109C1578CF242 (benchmark_itoa64.):01561             FDB $FD01,$09C1,$578C,$F242     ;  "-215880581134880190"
37C7 2BB29B0A076764B5 (benchmark_itoa64.):01562             FDB $2BB2,$9B0A,$0767,$64B5     ;  "3148749556861592757"
37CF 7E5E653ACD892901 (benchmark_itoa64.):01563             FDB $7E5E,$653A,$CD89,$2901     ;  "9105826799820548353"
37D7 8EDE8034606D65FA (benchmark_itoa64.):01564             FDB $8EDE,$8034,$606D,$65FA     ; "-8151937313049582086"
37DF A352D7C2A4CAD852 (benchmark_itoa64.):01565             FDB $A352,$D7C2,$A4CA,$D852     ; "-6678038066448639918"
37E7 8F6C448A1BDA2913 (benchmark_itoa64.):01566             FDB $8F6C,$448A,$1BDA,$2913     ; "-8112033468837648109"
37EF C0DB27B80538CC91 (benchmark_itoa64.):01567             FDB $C0DB,$27B8,$0538,$CC91     ; "-4549999327212680047"
37F7 134E0D5113E13812 (benchmark_itoa64.):01568             FDB $134E,$0D51,$13E1,$3812     ;  "1391063976781101074"
37FF DBC69B8FC2034CEF (benchmark_itoa64.):01569             FDB $DBC6,$9B8F,$C203,$4CEF     ; "-2610227892276998929"
3807 A3D56DF33013E307 (benchmark_itoa64.):01570             FDB $A3D5,$6DF3,$3013,$E307     ; "-6641281184236838137"
380F 5855537D925509C9 (benchmark_itoa64.):01571             FDB $5855,$537D,$9255,$09C9     ;  "6365085447149128137"
3817 C5EAB5E713EC2020 (benchmark_itoa64.):01572             FDB $C5EA,$B5E7,$13EC,$2020     ; "-4185332899611140064"
381F 999C1E0B31746636 (benchmark_itoa64.):01573             FDB $999C,$1E0B,$3174,$6636     ; "-7377989056116529610"
3827 3BFF7186892E2378 (benchmark_itoa64.):01574             FDB $3BFF,$7186,$892E,$2378     ;  "4323298989940024184"
382F 87422F3E2CD0FB9E (benchmark_itoa64.):01575             FDB $8742,$2F3E,$2CD0,$FB9E     ; "-8700339586040005730"
3837 7837268FD4747A23 (benchmark_itoa64.):01576             FDB $7837,$268F,$D474,$7A23     ;  "8662434807457020451"
383F DF5DD38FA7A8F206 (benchmark_itoa64.):01577             FDB $DF5D,$D38F,$A7A8,$F206     ; "-2351490816470879738"
3847 093ECB9FAE4501E2 (benchmark_itoa64.):01578             FDB $093E,$CB9F,$AE45,$01E2     ;   "666193681581408738"
384F FE30B50062A88343 (benchmark_itoa64.):01579             FDB $FE30,$B500,$62A8,$8343     ;  "-130405375933906109"
3857 A4E872711146A905 (benchmark_itoa64.):01580             FDB $A4E8,$7271,$1146,$A905     ; "-6563870626945783547"
385F 943FC081B07A6EF5 (benchmark_itoa64.):01581             FDB $943F,$C081,$B07A,$6EF5     ; "-7764275569319317771"
3867 2C2F8F062F027ECB (benchmark_itoa64.):01582             FDB $2C2F,$8F06,$2F02,$7ECB     ;  "3183920718295498443"
386F 4F65E7C5B00402D7 (benchmark_itoa64.):01583             FDB $4F65,$E7C5,$B004,$02D7     ;  "5721233737891709655"
3877 618B7800D275BBD9 (benchmark_itoa64.):01584             FDB $618B,$7800,$D275,$BBD9     ;  "7028843588368055257"
387F 1F7DA2E58B36371F (benchmark_itoa64.):01585             FDB $1F7D,$A2E5,$8B36,$371F     ;  "2269148894031394591"
3887 EA4DEF84EC55A8EA (benchmark_itoa64.):01586             FDB $EA4D,$EF84,$EC55,$A8EA     ; "-1563330141447935766"
388F 6A4D03714F573A98 (benchmark_itoa64.):01587             FDB $6A4D,$0371,$4F57,$3A98     ;  "7659782326424386200"
3897 986393B2560A417E (benchmark_itoa64.):01588             FDB $9863,$93B2,$560A,$417E     ; "-7465961363093175938"
389F 9229C077FE57A1DA (benchmark_itoa64.):01589             FDB $9229,$C077,$FE57,$A1DA     ; "-7914583248526138918"
38A7 782B821BC96DB17E (benchmark_itoa64.):01590             FDB $782B,$821B,$C96D,$B17E     ;  "8659157764405047678"
38AF F7F26FA37E4085AE (benchmark_itoa64.):01591             FDB $F7F2,$6FA3,$7E40,$85AE     ;  "-580278653988862546"
38B7 836E5CC2D85CF293 (benchmark_itoa64.):01592             FDB $836E,$5CC2,$D85C,$F293     ; "-8976135015379438957"
38BF 0A409F50BEF6CFC5 (benchmark_itoa64.):01593             FDB $0A40,$9F50,$BEF6,$CFC5     ;   "738765508038807493"
38C7 6BC7FD97B84369AD (benchmark_itoa64.):01594             FDB $6BC7,$FD97,$B843,$69AD     ;  "7766454910497024429"
38CF D25AF69F303C872B (benchmark_itoa64.):01595             FDB $D25A,$F69F,$303C,$872B     ; "-3289045414271219925"
38D7 DC97B9A28E97A225 (benchmark_itoa64.):01596             FDB $DC97,$B9A2,$8E97,$A225     ; "-2551366556053954011"
38DF B52B53D4F997FBFE (benchmark_itoa64.):01597             FDB $B52B,$53D4,$F997,$FBFE     ; "-5392123954660377602"
38E7 B4175ED125998489 (benchmark_itoa64.):01598             FDB $B417,$5ED1,$2599,$8489     ; "-5469798970046184311"
38EF B27C05118EE8FB9E (benchmark_itoa64.):01599             FDB $B27C,$0511,$8EE8,$FB9E     ; "-5585583864876041314"
38F7 394522D6077B61F7 (benchmark_itoa64.):01600             FDB $3945,$22D6,$077B,$61F7     ;  "4126742936198799863"
38FF 8AF485FD6D709D71 (benchmark_itoa64.):01601             FDB $8AF4,$85FD,$6D70,$9D71     ; "-8433968878648779407"
3907 E93B78EFC9C308CB (benchmark_itoa64.):01602             FDB $E93B,$78EF,$C9C3,$08CB     ; "-1640584667968894773"
390F 1485819E02E7022F (benchmark_itoa64.):01603             FDB $1485,$819E,$02E7,$022F     ;  "1478730568314585647"
3917 2369EDC90A3FEF2D (benchmark_itoa64.):01604             FDB $2369,$EDC9,$0A3F,$EF2D     ;  "2551832111598268205"
391F 183F892E033478AD (benchmark_itoa64.):01605             FDB $183F,$892E,$0334,$78AD     ;  "1747266011158313133"
3927 640880A5630B38B3 (benchmark_itoa64.):01606             FDB $6408,$80A5,$630B,$38B3     ;  "7208152651426117811"
392F C83DDE0CF1569028 (benchmark_itoa64.):01607             FDB $C83D,$DE0C,$F156,$9028     ; "-4017811145374658520"
3937 09B532369BE1C2EC (benchmark_itoa64.):01608             FDB $09B5,$3236,$9BE1,$C2EC     ;   "699520527250866924"
393F 1CA823D316E4FAEC (benchmark_itoa64.):01609             FDB $1CA8,$23D3,$16E4,$FAEC     ;  "2064939818678549228"
3947 C047A7A8163DDF98 (benchmark_itoa64.):01610             FDB $C047,$A7A8,$163D,$DF98     ; "-4591516954711433320"
394F 50AE9AFD9036674D (benchmark_itoa64.):01611             FDB $50AE,$9AFD,$9036,$674D     ;  "5813754582818776909"
3957 20B1FA547D66EDF1 (benchmark_itoa64.):01612             FDB $20B1,$FA54,$7D66,$EDF1     ;  "2355939320879574513"
395F 49145FBB2D0D13AB (benchmark_itoa64.):01613             FDB $4914,$5FBB,$2D0D,$13AB     ;  "5265939121822307243"
3967 2503BDB718EA1F1D (benchmark_itoa64.):01614             FDB $2503,$BDB7,$18EA,$1F1D     ;  "2667183998428127005"
396F 0154BC6970E40222 (benchmark_itoa64.):01615             FDB $0154,$BC69,$70E4,$0222     ;    "95908653133201954"
3977 3829FFF7C7367508 (benchmark_itoa64.):01616             FDB $3829,$FFF7,$C736,$7508     ;  "4047047179833341192"
397F 326EEEC2E4461300 (benchmark_itoa64.):01617             FDB $326E,$EEC2,$E446,$1300     ;  "3634104470155432704"
3987 44C476FEBB872402 (benchmark_itoa64.):01618             FDB $44C4,$76FE,$BB87,$2402     ;  "4955216326454354946"
398F 6D1673CFA8466840 (benchmark_itoa64.):01619             FDB $6D16,$73CF,$A846,$6840     ;  "7860597535340390464"
3997 6B37119D7432BB3A (benchmark_itoa64.):01620             FDB $6B37,$119D,$7432,$BB3A     ;  "7725663053734394682"
399F 367DB9808B667759 (benchmark_itoa64.):01621             FDB $367D,$B980,$8B66,$7759     ;  "3926498411882641241"
39A7 52EEA82C3F008506 (benchmark_itoa64.):01622             FDB $52EE,$A82C,$3F00,$8506     ;  "5975898663556252934"
39AF D51EC7A0698BF432 (benchmark_itoa64.):01623             FDB $D51E,$C7A0,$698B,$F432     ; "-3089812802550107086"
39B7 49F2FDD40E4901F8 (benchmark_itoa64.):01624             FDB $49F2,$FDD4,$0E49,$01F8     ;  "5328600396347277816"
39BF 2CFBC1C4B04CF4EF (benchmark_itoa64.):01625             FDB $2CFB,$C1C4,$B04C,$F4EF     ;  "3241397407338788079"
39C7 534F2819F85C3D58 (benchmark_itoa64.):01626             FDB $534F,$2819,$F85C,$3D58     ;  "6003060920314248536"
39CF D14BEA58EC34958D (benchmark_itoa64.):01627             FDB $D14B,$EA58,$EC34,$958D     ; "-3365338628888423027"
39D7 F94F5B1F3C83906C (benchmark_itoa64.):01628             FDB $F94F,$5B1F,$3C83,$906C     ;  "-482066445387984788"
39DF 18D328B352B2C7CE (benchmark_itoa64.):01629             FDB $18D3,$28B3,$52B2,$C7CE     ;  "1788818227647924174"
39E7 529C3F8C8467C40F (benchmark_itoa64.):01630             FDB $529C,$3F8C,$8467,$C40F     ;  "5952702680226317327"
39EF 1EE574BB1C738AC8 (benchmark_itoa64.):01631             FDB $1EE5,$74BB,$1C73,$8AC8     ;  "2226313937789618888"
39F7 F8DD431F3A2716BE (benchmark_itoa64.):01632             FDB $F8DD,$431F,$3A27,$16BE     ;  "-514180981051681090"
39FF 106B29681817A71A (benchmark_itoa64.):01633             FDB $106B,$2968,$1817,$A71A     ;  "1183084854172428058"
3A07 A053E94C510A13CC (benchmark_itoa64.):01634             FDB $A053,$E94C,$510A,$13CC     ; "-6893910090587696180"
3A0F 53B783F4B26EE71A (benchmark_itoa64.):01635             FDB $53B7,$83F4,$B26E,$E71A     ;  "6032435312874940186"
3A17 13601A3918556131 (benchmark_itoa64.):01636             FDB $1360,$1A39,$1855,$6131     ;  "1396144717008560433"
3A1F 6EE0AEAF02049431 (benchmark_itoa64.):01637             FDB $6EE0,$AEAF,$0204,$9431     ;  "7989577805631624241"
3A27 F6F69674E6FFBF04 (benchmark_itoa64.):01638             FDB $F6F6,$9674,$E6FF,$BF04     ;  "-651167667272564988"
3A2F B55A676361B5D4C0 (benchmark_itoa64.):01639             FDB $B55A,$6763,$61B5,$D4C0     ; "-5378873128401906496"
3A37 A0BBEEF72E2BC7B8 (benchmark_itoa64.):01640             FDB $A0BB,$EEF7,$2E2B,$C7B8     ; "-6864630461597235272"
3A3F 6C29FF62EFAAFD0E (benchmark_itoa64.):01641             FDB $6C29,$FF62,$EFAA,$FD0E     ;  "7794041430534192398"
3A47 72725EA495A88AC8 (benchmark_itoa64.):01642             FDB $7272,$5EA4,$95A8,$8AC8     ;  "8246757928647297736"
3A4F C9864158464CFAD2 (benchmark_itoa64.):01643             FDB $C986,$4158,$464C,$FAD2     ; "-3925378177814431022"
3A57 F9EA259D8C7C4636 (benchmark_itoa64.):01644             FDB $F9EA,$259D,$8C7C,$4636     ;  "-438496655118154186"
3A5F 876F53F88DDF5131 (benchmark_itoa64.):01645             FDB $876F,$53F8,$8DDF,$5131     ; "-8687632829177179855"
3A67 85A4C3F0F8626CB0 (benchmark_itoa64.):01646             FDB $85A4,$C3F0,$F862,$6CB0     ; "-8816706730757821264"
3A6F 3D5FECDB219F9851 (benchmark_itoa64.):01647             FDB $3D5F,$ECDB,$219F,$9851     ;  "4422513785007216721"
3A77 2DC429BE2DBF2268 (benchmark_itoa64.):01648             FDB $2DC4,$29BE,$2DBF,$2268     ;  "3297806723930071656"
3A7F 8729399CB60A7076 (benchmark_itoa64.):01649             FDB $8729,$399C,$B60A,$7076     ; "-8707365059312324490"
3A87 C235A5E9480E58EF (benchmark_itoa64.):01650             FDB $C235,$A5E9,$480E,$58EF     ; "-4452470235231004433"
3A8F 3C477903A22D0115 (benchmark_itoa64.):01651             FDB $3C47,$7903,$A22D,$0115     ;  "4343573422134853909"
3A97 0A7ED061896D39E0 (benchmark_itoa64.):01652             FDB $0A7E,$D061,$896D,$39E0     ;   "756270904780863968"
3A9F AA2D7ACE9BBC36E8 (benchmark_itoa64.):01653             FDB $AA2D,$7ACE,$9BBC,$36E8     ; "-6184151685515168024"
3AA7 17CC5929E2408CA1 (benchmark_itoa64.):01654             FDB $17CC,$5929,$E240,$8CA1     ;  "1714843594545728673"
3AAF 04EA2816961A8F13 (benchmark_itoa64.):01655             FDB $04EA,$2816,$961A,$8F13     ;   "354139598174719763"
3AB7 309907ADB34E661E (benchmark_itoa64.):01656             FDB $3099,$07AD,$B34E,$661E     ;  "3501838627876267550"
3ABF 0A2109B9726F5F98 (benchmark_itoa64.):01657             FDB $0A21,$09B9,$726F,$5F98     ;   "729875306704232344"
3AC7 718089E5730EC467 (benchmark_itoa64.):01658             FDB $7180,$89E5,$730E,$C467     ;  "8178688541875684455"
3ACF BC6A85264941964D (benchmark_itoa64.):01659             FDB $BC6A,$8526,$4941,$964D     ; "-4869933647563483571"
3AD7 C486CEBB9EEBB198 (benchmark_itoa64.):01660             FDB $C486,$CEBB,$9EEB,$B198     ; "-4285510690175995496"
3ADF 21BFD6C411261B6E (benchmark_itoa64.):01661             FDB $21BF,$D6C4,$1126,$1B6E     ;  "2431898461393001326"
3AE7 6A09B1E41F5CBAE7 (benchmark_itoa64.):01662             FDB $6A09,$B1E4,$1F5C,$BAE7     ;  "7640833836147587815"
3AEF 9F59DFD47A46591B (benchmark_itoa64.):01663             FDB $9F59,$DFD4,$7A46,$591B     ; "-6964289245074269925"
3AF7 4E3DCC71DD4BC385 (benchmark_itoa64.):01664             FDB $4E3D,$CC71,$DD4B,$C385     ;  "5637887097953829765"
3AFF 3C14915B3EE31F52 (benchmark_itoa64.):01665             FDB $3C14,$915B,$3EE3,$1F52     ;  "4329244962893012818"
3B07 1B7ABE04408572E9 (benchmark_itoa64.):01666             FDB $1B7A,$BE04,$4085,$72E9     ;  "1980103911654388457"
3B0F CD9BA91B7A227D5F (benchmark_itoa64.):01667             FDB $CD9B,$A91B,$7A22,$7D5F     ; "-3631122739065881249"
3B17 B5765CAD7ED1F8C2 (benchmark_itoa64.):01668             FDB $B576,$5CAD,$7ED1,$F8C2     ; "-5371003605365950270"
3B1F A83D66ECD51E7376 (benchmark_itoa64.):01669             FDB $A83D,$66EC,$D51E,$7376     ; "-6323785134384450698"
3B27 7841361F968C92D8 (benchmark_itoa64.):01670             FDB $7841,$361F,$968C,$92D8     ;  "8665266667335226072"
3B2F FCBE0125D40A399C (benchmark_itoa64.):01671             FDB $FCBE,$0125,$D40A,$399C     ;  "-234748868593829476"
3B37 88FFF4538E3E258E (benchmark_itoa64.):01672             FDB $88FF,$F453,$8E3E,$258E     ; "-8574866525784234610"
3B3F D754A5CBB0087032 (benchmark_itoa64.):01673             FDB $D754,$A5CB,$B008,$7032     ; "-2930535163261063118"
3B47 52FAB9F80F2BE8DF (benchmark_itoa64.):01674             FDB $52FA,$B9F8,$0F2B,$E8DF     ;  "5979295930345318623"
3B4F 9BE4A68E6F6455EC (benchmark_itoa64.):01675             FDB $9BE4,$A68E,$6F64,$55EC     ; "-7213457572456278548"
3B57 4049DD327734A425 (benchmark_itoa64.):01676             FDB $4049,$DD32,$7734,$A425     ;  "4632476900545307685"
3B5F 7969C39A9A7C42D8 (benchmark_itoa64.):01677             FDB $7969,$C39A,$9A7C,$42D8     ;  "8748738819928113880"
3B67 F9B71815F15332BC (benchmark_itoa64.):01678             FDB $F9B7,$1815,$F153,$32BC     ;  "-452866755005304132"
3B6F 8E4F98FCE1A6C1C1 (benchmark_itoa64.):01679             FDB $8E4F,$98FC,$E1A6,$C1C1     ; "-8192160985278660159"
3B77 ADF6BDA546598AA4 (benchmark_itoa64.):01680             FDB $ADF6,$BDA5,$4659,$8AA4     ; "-5911328943329670492"
3B7F B3A072867A4863B7 (benchmark_itoa64.):01681             FDB $B3A0,$7286,$7A48,$63B7     ; "-5503272822743997513"
3B87 618B8C12253B048E (benchmark_itoa64.):01682             FDB $618B,$8C12,$253B,$048E     ;  "7028865653003715726"
3B8F 04F0EA4ECE9A2DA0 (benchmark_itoa64.):01683             FDB $04F0,$EA4E,$CE9A,$2DA0     ;   "356041994756828576"
3B97 D28B7091AB8A2B6B (benchmark_itoa64.):01684             FDB $D28B,$7091,$AB8A,$2B6B     ; "-3275400533031376021"
3B9F DD31235D59FCF111 (benchmark_itoa64.):01685             FDB $DD31,$235D,$59FC,$F111     ; "-2508184633619975919"
3BA7 FF4B1180DBCDB23A (benchmark_itoa64.):01686             FDB $FF4B,$1180,$DBCD,$B23A     ;   "-50927725643451846"
3BAF 7A7D36CDDC9BCE47 (benchmark_itoa64.):01687             FDB $7A7D,$36CD,$DC9B,$CE47     ;  "8826271102513434183"
3BB7 4BACD882F336DD0A (benchmark_itoa64.):01688             FDB $4BAC,$D882,$F336,$DD0A     ;  "5452971305776635146"
3BBF 76FE2FE0E091963D (benchmark_itoa64.):01689             FDB $76FE,$2FE0,$E091,$963D     ;  "8574343383446820413"
3BC7 6CED4E21B73C6EF9 (benchmark_itoa64.):01690             FDB $6CED,$4E21,$B73C,$6EF9     ;  "7849015632291720953"
3BCF 1085F23895777737 (benchmark_itoa64.):01691             FDB $1085,$F238,$9577,$7737     ;  "1190624001349089079"
3BD7 C1C64D0CB39A5ED8 (benchmark_itoa64.):01692             FDB $C1C6,$4D0C,$B39A,$5ED8     ; "-4483811662052565288"
3BDF 741B58ACC2372955 (benchmark_itoa64.):01693             FDB $741B,$58AC,$C237,$2955     ;  "8366378231786842453"
3BE7 5CF0D2EB037084A3 (benchmark_itoa64.):01694             FDB $5CF0,$D2EB,$0370,$84A3     ;  "6697084552716780707"
3BEF 7CEDA92D0FA5F1FF (benchmark_itoa64.):01695             FDB $7CED,$A92D,$0FA5,$F1FF     ;  "9002037241184645631"
3BF7 6CC34420B9A056E4 (benchmark_itoa64.):01696             FDB $6CC3,$4420,$B9A0,$56E4     ;  "7837182683898730212"
3BFF 4FC05D6AE395BD69 (benchmark_itoa64.):01697             FDB $4FC0,$5D6A,$E395,$BD69     ;  "5746695838190910825"
3C07 3B6F7743CD412E7A (benchmark_itoa64.):01698             FDB $3B6F,$7743,$CD41,$2E7A     ;  "4282772903742746234"
3C0F 60E9BF14716731EB (benchmark_itoa64.):01699             FDB $60E9,$BF14,$7167,$31EB     ;  "6983322791737504235"
3C17 12AA57932E4C157B (benchmark_itoa64.):01700             FDB $12AA,$5793,$2E4C,$157B     ;  "1344983728372061563"
3C1F E19229F5E1353D3B (benchmark_itoa64.):01701             FDB $E192,$29F5,$E135,$3D3B     ; "-2192643932553921221"
3C27 BECA39E0781D6A6B (benchmark_itoa64.):01702             FDB $BECA,$39E0,$781D,$6A6B     ; "-4698879624957040021"
3C2F 3FADC891D0A0CDE4 (benchmark_itoa64.):01703             FDB $3FAD,$C891,$D0A0,$CDE4     ;  "4588544123956415972"
3C37 F423B60B981CCFFC (benchmark_itoa64.):01704             FDB $F423,$B60B,$981C,$CFFC     ;  "-854639343357341700"
3C3F BEFA54BBD0BED345 (benchmark_itoa64.):01705             FDB $BEFA,$54BB,$D0BE,$D345     ; "-4685339296687795387"
3C47 DBC5CE3B3AB681B7 (benchmark_itoa64.):01706             FDB $DBC5,$CE3B,$3AB6,$81B7     ; "-2610453655207902793"
3C4F 333E6D93887C7E07 (benchmark_itoa64.):01707             FDB $333E,$6D93,$887C,$7E07     ;  "3692509224907865607"
3C57 5F42D786DF3DD280 (benchmark_itoa64.):01708             FDB $5F42,$D786,$DF3D,$D280     ;  "6864285756337017472"
3C5F 12DF5194A0E8BD79 (benchmark_itoa64.):01709             FDB $12DF,$5194,$A0E8,$BD79     ;  "1359895311285796217"
3C67 771356B21E2D55C4 (benchmark_itoa64.):01710             FDB $7713,$56B2,$1E2D,$55C4     ;  "8580297038081381828"
3C6F B8F2C05599309694 (benchmark_itoa64.):01711             FDB $B8F2,$C055,$9930,$9694     ; "-5119818352491981164"
3C77 0864CB1019775346 (benchmark_itoa64.):01712             FDB $0864,$CB10,$1977,$5346     ;   "604831519981654854"
3C7F FF42F3423A18A169 (benchmark_itoa64.):01713             FDB $FF42,$F342,$3A18,$A169     ;   "-53212779806940823"
3C87 07490A7726468CA4 (benchmark_itoa64.):01714             FDB $0749,$0A77,$2646,$8CA4     ;   "524962338424917156"
3C8F 19316D2FEBEE3101 (benchmark_itoa64.):01715             FDB $1931,$6D2F,$EBEE,$3101     ;  "1815352177396166913"
3C97 EE0CAE94A8E07173 (benchmark_itoa64.):01716             FDB $EE0C,$AE94,$A8E0,$7173     ; "-1293467039450500749"
3C9F 0284C44175FFD5B1 (benchmark_itoa64.):01717             FDB $0284,$C441,$75FF,$D5B1     ;   "181485670433281457"
3CA7 6D22D8CF6661EC87 (benchmark_itoa64.):01718             FDB $6D22,$D8CF,$6661,$EC87     ;  "7864086284629830791"
3CAF D6A5F261D38A6E3A (benchmark_itoa64.):01719             FDB $D6A5,$F261,$D38A,$6E3A     ; "-2979709076460900806"
3CB7 57BDA14562D84BC2 (benchmark_itoa64.):01720             FDB $57BD,$A145,$62D8,$4BC2     ;  "6322386771281202114"
3CBF EA81290BA96C6A4C (benchmark_itoa64.):01721             FDB $EA81,$290B,$A96C,$6A4C     ; "-1548911666774906292"
3CC7 9539281415CCA7BA (benchmark_itoa64.):01722             FDB $9539,$2814,$15CC,$A7BA     ; "-7694074421655590982"
3CCF 2A6BB31EDCEAABA7 (benchmark_itoa64.):01723             FDB $2A6B,$B31E,$DCEA,$ABA7     ;  "3056733717237771175"
3CD7 1DC749330E2CCEEE (benchmark_itoa64.):01724             FDB $1DC7,$4933,$0E2C,$CEEE     ;  "2145764231095308014"
3CDF EBA08F6BCDD4C69D (benchmark_itoa64.):01725             FDB $EBA0,$8F6B,$CDD4,$C69D     ; "-1468015785345235299"
3CE7 5FBA0CB8C6D0E44E (benchmark_itoa64.):01726             FDB $5FBA,$0CB8,$C6D0,$E44E     ;  "6897839767020430414"
3CEF 92ECA32241C3995B (benchmark_itoa64.):01727             FDB $92EC,$A322,$41C3,$995B     ; "-7859727882140804773"
3CF7 B237A3AC55E0CEDE (benchmark_itoa64.):01728             FDB $B237,$A3AC,$55E0,$CEDE     ; "-5604831250668794146"
3CFF 22BC18D2C51D0A5D (benchmark_itoa64.):01729             FDB $22BC,$18D2,$C51D,$0A5D     ;  "2502902786440366685"
3D07 440E7A91A46D3E98 (benchmark_itoa64.):01730             FDB $440E,$7A91,$A46D,$3E98     ;  "4903991810200518296"
3D0F DA91FA96E0C50A74 (benchmark_itoa64.):01731             FDB $DA91,$FA96,$E0C5,$0A74     ; "-2697099175895168396"
3D17 4F1280B7E643C122 (benchmark_itoa64.):01732             FDB $4F12,$80B7,$E643,$C122     ;  "5697758005907669282"
3D1F 2453FE76365BD9B7 (benchmark_itoa64.):01733             FDB $2453,$FE76,$365B,$D9B7     ;  "2617715592103975351"
3D27 478A13FDE1BC4DEB (benchmark_itoa64.):01734             FDB $478A,$13FD,$E1BC,$4DEB     ;  "5154954704613821931"
3D2F E266A571DDC378CD (benchmark_itoa64.):01735             FDB $E266,$A571,$DDC3,$78CD     ; "-2132835465042888499"
3D37 7C7D21C9A2AE0809 (benchmark_itoa64.):01736             FDB $7C7D,$21C9,$A2AE,$0809     ;  "8970363182693353481"
3D3F 08A0C93F167D788F (benchmark_itoa64.):01737             FDB $08A0,$C93F,$167D,$788F     ;   "621718021374572687"
3D47 D61E05D89D103297 (benchmark_itoa64.):01738             FDB $D61E,$05D8,$9D10,$3297     ; "-3017968272385494377"
3D4F 6B8EFF2A9380A25C (benchmark_itoa64.):01739             FDB $6B8E,$FF2A,$9380,$A25C     ;  "7750412567079592540"
3D57 A9849AB3C4FC3B1C (benchmark_itoa64.):01740             FDB $A984,$9AB3,$C4FC,$3B1C     ; "-6231685887479235812"
3D5F 90248AC0EAC7ECE4 (benchmark_itoa64.):01741             FDB $9024,$8AC0,$EAC7,$ECE4     ; "-8060164871909020444"
3D67 9B443F1F75EE4881 (benchmark_itoa64.):01742             FDB $9B44,$3F1F,$75EE,$4881     ; "-7258607295059310463"
3D6F 500B7E0150F77358 (benchmark_itoa64.):01743             FDB $500B,$7E01,$50F7,$7358     ;  "5767842291896513368"
3D77 6E50BEDD5C67B109 (benchmark_itoa64.):01744             FDB $6E50,$BEDD,$5C67,$B109     ;  "7949063200256274697"
3D7F 1D0AD96377437D58 (benchmark_itoa64.):01745             FDB $1D0A,$D963,$7743,$7D58     ;  "2092723998092918104"
3D87 0236CF43095FD6EA (benchmark_itoa64.):01746             FDB $0236,$CF43,$095F,$D6EA     ;   "159542723645265642"
3D8F 4DE75AE902FE4DC2 (benchmark_itoa64.):01747             FDB $4DE7,$5AE9,$02FE,$4DC2     ;  "5613555417364712898"
3D97 3641EF83936A4470 (benchmark_itoa64.):01748             FDB $3641,$EF83,$936A,$4470     ;  "3909669299927270512"
3D9F D8A8C8764E637994 (benchmark_itoa64.):01749             FDB $D8A8,$C876,$4E63,$7994     ; "-2834795554982889068"
3DA7 464DA06D4FDF1DBF (benchmark_itoa64.):01750             FDB $464D,$A06D,$4FDF,$1DBF     ;  "5065881547213577663"
3DAF 1067B16F9A17EAC3 (benchmark_itoa64.):01751             FDB $1067,$B16F,$9A17,$EAC3     ;  "1182108520092789443"
3DB7 5F94D1B83E7AA72B (benchmark_itoa64.):01752             FDB $5F94,$D1B8,$3E7A,$A72B     ;  "6887360319408744235"
3DBF E29F545B9FB3E185 (benchmark_itoa64.):01753             FDB $E29F,$545B,$9FB3,$E185     ; "-2116880547342720635"
3DC7 CA75A7D78FC31C00 (benchmark_itoa64.):01754             FDB $CA75,$A7D7,$8FC3,$1C00     ; "-3857992961501225984"
3DCF 494EC92F4FE0F819 (benchmark_itoa64.):01755             FDB $494E,$C92F,$4FE0,$F819     ;  "5282380617992960025"
3DD7 5D4B2399416B1E33 (benchmark_itoa64.):01756             FDB $5D4B,$2399,$416B,$1E33     ;  "6722506009915104819"
3DDF 5C91EE5571C8AF31 (benchmark_itoa64.):01757             FDB $5C91,$EE55,$71C8,$AF31     ;  "6670374573861023537"
3DE7 2E81E3A7DA5D6CE1 (benchmark_itoa64.):01758             FDB $2E81,$E3A7,$DA5D,$6CE1     ;  "3351209907802959073"
3DEF 555DEA58B427BC1B (benchmark_itoa64.):01759             FDB $555D,$EA58,$B427,$BC1B     ;  "6151330332758490139"
3DF7 59485553F3436393 (benchmark_itoa64.):01760             FDB $5948,$5553,$F343,$6393     ;  "6433485886750679955"
3DFF E68BAF6381B4F28B (benchmark_itoa64.):01761             FDB $E68B,$AF63,$81B4,$F28B     ; "-1834179581310602613"
3E07 454FA8D9966BFFDF (benchmark_itoa64.):01762             FDB $454F,$A8D9,$966B,$FFDF     ;  "4994396164262199263"
3E0F FA0848D17E574455 (benchmark_itoa64.):01763             FDB $FA08,$48D1,$7E57,$4455     ;  "-430013699808869291"
3E17 0019E36FC92205D6 (benchmark_itoa64.):01764             FDB $0019,$E36F,$C922,$05D6     ;     "7286943673091542"
3E1F 593B220415812293 (benchmark_itoa64.):01765             FDB $593B,$2204,$1581,$2293     ;  "6429770293937513107"
3E27 CB9B4F0DD88F5EF4 (benchmark_itoa64.):01766             FDB $CB9B,$4F0D,$D88F,$5EF4     ; "-3775336941733585164"
3E2F 4FC7E4822DCE5A4C (benchmark_itoa64.):01767             FDB $4FC7,$E482,$2DCE,$5A4C     ;  "5748814697127107148"
3E37 A798BD23BF5E5019 (benchmark_itoa64.):01768             FDB $A798,$BD23,$BF5E,$5019     ; "-6370133711683432423"
3E3F F350C853D4CA315F (benchmark_itoa64.):01769             FDB $F350,$C853,$D4CA,$315F     ;  "-914010461978349217"
3E47 E3A34BF7A08F8C89 (benchmark_itoa64.):01770             FDB $E3A3,$4BF7,$A08F,$8C89     ; "-2043706278973305719"
3E4F C663C591F0AFD0AC (benchmark_itoa64.):01771             FDB $C663,$C591,$F0AF,$D0AC     ; "-4151257200906481492"
3E57 68F4E5CEC75F9748 (benchmark_itoa64.):01772             FDB $68F4,$E5CE,$C75F,$9748     ;  "7562922350532859720"
3E5F 0A3ADCE669764E58 (benchmark_itoa64.):01773             FDB $0A3A,$DCE6,$6976,$4E58     ;   "737144371198447192"
3E67 0FEF0D2AFBEA06A1 (benchmark_itoa64.):01774             FDB $0FEF,$0D2A,$FBEA,$06A1     ;  "1148150908268971681"
3E6F 9542A641A515CED5 (benchmark_itoa64.):01775             FDB $9542,$A641,$A515,$CED5     ; "-7691402412722630955"
3E77 E8AF9413864C7E9E (benchmark_itoa64.):01776             FDB $E8AF,$9413,$864C,$7E9E     ; "-1679961324407456098"
3E7F 800BD750CB5B0857 (benchmark_itoa64.):01777             FDB $800B,$D750,$CB5B,$0857     ; "-9220039070101862313"
3E87 99CC6DEF5AA2CBAE (benchmark_itoa64.):01778             FDB $99CC,$6DEF,$5AA2,$CBAE     ; "-7364390415872373842"
3E8F 81D137806F4CABDA (benchmark_itoa64.):01779             FDB $81D1,$3780,$6F4C,$ABDA     ; "-9092425147921683494"
3E97 248A1291ECE8C989 (benchmark_itoa64.):01780             FDB $248A,$1291,$ECE8,$C989     ;  "2632937350105713033"
3E9F 1DDBE8A9AD965352 (benchmark_itoa64.):01781             FDB $1DDB,$E8A9,$AD96,$5352     ;  "2151569062458970962"
3EA7 D1375FBA1D0D8B40 (benchmark_itoa64.):01782             FDB $D137,$5FBA,$1D0D,$8B40     ; "-3371120543107544256"
3EAF 6BE9F2F236BF2574 (benchmark_itoa64.):01783             FDB $6BE9,$F2F2,$36BF,$2574     ;  "7776013353746376052"
3EB7 9CFECCE5499EF28F (benchmark_itoa64.):01784             FDB $9CFE,$CCE5,$499E,$F28F     ; "-7134039474553556337"
3EBF C323A87F223CADFD (benchmark_itoa64.):01785             FDB $C323,$A87F,$223C,$ADFD     ; "-4385476348140016131"
3EC7 9CA0B7196CE43902 (benchmark_itoa64.):01786             FDB $9CA0,$B719,$6CE4,$3902     ; "-7160522087690127102"
3ECF EFC14314B8D9673D (benchmark_itoa64.):01787             FDB $EFC1,$4314,$B8D9,$673D     ; "-1170580671859955907"
3ED7 A27A69B389F2D8FD (benchmark_itoa64.):01788             FDB $A27A,$69B3,$89F2,$D8FD     ; "-6738957672572069635"
3EDF 2E304B339399F681 (benchmark_itoa64.):01789             FDB $2E30,$4B33,$9399,$F681     ;  "3328242809518552705"
3EE7 9EDE3D2F9A2AAF22 (benchmark_itoa64.):01790             FDB $9EDE,$3D2F,$9A2A,$AF22     ; "-6999089496227926238"
3EEF BF9B425C5E62E10C (benchmark_itoa64.):01791             FDB $BF9B,$425C,$5E62,$E10C     ; "-4640042026587201268"
3EF7 EDD961997ADDF6E6 (benchmark_itoa64.):01792             FDB $EDD9,$6199,$7ADD,$F6E6     ; "-1307906904955160858"
3EFF E1A80E539B757F1C (benchmark_itoa64.):01793             FDB $E1A8,$0E53,$9B75,$7F1C     ; "-2186481866835132644"
3F07 300C2B8F94636DD7 (benchmark_itoa64.):01794             FDB $300C,$2B8F,$9463,$6DD7     ;  "3462190109210930647"
3F0F 0900B2025B3A53FF (benchmark_itoa64.):01795             FDB $0900,$B202,$5B3A,$53FF     ;   "648714069531579391"
3F17 35050DB70D1B1132 (benchmark_itoa64.):01796             FDB $3505,$0DB7,$0D1B,$1132     ;  "3820474938743787826"
3F1F 5A549FE1E43FCB41 (benchmark_itoa64.):01797             FDB $5A54,$9FE1,$E43F,$CB41     ;  "6509003154003053377"
3F27 F113C542D3689662 (benchmark_itoa64.):01798             FDB $F113,$C542,$D368,$9662     ; "-1075298995206056350"
3F2F 3E930978487A813E (benchmark_itoa64.):01799             FDB $3E93,$0978,$487A,$813E     ;  "4508958064144711998"
3F37 2627DECC7FD2DA04 (benchmark_itoa64.):01800             FDB $2627,$DECC,$7FD2,$DA04     ;  "2749411067432196612"
3F3F DA00E3393C1C8023 (benchmark_itoa64.):01801             FDB $DA00,$E339,$3C1C,$8023     ; "-2737938738480119773"
3F47 DD8F941408F851BD (benchmark_itoa64.):01802             FDB $DD8F,$9414,$08F8,$51BD     ; "-2481602055887105603"
3F4F 8A25D39B13FA8C4A (benchmark_itoa64.):01803             FDB $8A25,$D39B,$13FA,$8C4A     ; "-8492148859328623542"
3F57 A71B0B5C648118F8 (benchmark_itoa64.):01804             FDB $A71B,$0B5C,$6481,$18F8     ; "-6405513553553319688"
3F5F A0162625054A55DF (benchmark_itoa64.):01805             FDB $A016,$2625,$054A,$55DF     ; "-6911294637709044257"
3F67 BE2397C4955F47E5 (benchmark_itoa64.):01806             FDB $BE23,$97C4,$955F,$47E5     ; "-4745782711742937115"
3F6F 4FD90A098350D5DF (benchmark_itoa64.):01807             FDB $4FD9,$0A09,$8350,$D5DF     ;  "5753641034916615647"
3F77 2508632C0BA22398 (benchmark_itoa64.):01808             FDB $2508,$632C,$0BA2,$2398     ;  "2668491820041905048"
3F7F 93645158D78B0CC3 (benchmark_itoa64.):01809             FDB $9364,$5158,$D78B,$0CC3     ; "-7826040810447893309"
3F87 F68B1445466FB8D8 (benchmark_itoa64.):01810             FDB $F68B,$1445,$466F,$B8D8     ;  "-681428630849472296"
3F8F C802D1E67C7753DB (benchmark_itoa64.):01811             FDB $C802,$D1E6,$7C77,$53DB     ; "-4034431528309664805"
3F97 514E0B913B994C99 (benchmark_itoa64.):01812             FDB $514E,$0B91,$3B99,$4C99     ;  "5858632883653659801"
3F9F 185A9F80D1AE195D (benchmark_itoa64.):01813             FDB $185A,$9F80,$D1AE,$195D     ;  "1754890380436707677"
3FA7 058ACF0C6769D431 (benchmark_itoa64.):01814             FDB $058A,$CF0C,$6769,$D431     ;   "399359169157256241"
3FAF 2D79191AC125BE48 (benchmark_itoa64.):01815             FDB $2D79,$191A,$C125,$BE48     ;  "3276677806589066824"
3FB7 43932C17235FC6F1 (benchmark_itoa64.):01816             FDB $4393,$2C17,$235F,$C6F1     ;  "4869284100006987505"
3FBF 8A98B801DF0C6C11 (benchmark_itoa64.):01817             FDB $8A98,$B801,$DF0C,$6C11     ; "-8459809581838865391"
3FC7 86AD3284E709E15D (benchmark_itoa64.):01818             FDB $86AD,$3284,$E709,$E15D     ; "-8742275755263008419"
3FCF 60ED8E5CFF0C1968 (benchmark_itoa64.):01819             FDB $60ED,$8E5C,$FF0C,$1968     ;  "6984395127188625768"
3FD7 985572E0FBA768B9 (benchmark_itoa64.):01820             FDB $9855,$72E0,$FBA7,$68B9     ; "-7469938096303806279"
3FDF B337ECE8259695B3 (benchmark_itoa64.):01821             FDB $B337,$ECE8,$2596,$95B3     ; "-5532693135394171469"
3FE7 B5842897396B3DF9 (benchmark_itoa64.):01822             FDB $B584,$2897,$396B,$3DF9     ; "-5367120225950286343"
3FEF 0BAE6D228B8DDF5F (benchmark_itoa64.):01823             FDB $0BAE,$6D22,$8B8D,$DF5F     ;   "841730175502507871"
3FF7 FDCED3137C381632 (benchmark_itoa64.):01824             FDB $FDCE,$D313,$7C38,$1632     ;  "-157956856269498830"
3FFF F41A423269C0D018 (benchmark_itoa64.):01825             FDB $F41A,$4232,$69C0,$D018     ;  "-857299994770616296"
4007 C9E3E6F446AC2676 (benchmark_itoa64.):01826             FDB $C9E3,$E6F4,$46AC,$2676     ; "-3899018915540621706"
400F D9FC2A88B28A3968 (benchmark_itoa64.):01827             FDB $D9FC,$2A88,$B28A,$3968     ; "-2739267706748782232"
4017 4E29FA37BC91A68A (benchmark_itoa64.):01828             FDB $4E29,$FA37,$BC91,$A68A     ;  "5632307926297323146"
401F 6315018516D06DF1 (benchmark_itoa64.):01829             FDB $6315,$0185,$16D0,$6DF1     ;  "7139614455390825969"
4027 46A5DCFCFA6B9C62 (benchmark_itoa64.):01830             FDB $46A5,$DCFC,$FA6B,$9C62     ;  "5090717932903439458"
402F 8C57EE77F12392B1 (benchmark_itoa64.):01831             FDB $8C57,$EE77,$F123,$92B1     ; "-8333930386511654223"
4037 C9CF4A0BD7675872 (benchmark_itoa64.):01832             FDB $C9CF,$4A0B,$D767,$5872     ; "-3904820937187960718"
403F BAF03E61AD19FFFC (benchmark_itoa64.):01833             FDB $BAF0,$3E61,$AD19,$FFFC     ; "-4976408999007485956"
4047 20FDEE4286609CE4 (benchmark_itoa64.):01834             FDB $20FD,$EE42,$8660,$9CE4     ;  "2377318147811220708"
404F C7F99AF96C4F4F19 (benchmark_itoa64.):01835             FDB $C7F9,$9AF9,$6C4F,$4F19     ; "-4037025194906267879"
4057 C2E052015FE9B100 (benchmark_itoa64.):01836             FDB $C2E0,$5201,$5FE9,$B100     ; "-4404430269710749440"
405F 982A501A59182BCC (benchmark_itoa64.):01837             FDB $982A,$501A,$5918,$2BCC     ; "-7482079756828529716"
4067 510648095EAB7388 (benchmark_itoa64.):01838             FDB $5106,$4809,$5EAB,$7388     ;  "5838433172012626824"
406F 74F4401E289586B8 (benchmark_itoa64.):01839             FDB $74F4,$401E,$2895,$86B8     ;  "8427431300991125176"
4077 BAAE1949225A4AFE (benchmark_itoa64.):01840             FDB $BAAE,$1949,$225A,$4AFE     ; "-4995027134807651586"
407F EC18AC5AF796C45D (benchmark_itoa64.):01841             FDB $EC18,$AC5A,$F796,$C45D     ; "-1434206974616615843"
4087 4E5EF826897798A3 (benchmark_itoa64.):01842             FDB $4E5E,$F826,$8977,$98A3     ;  "5647223827167942819"
408F 4C2433A1F891CDD0 (benchmark_itoa64.):01843             FDB $4C24,$33A1,$F891,$CDD0     ;  "5486567016797162960"
4097 DFEDAC956EDF236F (benchmark_itoa64.):01844             FDB $DFED,$AC95,$6EDF,$236F     ; "-2311001275960974481"
409F 4BE4C99E4406EC1D (benchmark_itoa64.):01845             FDB $4BE4,$C99E,$4406,$EC1D     ;  "5468717529117944861"
40A7 946EB5499C290D23 (benchmark_itoa64.):01846             FDB $946E,$B549,$9C29,$0D23     ; "-7751058580900868829"
40AF F196B511F6B5FA81 (benchmark_itoa64.):01847             FDB $F196,$B511,$F6B5,$FA81     ; "-1038443575304127871"
40B7 900D69DBE93726A6 (benchmark_itoa64.):01848             FDB $900D,$69DB,$E937,$26A6     ; "-8066674964319230298"
40BF B0AC177B50800B76 (benchmark_itoa64.):01849             FDB $B0AC,$177B,$5080,$0B76     ; "-5716168008641016970"
40C7 E96B2F4829EC694F (benchmark_itoa64.):01850             FDB $E96B,$2F48,$29EC,$694F     ; "-1627154853376792241"
40CF F5A40CA5BB374C53 (benchmark_itoa64.):01851             FDB $F5A4,$0CA5,$BB37,$4C53     ;  "-746457732286559149"
40D7 AD3097CA36147E29 (benchmark_itoa64.):01852             FDB $AD30,$97CA,$3614,$7E29     ; "-5967102611519406551"
40DF 28B2A1BE63A48BB1 (benchmark_itoa64.):01853             FDB $28B2,$A1BE,$63A4,$8BB1     ;  "2932584146459200433"
40E7 0D1053EA79F27CFC (benchmark_itoa64.):01854             FDB $0D10,$53EA,$79F2,$7CFC     ;   "941344588653821180"
40EF CCA4268EFA5F0AA9 (benchmark_itoa64.):01855             FDB $CCA4,$268E,$FA5F,$0AA9     ; "-3700790598263960919"
40F7 0B2142222D585CE7 (benchmark_itoa64.):01856             FDB $0B21,$4222,$2D58,$5CE7     ;   "801994923205745895"
40FF 2A023C7018204C71 (benchmark_itoa64.):01857             FDB $2A02,$3C70,$1820,$4C71     ;  "3027048351685168241"
4107 EE7F4E52BB7346DB (benchmark_itoa64.):01858             FDB $EE7F,$4E52,$BB73,$46DB     ; "-1261203253401270565"
410F 74CCB2B11556D906 (benchmark_itoa64.):01859             FDB $74CC,$B2B1,$1556,$D906     ;  "8416298277285583110"
4117 7ADD462262931E07 (benchmark_itoa64.):01860             FDB $7ADD,$4622,$6293,$1E07     ;  "8853309555976904199"
411F 63449EEDB6D3B142 (benchmark_itoa64.):01861             FDB $6344,$9EED,$B6D3,$B142     ;  "7153016851982954818"
4127 42B8668FE413BBE1 (benchmark_itoa64.):01862             FDB $42B8,$668F,$E413,$BBE1     ;  "4807705370410859489"
412F FAD3830A1529015A (benchmark_itoa64.):01863             FDB $FAD3,$830A,$1529,$015A     ;  "-372810264813698726"
4137 1D81E746B410E38E (benchmark_itoa64.):01864             FDB $1D81,$E746,$B410,$E38E     ;  "2126234789950317454"
413F 43F7C5F748FB7AAE (benchmark_itoa64.):01865             FDB $43F7,$C5F7,$48FB,$7AAE     ;  "4897600785660738222"
4147 1EEE623366A5D68E (benchmark_itoa64.):01866             FDB $1EEE,$6233,$66A5,$D68E     ;  "2228826838499972750"
414F 3F15F402F8347410 (benchmark_itoa64.):01867             FDB $3F15,$F402,$F834,$7410     ;  "4545807692491682832"
4157 91E724C059053914 (benchmark_itoa64.):01868             FDB $91E7,$24C0,$5905,$3914     ; "-7933331810044004076"
415F D540DFAC95D55403 (benchmark_itoa64.):01869             FDB $D540,$DFAC,$95D5,$5403     ; "-3080216212780264445"
4167 BA93561F369CC600 (benchmark_itoa64.):01870             FDB $BA93,$561F,$369C,$C600     ; "-5002560069018270208"
416F 5B2287BDAD52BF63 (benchmark_itoa64.):01871             FDB $5B22,$87BD,$AD52,$BF63     ;  "6566960455386054499"
4177 88365D06B746C3BB (benchmark_itoa64.):01872             FDB $8836,$5D06,$B746,$C3BB     ; "-8631609352382921797"
417F 5271A0283DF55B73 (benchmark_itoa64.):01873             FDB $5271,$A028,$3DF5,$5B73     ;  "5940705478177020787"
4187 96A597B686DFB68D (benchmark_itoa64.):01874             FDB $96A5,$97B6,$86DF,$B68D     ; "-7591494786660452723"
418F 2AA8E3D6CE17A153 (benchmark_itoa64.):01875             FDB $2AA8,$E3D6,$CE17,$A153     ;  "3073957257400525139"
4197 4ADA69065B7F5B1E (benchmark_itoa64.):01876             FDB $4ADA,$6906,$5B7F,$5B1E     ;  "5393738979755383582"
419F 9FE38BDE4A566ECE (benchmark_itoa64.):01877             FDB $9FE3,$8BDE,$4A56,$6ECE     ; "-6925538015119511858"
41A7 BF5A3B4BAEABBF2C (benchmark_itoa64.):01878             FDB $BF5A,$3B4B,$AEAB,$BF2C     ; "-4658345668322279636"
41AF 1555CBB110AFEA27 (benchmark_itoa64.):01879             FDB $1555,$CBB1,$10AF,$EA27     ;  "1537358809166506535"
41B7 628B1B649259D876 (benchmark_itoa64.):01880             FDB $628B,$1B64,$9259,$D876     ;  "7100799356245760118"
41BF E03A0589DBCBFABF (benchmark_itoa64.):01881             FDB $E03A,$0589,$DBCB,$FABF     ; "-2289511370908239169"
41C7 106816D161BC8AE1 (benchmark_itoa64.):01882             FDB $1068,$16D1,$61BC,$8AE1     ;  "1182219990728477409"
41CF AC4084C903FDEB86 (benchmark_itoa64.):01883             FDB $AC40,$84C9,$03FD,$EB86     ; "-6034677501786199162"
41D7 2B07EB753244DDCA (benchmark_itoa64.):01884             FDB $2B07,$EB75,$3244,$DDCA     ;  "3100705757054950858"
41DF 654DD25D3B391AB9 (benchmark_itoa64.):01885             FDB $654D,$D25D,$3B39,$1AB9     ;  "7299721868904831673"
41E7 5899C771E212E1C3 (benchmark_itoa64.):01886             FDB $5899,$C771,$E212,$E1C3     ;  "6384353238712508867"
41EF 8E08A4CE71F719AC (benchmark_itoa64.):01887             FDB $8E08,$A4CE,$71F7,$19AC     ; "-8212132713927861844"
41F7 A20D0E6C21068A52 (benchmark_itoa64.):01888             FDB $A20D,$0E6C,$2106,$8A52     ; "-6769738807294653870"
41FF C168C66C8C4FA368 (benchmark_itoa64.):01889             FDB $C168,$C66C,$8C4F,$A368     ; "-4510136857298754712"
4207 841D0E738CBEAE00 (benchmark_itoa64.):01890             FDB $841D,$0E73,$8CBE,$AE00     ; "-8926962996933120512"
420F 9A212D2E6300BBD5 (benchmark_itoa64.):01891             FDB $9A21,$2D2E,$6300,$BBD5     ; "-7340536240384459819"
4217 2A91835B9565D6EA (benchmark_itoa64.):01892             FDB $2A91,$835B,$9565,$D6EA     ;  "3067377250587760362"
421F 84B989995798741D (benchmark_itoa64.):01893             FDB $84B9,$8999,$5798,$741D     ; "-8882917498318982115"
4227 DD64B88F86B33C11 (benchmark_itoa64.):01894             FDB $DD64,$B88F,$86B3,$3C11     ; "-2493665367076684783"
422F B293E373C0C3C5A9 (benchmark_itoa64.):01895             FDB $B293,$E373,$C0C3,$C5A9     ; "-5578865427087112791"
4237 0EC85547BD22DC0F (benchmark_itoa64.):01896             FDB $0EC8,$5547,$BD22,$DC0F     ;  "1065195078477339663"
423F 55A9617D2CA49876 (benchmark_itoa64.):01897             FDB $55A9,$617D,$2CA4,$9876     ;  "6172571954535766134"
4247 F1557D07C2B5643D (benchmark_itoa64.):01898             FDB $F155,$7D07,$C2B5,$643D     ; "-1056801065263602627"
424F CA1407022AE08338 (benchmark_itoa64.):01899             FDB $CA14,$0702,$2AE0,$8338     ; "-3885472872623209672"
4257 5859A13A75410F35 (benchmark_itoa64.):01900             FDB $5859,$A13A,$7541,$0F35     ;  "6366296820712279861"
425F 22BA8F74EDC89CA9 (benchmark_itoa64.):01901             FDB $22BA,$8F74,$EDC8,$9CA9     ;  "2502470275326057641"
4267 8011677515D19E12 (benchmark_itoa64.):01902             FDB $8011,$6775,$15D1,$9E12     ; "-9218473209675801070"
426F DB82290014046952 (benchmark_itoa64.):01903             FDB $DB82,$2900,$1404,$6952     ; "-2629494152118376110"
4277 C5B5AB826278FD04 (benchmark_itoa64.):01904             FDB $C5B5,$AB82,$6278,$FD04     ; "-4200262500966925052"
427F 5359125AE33E8EDD (benchmark_itoa64.):01905             FDB $5359,$125A,$E33E,$8EDD     ;  "6005851759644151517"
4287 A7587CC28D5436C1 (benchmark_itoa64.):01906             FDB $A758,$7CC2,$8D54,$36C1     ; "-6388218896388442431"
428F 66A0F1E6432D57B7 (benchmark_itoa64.):01907             FDB $66A0,$F1E6,$432D,$57B7     ;  "7395176559414171575"
4297 7BE2284DFC133B43 (benchmark_itoa64.):01908             FDB $7BE2,$284D,$FC13,$3B43     ;  "8926741726808456003"
429F A384A5E1557A0FD4 (benchmark_itoa64.):01909             FDB $A384,$A5E1,$557A,$0FD4     ; "-6664019161381204012"
42A7 9ABF647A7C343659 (benchmark_itoa64.):01910             FDB $9ABF,$647A,$7C34,$3659     ; "-7296002394084329895"
42AF A3DAC7101A861FDC (benchmark_itoa64.):01911             FDB $A3DA,$C710,$1A86,$1FDC     ; "-6639775828625973284"
42B7 137C28A369DA44F4 (benchmark_itoa64.):01912             FDB $137C,$28A3,$69DA,$44F4     ;  "1404041866153444596"
42BF AB5AABB53C5EEF23 (benchmark_itoa64.):01913             FDB $AB5A,$ABB5,$3C5E,$EF23     ; "-6099373950429630685"
42C7 801DDEE01A0A48D8 (benchmark_itoa64.):01914             FDB $801D,$DEE0,$1A0A,$48D8     ; "-9214964208439244584"
42CF DBA22E3208072828 (benchmark_itoa64.):01915             FDB $DBA2,$2E32,$0807,$2828     ; "-2620481240758278104"
42D7 466ABD5D28570F2C (benchmark_itoa64.):01916             FDB $466A,$BD5D,$2857,$0F2C     ;  "5074076137992687404"
42DF 9780880F2E886561 (benchmark_itoa64.):01917             FDB $9780,$880F,$2E88,$6561     ; "-7529868978176891551"
42E7 AD07157410CBC6F3 (benchmark_itoa64.):01918             FDB $AD07,$1574,$10CB,$C6F3     ; "-5978786392068864269"
42EF 12C390CA966ACD7C (benchmark_itoa64.):01919             FDB $12C3,$90CA,$966A,$CD7C     ;  "1352083512922656124"
42F7 685CE434CC3AC2E7 (benchmark_itoa64.):01920             FDB $685C,$E434,$CC3A,$C2E7     ;  "7520136393217721063"
42FF E915077F1EA9206A (benchmark_itoa64.):01921             FDB $E915,$077F,$1EA9,$206A     ; "-1651405445804777366"
4307 58878BA811380CF6 (benchmark_itoa64.):01922             FDB $5887,$8BA8,$1138,$0CF6     ;  "6379220951153249526"
430F 9EDB0AA7EFE40C94 (benchmark_itoa64.):01923             FDB $9EDB,$0AA7,$EFE4,$0C94     ; "-6999989479416787820"
4317 0F4C2E6979E7E2A3 (benchmark_itoa64.):01924             FDB $0F4C,$2E69,$79E7,$E2A3     ;  "1102307039350612643"
431F C42716644DEF9BE3 (benchmark_itoa64.):01925             FDB $C427,$1664,$4DEF,$9BE3     ; "-4312453498123871261"
4327 B8DA280D1902EE3A (benchmark_itoa64.):01926             FDB $B8DA,$280D,$1902,$EE3A     ; "-5126741189088580038"
432F F28516E7CFD7C97E (benchmark_itoa64.):01927             FDB $F285,$16E7,$CFD7,$C97E     ;  "-971344959748191874"
4337 EE622CA8348B56F3 (benchmark_itoa64.):01928             FDB $EE62,$2CA8,$348B,$56F3     ; "-1269403044017383693"
433F A02E7B5CB8E24911 (benchmark_itoa64.):01929             FDB $A02E,$7B5C,$B8E2,$4911     ; "-6904445540543346415"
4347 F761BBD56717A259 (benchmark_itoa64.):01930             FDB $F761,$BBD5,$6717,$A259     ;  "-621008748368387495"
434F 6F3A4843B9F9901D (benchmark_itoa64.):01931             FDB $6F3A,$4843,$B9F9,$901D     ;  "8014797942579367965"
4357 7798A48BEF2F1C06 (benchmark_itoa64.):01932             FDB $7798,$A48B,$EF2F,$1C06     ;  "8617818807893695494"
435F C3B3C7D669A643C2 (benchmark_itoa64.):01933             FDB $C3B3,$C7D6,$69A6,$43C2     ; "-4344909491772963902"
4367 84B55E1373E52388 (benchmark_itoa64.):01934             FDB $84B5,$5E13,$73E5,$2388     ; "-8884091252276649080"
436F E65692451669950D (benchmark_itoa64.):01935             FDB $E656,$9245,$1669,$950D     ; "-1849129771562593011"
4377 8EBC8F2C9D60D834 (benchmark_itoa64.):01936             FDB $8EBC,$8F2C,$9D60,$D834     ; "-8161491002920478668"
437F 0581ACB6B58A7E20 (benchmark_itoa64.):01937             FDB $0581,$ACB6,$B58A,$7E20     ;   "396788142915092000"
4387 B947467F630CBF10 (benchmark_itoa64.):01938             FDB $B947,$467F,$630C,$BF10     ; "-5096026940409856240"
438F B617853E1445A5A1 (benchmark_itoa64.):01939             FDB $B617,$853E,$1445,$A5A1     ; "-5325641532667746911"
4397 D9E4C705254ADB32 (benchmark_itoa64.):01940             FDB $D9E4,$C705,$254A,$DB32     ; "-2745851047874733262"
439F 91471AB7907E9E6C (benchmark_itoa64.):01941             FDB $9147,$1AB7,$907E,$9E6C     ; "-7978378839157989780"
43A7 F22FE6E24235B466 (benchmark_itoa64.):01942             FDB $F22F,$E6E2,$4235,$B466     ;  "-995323133177777050"
43AF 1F68D172F5A83863 (benchmark_itoa64.):01943             FDB $1F68,$D172,$F5A8,$3863     ;  "2263289104431593571"
43B7 57850E975DD91CB8 (benchmark_itoa64.):01944             FDB $5785,$0E97,$5DD9,$1CB8     ;  "6306462896479607992"
43BF 0C420D3C3BA439B3 (benchmark_itoa64.):01945             FDB $0C42,$0D3C,$3BA4,$39B3     ;   "883283029267855795"
43C7 FC731BA900C529AD (benchmark_itoa64.):01946             FDB $FC73,$1BA9,$00C5,$29AD     ;  "-255830341153642067"
43CF 25434EF945004B19 (benchmark_itoa64.):01947             FDB $2543,$4EF9,$4500,$4B19     ;  "2685076635354417945"
43D7 BE411D83EC67FA55 (benchmark_itoa64.):01948             FDB $BE41,$1D83,$EC67,$FA55     ; "-4737472880572892587"
43DF AE0B42D9C0FC9474 (benchmark_itoa64.):01949             FDB $AE0B,$42D9,$C0FC,$9474     ; "-5905552983353158540"
43E7 2384C7851411521A (benchmark_itoa64.):01950             FDB $2384,$C785,$1411,$521A     ;  "2559389862634541594"
43EF 9B11A9B7F39FA7E5 (benchmark_itoa64.):01951             FDB $9B11,$A9B7,$F39F,$A7E5     ; "-7272845315695204379"
43F7 D391E2C5C0C7AB56 (benchmark_itoa64.):01952             FDB $D391,$E2C5,$C0C7,$AB56     ; "-3201528521112966314"
43FF 6A12B3305BD891E2 (benchmark_itoa64.):01953             FDB $6A12,$B330,$5BD8,$91E2     ;  "7643368537881874914"
4407 B6CAD12AF494C293 (benchmark_itoa64.):01954             FDB $B6CA,$D12A,$F494,$C293     ; "-5275174031088893293"
440F 1D8632C240C837FC (benchmark_itoa64.):01955             FDB $1D86,$32C2,$40C8,$37FC     ;  "2127443683871045628"
4417 3FB754E59148ABD1 (benchmark_itoa64.):01956             FDB $3FB7,$54E5,$9148,$ABD1     ;  "4591231690089212881"
441F 3A8CE7A88853A36E (benchmark_itoa64.):01957             FDB $3A8C,$E7A8,$8853,$A36E     ;  "4219001661967016814"
4427 6FABF6655F2BC9A9 (benchmark_itoa64.):01958             FDB $6FAB,$F665,$5F2B,$C9A9     ;  "8046796074476358057"
442F 1BE30D1DA7CA5254 (benchmark_itoa64.):01959             FDB $1BE3,$0D1D,$A7CA,$5254     ;  "2009464279757640276"
4437 BAD86FE9307279A1 (benchmark_itoa64.):01960             FDB $BAD8,$6FE9,$3072,$79A1     ; "-4983109940354582111"
443F FE14EA128FDAD661 (benchmark_itoa64.):01961             FDB $FE14,$EA12,$8FDA,$D661     ;  "-138228323097848223"
4447 42662B8A9036CA68 (benchmark_itoa64.):01962             FDB $4266,$2B8A,$9036,$CA68     ;  "4784559528252721768"
444F B7F65743D5C454E2 (benchmark_itoa64.):01963             FDB $B7F6,$5743,$D5C4,$54E2     ; "-5190865571637078814"
4457 B6E96721BC915ECA (benchmark_itoa64.):01964             FDB $B6E9,$6721,$BC91,$5ECA     ; "-5266564894637859126"
445F 6387C81DCF2C7E2D (benchmark_itoa64.):01965             FDB $6387,$C81D,$CF2C,$7E2D     ;  "7171920961966210605"
4467 7136DF5E8F2760EC (benchmark_itoa64.):01966             FDB $7136,$DF5E,$8F27,$60EC     ;  "8157953372249874668"
446F C521B2619A4CE098 (benchmark_itoa64.):01967             FDB $C521,$B261,$9A4C,$E098     ; "-4241913241735995240"
4477 1B66272951A1648B (benchmark_itoa64.):01968             FDB $1B66,$2729,$51A1,$648B     ;  "1974308545065215115"
447F ACDBECDDA0A2E458 (benchmark_itoa64.):01969             FDB $ACDB,$ECDD,$A0A2,$E458     ; "-5990934442659355560"
4487 51326C73C9E84913 (benchmark_itoa64.):01970             FDB $5132,$6C73,$C9E8,$4913     ;  "5850858110472177939"
448F 23B7A2BDE290664B (benchmark_itoa64.):01971             FDB $23B7,$A2BD,$E290,$664B     ;  "2573704648499160651"
4497 C7D15E7F29F254FD (benchmark_itoa64.):01972             FDB $C7D1,$5E7F,$29F2,$54FD     ; "-4048350689771760387"
449F 6F94DAD65156B90C (benchmark_itoa64.):01973             FDB $6F94,$DAD6,$5156,$B90C     ;  "8040291848785672460"
44A7 45971BDC182537E7 (benchmark_itoa64.):01974             FDB $4597,$1BDC,$1825,$37E7     ;  "5014507342212184039"
44AF 9C734A132D9A41DC (benchmark_itoa64.):01975             FDB $9C73,$4A13,$2D9A,$41DC     ; "-7173308335241149988"
44B7 396F6F3544E1C567 (benchmark_itoa64.):01976             FDB $396F,$6F35,$44E1,$C567     ;  "4138648857156371815"
44BF 10624BB59F292593 (benchmark_itoa64.):01977             FDB $1062,$4BB5,$9F29,$2593     ;  "1180589295755928979"
44C7 E990E3D5607575A0 (benchmark_itoa64.):01978             FDB $E990,$E3D5,$6075,$75A0     ; "-1616541760640158304"
44CF 7DE07EA6E1852D16 (benchmark_itoa64.):01979             FDB $7DE0,$7EA6,$E185,$2D16     ;  "9070388904737451286"
44D7 456F54C07FF90E8F (benchmark_itoa64.):01980             FDB $456F,$54C0,$7FF9,$0E8F     ;  "5003310896789393039"
44DF 376E043395EE8545 (benchmark_itoa64.):01981             FDB $376E,$0433,$95EE,$8545     ;  "3994134539129488709"
44E7 95E9A348430340F8 (benchmark_itoa64.):01982             FDB $95E9,$A348,$4303,$40F8     ; "-7644399361727446792"
44EF 364BE64B944A3523 (benchmark_itoa64.):01983             FDB $364B,$E64B,$944A,$3523     ;  "3912473913586234659"
44F7 A4189FE942CA7F77 (benchmark_itoa64.):01984             FDB $A418,$9FE9,$42CA,$7F77     ; "-6622367427851550857"
44FF 33F3A754527A2D2E (benchmark_itoa64.):01985             FDB $33F3,$A754,$527A,$2D2E     ;  "3743519695877844270"
4507 CA196D105AA85E83 (benchmark_itoa64.):01986             FDB $CA19,$6D10,$5AA8,$5E83     ; "-3883953286622454141"
450F 72D07A72CAFECBF1 (benchmark_itoa64.):01987             FDB $72D0,$7A72,$CAFE,$CBF1     ;  "8273247148930157553"
4517 BBAE6B519FB30B64 (benchmark_itoa64.):01988             FDB $BBAE,$6B51,$9FB3,$0B64     ; "-4922879344353539228"
451F 693DE93AD981A4B6 (benchmark_itoa64.):01989             FDB $693D,$E93A,$D981,$A4B6     ;  "7583473786528310454"
4527 AD8096E5BA85EA2E (benchmark_itoa64.):01990             FDB $AD80,$96E5,$BA85,$EA2E     ; "-5944585594708039122"
452F 822FE1995DA8FA73 (benchmark_itoa64.):01991             FDB $822F,$E199,$5DA8,$FA73     ; "-9065779476055917965"
4537 4290A93B693D41BF (benchmark_itoa64.):01992             FDB $4290,$A93B,$693D,$41BF     ;  "4796519675783365055"
453F C5B1EEE7A6493489 (benchmark_itoa64.):01993             FDB $C5B1,$EEE7,$A649,$3489     ; "-4201314298665290615"
4547 FC18F016D2EAD145 (benchmark_itoa64.):01994             FDB $FC18,$F016,$D2EA,$D145     ;  "-281210995892104891"
454F 3D5608570B3C2672 (benchmark_itoa64.):01995             FDB $3D56,$0857,$0B3C,$2672     ;  "4419729254254388850"
4557 8F62E2D5DD7E4E05 (benchmark_itoa64.):01996             FDB $8F62,$E2D5,$DD7E,$4E05     ; "-8114674170396258811"
455F D1FA37C3705BF8CF (benchmark_itoa64.):01997             FDB $D1FA,$37C3,$705B,$F8CF     ; "-3316276863061722929"
4567 9851639B096C5047 (benchmark_itoa64.):01998             FDB $9851,$639B,$096C,$5047     ; "-7471080789301768121"
456F 04972CC8443D6AA9 (benchmark_itoa64.):01999             FDB $0497,$2CC8,$443D,$6AA9     ;   "330782336284977833"
4577 B5060ED26C6DA739 (benchmark_itoa64.):02000             FDB $B506,$0ED2,$6C6D,$A739     ; "-5402614406059284679"
457F 734A27D0EBAAA14A (benchmark_itoa64.):02001             FDB $734A,$27D0,$EBAA,$A14A     ;  "8307496240898810186"
4587 CE3C020E00B02D88 (benchmark_itoa64.):02002             FDB $CE3C,$020E,$00B0,$2D88     ; "-3585988944129413752"
458F B36042192799C5D6 (benchmark_itoa64.):02003             FDB $B360,$4219,$2799,$C5D6     ; "-5521340467350223402"
4597 052A8FBB71E695BB (benchmark_itoa64.):02004             FDB $052A,$8FBB,$71E6,$95BB     ;   "372267954444080571"
459F 3327558FF353186F (benchmark_itoa64.):02005             FDB $3327,$558F,$F353,$186F     ;  "3686008896777033839"
45A7 77B0559448234996 (benchmark_itoa64.):02006             FDB $77B0,$5594,$4823,$4996     ;  "8624487381768292758"
45AF EE8EEFD3973DB6BB (benchmark_itoa64.):02007             FDB $EE8E,$EFD3,$973D,$B6BB     ; "-1256803553935247685"
45B7 8108765C029B54F9 (benchmark_itoa64.):02008             FDB $8108,$765C,$029B,$54F9     ; "-9148932505450359559"
45BF 5107F49AF5821434 (benchmark_itoa64.):02009             FDB $5107,$F49A,$F582,$1434     ;  "5838904388290221108"
45C7 FCF156795A467DE2 (benchmark_itoa64.):02010             FDB $FCF1,$5679,$5A46,$7DE2     ;  "-220299827558842910"
45CF 5EB9740B2A2301C2 (benchmark_itoa64.):02011             FDB $5EB9,$740B,$2A23,$01C2     ;  "6825614301557096898"
45D7 4DB090D1FB1BDF02 (benchmark_itoa64.):02012             FDB $4DB0,$90D1,$FB1B,$DF02     ;  "5598133568356998914"
45DF 61D17C2FC2717994 (benchmark_itoa64.):02013             FDB $61D1,$7C2F,$C271,$7994     ;  "7048551436379060628"
45E7 9D5D59E1AB676716 (benchmark_itoa64.):02014             FDB $9D5D,$59E1,$AB67,$6716     ; "-7107425811142580458"
45EF 3ED0BD2F8F182B22 (benchmark_itoa64.):02015             FDB $3ED0,$BD2F,$8F18,$2B22     ;  "4526325637469186850"
45F7 36249FE5D7F2E7CD (benchmark_itoa64.):02016             FDB $3624,$9FE5,$D7F2,$E7CD     ;  "3901418986729039821"
45FF 18DDE0E75BEBB092 (benchmark_itoa64.):02017             FDB $18DD,$E0E7,$5BEB,$B092     ;  "1791835511047565458"
4607 1E994EB04D82A024 (benchmark_itoa64.):02018             FDB $1E99,$4EB0,$4D82,$A024     ;  "2204880011696185380"
460F B75953D2365B5EB5 (benchmark_itoa64.):02019             FDB $B759,$53D2,$365B,$5EB5     ; "-5235060929521295691"
4617 91A68C7C309BC9D1 (benchmark_itoa64.):02020             FDB $91A6,$8C7C,$309B,$C9D1     ; "-7951513627056682543"
461F EF1DA6A540070A1F (benchmark_itoa64.):02021             FDB $EF1D,$A6A5,$4007,$0A1F     ; "-1216633095646148065"
4627 4CA7640BCB231910 (benchmark_itoa64.):02022             FDB $4CA7,$640B,$CB23,$1910     ;  "5523493469808695568"
462F 6A8428318BC005CE (benchmark_itoa64.):02023             FDB $6A84,$2831,$8BC0,$05CE     ;  "7675303858209293774"
4637 77D90AFB89308115 (benchmark_itoa64.):02024             FDB $77D9,$0AFB,$8930,$8115     ;  "8635945835914363157"
463F B58288B57922562F (benchmark_itoa64.):02025             FDB $B582,$88B5,$7922,$562F     ; "-5367577492869458385"
4647 E247A199BDF3FF93 (benchmark_itoa64.):02026             FDB $E247,$A199,$BDF3,$FF93     ; "-2141565416102428781"
464F A4283A7A58806A33 (benchmark_itoa64.):02027             FDB $A428,$3A7A,$5880,$6A33     ; "-6617975355275711949"
4657 AD23D4C966F92D5C (benchmark_itoa64.):02028             FDB $AD23,$D4C9,$66F9,$2D5C     ; "-5970694719482024612"
465F C8857D59A7778E3F (benchmark_itoa64.):02029             FDB $C885,$7D59,$A777,$8E3F     ; "-3997651270206255553"
4667 3724AFEFDC2A8BCF (benchmark_itoa64.):02030             FDB $3724,$AFEF,$DC2A,$8BCF     ;  "3973494215973440463"
466F 8DE295C3A24DF3D2 (benchmark_itoa64.):02031             FDB $8DE2,$95C3,$A24D,$F3D2     ; "-8222845302150925358"
4677 B95717F5AA16032D (benchmark_itoa64.):02032             FDB $B957,$17F5,$AA16,$032D     ; "-5091574509831060691"
467F 4484A12C5AEB73D6 (benchmark_itoa64.):02033             FDB $4484,$A12C,$5AEB,$73D6     ;  "4937248303380919254"
4687 C8D48BF1FC19F642 (benchmark_itoa64.):02034             FDB $C8D4,$8BF1,$FC19,$F642     ; "-3975398699628366270"
468F D0C2F6F1272C6C7B (benchmark_itoa64.):02035             FDB $D0C2,$F6F1,$272C,$6C7B     ; "-3403886852733899653"
4697 4789F175D6BE2F88 (benchmark_itoa64.):02036             FDB $4789,$F175,$D6BE,$2F88     ;  "5154916736918499208"
469F 5B0C29ED1D430041 (benchmark_itoa64.):02037             FDB $5B0C,$29ED,$1D43,$0041     ;  "6560664855546888257"
46A7 5BEC3277BDC9BFAB (benchmark_itoa64.):02038             FDB $5BEC,$3277,$BDC9,$BFAB     ;  "6623724641821769643"
46AF 46E1FD53DBCAF35B (benchmark_itoa64.):02039             FDB $46E1,$FD53,$DBCA,$F35B     ;  "5107641989026476891"
46B7 420F33468F7BBA36 (benchmark_itoa64.):02040             FDB $420F,$3346,$8F7B,$BA36     ;  "4760079709301881398"
46BF C68CA0B59951DC26 (benchmark_itoa64.):02041             FDB $C68C,$A0B5,$9951,$DC26     ; "-4139757255638524890"
46C7 E55F2297E88B4C5C (benchmark_itoa64.):02042             FDB $E55F,$2297,$E88B,$4C5C     ; "-1918776880399692708"
46CF CBA8596FEE8F6725 (benchmark_itoa64.):02043             FDB $CBA8,$596F,$EE8F,$6725     ; "-3771666350644173019"
46D7 1AF3AF87CC8B6520 (benchmark_itoa64.):02044             FDB $1AF3,$AF87,$CC8B,$6520     ;  "1942088862113948960"
46DF 72C060FC6F740E29 (benchmark_itoa64.):02045             FDB $72C0,$60FC,$6F74,$0E29     ;  "8268715553170132521"
46E7 897F4460E317402F (benchmark_itoa64.):02046             FDB $897F,$4460,$E317,$402F     ; "-8539031185553670097"
46EF BB52293B2D852FE7 (benchmark_itoa64.):02047             FDB $BB52,$293B,$2D85,$2FE7     ; "-4948847706383241241"
46F7 0DC6BC668E6B1307 (benchmark_itoa64.):02048             FDB $0DC6,$BC66,$8E6B,$1307     ;   "992687916543841031"
46FF 1103700B9969BDC2 (benchmark_itoa64.):02049             FDB $1103,$700B,$9969,$BDC2     ;  "1225946718695701954"
4707 2D0637A151F1705A (benchmark_itoa64.):02050             FDB $2D06,$37A1,$51F1,$705A     ;  "3244341747571060826"
470F 15718E825AD6A9C8 (benchmark_itoa64.):02051             FDB $1571,$8E82,$5AD6,$A9C8     ;  "1545172837685701064"
4717 D24D9EC28A46C320 (benchmark_itoa64.):02052             FDB $D24D,$9EC2,$8A46,$C320     ; "-3292801194157227232"
471F 19D657625D981DB1 (benchmark_itoa64.):02053             FDB $19D6,$5762,$5D98,$1DB1     ;  "1861771575952940465"
4727 A4428D1889AA4B39 (benchmark_itoa64.):02054             FDB $A442,$8D18,$89AA,$4B39     ; "-6610566166498096327"
472F B3B25F4CAE88B086 (benchmark_itoa64.):02055             FDB $B3B2,$5F4C,$AE88,$B086     ; "-5498227412115607418"
4737 2C6F4AD93C37C781 (benchmark_itoa64.):02056             FDB $2C6F,$4AD9,$3C37,$C781     ;  "3201860156962359169"
473F 0DB3EF728E47826A (benchmark_itoa64.):02057             FDB $0DB3,$EF72,$8E47,$826A     ;   "987396018616631914"
4747 950C4927F75500C5 (benchmark_itoa64.):02058             FDB $950C,$4927,$F755,$00C5     ; "-7706704426335665979"
474F E95ADB98AE880010 (benchmark_itoa64.):02059             FDB $E95A,$DB98,$AE88,$0010     ; "-1631750466158723056"
4757 146C3FCFA13FE934 (benchmark_itoa64.):02060             FDB $146C,$3FCF,$A13F,$E934     ;  "1471621339239409972"
475F 6E8D98C329BFC2A2 (benchmark_itoa64.):02061             FDB $6E8D,$98C3,$29BF,$C2A2     ;  "7966191279874753186"
4767 511C47E8753ABA23 (benchmark_itoa64.):02062             FDB $511C,$47E8,$753A,$BA23     ;  "5844625480144828963"
476F FA24E587274A02FC (benchmark_itoa64.):02063             FDB $FA24,$E587,$274A,$02FC     ;  "-421960096423476484"
4777 A7FE69C8E0F4447F (benchmark_itoa64.):02064             FDB $A7FE,$69C8,$E0F4,$447F     ; "-6341514913802599297"
477F 236ADB3025F93D74 (benchmark_itoa64.):02065             FDB $236A,$DB30,$25F9,$3D74     ;  "2552093138700811636"
4787 F1BD43C1BA5487D9 (benchmark_itoa64.):02066             FDB $F1BD,$43C1,$BA54,$87D9     ; "-1027590640636753959"
478F 4CAB53A9EF0292CB (benchmark_itoa64.):02067             FDB $4CAB,$53A9,$EF02,$92CB     ;  "5524601357224547019"
4797 36D3D615AF18B8B3 (benchmark_itoa64.):02068             FDB $36D3,$D615,$AF18,$B8B3     ;  "3950736686754347187"
479F 8EB6C99DCCE8B662 (benchmark_itoa64.):02069             FDB $8EB6,$C99D,$CCE8,$B662     ; "-8163115594977593758"
47A7 4D23CB31FD9C81AD (benchmark_itoa64.):02070             FDB $4D23,$CB31,$FD9C,$81AD     ;  "5558509780674052525"
47AF 4D5812154FD681F1 (benchmark_itoa64.):02071             FDB $4D58,$1215,$4FD6,$81F1     ;  "5573224421614060017"
47B7 EE491080A907B60F (benchmark_itoa64.):02072             FDB $EE49,$1080,$A907,$B60F     ; "-1276470874605111793"
47BF 32F4A5237C26FFCD (benchmark_itoa64.):02073             FDB $32F4,$A523,$7C26,$FFCD     ;  "3671741168039165901"
47C7 4E4B3BA4433208A0 (benchmark_itoa64.):02074             FDB $4E4B,$3BA4,$4332,$08A0     ;  "5641668534899706016"
47CF CD0AA3A6E7C306C8 (benchmark_itoa64.):02075             FDB $CD0A,$A3A6,$E7C3,$06C8     ; "-3671942608919001400"
47D7 15EF7EDB01DD57DA (benchmark_itoa64.):02076             FDB $15EF,$7EDB,$01DD,$57DA     ;  "1580621473324554202"
47DF D470E49916A3C5B4 (benchmark_itoa64.):02077             FDB $D470,$E499,$16A3,$C5B4     ; "-3138757594116274764"
47E7 47C0CDC243415938 (benchmark_itoa64.):02078             FDB $47C0,$CDC2,$4341,$5938     ;  "5170358606457035064"
47EF 617315592F886C68 (benchmark_itoa64.):02079             FDB $6173,$1559,$2F88,$6C68     ;  "7021979716794477672"
47F7 57373DB636FBA590 (benchmark_itoa64.):02080             FDB $5737,$3DB6,$36FB,$A590     ;  "6284559657834620304"
47FF 9926AC3E544708F3 (benchmark_itoa64.):02081             FDB $9926,$AC3E,$5447,$08F3     ; "-7411046753089681165"
4807 127F3EA0E5E52190 (benchmark_itoa64.):02082             FDB $127F,$3EA0,$E5E5,$2190     ;  "1332852875497644432"
480F A7D385D488420FC0 (benchmark_itoa64.):02083             FDB $A7D3,$85D4,$8842,$0FC0     ; "-6353587501424046144"
4817 AA6CABB91F166CC4 (benchmark_itoa64.):02084             FDB $AA6C,$ABB9,$1F16,$6CC4     ; "-6166364978198188860"
481F C6C9479FCA8F0A8F (benchmark_itoa64.):02085             FDB $C6C9,$479F,$CA8F,$0A8F     ; "-4122685232257234289"
4827 6CC821E4C088FC82 (benchmark_itoa64.):02086             FDB $6CC8,$21E4,$C088,$FC82     ;  "7838552417804811394"
482F 7A50617C5B81C21C (benchmark_itoa64.):02087             FDB $7A50,$617C,$5B81,$C21C     ;  "8813651657503130140"
4837 7F1A1D7208F136D1 (benchmark_itoa64.):02088             FDB $7F1A,$1D72,$08F1,$36D1     ;  "9158665167824828113"
483F 9E1BDC1A2682FB87 (benchmark_itoa64.):02089             FDB $9E1B,$DC1A,$2682,$FB87     ; "-7053802386472371321"
4847 0E70AC08F639F968 (benchmark_itoa64.):02090             FDB $0E70,$AC08,$F639,$F968     ;  "1040520668413294952"
484F CA4D2AC8B2BFA5F9 (benchmark_itoa64.):02091             FDB $CA4D,$2AC8,$B2BF,$A5F9     ; "-3869389463360657927"
4857 D34EE5F43CA472C9 (benchmark_itoa64.):02092             FDB $D34E,$E5F4,$3CA4,$72C9     ; "-3220383846371134775"
485F 44C72E360BDAF108 (benchmark_itoa64.):02093             FDB $44C7,$2E36,$0BDA,$F108     ;  "4955980724606529800"
4867 9F0E06923F94470D (benchmark_itoa64.):02094             FDB $9F0E,$0692,$3F94,$470D     ; "-6985638746803386611"
486F 275C11D400A8CDC7 (benchmark_itoa64.):02095             FDB $275C,$11D4,$00A8,$CDC7     ;  "2836161467578371527"
4877 DCBFFC2F5CC77528 (benchmark_itoa64.):02096             FDB $DCBF,$FC2F,$5CC7,$7528     ; "-2540034384463432408"
487F 122B831BB682E2AC (benchmark_itoa64.):02097             FDB $122B,$831B,$B682,$E2AC     ;  "1309284271730647724"
4887 AC44D6A79EEB1045 (benchmark_itoa64.):02098             FDB $AC44,$D6A7,$9EEB,$1045     ; "-6033461585355534267"
488F FF44DFF023AFC379 (benchmark_itoa64.):02099             FDB $FF44,$DFF0,$23AF,$C379     ;   "-52671073137736839"
4897 194B2FAEF6AD1BEC (benchmark_itoa64.):02100             FDB $194B,$2FAE,$F6AD,$1BEC     ;  "1822602902710852588"
489F D8F3E3EFACBD5077 (benchmark_itoa64.):02101             FDB $D8F3,$E3EF,$ACBD,$5077     ; "-2813654723641651081"
48A7 10FB1C2BC1E8B9C6 (benchmark_itoa64.):02102             FDB $10FB,$1C2B,$C1E8,$B9C6     ;  "1223602698023647686"
48AF 879525C0141E1C30 (benchmark_itoa64.):02103             FDB $8795,$25C0,$141E,$1C30     ; "-8676987600157926352"
48B7 54E6D00B891F1B76 (benchmark_itoa64.):02104             FDB $54E6,$D00B,$891F,$1B76     ;  "6117805891793132406"
48BF 45782A014978015A (benchmark_itoa64.):02105             FDB $4578,$2A01,$4978,$015A     ;  "5005797170838241626"
48C7 F9486DD012382A9F (benchmark_itoa64.):02106             FDB $F948,$6DD0,$1238,$2A9F     ;  "-484016219516032353"
48CF E22D9CC74B51B5FF (benchmark_itoa64.):02107             FDB $E22D,$9CC7,$4B51,$B5FF     ; "-2148889067409787393"
48D7 13551DC5097895FD (benchmark_itoa64.):02108             FDB $1355,$1DC5,$0978,$95FD     ;  "1393052391845697021"
48DF 0119D1C9E05B16AF (benchmark_itoa64.):02109             FDB $0119,$D1C9,$E05B,$16AF     ;    "79325133438391983"
48E7 6296FD2CFE87A6E7 (benchmark_itoa64.):02110             FDB $6296,$FD2C,$FE87,$A6E7     ;  "7104143831914227431"
48EF 34C7955EE791697F (benchmark_itoa64.):02111             FDB $34C7,$955E,$E791,$697F     ;  "3803172645182204287"
48F7 BA085BF7C67C0BBC (benchmark_itoa64.):02112             FDB $BA08,$5BF7,$C67C,$0BBC     ; "-5041678663096202308"
48FF DC79E27C868B1AD4 (benchmark_itoa64.):02113             FDB $DC79,$E27C,$868B,$1AD4     ; "-2559765888722330924"
4907 A590DB5CCAA3580A (benchmark_itoa64.):02114             FDB $A590,$DB5C,$CAA3,$580A     ; "-6516467469221930998"
490F 0C9DDBA7472CA6C1 (benchmark_itoa64.):02115             FDB $0C9D,$DBA7,$472C,$A6C1     ;   "909124211298838209"
4917 3095EB50F2D25DB2 (benchmark_itoa64.):02116             FDB $3095,$EB50,$F2D2,$5DB2     ;  "3500963018254212530"
491F DE2AF699977EA148 (benchmark_itoa64.):02117             FDB $DE2A,$F699,$977E,$A148     ; "-2437865108735614648"
4927 E31CD331EE0F9D1E (benchmark_itoa64.):02118             FDB $E31C,$D331,$EE0F,$9D1E     ; "-2081556716351152866"
492F 92B0E707F0A48451 (benchmark_itoa64.):02119             FDB $92B0,$E707,$F0A4,$8451     ; "-7876541726982896559"
4937 ADE599D5C3F8B179 (benchmark_itoa64.):02120             FDB $ADE5,$99D5,$C3F8,$B179     ; "-5916153392086339207"
493F 1207F579AE93601E (benchmark_itoa64.):02121             FDB $1207,$F579,$AE93,$601E     ;  "1299276920488419358"
4947 D34A8A227939602B (benchmark_itoa64.):02122             FDB $D34A,$8A22,$7939,$602B     ; "-3221610702762844117"
494F DCD7C0FA655014B6 (benchmark_itoa64.):02123             FDB $DCD7,$C0FA,$6550,$14B6     ; "-2533344083698510666"
4957 2C2B5B188A3BD1E4 (benchmark_itoa64.):02124             FDB $2C2B,$5B18,$8A3B,$D1E4     ;  "3182737722623906276"
495F 8E72A96703D4AF53 (benchmark_itoa64.):02125             FDB $8E72,$A967,$03D4,$AF53     ; "-8182291313067774125"
4967 9D175D84A1113008 (benchmark_itoa64.):02126             FDB $9D17,$5D84,$A111,$3008     ; "-7127125061071196152"
496F C0BC467999F33F4D (benchmark_itoa64.):02127             FDB $C0BC,$4679,$99F3,$3F4D     ; "-4558691234717941939"
4977 7077989A59ED0F3E (benchmark_itoa64.):02128             FDB $7077,$989A,$59ED,$0F3E     ;  "8104113843177590590"
497F 263132731E4814D4 (benchmark_itoa64.):02129             FDB $2631,$3273,$1E48,$14D4     ;  "2752036317310751956"
4987 C3CB598221B49F20 (benchmark_itoa64.):02130             FDB $C3CB,$5982,$21B4,$9F20     ; "-4338275400595235040"
498F D34AEDB0FFD21BD8 (benchmark_itoa64.):02131             FDB $D34A,$EDB0,$FFD2,$1BD8     ; "-3221501238968181800"
4997 C6C8CC727F1104A2 (benchmark_itoa64.):02132             FDB $C6C8,$CC72,$7F11,$04A2     ; "-4122820666727529310"
499F 42D604124BF440E3 (benchmark_itoa64.):02133             FDB $42D6,$0412,$4BF4,$40E3     ;  "4816041328149545187"
49A7 D649695AC08E0205 (benchmark_itoa64.):02134             FDB $D649,$695A,$C08E,$0205     ; "-3005755437794590203"
49AF D76057403FEF1075 (benchmark_itoa64.):02135             FDB $D760,$5740,$3FEF,$1075     ; "-2927243824328667019"
49B7 4ADC9C30BAFA07AD (benchmark_itoa64.):02136             FDB $4ADC,$9C30,$BAFA,$07AD     ;  "5394358186792322989"
49BF 228430DFDB8993A2 (benchmark_itoa64.):02137             FDB $2284,$30DF,$DB89,$93A2     ;  "2487166632234423202"
49C7 DCCE04F708A1EE64 (benchmark_itoa64.):02138             FDB $DCCE,$04F7,$08A1,$EE64     ; "-2536084081114747292"
49CF 2F27A3F8591B9029 (benchmark_itoa64.):02139             FDB $2F27,$A3F8,$591B,$9029     ;  "3397864730916524073"
49D7 92F35D8C9DD3E2AC (benchmark_itoa64.):02140             FDB $92F3,$5D8C,$9DD3,$E2AC     ; "-7857834066306669908"
49DF 269F05B6493F38D7 (benchmark_itoa64.):02141             FDB $269F,$05B6,$493F,$38D7     ;  "2782949375209322711"
49E7 0B786E41F856627F (benchmark_itoa64.):02142             FDB $0B78,$6E41,$F856,$627F     ;   "826531761240826495"
49EF 76A48AF06C5CDA5F (benchmark_itoa64.):02143             FDB $76A4,$8AF0,$6C5C,$DA5F     ;  "8549110757870852703"
49F7 35DC112B5A5D248E (benchmark_itoa64.):02144             FDB $35DC,$112B,$5A5D,$248E     ;  "3880995856783844494"
49FF A1CFD6EEEB287417 (benchmark_itoa64.):02145             FDB $A1CF,$D6EE,$EB28,$7417     ; "-6786969791788190697"
4A07 AC0CE4A92304CF20 (benchmark_itoa64.):02146             FDB $AC0C,$E4A9,$2304,$CF20     ; "-6049208784377295072"
4A0F A9D471F06A9CFBA1 (benchmark_itoa64.):02147             FDB $A9D4,$71F0,$6A9C,$FBA1     ; "-6209212708842308703"
4A17 0914CD3B060F6013 (benchmark_itoa64.):02148             FDB $0914,$CD3B,$060F,$6013     ;   "654373499264000019"
4A1F DEFD43884E43DE5A (benchmark_itoa64.):02149             FDB $DEFD,$4388,$4E43,$DE5A     ; "-2378670775474069926"
4A27 1B5FC30E42072B7C (benchmark_itoa64.):02150             FDB $1B5F,$C30E,$4207,$2B7C     ;  "1972509627816291196"
4A2F 652CB066F3ABA0DD (benchmark_itoa64.):02151             FDB $652C,$B066,$F3AB,$A0DD     ;  "7290395853027254493"
4A37 B5002D3D87DC8344 (benchmark_itoa64.):02152             FDB $B500,$2D3D,$87DC,$8344     ; "-5404269810548964540"
4A3F 4C0F6A5797C8E7B8 (benchmark_itoa64.):02153             FDB $4C0F,$6A57,$97C8,$E7B8     ;  "5480716195974408120"
4A47 00417B54D7BE1FB3 (benchmark_itoa64.):02154             FDB $0041,$7B54,$D7BE,$1FB3     ;    "18431477813223347"
4A4F 5842C845C8397E06 (benchmark_itoa64.):02155             FDB $5842,$C845,$C839,$7E06     ;  "6359865825838071302"
4A57 F5235A013DC2B088 (benchmark_itoa64.):02156             FDB $F523,$5A01,$3DC2,$B088     ;  "-782682948854697848"
4A5F F40A0362B4A6B797 (benchmark_itoa64.):02157             FDB $F40A,$0362,$B4A6,$B797     ;  "-861872656215525481"
4A67 98904C4EBDBF3FB5 (benchmark_itoa64.):02158             FDB $9890,$4C4E,$BDBF,$3FB5     ; "-7453373482223583307"
4A6F 4E36FD12143B85B2 (benchmark_itoa64.):02159             FDB $4E36,$FD12,$143B,$85B2     ;  "5635970237791438258"
4A77 E8DA445BE45FBDC5 (benchmark_itoa64.):02160             FDB $E8DA,$445B,$E45F,$BDC5     ; "-1667945550523155003"
4A7F F5907122F39D97EA (benchmark_itoa64.):02161             FDB $F590,$7122,$F39D,$97EA     ;  "-751976742840854550"
4A87 8A072D957D288B1E (benchmark_itoa64.):02162             FDB $8A07,$2D95,$7D28,$8B1E     ; "-8500775651565335778"
4A8F E6C20D03EF77C33A (benchmark_itoa64.):02163             FDB $E6C2,$0D03,$EF77,$C33A     ; "-1818876988950592710"
4A97 BDA758BEA8CD5911 (benchmark_itoa64.):02164             FDB $BDA7,$58BE,$A8CD,$5911     ; "-4780754903531431663"
4A9F 94D9017236F6872B (benchmark_itoa64.):02165             FDB $94D9,$0172,$36F6,$872B     ; "-7721138496089979093"
4AA7 F862A31123334604 (benchmark_itoa64.):02166             FDB $F862,$A311,$2333,$4604     ;  "-548696910585444860"
4AAF EF2A354086E503BE (benchmark_itoa64.):02167             FDB $EF2A,$3540,$86E5,$03BE     ; "-1213098598365592642"
4AB7 801977541C25DEBE (benchmark_itoa64.):02168             FDB $8019,$7754,$1C25,$DEBE     ; "-9216203959303807298"
4ABF 2855571B0690B036 (benchmark_itoa64.):02169             FDB $2855,$571B,$0690,$B036     ;  "2906324908123402294"
4AC7 4852E9C45D765871 (benchmark_itoa64.):02170             FDB $4852,$E9C4,$5D76,$5871     ;  "5211484748411983985"
4ACF 6A737915EB1004D3 (benchmark_itoa64.):02171             FDB $6A73,$7915,$EB10,$04D3     ;  "7670607725387056339"
4AD7 3E6ED70C325DF9FA (benchmark_itoa64.):02172             FDB $3E6E,$D70C,$325D,$F9FA     ;  "4498769525174303226"
4ADF B738E1893A42440A (benchmark_itoa64.):02173             FDB $B738,$E189,$3A42,$440A     ; "-5244193786568752118"
4AE7 9DE8BC3419AFCAA7 (benchmark_itoa64.):02174             FDB $9DE8,$BC34,$19AF,$CAA7     ; "-7068192683202721113"
4AEF D5BF004E4FACC69E (benchmark_itoa64.):02175             FDB $D5BF,$004E,$4FAC,$C69E     ; "-3044714486734993762"
4AF7 5AC98D1209AD9858 (benchmark_itoa64.):02176             FDB $5AC9,$8D12,$09AD,$9858     ;  "6541915042343655512"
4AFF 5F0A305A4FB087AF (benchmark_itoa64.):02177             FDB $5F0A,$305A,$4FB0,$87AF     ;  "6848339347812419503"
4B07 7726F90CDE21157C (benchmark_itoa64.):02178             FDB $7726,$F90C,$DE21,$157C     ;  "8585823573290063228"
4B0F 4A0F8DAE2C2C918C (benchmark_itoa64.):02179             FDB $4A0F,$8DAE,$2C2C,$918C     ;  "5336639862662271372"
4B17 C6AD7DDA0B751427 (benchmark_itoa64.):02180             FDB $C6AD,$7DDA,$0B75,$1427     ; "-4130506907780312025"
4B1F 17FF13EE8093CD91 (benchmark_itoa64.):02181             FDB $17FF,$13EE,$8093,$CD91     ;  "1729122697013874065"
4B27 32333B0513FB8A8C (benchmark_itoa64.):02182             FDB $3233,$3B05,$13FB,$8A8C     ;  "3617299818704767628"
4B2F 1F4203A77B0D2441 (benchmark_itoa64.):02183             FDB $1F42,$03A7,$7B0D,$2441     ;  "2252366781497549889"
4B37 97651C1BFAFA8983 (benchmark_itoa64.):02184             FDB $9765,$1C1B,$FAFA,$8983     ; "-7537587494834239101"
4B3F 9A943DB76275DE85 (benchmark_itoa64.):02185             FDB $9A94,$3DB7,$6275,$DE85     ; "-7308148437475271035"
4B47 42E80CD4DFF10569 (benchmark_itoa64.):02186             FDB $42E8,$0CD4,$DFF1,$0569     ;  "4821117509529830761"
4B4F EEF000C723086DAC (benchmark_itoa64.):02187             FDB $EEF0,$00C7,$2308,$6DAC     ; "-1229481842985898580"
4B57 837615C6601784A3 (benchmark_itoa64.):02188             FDB $8376,$15C6,$6017,$84A3     ; "-8973961265729272669"
4B5F 4200AD2E51106B34 (benchmark_itoa64.):02189             FDB $4200,$AD2E,$5110,$6B34     ;  "4755991620943375156"
4B67 015736083F789E3A (benchmark_itoa64.):02190             FDB $0157,$3608,$3F78,$9E3A     ;    "96605326064262714"
4B6F D93FB919F24ED62E (benchmark_itoa64.):02191             FDB $D93F,$B919,$F24E,$D62E     ; "-2792309722855844306"
4B77 88DE9294FEE3F6A1 (benchmark_itoa64.):02192             FDB $88DE,$9294,$FEE3,$F6A1     ; "-8584262671092418911"
4B7F 126CC42DDA1281CC (benchmark_itoa64.):02193             FDB $126C,$C42D,$DA12,$81CC     ;  "1327651691378672076"
4B87 36CF996D64F4CDAB (benchmark_itoa64.):02194             FDB $36CF,$996D,$64F4,$CDAB     ;  "3949544093351464363"
4B8F 6E6CCA88E500809C (benchmark_itoa64.):02195             FDB $6E6C,$CA88,$E500,$809C     ;  "7956957330963202204"
4B97 999BBC7298E66496 (benchmark_itoa64.):02196             FDB $999B,$BC72,$98E6,$6496     ; "-7378096364138896234"
4B9F AB7B89B2BE0E17A5 (benchmark_itoa64.):02197             FDB $AB7B,$89B2,$BE0E,$17A5     ; "-6090122670302685275"
4BA7 DD89D8244ADAEBB7 (benchmark_itoa64.):02198             FDB $DD89,$D824,$4ADA,$EBB7     ; "-2483216069131834441"
4BAF D7A79C42E2E46C33 (benchmark_itoa64.):02199             FDB $D7A7,$9C42,$E2E4,$6C33     ; "-2907183223355970509"
4BB7 389CF2AF61AF980B (benchmark_itoa64.):02200             FDB $389C,$F2AF,$61AF,$980B     ;  "4079402197562923019"
4BBF D638520A240EE53A (benchmark_itoa64.):02201             FDB $D638,$520A,$240E,$E53A     ; "-3010566147389070022"
4BC7 FD2FF9E72D842627 (benchmark_itoa64.):02202             FDB $FD2F,$F9E7,$2D84,$2627     ;  "-202668686911986137"
4BCF 478F60D22C702CD4 (benchmark_itoa64.):02203             FDB $478F,$60D2,$2C70,$2CD4     ;  "5156446554167454932"
4BD7 0088304115E8D699 (benchmark_itoa64.):02204             FDB $0088,$3041,$15E8,$D699     ;    "38333652931237529"
4BDF C94A8C6D25C92DFC (benchmark_itoa64.):02205             FDB $C94A,$8C6D,$25C9,$2DFC     ; "-3942184123396182532"
4BE7 923769B0A53C2F4B (benchmark_itoa64.):02206             FDB $9237,$69B0,$A53C,$2F4B     ; "-7910738013045641397"
4BEF 97F4653704CE6957 (benchmark_itoa64.):02207             FDB $97F4,$6537,$04CE,$6957     ; "-7497256192686790313"
4BF7 7AD7EFF732C0FE93 (benchmark_itoa64.):02208             FDB $7AD7,$EFF7,$32C0,$FE93     ;  "8851807437607468691"
4BFF BCA9C334215A6AD8 (benchmark_itoa64.):02209             FDB $BCA9,$C334,$215A,$6AD8     ; "-4852132494849709352"
4C07 07B9EBE2F9DEE418 (benchmark_itoa64.):02210             FDB $07B9,$EBE2,$F9DE,$E418     ;   "556735389044237336"
4C0F 42D542304440FD83 (benchmark_itoa64.):02211             FDB $42D5,$4230,$4440,$FD83     ;  "4815828151613586819"
4C17 301FC0F989DEA81F (benchmark_itoa64.):02212             FDB $301F,$C0F9,$89DE,$A81F     ;  "3467702416091031583"
4C1F 3BE9690161522A52 (benchmark_itoa64.):02213             FDB $3BE9,$6901,$6152,$2A52     ;  "4317097172459989586"
4C27 4A36BEB593D837BC (benchmark_itoa64.):02214             FDB $4A36,$BEB5,$93D8,$37BC     ;  "5347671294627821500"
4C2F 775E56AFC480A304 (benchmark_itoa64.):02215             FDB $775E,$56AF,$C480,$A304     ;  "8601407651240256260"
4C37 D0EAA792DDF51E97 (benchmark_itoa64.):02216             FDB $D0EA,$A792,$DDF5,$1E97     ; "-3392715120039354729"
4C3F 9007A7F0E108AE22 (benchmark_itoa64.):02217             FDB $9007,$A7F0,$E108,$AE22     ; "-8068295554401522142"
4C47 E87C02AFD7C87A04 (benchmark_itoa64.):02218             FDB $E87C,$02AF,$D7C8,$7A04     ; "-1694476405535376892"
4C4F 64F0848F10CCBF83 (benchmark_itoa64.):02219             FDB $64F0,$848F,$10CC,$BF83     ;  "7273459148200394627"
4C57 A547A27DB8838EF2 (benchmark_itoa64.):02220             FDB $A547,$A27D,$B883,$8EF2     ; "-6537077673254744334"
4C5F 557DC317A15A6FD4 (benchmark_itoa64.):02221             FDB $557D,$C317,$A15A,$6FD4     ;  "6160294371571429332"
4C67 B841A5DC1BBF9BD6 (benchmark_itoa64.):02222             FDB $B841,$A5DC,$1BBF,$9BD6     ; "-5169668532467688490"
4C6F DBD9A1B317A83F60 (benchmark_itoa64.):02223             FDB $DBD9,$A1B3,$17A8,$3F60     ; "-2604873118889001120"
4C77 321B21467027C2BF (benchmark_itoa64.):02224             FDB $321B,$2146,$7027,$C2BF     ;  "3610516112680665791"
4C7F 56F61DF39592B57B (benchmark_itoa64.):02225             FDB $56F6,$1DF3,$9592,$B57B     ;  "6266228863556302203"
4C87 F6DC6F1CCAC24440 (benchmark_itoa64.):02226             FDB $F6DC,$6F1C,$CAC2,$4440     ;  "-658529276051438528"
4C8F 50D244C36156C5DB (benchmark_itoa64.):02227             FDB $50D2,$44C3,$6156,$C5DB     ;  "5823792874085860827"
4C97 9302B42A4D6696C3 (benchmark_itoa64.):02228             FDB $9302,$B42A,$4D66,$96C3     ; "-7853516706400528701"
4C9F A43FB96A8381121F (benchmark_itoa64.):02229             FDB $A43F,$B96A,$8381,$121F     ; "-6611361860832652769"
4CA7 4DD9DBDE20816D10 (benchmark_itoa64.):02230             FDB $4DD9,$DBDE,$2081,$6D10     ;  "5609756557941239056"
4CAF 550546627A38EC6A (benchmark_itoa64.):02231             FDB $5505,$4662,$7A38,$EC6A     ;  "6126380256878718058"
4CB7 0D98583E2FC752A0 (benchmark_itoa64.):02232             FDB $0D98,$583E,$2FC7,$52A0     ;   "979629943065891488"
4CBF A79D55B53FEBFB06 (benchmark_itoa64.):02233             FDB $A79D,$55B5,$3FEB,$FB06     ; "-6368840061082141946"
4CC7 93BED92AC4BBE850 (benchmark_itoa64.):02234             FDB $93BE,$D92A,$C4BB,$E850     ; "-7800558726846617520"
4CCF 901C90CED663D3E2 (benchmark_itoa64.):02235             FDB $901C,$90CE,$D663,$D3E2     ; "-8062410014865501214"
4CD7 0629EC67C90513A6 (benchmark_itoa64.):02236             FDB $0629,$EC67,$C905,$13A6     ;   "444145968771044262"
4CDF 9214BF942ACAF2C3 (benchmark_itoa64.):02237             FDB $9214,$BF94,$2ACA,$F2C3     ; "-7920495201543851325"
4CE7 052A86E0AF9A642A (benchmark_itoa64.):02238             FDB $052A,$86E0,$AF9A,$642A     ;   "372258218788414506"
4CEF 90F2C597C1E4DB69 (benchmark_itoa64.):02239             FDB $90F2,$C597,$C1E4,$DB69     ; "-8002116332300215447"
4CF7 D085A3CC2E35D39E (benchmark_itoa64.):02240             FDB $D085,$A3CC,$2E35,$D39E     ; "-3421148244574088290"
4CFF AD7E5FDEDDF1F809 (benchmark_itoa64.):02241             FDB $AD7E,$5FDE,$DDF1,$F809     ; "-5945209047271475191"
4D07 55DEE18756F6437D (benchmark_itoa64.):02242             FDB $55DE,$E187,$56F6,$437D     ;  "6187630909449454461"
4D0F 5E4597CD3C1D6C7F (benchmark_itoa64.):02243             FDB $5E45,$97CD,$3C1D,$6C7F     ;  "6793002520690912383"
4D17 AAAB6A5D523C680A (benchmark_itoa64.):02244             FDB $AAAB,$6A5D,$523C,$680A     ; "-6148703917200087030"
4D1F 31ACF53185677F27 (benchmark_itoa64.):02245             FDB $31AC,$F531,$8567,$7F27     ;  "3579505396893056807"
4D27 C69DAE73C95AD8C1 (benchmark_itoa64.):02246             FDB $C69D,$AE73,$C95A,$D8C1     ; "-4134957070533601087"
4D2F 10CBC42925FCD97A (benchmark_itoa64.):02247             FDB $10CB,$C429,$25FC,$D97A     ;  "1210276605889141114"
4D37 6230A6B4F9CAD173 (benchmark_itoa64.):02248             FDB $6230,$A6B4,$F9CA,$D173     ;  "7075338310814191987"
4D3F 43FAEE436AFFEB4D (benchmark_itoa64.):02249             FDB $43FA,$EE43,$6AFF,$EB4D     ;  "4898489518044212045"
4D47 E638B59CD5A4367A (benchmark_itoa64.):02250             FDB $E638,$B59C,$D5A4,$367A     ; "-1857535161086495110"
4D4F 10EC998156D61020 (benchmark_itoa64.):02251             FDB $10EC,$9981,$56D6,$1020     ;  "1219518379897262112"
4D57 C58BD7366496EA17 (benchmark_itoa64.):02252             FDB $C58B,$D736,$6496,$EA17     ; "-4212036397859149289"
4D5F D446EFF391E8CFF2 (benchmark_itoa64.):02253             FDB $D446,$EFF3,$91E8,$CFF2     ; "-3150567059895037966"
4D67 14E34D253C4E9358 (benchmark_itoa64.):02254             FDB $14E3,$4D25,$3C4E,$9358     ;  "1505131522792788824"
4D6F 7D98B6ADB22B53D0 (benchmark_itoa64.):02255             FDB $7D98,$B6AD,$B22B,$53D0     ;  "9050184308335793104"
4D77 6B4D41BE786247F6 (benchmark_itoa64.):02256             FDB $6B4D,$41BE,$7862,$47F6     ;  "7731908421584308214"
4D7F 3110CFD06E0EB2CD (benchmark_itoa64.):02257             FDB $3110,$CFD0,$6E0E,$B2CD     ;  "3535554201592443597"
4D87 EB21B871B5DF4B79 (benchmark_itoa64.):02258             FDB $EB21,$B871,$B5DF,$4B79     ; "-1503718002042909831"
4D8F B99E585FB649DDD3 (benchmark_itoa64.):02259             FDB $B99E,$585F,$B649,$DDD3     ; "-5071518962269168173"
4D97 265C5EFFE3787ABE (benchmark_itoa64.):02260             FDB $265C,$5EFF,$E378,$7ABE     ;  "2764188724424637118"
4D9F 079D5BF14617BA6E (benchmark_itoa64.):02261             FDB $079D,$5BF1,$4617,$BA6E     ;   "548695821430274670"
4DA7 937664559472319A (benchmark_itoa64.):02262             FDB $9376,$6455,$9472,$319A     ; "-7820953384156778086"
4DAF DEC7B8F9760BE2CD (benchmark_itoa64.):02263             FDB $DEC7,$B8F9,$760B,$E2CD     ; "-2393741295357271347"
4DB7 AE32B1F15028F7CB (benchmark_itoa64.):02264             FDB $AE32,$B1F1,$5028,$F7CB     ; "-5894453312284461109"
4DBF AD5E4EB125B2A99C (benchmark_itoa64.):02265             FDB $AD5E,$4EB1,$25B2,$A99C     ; "-5954235134588573284"
4DC7 2A137E2C0274BFE6 (benchmark_itoa64.):02266             FDB $2A13,$7E2C,$0274,$BFE6     ;  "3031905701635342310"
4DCF 42DFE8E2B72C368F (benchmark_itoa64.):02267             FDB $42DF,$E8E2,$B72C,$368F     ;  "4818826186743101071"
4DD7 F1A4EC9E5A97652D (benchmark_itoa64.):02268             FDB $F1A4,$EC9E,$5A97,$652D     ; "-1034441849519512275"
4DDF F73A80C13666F78A (benchmark_itoa64.):02269             FDB $F73A,$80C1,$3666,$F78A     ;  "-632051230362372214"
4DE7 5CF1D813DABA03AA (benchmark_itoa64.):02270             FDB $5CF1,$D813,$DABA,$03AA     ;  "6697371700662240170"
4DEF 9A2B418F9E50F547 (benchmark_itoa64.):02271             FDB $9A2B,$418F,$9E50,$F547     ; "-7337699082777856697"
4DF7 ED1384B020B9072C (benchmark_itoa64.):02272             FDB $ED13,$84B0,$20B9,$072C     ; "-1363600370165020884"
4DFF C5292F655C69E68F (benchmark_itoa64.):02273             FDB $C529,$2F65,$5C69,$E68F     ; "-4239805461803964785"
4E07 265BD650C7A8D388 (benchmark_itoa64.):02274             FDB $265B,$D650,$C7A8,$D388     ;  "2764038438757389192"
4E0F 02515575071BB817 (benchmark_itoa64.):02275             FDB $0251,$5575,$071B,$B817     ;   "167008622308210711"
4E17 1E0D751D8D05BDD9 (benchmark_itoa64.):02276             FDB $1E0D,$751D,$8D05,$BDD9     ;  "2165515765615541721"
4E1F 188EBC112F1B0F43 (benchmark_itoa64.):02277             FDB $188E,$BC11,$2F1B,$0F43     ;  "1769558485593952067"
4E27 C27E2D43044F96C5 (benchmark_itoa64.):02278             FDB $C27E,$2D43,$044F,$96C5     ; "-4432055217427605819"
4E2F 75142632E7E65121 (benchmark_itoa64.):02279             FDB $7514,$2632,$E7E6,$5121     ;  "8436410002052632865"
4E37 CA536B6F5C6DD6EB (benchmark_itoa64.):02280             FDB $CA53,$6B6F,$5C6D,$D6EB     ; "-3867629528944879893"
4E3F DECBABB2B2087C75 (benchmark_itoa64.):02281             FDB $DECB,$ABB2,$B208,$7C75     ; "-2392629993037857675"
4E47 3FB3888A7A4F681F (benchmark_itoa64.):02282             FDB $3FB3,$888A,$7A4F,$681F     ;  "4590162573559556127"
4E4F 64BAAC0A4DBF6A01 (benchmark_itoa64.):02283             FDB $64BA,$AC0A,$4DBF,$6A01     ;  "7258302909715016193"
4E57 B054312CDBC80A28 (benchmark_itoa64.):02284             FDB $B054,$312C,$DBC8,$0A28     ; "-5740909556254897624"
4E5F 4A2606D0DA4ABC0C (benchmark_itoa64.):02285             FDB $4A26,$06D0,$DA4A,$BC0C     ;  "5342965502006967308"
4E67 10A793E7BB949A28 (benchmark_itoa64.):02286             FDB $10A7,$93E7,$BB94,$9A28     ;  "1200090449211333160"
4E6F 4835D426235DF69F (benchmark_itoa64.):02287             FDB $4835,$D426,$235D,$F69F     ;  "5203298204763682463"
4E77 4D3473179711B2F5 (benchmark_itoa64.):02288             FDB $4D34,$7317,$9711,$B2F5     ;  "5563197984865366773"
4E7F BB6297ECE335537B (benchmark_itoa64.):02289             FDB $BB62,$97EC,$E335,$537B     ; "-4944222397219384453"
4E87 D47F56E77F884194 (benchmark_itoa64.):02290             FDB $D47F,$56E7,$7F88,$4194     ; "-3134691263349505644"
4E8F 27460AD35E974553 (benchmark_itoa64.):02291             FDB $2746,$0AD3,$5E97,$4553     ;  "2829961318790284627"
4E97 B826E95653FAF380 (benchmark_itoa64.):02292             FDB $B826,$E956,$53FA,$F380     ; "-5177194164630391936"
4E9F C6AE57C20E9D0538 (benchmark_itoa64.):02293             FDB $C6AE,$57C2,$0E9D,$0538     ; "-4130267317271722696"
4EA7 24AD15CE68AA7C8C (benchmark_itoa64.):02294             FDB $24AD,$15CE,$68AA,$7C8C     ;  "2642792532599798924"
4EAF 7BAA2334F44CBAAF (benchmark_itoa64.):02295             FDB $7BAA,$2334,$F44C,$BAAF     ;  "8910973523049888431"
4EB7 FBD6746FFB767BE4 (benchmark_itoa64.):02296             FDB $FBD6,$746F,$FB76,$7BE4     ;  "-299924300864521244"
4EBF 792370295EBE4B46 (benchmark_itoa64.):02297             FDB $7923,$7029,$5EBE,$4B46     ;  "8728943825759652678"
4EC7 D876082ADD0EF4CB (benchmark_itoa64.):02298             FDB $D876,$082A,$DD0E,$F4CB     ; "-2849080734074866485"
4ECF B6547DCFFB9D1717 (benchmark_itoa64.):02299             FDB $B654,$7DCF,$FB9D,$1717     ; "-5308479728529893609"
4ED7 53C58DB2CB4C85AA (benchmark_itoa64.):02300             FDB $53C5,$8DB2,$CB4C,$85AA     ;  "6036386674614502826"
4EDF 83C38A5819DC5CC0 (benchmark_itoa64.):02301             FDB $83C3,$8A58,$19DC,$5CC0     ; "-8952159523286786880"
4EE7 BD6597EB9C2AE8DB (benchmark_itoa64.):02302             FDB $BD65,$97EB,$9C2A,$E8DB     ; "-4799262789700228901"
4EEF 1D4F9245FEE31620 (benchmark_itoa64.):02303             FDB $1D4F,$9245,$FEE3,$1620     ;  "2112067579586745888"
4EF7 132C04782AC7C0AB (benchmark_itoa64.):02304             FDB $132C,$0478,$2AC7,$C0AB     ;  "1381484099856220331"
4EFF 205BEE716B22DFD3 (benchmark_itoa64.):02305             FDB $205B,$EE71,$6B22,$DFD3     ;  "2331719402990526419"
4F07 7B6E6302317B7A3D (benchmark_itoa64.):02306             FDB $7B6E,$6302,$317B,$7A3D     ;  "8894155175174568509"
4F0F 931A4D754B987419 (benchmark_itoa64.):02307             FDB $931A,$4D75,$4B98,$7419     ; "-7846874234564873191"
4F17 48A94D9D58D7B32E (benchmark_itoa64.):02308             FDB $48A9,$4D9D,$58D7,$B32E     ;  "5235801379990647598"
4F1F 9A5D487517AB7D2F (benchmark_itoa64.):02309             FDB $9A5D,$4875,$17AB,$7D2F     ; "-7323617751289070289"
4F27 08F43B40D655A9D0 (benchmark_itoa64.):02310             FDB $08F4,$3B40,$D655,$A9D0     ;   "645205796280707536"
4F2F D809CC9A6C0C9291 (benchmark_itoa64.):02311             FDB $D809,$CC9A,$6C0C,$9291     ; "-2879545523116928367"
4F37 DA6C9248B4EEA775 (benchmark_itoa64.):02312             FDB $DA6C,$9248,$B4EE,$A775     ; "-2707628434985670795"
4F3F A10A037F5FC0D35B (benchmark_itoa64.):02313             FDB $A10A,$037F,$5FC0,$D35B     ; "-6842652838233844901"
4F47 E0A43ECA2EA29FA1 (benchmark_itoa64.):02314             FDB $E0A4,$3ECA,$2EA2,$9FA1     ; "-2259612074946420831"
4F4F 3DB5160B56BA650B (benchmark_itoa64.):02315             FDB $3DB5,$160B,$56BA,$650B     ;  "4446484445053740299"
4F57 5825AF1B96A35D76 (benchmark_itoa64.):02316             FDB $5825,$AF1B,$96A3,$5D76     ;  "6351675382502219126"
4F5F 6BD1D4D1D6585CCE (benchmark_itoa64.):02317             FDB $6BD1,$D4D1,$D658,$5CCE     ;  "7769224829900184782"
4F67 39FD6B45D1D9D961 (benchmark_itoa64.):02318             FDB $39FD,$6B45,$D1D9,$D961     ;  "4178613976887318881"
4F6F 3FA49643ABB1D2EC (benchmark_itoa64.):02319             FDB $3FA4,$9643,$ABB1,$D2EC     ;  "4585955537957540588"
4F77 5DD13F7849EE41CA (benchmark_itoa64.):02320             FDB $5DD1,$3F78,$49EE,$41CA     ;  "6760254301528801738"
4F7F BB7D9545B1ABB80E (benchmark_itoa64.):02321             FDB $BB7D,$9545,$B1AB,$B80E     ; "-4936625489962092530"
4F87 D8D18151D33BE528 (benchmark_itoa64.):02322             FDB $D8D1,$8151,$D33B,$E528     ; "-2823333302948338392"
4F8F A28273E333CC2880 (benchmark_itoa64.):02323             FDB $A282,$73E3,$33CC,$2880     ; "-6736694672929052544"
4F97 7FA4C3755864C08C (benchmark_itoa64.):02324             FDB $7FA4,$C375,$5864,$C08C     ;  "9197691247758983308"
4F9F DB599E107979FA37 (benchmark_itoa64.):02325             FDB $DB59,$9E10,$7979,$FA37     ; "-2640905912881382857"
4FA7 0122DAB75049AF7F (benchmark_itoa64.):02326             FDB $0122,$DAB7,$5049,$AF7F     ;    "81868224106966911"
4FAF C002B31C9F5AF8EA (benchmark_itoa64.):02327             FDB $C002,$B31C,$9F5A,$F8EA     ; "-4610926132959971094"
4FB7 F88567F7D105F850 (benchmark_itoa64.):02328             FDB $F885,$67F7,$D105,$F850     ;  "-538910266339493808"
4FBF 675BEC15263CB5A0 (benchmark_itoa64.):02329             FDB $675B,$EC15,$263C,$B5A0     ;  "7447805984367228320"
4FC7 A262AAA3986EB1F2 (benchmark_itoa64.):02330             FDB $A262,$AAA3,$986E,$B1F2     ; "-6745641672233799182"
4FCF 5BDF33348EB02E60 (benchmark_itoa64.):02331             FDB $5BDF,$3334,$8EB0,$2E60     ;  "6620066278083145312"
4FD7 B5101E3A2218717D (benchmark_itoa64.):02332             FDB $B510,$1E3A,$2218,$717D     ; "-5399782718188260995"
4FDF 126E95204B83FC2C (benchmark_itoa64.):02333             FDB $126E,$9520,$4B83,$FC2C     ;  "1328162906059308076"
4FE7 99A73F3276C4558D (benchmark_itoa64.):02334             FDB $99A7,$3F32,$76C4,$558D     ; "-7374856378822404723"
4FEF B80396968F9C2DAF (benchmark_itoa64.):02335             FDB $B803,$9696,$8F9C,$2DAF     ; "-5187136772402041425"
4FF7 0A7DF0D0BAB47FA8 (benchmark_itoa64.):02336             FDB $0A7D,$F0D0,$BAB4,$7FA8     ;   "756025091744366504"
4FFF F31F1387BB9D8E09 (benchmark_itoa64.):02337             FDB $F31F,$1387,$BB9D,$8E09     ;  "-928001524525855223"
5007 5E1B4858BC9ABE63 (benchmark_itoa64.):02338             FDB $5E1B,$4858,$BC9A,$BE63     ;  "6781093209894993507"
500F 050801B6E4E654D0 (benchmark_itoa64.):02339             FDB $0508,$01B6,$E4E6,$54D0     ;   "362541655039300816"
5017 EFBA9819FD483731 (benchmark_itoa64.):02340             FDB $EFBA,$9819,$FD48,$3731     ; "-1172457515585620175"
501F 76E0D741BB1160C7 (benchmark_itoa64.):02341             FDB $76E0,$D741,$BB11,$60C7     ;  "8566083168570007751"
5027 FEDD90684BF9EA88 (benchmark_itoa64.):02342             FDB $FEDD,$9068,$4BF9,$EA88     ;   "-81750440597132664"
502F 30BFC0DD9B9D0457 (benchmark_itoa64.):02343             FDB $30BF,$C0DD,$9B9D,$0457     ;  "3512738292403340375"
5037 F2842531CF5FEAE7 (benchmark_itoa64.):02344             FDB $F284,$2531,$CF5F,$EAE7     ;  "-971610723742389529"
503F 6EA0F7A5CFE9FCD7 (benchmark_itoa64.):02345             FDB $6EA0,$F7A5,$CFE9,$FCD7     ;  "7971643631975660759"
5047 C3419AB7BD76BCAF (benchmark_itoa64.):02346             FDB $C341,$9AB7,$BD76,$BCAF     ; "-4377047248879043409"
504F 92F90D8225FBE146 (benchmark_itoa64.):02347             FDB $92F9,$0D82,$25FB,$E146     ; "-7856233222336945850"
5057 D4D1E18C34273548 (benchmark_itoa64.):02348             FDB $D4D1,$E18C,$3427,$3548     ; "-3111457875249646264"
505F 18FDFBB7644E1E85 (benchmark_itoa64.):02349             FDB $18FD,$FBB7,$644E,$1E85     ;  "1800872191098494597"
5067 72AFCE0F69EEF4D1 (benchmark_itoa64.):02350             FDB $72AF,$CE0F,$69EE,$F4D1     ;  "8264050406845248721"
506F 46E5EA432B3E4F6C (benchmark_itoa64.):02351             FDB $46E5,$EA43,$2B3E,$4F6C     ;  "5108746926530908012"
5077 B0FDF31F5B8461EA (benchmark_itoa64.):02352             FDB $B0FD,$F31F,$5B84,$61EA     ; "-5693127037921500694"
507F 7563B77D1CD1DB95 (benchmark_itoa64.):02353             FDB $7563,$B77D,$1CD1,$DB95     ;  "8458806273114233749"
5087 D4D2A08A7C079046 (benchmark_itoa64.):02354             FDB $D4D2,$A08A,$7C07,$9046     ; "-3111247875912789946"
508F 9BA1033ED106D10C (benchmark_itoa64.):02355             FDB $9BA1,$033E,$D106,$D10C     ; "-7232495958250565364"
5097 9E1DE60D12C6AD56 (benchmark_itoa64.):02356             FDB $9E1D,$E60D,$12C6,$AD56     ; "-7053228497568354986"
509F 58DA3B4C6D368438 (benchmark_itoa64.):02357             FDB $58DA,$3B4C,$6D36,$8438     ;  "6402495019696423992"
50A7 0ACCEF4FECD9D51F (benchmark_itoa64.):02358             FDB $0ACC,$EF4F,$ECD9,$D51F     ;   "778259962183406879"
50AF 85D256AC31734A79 (benchmark_itoa64.):02359             FDB $85D2,$56AC,$3173,$4A79     ; "-8803879023991895431"
50B7 8F065ACA0A164254 (benchmark_itoa64.):02360             FDB $8F06,$5ACA,$0A16,$4254     ; "-8140719452626468268"
50BF 1B33529E3D1DA0F1 (benchmark_itoa64.):02361             FDB $1B33,$529E,$3D1D,$A0F1     ;  "1960001102419960049"
50C7 3572DF96A8018249 (benchmark_itoa64.):02362             FDB $3572,$DF96,$A801,$8249     ;  "3851386469511955017"
50CF A84E1844D1829FFC (benchmark_itoa64.):02363             FDB $A84E,$1844,$D182,$9FFC     ; "-6319086543302385668"
50D7 65650C182DB7835F (benchmark_itoa64.):02364             FDB $6565,$0C18,$2DB7,$835F     ;  "7306259268464247647"
50DF AB024C93F1C2DC82 (benchmark_itoa64.):02365             FDB $AB02,$4C93,$F1C2,$DC82     ; "-6124248344970470270"
50E7 61DFF7AFF89D6F3F (benchmark_itoa64.):02366             FDB $61DF,$F7AF,$F89D,$6F3F     ;  "7052627876647890751"
50EF 5D519B5FD7A85B92 (benchmark_itoa64.):02367             FDB $5D51,$9B5F,$D7A8,$5B92     ;  "6724326554583194514"
50F7 1194F7DC313CA434 (benchmark_itoa64.):02368             FDB $1194,$F7DC,$313C,$A434     ;  "1266909920288875572"
50FF 0541573C97219AC6 (benchmark_itoa64.):02369             FDB $0541,$573C,$9721,$9AC6     ;   "378679761421048518"
5107 3FFE0F6F474780C8 (benchmark_itoa64.):02370             FDB $3FFE,$0F6F,$4747,$80C8     ;  "4611140039085621448"
510F 1BF5FD4CFE7CCD6D (benchmark_itoa64.):02371             FDB $1BF5,$FD4C,$FE7C,$CD6D     ;  "2014794915447098733"
5117 2D5D0EF055B75AF8 (benchmark_itoa64.):02372             FDB $2D5D,$0EF0,$55B7,$5AF8     ;  "3268785329933867768"
511F B84446C4EFF8E477 (benchmark_itoa64.):02373             FDB $B844,$46C4,$EFF8,$E477     ; "-5168928660660886409"
5127 1BBF359A20AB0F56 (benchmark_itoa64.):02374             FDB $1BBF,$359A,$20AB,$0F56     ;  "1999375695665106774"
512F 5CDDF81A3B6B9D83 (benchmark_itoa64.):02375             FDB $5CDD,$F81A,$3B6B,$9D83     ;  "6691777412892171651"
5137 FDEE5B73CF444E83 (benchmark_itoa64.):02376             FDB $FDEE,$5B73,$CF44,$4E83     ;  "-149081184699920765"
513F 02AE33C43CB2A112 (benchmark_itoa64.):02377             FDB $02AE,$33C4,$3CB2,$A112     ;   "193148751948456210"
5147 404651AA718F604A (benchmark_itoa64.):02378             FDB $4046,$51AA,$718F,$604A     ;  "4631479059288645706"
514F FDD5B4B781F3D51C (benchmark_itoa64.):02379             FDB $FDD5,$B4B7,$81F3,$D51C     ;  "-156019911822158564"
5157 AC242621CCE0D201 (benchmark_itoa64.):02380             FDB $AC24,$2621,$CCE0,$D201     ; "-6042662873411300863"
515F 8F8CEA866BAD7EF0 (benchmark_itoa64.):02381             FDB $8F8C,$EA86,$6BAD,$7EF0     ; "-8102843766493315344"
5167 023CB2DDC59301F0 (benchmark_itoa64.):02382             FDB $023C,$B2DD,$C593,$01F0     ;   "161200352250757616"
516F 81C2CA9063CEE59E (benchmark_itoa64.):02383             FDB $81C2,$CA90,$63CE,$E59E     ; "-9096485575836375650"
5177 21DA9B865E9B3981 (benchmark_itoa64.):02384             FDB $21DA,$9B86,$5E9B,$3981     ;  "2439433149589698945"
517F 88F635D1DE9184A8 (benchmark_itoa64.):02385             FDB $88F6,$35D1,$DE91,$84A8     ; "-8577609264782015320"
5187 6EC0ED369DF13114 (benchmark_itoa64.):02386             FDB $6EC0,$ED36,$9DF1,$3114     ;  "7980639358534365460"
518F 752F1D718FAAA9FF (benchmark_itoa64.):02387             FDB $752F,$1D71,$8FAA,$A9FF     ;  "8444000199921805823"
5197 65319118A091C77C (benchmark_itoa64.):02388             FDB $6531,$9118,$A091,$C77C     ;  "7291768806648694652"
519F 13D6475FE8EFA312 (benchmark_itoa64.):02389             FDB $13D6,$475F,$E8EF,$A312     ;  "1429408408992195346"
51A7 16EE53BDF69B1DA2 (benchmark_itoa64.):02390             FDB $16EE,$53BD,$F69B,$1DA2     ;  "1652350188642835874"
51AF 7A138442EF3B8378 (benchmark_itoa64.):02391             FDB $7A13,$8442,$EF3B,$8378     ;  "8796519920201073528"
51B7 212796A124338C2E (benchmark_itoa64.):02392             FDB $2127,$96A1,$2433,$8C2E     ;  "2389043746184596526"
51BF DE7FB2DCFD784CD3 (benchmark_itoa64.):02393             FDB $DE7F,$B2DC,$FD78,$4CD3     ; "-2414014213032227629"
51C7 D8C219D16C241765 (benchmark_itoa64.):02394             FDB $D8C2,$19D1,$6C24,$1765     ; "-2827669228782086299"
51CF F780CA27DA8044B1 (benchmark_itoa64.):02395             FDB $F780,$CA27,$DA80,$44B1     ;  "-612267276804012879"
51D7 2763E5E1E97A5061 (benchmark_itoa64.):02396             FDB $2763,$E5E1,$E97A,$5061     ;  "2838364948621054049"
51DF 4049B71F04D71648 (benchmark_itoa64.):02397             FDB $4049,$B71F,$04D7,$1648     ;  "4632435035580339784"
51E7 7CD6431133D0DC70 (benchmark_itoa64.):02398             FDB $7CD6,$4311,$33D0,$DC70     ;  "8995451046881975408"
51EF 7AD5290135BBBB8B (benchmark_itoa64.):02399             FDB $7AD5,$2901,$35BB,$BB8B     ;  "8851025727839779723"
51F7 6CE5B5E3CB086C20 (benchmark_itoa64.):02400             FDB $6CE5,$B5E3,$CB08,$6C20     ;  "7846877915731487776"  
                      (benchmark_itoa64.):02401         ;------------------------------------------------------------------------------
51FF                  (benchmark_itoa64.):02402         END_TEST_VECTORS
                      (benchmark_itoa64.):02403         ;------------------------------------------------------------------------------
                      (benchmark_itoa64.):02404         ; EOF
                      (benchmark_itoa64.):02405         ;------------------------------------------------------------------------------
