                      (       gbasic.asm):00001         ; -----------------------------------------------------------------------------
                      (       gbasic.asm):00002         ; Microsoft Extended BASIC adapted for the Pugputer 6309 bootloader.
                      (       gbasic.asm):00003         ; -----------------------------------------------------------------------------
                      (       gbasic.asm):00004         ; The original BASIC expects these console entry points.
     3427             (       gbasic.asm):00005         KEYIN       EQU  GBASIC_KEYIN
     3435             (       gbasic.asm):00006         PUTCHR      EQU  GBASIC_PUTCHR
     3453             (       gbasic.asm):00007         KEYWAIT     EQU  GBASIC_KEYWAIT
                      (       gbasic.asm):00008         
                      (       gbasic.asm):00009             INCLUDE "../MS Extended BASIC/gbasic.asm"
                      (../MS Extended BA):00001         ; -----------------------------------------------------------------------------
                      (../MS Extended BA):00002         ; Microsoft Extended BASIC for 6809, 1982 release
                      (../MS Extended BA):00003         ;
                      (../MS Extended BA):00004         ; Transcribed and stripped of Color-Computer specific stuff by Grant Searle, 
                      (../MS Extended BA):00005         ; working from the book "Extended BASIC Unravelled", by Walter K. Zydhek.
                      (../MS Extended BA):00006         ;
                      (../MS Extended BA):00007         ; In 2014, it was adapted by Tom Circuit to compile under lwtools 4.10.
                      (../MS Extended BA):00008         ;
                      (../MS Extended BA):00009         ; In 2022-2023 this version has been expanded by Craig Iannello to support
                      (../MS Extended BA):00010         ; the following additional hardware:
                      (../MS Extended BA):00011         ; 
                      (../MS Extended BA):00012         ; Rockwell  R65C51P2         Serial UART
                      (../MS Extended BA):00013         ; Yamaha    V9958            Video Display Processor
                      (../MS Extended BA):00014         ; Pugbutt   Mega-Multipass   Sound / SD Card / IO Card
                      (../MS Extended BA):00015         ;
                      (../MS Extended BA):00016         ; target toolchain: lwtools lwasm ver 4.10 
                      (../MS Extended BA):00017         ;
                      (../MS Extended BA):00018         ; Authors' sites:
                      (../MS Extended BA):00019         ;
                      (../MS Extended BA):00020         ; http://searle.x10host.com/6809/Simple6809.html
                      (../MS Extended BA):00021         ; https://github.com/tomcircuit/hd6309sbc
                      (../MS Extended BA):00022         ; https://github.com/caiannello/pugputer
                      (../MS Extended BA):00023         ; https://youtube.com/appliedcryogenics
                      (../MS Extended BA):00024         ;
                      (../MS Extended BA):00025         ; -----------------------------------------------------------------------------
                      (../MS Extended BA):00026             INCLUDE DEFINES.D           ; COMMON DEFINITIONS
                      (        DEFINES.D):00001         ; -----------------------------------------------------------------------------
                      (        DEFINES.D):00002         ; IO DEVICE BASE ADDRESSES
                      (        DEFINES.D):00003         ; -----------------------------------------------------------------------------
                      (        DEFINES.D):00004         
     FFEC             (        DEFINES.D):00005         BANK_BASE   EQU  $FFEC      : FFEC - FFEF: MEMORY BANK REGS 0...3 (BUILT-IN)
     FFE8             (        DEFINES.D):00006         ACIA_BASE   EQU  $FFE8      ; FFE8 - FFEB: SERIAL UART R65C51P2 (BUILT-IN)
     FFE4             (        DEFINES.D):00007         VDP_BASE    EQU  $FFE4      ; FFE4 - FFE7: VIDEO CHIP V9958
     FFE0             (        DEFINES.D):00008         OPL3_BASE   EQU  $FFE0      ; FFE0 - FFE3: MUSIC CHIP YMF262 (OPL3)
     FFB0             (        DEFINES.D):00009         VIA_BASE    EQU  $FFB0      ; FFB0 - FFBF: W65C22 VIA (SD CARD, SPI, KB, GPIO)
                      (        DEFINES.D):00010         
                      (        DEFINES.D):00011         ; V9958 VDP REGISTERS
     FFE4             (        DEFINES.D):00012         VDAT        EQU  VDP_BASE+0 ; PORT 0: VRAM DATA (R/W)
     FFE5             (        DEFINES.D):00013         VREG        EQU  VDP_BASE+1 ; PORT 1: STATUS REG (R), REGISTER/SETUP (W), VRAM ADDR (W)
     FFE6             (        DEFINES.D):00014         VPAL        EQU  VDP_BASE+2 ; PORT 2: PALETTE REGISTERS (W)
     FFE7             (        DEFINES.D):00015         VIND        EQU  VDP_BASE+3 ; PORT 3: REGISTER-INDIRECT ADDRESSING (W)
                      (        DEFINES.D):00016         
                      (        DEFINES.D):00017         ; MEMORY BANK REGISTERS 0..3 (BASE ADDRESS IN DEFINES.D)
                      (        DEFINES.D):00018         ; THESE ARE WRITE-ONLY, SO WE KEEP COPIES OF 1 THROUGH 3 IN 
                      (        DEFINES.D):00019         ; VARS IN MAIN.ASM: SBANK_1...SBANK_3
                      (        DEFINES.D):00020         
     FFEC             (        DEFINES.D):00021         MBANK_0     EQU  BANK_BASE+0
     FFED             (        DEFINES.D):00022         MBANK_1     EQU  BANK_BASE+1
     FFEE             (        DEFINES.D):00023         MBANK_2     EQU  BANK_BASE+2
     FFEF             (        DEFINES.D):00024         MBANK_3     EQU  BANK_BASE+3
                      (        DEFINES.D):00025         ;------------------------------------------------------------------------------
                      (        DEFINES.D):00026         ; COMMON DEFINITIONS
                      (        DEFINES.D):00027         ;------------------------------------------------------------------------------
                      (        DEFINES.D):00028         ; ASCII CODES
     001B             (        DEFINES.D):00029         ESC         EQU  $1B    ; ESCAPE
     000A             (        DEFINES.D):00030         LF          EQU  $0A    ; LINE FEED
     000D             (        DEFINES.D):00031         CR          EQU  $0D    ; CARRIAGE RETURN
     0000             (        DEFINES.D):00032         NUL         EQU  $00    ; NULL
     0020             (        DEFINES.D):00033         SPACE       EQU  $20
     007E             (        DEFINES.D):00034         TILDE       EQU  $7E
                      (        DEFINES.D):00035         ;------------------------------------------------------------------------------
                      (        DEFINES.D):00036         _DATE       STRUCT
0000s                 (        DEFINES.D):00037         YEAR        RMB  2      ; DATE AS INTEGERS
0002s                 (        DEFINES.D):00038         DAYYR       RMB  2
0004s                 (        DEFINES.D):00039         MON         RMB  1
0005s                 (        DEFINES.D):00040         DAYMON      RMB  1
0006s                 (        DEFINES.D):00041         HOUR        RMB  1
0007s                 (        DEFINES.D):00042         MIN         RMB  1
0008s                 (        DEFINES.D):00043         SEC         RMB  1
0009s                 (        DEFINES.D):00044         HUND        RMB  1
000As                 (        DEFINES.D):00045         YEARBCD     RMB  2      ; DATE AS BCD
000Cs                 (        DEFINES.D):00046         DAYYRBCD    RMB  2
000Es                 (        DEFINES.D):00047         MONBCD      RMB  1
000Fs                 (        DEFINES.D):00048         DAYMONBCD   RMB  1
0010s                 (        DEFINES.D):00049         HOURBCD     RMB  1
0011s                 (        DEFINES.D):00050         MINBCD      RMB  1
0012s                 (        DEFINES.D):00051         SECBCD      RMB  1
0013s                 (        DEFINES.D):00052         HUNDBCD     RMB  1
0014s                 (        DEFINES.D):00053                     ENDS
                      (        DEFINES.D):00054         ;------------------------------------------------------------------------------
                      (        DEFINES.D):00055         ; EOF
                      (        DEFINES.D):00056         ;------------------------------------------------------------------------------
                      (../MS Extended BA):00027             INCLUDE BIOS_FUNC_TAB.D     ; BIOS FCN JUMP TABLE AND CONSTANTS
                      (  BIOS_FUNC_TAB.D):00001         ;------------------------------------------------------------------------------
                      (  BIOS_FUNC_TAB.D):00002         ; BIOS BIOS FUNCTION JUMP TABLE ADDRESSES
                      (  BIOS_FUNC_TAB.D):00003         ;------------------------------------------------------------------------------
     FEA0             (  BIOS_FUNC_TAB.D):00004         FUNC_BASE       EQU  $FEA0          ; SEE 6309/BOOT/MAIN.ASM FOR DEFS
                      (  BIOS_FUNC_TAB.D):00005         ;------------------------------------------------------------------------------
     FEA0             (  BIOS_FUNC_TAB.D):00006         BF_V_RESET      EQU  FUNC_BASE+0
     FEA3             (  BIOS_FUNC_TAB.D):00007         BF_UT_GETC      EQU  FUNC_BASE+3
     FEA6             (  BIOS_FUNC_TAB.D):00008         BF_UT_GETS      EQU  FUNC_BASE+6
     FEA9             (  BIOS_FUNC_TAB.D):00009         BF_UT_PUTC      EQU  FUNC_BASE+9    ;
     FEAC             (  BIOS_FUNC_TAB.D):00010         BF_UT_PUTS      EQU  FUNC_BASE+12
     FEAF             (  BIOS_FUNC_TAB.D):00011         BF_UT_WAITTX    EQU  FUNC_BASE+15
     FEB2             (  BIOS_FUNC_TAB.D):00012         BF_UT_CLRSCR    EQU  FUNC_BASE+18
     FEB5             (  BIOS_FUNC_TAB.D):00013         BF_S_HEXA       EQU  FUNC_BASE+21   ; CONVERT REG A TO HEX OCTET AT X, X+=2
     FEB8             (  BIOS_FUNC_TAB.D):00014         BF_S_EOL        EQU  FUNC_BASE+24   ; PUT CR, LF, $00 AT X, X+=3
     FEBB             (  BIOS_FUNC_TAB.D):00015         BF_S_LEN        EQU  FUNC_BASE+27   ; PUT LEN OF STRING AT X INTO REG B
     FEBE             (  BIOS_FUNC_TAB.D):00016         BF_S_CPY        EQU  FUNC_BASE+30   ; COPY STRING AT Y TO MEM AT X. X+=?
     FEC1             (  BIOS_FUNC_TAB.D):00017         BF_RTC_GETTIX   EQU  FUNC_BASE+33   ; GET CURRENT SYSTEM TICKS TO I64 AT X.
     FEC4             (  BIOS_FUNC_TAB.D):00018         BF_S_TOUPPER    EQU  FUNC_BASE+36   ; MAKE A UPPERCASE IF IT IS LOWERCASE
     FEC7             (  BIOS_FUNC_TAB.D):00019         BF_S_INTD       EQU  FUNC_BASE+39   ; CONVERT REG D TO STRING AT X, X+=?
     FECA             (  BIOS_FUNC_TAB.D):00020         BF_RTC_SETTIX   EQU  FUNC_BASE+42   ; SET CURRENT SYSTEM TICKS FROM I64 AT X.
                      (  BIOS_FUNC_TAB.D):00021         ;------------------------------------------------------------------------------
                      (  BIOS_FUNC_TAB.D):00022         ; EOF
                      (  BIOS_FUNC_TAB.D):00023         ;------------------------------------------------------------------------------
                      (../MS Extended BA):00028         ; -----------------------------------------------------------------------------
                      (../MS Extended BA):00029         
                      (../MS Extended BA):00030         ; CONSTANTS AND DEFINES
                      (../MS Extended BA):00031         
     0008             (../MS Extended BA):00032         BS        EQU  8              BACKSPACE 
                      (../MS Extended BA):00033         ;LF        EQU  $A             LINEFEED
                      (../MS Extended BA):00034         ;CR        EQU  $D             ENTER KEY 
                      (../MS Extended BA):00035         ;ESC       EQU  $1B            ESCAPE CODE 
                      (../MS Extended BA):00036         ;SPACE     EQU  $20            SPACE (BLANK) 
     003A             (../MS Extended BA):00037         STKBUF    EQU  58             STACK BUFFER ROOM 
     00FA             (../MS Extended BA):00038         LBUFMX    EQU  250            MAX NUMBER OF CHARS IN A BASIC LINE 
     00FA             (../MS Extended BA):00039         MAXLIN    EQU  $FA            MAXIMUM MS BYTE OF LINE NUMBER 
                      (../MS Extended BA):00040         
                      (../MS Extended BA):00041         ; PSEUDO OPS                      
     0021             (../MS Extended BA):00042         SKP1      EQU  $21            OP CODE OF BRN — SKIP ONE BYTE 
     008C             (../MS Extended BA):00043         SKP2      EQU  $8C            OP CODE OF CMPX # - SKIP TWO BYTES 
     0086             (../MS Extended BA):00044         SKP1LD    EQU  $86            OP CODE OF LDA # - SKIP THE NEXT BYTE 
                      (../MS Extended BA):00045         ;                             AND LOAD THE VALUE OF THAT BYTE INTO ACCA — THIS 
                      (../MS Extended BA):00046         ;                             IS USUALLY USED TO LOAD ACCA WITH A NON ZERO VALUE 
     1000             (../MS Extended BA):00047         BASIC_CODE   EQU  $1000       ; Bootloader loads and enters applications here
     4000             (../MS Extended BA):00048         BASIC_STATE  EQU  $4000       ; BASIC state is outside the bootloader RAM area
     F000             (../MS Extended BA):00049         RAM_TOP      EQU  $F000       ; Exclusive end of the default 64K RAM mapping
                      (../MS Extended BA):00050                   ORG  BASIC_STATE
     40               (../MS Extended BA):00051                   SETDP $40
                      (../MS Extended BA):00052         
4000                  (../MS Extended BA):00053         ENDFLG    RMB  1              STOP/END FLAG: POSITIVE=STOP, NEG=END 
4001                  (../MS Extended BA):00054         CHARAC    RMB  1              TERMINATOR FLAG 1 
4002                  (../MS Extended BA):00055         ENDCHR    RMB  1              TERMINATOR FLAG 2 
4003                  (../MS Extended BA):00056         TMPLOC    RMB  1              SCRATCH VARIABLE 
4004                  (../MS Extended BA):00057         IFCTR     RMB  1              IF COUNTER - HOW MANY IF STATEMENTS IN A LINE 
4005                  (../MS Extended BA):00058         DIMFLG    RMB  1              *DV* ARRAY FLAG 0=EVALUATE, 1=DIMENSIONING 
4006                  (../MS Extended BA):00059         VALTYP    RMB  1              *DV* *PV TYPE FLAG: 0=NUMERIC, $FF=STRING 
4007                  (../MS Extended BA):00060         GARBFL    RMB  1              *TV STRING SPACE HOUSEKEEPING FLAG 
4008                  (../MS Extended BA):00061         ARYDIS    RMB  1              DISABLE ARRAY SEARCH: 00=ALLOW SEARCH 
4009                  (../MS Extended BA):00062         INPFLG    RMB  1              *TV INPUT FLAG: READ=0, INPUT<>0 
400A                  (../MS Extended BA):00063         RELFLG    RMB  1              *TV RELATIONAL OPERATOR FLAG 
400B                  (../MS Extended BA):00064         TEMPPT    RMB  2              *PV TEMPORARY STRING STACK POINTER 
400D                  (../MS Extended BA):00065         LASTPT    RMB  2              *PV ADDR OF LAST USED STRING STACK ADDRESS 
400F                  (../MS Extended BA):00066         TEMPTR    RMB  2              TEMPORARY POINTER 
4011                  (../MS Extended BA):00067         TMPTR1    RMB  2              TEMPORARY DESCRIPTOR STORAGE (STACK SEARCH) 
4013                  (../MS Extended BA):00068         FPA2      RMB  4              FLOATING POINT ACCUMULATOR #2 MANTISSA 
4017                  (../MS Extended BA):00069         BOTSTK    RMB  2              BOTTOM OF STACK AT LAST CHECK 
4019                  (../MS Extended BA):00070         TXTTAB    RMB  2              *PV BEGINNING OF BASIC PROGRAM 
401B                  (../MS Extended BA):00071         VARTAB    RMB  2              *PV START OF VARIABLES 
401D                  (../MS Extended BA):00072         ARYTAB    RMB  2              *PV START OF ARRAYS 
401F                  (../MS Extended BA):00073         ARYEND    RMB  2              *PV END OF ARRAYS (+1) 
4021                  (../MS Extended BA):00074         FRETOP    RMB  2              *PV START OF STRING STORAGE (TOP OF FREE RAM) 
4023                  (../MS Extended BA):00075         STRTAB    RMB  2              *PV START OF STRING VARIABLES 
4025                  (../MS Extended BA):00076         FRESPC    RMB  2              UTILITY STRING POINTER 
4027                  (../MS Extended BA):00077         MEMSIZ    RMB  2              *PV TOP OF STRING SPACE 
4029                  (../MS Extended BA):00078         OLDTXT    RMB  2              SAVED LINE NUMBER DURING A "STOP" 
402B                  (../MS Extended BA):00079         BINVAL    RMB  2              BINARY VALUE OF A CONVERTED LINE NUMBER 
402D                  (../MS Extended BA):00080         OLDPTR    RMB  2              SAVED INPUT PTR DURING A "STOP" 
402F                  (../MS Extended BA):00081         TINPTR    RMB  2              TEMPORARY INPUT POINTER STORAGE 
4031                  (../MS Extended BA):00082         DATTXT    RMB  2              *PV 'DATA' STATEMENT LINE NUMBER POINTER 
4033                  (../MS Extended BA):00083         DATPTR    RMB  2              *PV 'DATA' STATEMENT ADDRESS POINTER 
4035                  (../MS Extended BA):00084         DATTMP    RMB  2              DATA POINTER FOR 'INPUT' & 'READ' 
4037                  (../MS Extended BA):00085         VARNAM    RMB  2              *TV TEMP STORAGE FOR A VARIABLE NAME 
4039                  (../MS Extended BA):00086         VARPTR    RMB  2              *TV POINTER TO A VARIABLE DESCRIPTOR 
403B                  (../MS Extended BA):00087         VARDES    RMB  2              TEMP POINTER TO A VARIABLE DESCRIPTOR 
403D                  (../MS Extended BA):00088         RELPTR    RMB  2              POINTER TO RELATIONAL OPERATOR PROCESSING ROUTINE 
403F                  (../MS Extended BA):00089         TRELFL    RMB  1              TEMPORARY RELATIONAL OPERATOR FLAG BYTE 
                      (../MS Extended BA):00090         ; FLOATING POINT ACCUMULATORS #3,4 & 5 ARE MOSTLY                      
                      (../MS Extended BA):00091         ; USED AS SCRATCH PAD VARIABLES.                      
                      (../MS Extended BA):00092         ; FLOATING POINT ACCUMULATOR #3 :PACKED: ($40-$44)                      
4040                  (../MS Extended BA):00093         V40       RMB  1               
4041                  (../MS Extended BA):00094         V41       RMB  1               
4042                  (../MS Extended BA):00095         V42       RMB  1               
4043                  (../MS Extended BA):00096         V43       RMB  1               
4044                  (../MS Extended BA):00097         V44       RMB  1               
                      (../MS Extended BA):00098         ; FLOATING POINT ACCUMULATOR #4 :PACKED: ($45-$49)                      
4045                  (../MS Extended BA):00099         V45       RMB  1               
4046                  (../MS Extended BA):00100         V46       RMB  1               
4047                  (../MS Extended BA):00101         V47       RMB  1               
4048                  (../MS Extended BA):00102         V48       RMB  2               
                      (../MS Extended BA):00103         ; FLOATING POINT ACCUMULATOR #5 :PACKED: ($4A—$4E)                      
404A                  (../MS Extended BA):00104         V4A       RMB  1               
404B                  (../MS Extended BA):00105         V4B       RMB  2               
404D                  (../MS Extended BA):00106         V4D       RMB  2               
                      (../MS Extended BA):00107         ; FLOATING POINT ACCUMULATOR #0                      
404F                  (../MS Extended BA):00108         FP0EXP    RMB  1              *PV FLOATING POINT ACCUMULATOR #0 EXPONENT 
4050                  (../MS Extended BA):00109         FPA0      RMB  4              *PV FLOATING POINT ACCUMULATOR #0 MANTISSA 
4054                  (../MS Extended BA):00110         FP0SGN    RMB  1              *PV FLOATING POINT ACCUMULATOR #0 SIGN 
4055                  (../MS Extended BA):00111         COEFCT    RMB  1              POLYNOMIAL COEFFICIENT COUNTER 
4056                  (../MS Extended BA):00112         STRDES    RMB  5              TEMPORARY STRING DESCRIPTOR 
405B                  (../MS Extended BA):00113         FPCARY    RMB  1              FLOATING POINT CARRY BYTE 
                      (../MS Extended BA):00114         ; FLOATING POINT ACCUMULATOR #1                      
405C                  (../MS Extended BA):00115         FP1EXP    RMB  1              *PV FLOATING POINT ACCUMULATOR #1 EXPONENT 
405D                  (../MS Extended BA):00116         FPA1      RMB  4              *PV FLOATING POINT ACCUMULATOR #1 MANTISSA 
4061                  (../MS Extended BA):00117         FP1SGN    RMB  1              *PV FLOATING POINT ACCUMULATOR #1 SIGN 
4062                  (../MS Extended BA):00118         RESSGN    RMB  1              SIGN OF RESULT OF FLOATING POINT OPERATION 
4063                  (../MS Extended BA):00119         FPSBYT    RMB  1              FLOATING POINT SUB BYTE (FIFTH BYTE) 
4064                  (../MS Extended BA):00120         COEFPT    RMB  2              POLYNOMIAL COEFFICIENT POINTER 
4066                  (../MS Extended BA):00121         LSTTXT    RMB  2              CURRENT LINE POINTER DURING LIST 
4068                  (../MS Extended BA):00122         CURLIN    RMB  2              *PV CURRENT LINE # OF BASIC PROGRAM, $FFFF = DIRECT 
406A                  (../MS Extended BA):00123         DEVCFW    RMB  1              *TV TAB FIELD WIDTH 
406B                  (../MS Extended BA):00124         DEVLCF    RMB  1              *TV TAB ZONE 
406C                  (../MS Extended BA):00125         DEVPOS    RMB  1              *TV PRINT POSITION 
406D                  (../MS Extended BA):00126         DEVWID    RMB  1              *TV PRINT WIDTH 
406E                  (../MS Extended BA):00127         RSTFLG    RMB  1              *PV WARM START FLAG: $55=WARM, OTHER=COLD 
406F                  (../MS Extended BA):00128         RSTVEC    RMB  2              *PV WARM START VECTOR - JUMP ADDRESS FOR WARM START 
4071                  (../MS Extended BA):00129         TOPRAM    RMB  2              *PV TOP OF RAM 
4073                  (../MS Extended BA):00130         IKEYIM    RMB  1              *TV INKEY$ RAM IMAGE 
4074                  (../MS Extended BA):00131         ZERO      RMB  2              *PV DUMMY - THESE TWO BYTES ARE ALWAYS ZERO 
                      (../MS Extended BA):00132         ; THE FOLLOWING BYTES ARE MOVED DOWN FROM ROM                      
4076                  (../MS Extended BA):00133         LPTCFW    RMB  1              16 
4077                  (../MS Extended BA):00134         LPTLCF    RMB  1              112 
4078                  (../MS Extended BA):00135         LPTWID    RMB  1              80 
4079                  (../MS Extended BA):00136         LPTPOS    RMB  1              0 
407A                  (../MS Extended BA):00137         EXECJP    RMB  2              LB4AA 
                      (../MS Extended BA):00138                                        
                      (../MS Extended BA):00139         ; THIS ROUTINE PICKS UP THE NEXT INPUT CHARACTER FROM                      
                      (../MS Extended BA):00140         ; BASIC. THE ADDRESS OF THE NEXT BASIC BYTE TO BE                      
                      (../MS Extended BA):00141         ; INTERPRETED IS STORED AT CHARAD.
                      (../MS Extended BA):00142         ;
                      (../MS Extended BA):00143         ; this gets copied to RAM from ROM around LA123
                      (../MS Extended BA):00144         ;
407C                  (../MS Extended BA):00145         GETNCH    RMB  6
4082                  (../MS Extended BA):00146         GETCCH    RMB  1
4083                  (../MS Extended BA):00147         CHARAD    RMB  5
                      (../MS Extended BA):00148                                        
4088                  (../MS Extended BA):00149         VAB       RMB  1              LOW ORDER FOUR BYTES OF THE PRODUCT 
4089                  (../MS Extended BA):00150         VAC       RMB  1                 OF A FLOATING POINT MULTIPLICATION 
408A                  (../MS Extended BA):00151         VAD       RMB  1                 THESE BYTES ARE USE AS RANDOM DATA 
408B                  (../MS Extended BA):00152         VAE       RMB  1                 BY THE RND STATEMENT 
                      (../MS Extended BA):00153                                        
                      (../MS Extended BA):00154         ; EXTENDED BASIC VARIABLES                      
408C                  (../MS Extended BA):00155         TRCFLG    RMB  1              *PV TRACE FLAG 0=OFF ELSE=ON 
408D                  (../MS Extended BA):00156         USRADR    RMB  2              *PV ADDRESS OF THE START OF USR VECTORS 
                      (../MS Extended BA):00157                                        
                      (../MS Extended BA):00158         ; EXTENDED BASIC SCRATCH PAD VARIABLES                      
408F                  (../MS Extended BA):00159         VCF       RMB  2               
4091                  (../MS Extended BA):00160         VD1       RMB  2               
4093                  (../MS Extended BA):00161         VD3       RMB  2               
4095                  (../MS Extended BA):00162         VD5       RMB  2               
4097                  (../MS Extended BA):00163         VD7       RMB  1               
4098                  (../MS Extended BA):00164         VD8       RMB  1               
4099                  (../MS Extended BA):00165         VD9       RMB  1               
409A                  (../MS Extended BA):00166         VDA       RMB  1               
409B                  (../MS Extended BA):00167         USRJMP    RMB  3              JUMP ADDRESS FOR BASIC'S USR FUNCTION 
409E                  (../MS Extended BA):00168         RVSEED    RMB  1              * FLOATING POINT RANDOM NUMBER SEED EXPONENT 
409F                  (../MS Extended BA):00169                   RMB  4              * MANTISSA: INITIALLY SET TO $804FC75259 
                      (../MS Extended BA):00170                                        
                      (../MS Extended BA):00171         ;** USR FUNCTION VECTOR ADDRESSES (EX BASIC ONLY)                      
40A3                  (../MS Extended BA):00172         USR0      RMB  2              USR 0 VECTOR 
40A5                  (../MS Extended BA):00173                   RMB  2              USR 1 
40A7                  (../MS Extended BA):00174                   RMB  2              USR 2 
40A9                  (../MS Extended BA):00175                   RMB  2              USR 3 
40AB                  (../MS Extended BA):00176                   RMB  2              USR 4 
40AD                  (../MS Extended BA):00177                   RMB  2              USR 5 
40AF                  (../MS Extended BA):00178                   RMB  2              USR 6 
40B1                  (../MS Extended BA):00179                   RMB  2              USR 7 
40B3                  (../MS Extended BA):00180                   RMB  2              USR 8 
40B5                  (../MS Extended BA):00181                   RMB  2              USR 9 
                      (../MS Extended BA):00182                                        
40B7                  (../MS Extended BA):00183         STRSTK    RMB  8*5            STRING DESCRIPTOR STACK 
40DF                  (../MS Extended BA):00184         LINHDR    RMB  2              LINE INPUT BUFFER HEADER 
40E1                  (../MS Extended BA):00185         LINBUF    RMB  LBUFMX+1       BASIC LINE INPUT BUFFER 
41DC                  (../MS Extended BA):00186         STRBUF    RMB  41             STRING BUFFER 
4205                  (../MS Extended BA):00187         DUMP_ADRS RMB  2              ADDRESS USED BY HEXDUMP ROUTINE
                      (../MS Extended BA):00188         
4207                  (../MS Extended BA):00189         PROGST    RMB  1              START OF PROGRAM SPACE 
                      (../MS Extended BA):00190           
                      (../MS Extended BA):00191                   ORG  BASIC_CODE    ; RELOCATABLE CODE -----------------------
                      (../MS Extended BA):00192         
1000                  (../MS Extended BA):00193         RESVEC:
1000 10CE41DC         (../MS Extended BA):00194         LA00E     LDS  #LINBUF+LBUFMX+1 SET STACK TO TOP OF LINE INPUT BUFFER
1004 113D01           (../MS Extended BA):00195                   LDMD #$01           ; switch to 6309 native mode
1007 8640             (../MS Extended BA):00196                   LDA  #$40           ; BASIC state variables live on direct page $40
1009 1F8B             (../MS Extended BA):00197                   TFR  A,DP
                      (../MS Extended BA):00198                   ; JSR  UART_INIT      ;initialize SERIAL PORT  (already done by bios)
100B 966E             (../MS Extended BA):00199                   LDA  RSTFLG         GET WARM START FLAG 
100D 8155             (../MS Extended BA):00200                   CMPA #$55           IS IT A WARM START? 
100F 260A             (../MS Extended BA):00201                   BNE  BACDST         NO - DO A COLD START          
1011 9E6F             (../MS Extended BA):00202                   LDX  RSTVEC         WARM START VECTOR 
1013 A684             (../MS Extended BA):00203                   LDA  ,X             GET FIRST BYTE OF WARM START ADDR 
1015 8112             (../MS Extended BA):00204                   CMPA #$12           IS IT NOP? 
1017 2602             (../MS Extended BA):00205                   BNE  BACDST         NO - DO A COLD START 
1019 6E84             (../MS Extended BA):00206                   JMP  ,X             YES, G0 THERE 
                      (../MS Extended BA):00207                         
                      (../MS Extended BA):00208         ;;;;;;;;;;;;;;;;;;;;;;;;;;
                      (../MS Extended BA):00209         ; COLD START ENTRY
                      (../MS Extended BA):00210         ;;;;;;;;;;;;;;;;;;;;;;;;;;
101B 8E4000           (../MS Extended BA):00211         BACDST    LDX  #BASIC_STATE    CLEAR BASIC STATE RAM, NOT BOOT RAM
101E 6F80             (../MS Extended BA):00212         LA077     CLR  ,X+             CLEAR ONE BASIC STATE BYTE
1020 8C4207           (../MS Extended BA):00213                   CMPX #PROGST         KEEP GOING THROUGH THE STATE AREA
1023 26F9             (../MS Extended BA):00214                   BNE  LA077
                      (../MS Extended BA):00215         
1025 8E4207           (../MS Extended BA):00216                   LDX  #PROGST        SET TO START OF PROGRAM SPACE 
1028 6F80             (../MS Extended BA):00217                   CLR  ,X+            CLEAR 1ST BYTE OF BASIC PROGRAM 
102A 9F19             (../MS Extended BA):00218                   STX  TXTTAB         BEGINNING OF BASIC PROGRAM 
102C 8EF000           (../MS Extended BA):00219         LA093     LDX  #RAM_TOP        CODE MARKS THE TOP OF BASIC RAM
102F 9F71             (../MS Extended BA):00220                   STX  TOPRAM         SAVE ABSOLUTE TOP OF BASIC RAM
1031 9F27             (../MS Extended BA):00221                   STX  MEMSIZ         SAVE TOP OF STRING SPACE 
1033 9F23             (../MS Extended BA):00222                   STX  STRTAB         SAVE START OF STRING VARIABLES 
1035 3089FF38         (../MS Extended BA):00223                   LEAX -200,X         CLEAR 200 - DEFAULT STRING SPACE TO 200 BYTES 
1039 9F21             (../MS Extended BA):00224                   STX  FRETOP         SAVE START OF STRING SPACE 
                      (../MS Extended BA):00225                   ;TFR  X,S            PUT STACK THERE 
103B 8E10EF           (../MS Extended BA):00226                   LDX  #LA10D         POINT X TO ROM SOURCE DATA 
103E CE4076           (../MS Extended BA):00227                   LDU  #LPTCFW        POINT U TO RAM DESTINATION 
1041 C612             (../MS Extended BA):00228                   LDB  #18            MOVE 18 BYTES 
1043 BD11CA           (../MS Extended BA):00229                   JSR  LA59A          MOVE 18 BYTES FROM ROM TO RAM 
1046 8639             (../MS Extended BA):00230                   LDA  #$39            
1048 97DE             (../MS Extended BA):00231                   STA  LINHDR-1       PUT RTS IN LINHDR-1 
104A BD14D5           (../MS Extended BA):00232                   JSR  LAD19          G0 DO A ‘NEW’ 
                      (../MS Extended BA):00233         ; EXTENDED BASIC INITIALISATION                      
104D 8E40A3           (../MS Extended BA):00234                   LDX  #USR0          INITIALIZE ADDRESS OF START OF 
1050 9F8D             (../MS Extended BA):00235                   STX  USRADR         USR JUMP TABLE 
                      (../MS Extended BA):00236         ; INITIALIZE THE USR CALLS TO ‘FC ERROR’                      
1052 CE1BE9           (../MS Extended BA):00237                   LDU  #LB44A         ADDRESS OF ‘FC ERROR’ ROUTINE 
1055 C60A             (../MS Extended BA):00238                   LDB  #10            10 USR CALLS IN EX BASIC 
1057 EF81             (../MS Extended BA):00239         L8031     STU  ,X++           STORE ‘FC’ ERROR AT USR ADDRESSES 
1059 5A               (../MS Extended BA):00240                   DECB                FINISHED ALL 10? 
105A 26FB             (../MS Extended BA):00241                   BNE  L8031          NO 
                      (../MS Extended BA):00242                         
                      (../MS Extended BA):00243         ; wait for two characters to come in from keyboard after powerup
                      (../MS Extended BA):00244         ; before showing th startup banner
                      (../MS Extended BA):00245         ;L8032     JSR  KEYIN
                      (../MS Extended BA):00246         ;          BEQ  L8032
                      (../MS Extended BA):00247         ;L8033     JSR  KEYIN
                      (../MS Extended BA):00248         ;          BEQ  L8033
                      (../MS Extended BA):00249         ; OUTPUT THE WELCOME BANNER AT COLDSTART
105C 8E111E           (../MS Extended BA):00250                   LDX  #LA147-1       POINT X TO COLOR BASIC COPYRIGHT MESSAGE 
105F BD2100           (../MS Extended BA):00251                   JSR  LB99C          PRINT ‘COLOR BASIC’ 
1062 8E10E8           (../MS Extended BA):00252                   LDX  #BAWMST        WARM START ADDRESS 
1065 9F6F             (../MS Extended BA):00253                   STX  RSTVEC         SAVE IT 
1067 8655             (../MS Extended BA):00254                   LDA  #$55           WARM START FLAG 
1069 976E             (../MS Extended BA):00255                   STA  RSTFLG         SAVE IT 
106B 7E10EC           (../MS Extended BA):00256                   JMP  LA0F3          GO TO BASIC’S MAIN LOOP 
                      (../MS Extended BA):00257         
106E                  (../MS Extended BA):00258         HEXDUMP: ; DUMPS 16 BYTES OF MEMORY POINTED BY DUMP_ADRS TO SCREEN
106E 8E40E1           (../MS Extended BA):00259                 LDX  #LINBUF
1071 863E             (../MS Extended BA):00260                 LDA  #'>            PUT '>' BEFORE ADDRESS
1073 A780             (../MS Extended BA):00261                 STA  ,X+            TWICE BECAUSE BASIC LINEPRINT IS WEIRD
1075 A780             (../MS Extended BA):00262                 STA  ,X+
1077 B64205           (../MS Extended BA):00263                 LDA  DUMP_ADRS      THEN 4-CHAR HEX ADDRESS
107A 8D4F             (../MS Extended BA):00264                 BSR  HEXBYTE
107C B64206           (../MS Extended BA):00265                 LDA  DUMP_ADRS+1
107F 8D4A             (../MS Extended BA):00266                 BSR  HEXBYTE
1081 8620             (../MS Extended BA):00267                 LDA  #32            THEN A SPACE,
1083 A780             (../MS Extended BA):00268                 STA  ,X+
1085 10BE4205         (../MS Extended BA):00269                 LDY  DUMP_ADRS      GET STARTING ADDRESS IN Y
1089 118610           (../MS Extended BA):00270                 LDE  #16            FOR 16 ITERATIONS
108C CE4118           (../MS Extended BA):00271                 LDU  #(LINBUF+2+5+16*3)  POINT U AT ASCII PART AFTER HEX CHARS
108F 86A8             (../MS Extended BA):00272                 LDA  #$A8               WHICH BEGINS WITH A DELIMITER
1091 A7C0             (../MS Extended BA):00273                 STA  ,U+
1093 11C62E           (../MS Extended BA):00274                 LDF  #'.
1096                  (../MS Extended BA):00275         HEXLOOP:
1096 A6A0             (../MS Extended BA):00276                 LDA  ,Y+
1098 8122             (../MS Extended BA):00277                 CMPA #$22
109A 2605             (../MS Extended BA):00278                 BNE  NOTQUOTE       BASIC LINE PRINTER DOESNT LIKE QUOTES
109C 11E7C0           (../MS Extended BA):00279                 STF  ,U+
109F 200B             (../MS Extended BA):00280                 BRA DONEASCII        
10A1                  (../MS Extended BA):00281         NOTQUOTE:
10A1 8120             (../MS Extended BA):00282                 CMPA #32
10A3 2C05             (../MS Extended BA):00283                 BGE  ASCIIOK
10A5 11E7C0           (../MS Extended BA):00284                 STF  ,U+
10A8 2002             (../MS Extended BA):00285                 BRA DONEASCII
10AA                  (../MS Extended BA):00286         ASCIIOK:
10AA A7C0             (../MS Extended BA):00287                 STA  ,U+            ADD ASCII CHAR TO U POS
10AC                  (../MS Extended BA):00288         DONEASCII:
10AC 8D1D             (../MS Extended BA):00289                 BSR  HEXBYTE        2-CHAR MEMORY BYTE TO X POS
10AE 8620             (../MS Extended BA):00290                 LDA  #32            THEN A SPACE,
10B0 A780             (../MS Extended BA):00291                 STA  ,X+
10B2 114A             (../MS Extended BA):00292                 DECE
10B4 26E0             (../MS Extended BA):00293                 BNE  HEXLOOP
10B6 10BF4205         (../MS Extended BA):00294                 STY  DUMP_ADRS      UPDATE DUMP POSITION TO NEXT ROW
10BA 86A8             (../MS Extended BA):00295                 LDA  #$A8           END DELIMITER TO ASCII PART
10BC A7C0             (../MS Extended BA):00296                 STA  ,U+              
10BE 860D             (../MS Extended BA):00297                 LDA  #CR            THEN A CR
10C0 A7C0             (../MS Extended BA):00298                 STA  ,U+
10C2 6FC4             (../MS Extended BA):00299                 CLR  ,U             MAKE LAST BYTE IN INPUT BUFFER = 0
10C4 8E40E1           (../MS Extended BA):00300                 LDX  #LINBUF
10C7 BD2100           (../MS Extended BA):00301                 JSR  LB99C          PRINT HEXDUMP LINE
10CA 39               (../MS Extended BA):00302                 RTS
                      (../MS Extended BA):00303         
10CB                  (../MS Extended BA):00304         HEXBYTE: ; CONVERTS VAL IN A TO A 2-BYTE HEXSTRING AND PUTS IN BUF AT X
10CB 1F89             (../MS Extended BA):00305                 TFR  A,B            SAVE ORIGINAL BINARY VALUE
10CD 44               (../MS Extended BA):00306                 LSRA                MOVE HIGH DIGIT TO LOW DIGIT
10CE 44               (../MS Extended BA):00307                 LSRA
10CF 44               (../MS Extended BA):00308                 LSRA
10D0 44               (../MS Extended BA):00309                 LSRA
10D1 8109             (../MS Extended BA):00310                 CMPA #9
10D3 2302             (../MS Extended BA):00311                 BLS  AD30           BRANCH IF HIGH DIGIT IS DECIMAL
10D5 8B07             (../MS Extended BA):00312                 ADDA #7             ELSE ADD 7 SO AFTER ADDING 'O' THE
                      (../MS Extended BA):00313                                     ; CHARACTER WILL BE IN ‘'A'..'F'
10D7 8B30             (../MS Extended BA):00314         AD30:   ADDA #'0            ADD ASCII O TO MAKE A CHARACTER
10D9 C40F             (../MS Extended BA):00315                 ANDB #$0F           MASK OFF LOW DIGIT
10DB C109             (../MS Extended BA):00316                 CMPB #9
10DD 2302             (../MS Extended BA):00317                 BLS AD3OLD          BRANCH IF LOW DIGIT IS DECIMAL
10DF CB07             (../MS Extended BA):00318                 ADDB #7             ELSE ADD 7 SO AFTER ADDING 'O! THE
                      (../MS Extended BA):00319                                     ; CHARACTER WILL BE IN '‘A'..'F!
10E1 CB30             (../MS Extended BA):00320         AD3OLD: ADDB #'0            ADD ASCII O TO MAKE A CHARACTER
10E3 A780             (../MS Extended BA):00321                 STA ,X+             ; INSERT HEX BYTES INTO DEST STRING AT X
10E5 E780             (../MS Extended BA):00322                 STB ,X+             ; AND NCREMENT X
10E7 39               (../MS Extended BA):00323                 RTS 
                      (../MS Extended BA):00324         
                      (../MS Extended BA):00325         ;;;;;;;;;;;;;;;;;;;;;;;;;;                               
                      (../MS Extended BA):00326         ; WARM START ENTRY
                      (../MS Extended BA):00327         ;;;;;;;;;;;;;;;;;;;;;;;;;;                               
10E8 12               (../MS Extended BA):00328         BAWMST    NOP                 NOP REQ’D FOR WARM START  
10E9 BD14EF           (../MS Extended BA):00329                   JSR  LAD33          DO PART OF A NEW 
10EC 7E143D           (../MS Extended BA):00330         LA0F3     JMP  LAC73          GO TO MAIN LOOP OF BASIC 
                      (../MS Extended BA):00331         ;                              
                      (../MS Extended BA):00332         ;                              
                      (../MS Extended BA):00333         ; THESE BYTES ARE MOVED TO ADDRESSES $76 - $85 THE DIRECT PAGE                      
10EF 10               (../MS Extended BA):00334         LA10D     FCB  16             TAB FIELD WIDTH 
10F0 40               (../MS Extended BA):00335                   FCB  64             LAST TAB ZONE 
10F1 50               (../MS Extended BA):00336                   FCB  80             PRINTER WIDTH 
10F2 00               (../MS Extended BA):00337                   FCB  0              LINE PRINTER POSITION 
10F3 1BE9             (../MS Extended BA):00338                   FDB  LB44A          ARGUMENT OF EXEC COMMAND - SET TO ‘FC’ ERROR 
                      (../MS Extended BA):00339         ; LINE INPUT ROUTINE                      
10F5 0C84             (../MS Extended BA):00340                   INC  CHARAD+1        
10F7 2602             (../MS Extended BA):00341                   BNE  LA123           
10F9 0C83             (../MS Extended BA):00342                   INC  CHARAD          
10FB B60000           (../MS Extended BA):00343         LA123     LDA  >0000           
10FE 7E11DA           (../MS Extended BA):00344                   JMP  BROMHK          
                      (../MS Extended BA):00345         ;                              
                      (../MS Extended BA):00346         ; The bootloader owns hardware interrupt dispatch and Ctrl-C handling.
1101 7E1BE9           (../MS Extended BA):00347                   JMP  LB44A          USR ADDRESS FOR 8K BASIC (INITIALIZED TO ‘FC’ ERROR) 
1104 80               (../MS Extended BA):00348                   FCB  $80            *RANDOM SEED 
1105 4FC7             (../MS Extended BA):00349                   FDB  $4FC7          *RANDON SEED OF MANTISSA 
1107 5259             (../MS Extended BA):00350                   FDB  $5259          *.811635157 
                      (../MS Extended BA):00351         ; BASIC COMMAND INTERPRETATION TABLE ROM IMAGE                      
1109 32               (../MS Extended BA):00352         COMVEC    FCB  50             50 BASIC COMMANDS 
110A 1238             (../MS Extended BA):00353                   FDB  LAA66          POINTS TO RESERVED WORDS 
110C 1345             (../MS Extended BA):00354                   FDB  LAB67          POINTS TO JUMP TABLE FOR COMMANDS 
110E 1D               (../MS Extended BA):00355                   FCB  29             29 BASIC SECONDARY COMMANDS 
110F 12D8             (../MS Extended BA):00356                   FDB  LAB1A          POINTS TO SECONDARY FUNCTION RESERVED WORDS 
1111 11E9             (../MS Extended BA):00357                   FDB  LAA29          POINTS TO SECONDARY FUNCTION JUMP TABLE 
1113 0000             (../MS Extended BA):00358                   FDB  0              NO MORE TABLES (RES WORDS=0) 
1115 0000             (../MS Extended BA):00359                   FDB  0              NO MORE TABLES 
1117 0000             (../MS Extended BA):00360                   FDB  0              NO MORE TABLES 
1119 0000             (../MS Extended BA):00361                   FDB  0              NO MORE TABLES 
111B 0000             (../MS Extended BA):00362                   FDB  0              NO MORE TABLES 
111D 0000             (../MS Extended BA):00363                   FDB  0              NO MORE TABLES (SECONDARY FNS =0) 
                      (../MS Extended BA):00364                                        
                      (../MS Extended BA):00365         ; COPYRIGHT MESSAGES                      
111F 0D               (../MS Extended BA):00366         LA147     FCB  CR
1120 3638303920455854 (../MS Extended BA):00367                   FCC  "6809 EXTENDED BASIC"  
     454E444544204241
     534943
1133 0D               (../MS Extended BA):00368                   FCB  CR              
1134 2843292031393832 (../MS Extended BA):00369                   FCC  "(C) 1982 BY MICROSOFT"  
     204259204D494352
     4F534F4654
1149 0D0D             (../MS Extended BA):00370         LA156     FCB  CR,CR           
114B 00               (../MS Extended BA):00371         LA165     FCB  $00             
                      (../MS Extended BA):00372                                        
114C 3416             (../MS Extended BA):00373         LA35F     PSHS X,B,A          SAVE REGISTERS 
114E 9E76             (../MS Extended BA):00374                   LDX  LPTCFW         TAB FIELD WIDTH AND TAB ZONE 
1150 DC78             (../MS Extended BA):00375                   LDD  LPTWID         PRINTER WIDTH AND POSITION 
1152 9F6A             (../MS Extended BA):00376         LA37C     STX  DEVCFW         SAVE TAB FIELD WIDTH AND ZONE 
1154 D76C             (../MS Extended BA):00377                   STB  DEVPOS         SAVE PRINT POSITION 
1156 976D             (../MS Extended BA):00378                   STA  DEVWID         SAVE PRINT WIDTH 
1158 3596             (../MS Extended BA):00379                   PULS A,B,X,PC       RESTORE REGISTERS 
                      (../MS Extended BA):00380                                        
                      (../MS Extended BA):00381         ; THIS IS THE ROUTINE THAT GETS AN INPUT LINE FOR BASIC                      
                      (../MS Extended BA):00382         ; EXIT WITH BREAK KEY: CARRY = 1                      
                      (../MS Extended BA):00383         ; EXIT WITH ENTER KEY: CARRY = 0                      
115A                  (../MS Extended BA):00384         LA38D                          
115A 0F73             (../MS Extended BA):00385         LA390     CLR  IKEYIM         RESET BREAK CHECK KEY TEMP KEY STORAGE 
115C 8E40E2           (../MS Extended BA):00386                   LDX  #LINBUF+1      INPUT LINE BUFFER 
115F C601             (../MS Extended BA):00387                   LDB  #1             ACCB CHAR COUNTER: SET TO 1 TO ALLOW A 
                      (../MS Extended BA):00388                                                         ;  BACKSPACE AS FIRST CHARACTER  
1161 BD3453           (../MS Extended BA):00389         LA39A     JSR  KEYWAIT        GO GET A CHARACTER FROM CONSOLE IN 
1164 8108             (../MS Extended BA):00390                   CMPA #BS            BACKSPACE 
1166 2607             (../MS Extended BA):00391                   BNE  LA3B4          NO 
1168 5A               (../MS Extended BA):00392                   DECB                YES - DECREMENT CHAR COUNTER 
1169 27EF             (../MS Extended BA):00393                   BEQ  LA390          BRANCH IF BACK AT START OF LINE AGAIN 
116B 301F             (../MS Extended BA):00394                   LEAX -1,X           DECREMENT BUFFER POINTER 
116D 2034             (../MS Extended BA):00395                   BRA  LA3E8          ECHO CHAR TO SCREEN 
116F 8115             (../MS Extended BA):00396         LA3B4     CMPA #$15           SHIFT RIGHT ARROW? 
1171 260A             (../MS Extended BA):00397                   BNE  LA3C2          NO 
                      (../MS Extended BA):00398         ; YES, RESET BUFFER TO BEGINNING AND ERASE CURRENT LINE                      
1173 5A               (../MS Extended BA):00399         LA3B8     DECB                DEC CHAR CTR 
1174 27E4             (../MS Extended BA):00400                   BEQ  LA390          GO BACK TO START IF CHAR CTR = 0 
1176 8608             (../MS Extended BA):00401                   LDA  #BS            BACKSPACE? 
1178 BD3435           (../MS Extended BA):00402                   JSR  PUTCHR         SEND TO CONSOLE OUT (SCREEN) 
117B 20F6             (../MS Extended BA):00403                   BRA  LA3B8          KEEP GOING 
117D 8103             (../MS Extended BA):00404         LA3C2     CMPA #3             BREAK KEY? 
117F 1A01             (../MS Extended BA):00405                   ORCC #1             SET CARRY FLAG 
1181 2705             (../MS Extended BA):00406                   BEQ  LA3CD          BRANCH IF BREAK KEY DOWN 
1183 810D             (../MS Extended BA):00407         LA3C8     CMPA #CR            ENTER KEY? 
1185 260D             (../MS Extended BA):00408                   BNE  LA3D9          NO 
1187 4F               (../MS Extended BA):00409         LA3CC     CLRA                CLEAR CARRY FLAG IF ENTER KEY - END LINE ENTRY 
1188 3401             (../MS Extended BA):00410         LA3CD     PSHS CC             SAVE CARRY FLAG 
118A BD20C0           (../MS Extended BA):00411                   JSR  LB958          SEND CR TO SCREEN 
118D 6F84             (../MS Extended BA):00412                   CLR  ,X             MAKE LAST BYTE IN INPUT BUFFER = 0 
118F 8E40E1           (../MS Extended BA):00413                   LDX  #LINBUF        RESET INPUT BUFFER POINTER 
1192 3581             (../MS Extended BA):00414                   PULS CC,PC          RESTORE CARRY FLAG 
                      (../MS Extended BA):00415                                        
                      (../MS Extended BA):00416         ; INSERT A CHARACTER INTO THE BASIC LINE INPUT BUFFER                      
1194 8120             (../MS Extended BA):00417         LA3D9     CMPA #$20           IS IT CONTROL CHAR? 
1196 25C9             (../MS Extended BA):00418                   BLO  LA39A          BRANCH IF CONTROL CHARACTER 
1198 817B             (../MS Extended BA):00419                   CMPA #'z+1          * 
119A 24C5             (../MS Extended BA):00420                   BCC  LA39A          * IGNORE IF > LOWER CASE Z 
119C C1FA             (../MS Extended BA):00421                   CMPB #LBUFMX        HAVE 250 OR MORE CHARACTERS BEEN ENTERED? 
119E 24C1             (../MS Extended BA):00422                   BCC  LA39A          YES, IGNORE ANY MORE 
11A0 A780             (../MS Extended BA):00423                   STA  ,X+            PUT IT IN INPUT BUFFER 
11A2 5C               (../MS Extended BA):00424                   INCB                INCREMENT CHARACTER COUNTER 
11A3 BD3435           (../MS Extended BA):00425         LA3E8     JSR  PUTCHR         ECHO IT TO SCREEN 
11A6 20B9             (../MS Extended BA):00426                   BRA  LA39A          GO SET SOME MORE 
                      (../MS Extended BA):00427                                        
                      (../MS Extended BA):00428                                        
                      (../MS Extended BA):00429         ; EXEC                         
11A8 2705             (../MS Extended BA):00430         EXEC      BEQ  LA545          BRANCH IF NO ARGUMENT 
11AA BD1EDC           (../MS Extended BA):00431                   JSR  LB73D          EVALUATE ARGUMENT - ARGUMENT RETURNED IN X 
11AD 9F7A             (../MS Extended BA):00432                   STX  EXECJP         STORE X TO EXEC JUMP ADDRESS 
11AF 6E9F407A         (../MS Extended BA):00433         LA545     JMP  [EXECJP]       GO DO IT 
                      (../MS Extended BA):00434                                        
                      (../MS Extended BA):00435         ; BREAK CHECK                      
11B3 7E15BE           (../MS Extended BA):00436         LA549     JMP  LADEB          GO DO BREAK KEY CHECK 
                      (../MS Extended BA):00437                                        
                      (../MS Extended BA):00438         ; INKEY$                       
11B6 9673             (../MS Extended BA):00439         INKEY     LDA  IKEYIM         WAS A KEY DOWN IN THE BREAK CHECK? 
11B8 2603             (../MS Extended BA):00440                   BNE  LA56B          YES 
11BA BD3427           (../MS Extended BA):00441                   JSR  KEYIN          GO GET A KEY 
11BD 0F73             (../MS Extended BA):00442         LA56B     CLR  IKEYIM         CLEAR INKEY RAM IMAGE 
11BF 9753             (../MS Extended BA):00443                   STA  FPA0+3         STORE THE KEY IN FPA0 
11C1 10260C69         (../MS Extended BA):00444                   LBNE LB68F          CONVERT FPA0+3 TO A STRING 
11C5 9756             (../MS Extended BA):00445                   STA  STRDES         SET LENGTH OF STRING = 0 IF NO KEY DOWN 
11C7 7E1E3A           (../MS Extended BA):00446                   JMP  LB69B          PUT A NULL STRING ONTO THE STRING STACK 
                      (../MS Extended BA):00447                                        
                      (../MS Extended BA):00448         ; MOVE ACCB BYTES FROM (X) TO (U)                      
11CA A680             (../MS Extended BA):00449         LA59A     LDA  ,X+            GET BYTE FROM X 
11CC A7C0             (../MS Extended BA):00450                   STA  ,U+            STORE IT AT U 
11CE 5A               (../MS Extended BA):00451                   DECB                MOVED ALL BYTES? 
11CF 26F9             (../MS Extended BA):00452                   BNE  LA59A          NO 
11D1 39               (../MS Extended BA):00453         LA5A1     RTS                  
                      (../MS Extended BA):00454                                        
11D2 39               (../MS Extended BA):00455         LA5C4     RTS                  
                      (../MS Extended BA):00456                                        
                      (../MS Extended BA):00457         ; THIS ROUTINE WILL SCAN OFF THE FILE NAME FROM A BASIC LINE                      
                      (../MS Extended BA):00458         ; AND RETURN A SYNTAX ERROR IF THERE ARE ANY CHARACTERS                      
                      (../MS Extended BA):00459         ; FOLLOWING THE END OF THE NAME                      
11D3 9D82             (../MS Extended BA):00460         LA5C7     JSR  GETCCH         GET CURRENT INPUT CHAR FROM BASIC LINE 
11D5 27FB             (../MS Extended BA):00461         LA5C9     BEQ  LA5C4          RETURN IF END OF LINE 
11D7 7E1A1B           (../MS Extended BA):00462                   JMP  LB277          SYNTAX ERROR IF ANY MORE CHARACTERS 
                      (../MS Extended BA):00463         ; SET CARRY IF NUMERIC - RETURN WITH                      
                      (../MS Extended BA):00464         ; ZERO FLAG SET IF ACCA = 0 OR 3A(:) - END                      
                      (../MS Extended BA):00465         ; OF BASIC LINE OR SUB LINE                      
11DA 813A             (../MS Extended BA):00466         BROMHK    CMPA #'9+1          IS THIS CHARACTER >=(ASCII 9)+1? 
11DC 240A             (../MS Extended BA):00467                   BHS  LAA28          BRANCH IF > 9; Z SET IF = COLON 
11DE 8120             (../MS Extended BA):00468                   CMPA #SPACE         SPACE? 
11E0 2602             (../MS Extended BA):00469                   BNE  LAA24          NO - SET CARRY IF NUMERIC 
11E2 0E7C             (../MS Extended BA):00470                   JMP  GETNCH         IF SPACE, GET NECT CHAR (IGNORE SPACES) 
11E4 8030             (../MS Extended BA):00471         LAA24     SUBA #'0            * SET CARRY IF 
11E6 80D0             (../MS Extended BA):00472                   SUBA #-'0           * CHARACTER > ASCII 0 
11E8 39               (../MS Extended BA):00473         LAA28     RTS                  
                      (../MS Extended BA):00474                                        
                      (../MS Extended BA):00475         ; DISPATCH TABLE FOR SECONDARY FUNCTIONS                      
                      (../MS Extended BA):00476         ; TOKENS ARE PRECEEDED BY $FF                      
                      (../MS Extended BA):00477         ; FIRST SET ALWAYS HAS ONE PARAMETER                      
11E9                  (../MS Extended BA):00478         FUNC_TAB                       
11E9 23DE             (../MS Extended BA):00479         LAA29     FDB  SGN            SGN 
11EB 2452             (../MS Extended BA):00480                   FDB  INT            INT 
11ED 23F7             (../MS Extended BA):00481                   FDB  ABS            ABS 
11EF 409B             (../MS Extended BA):00482                   FDB  USRJMP         USR 
     0083             (../MS Extended BA):00483         TOK_USR   EQU  (*-FUNC_TAB)/2+$7F     
     FF83             (../MS Extended BA):00484         TOK_FF_USR EQU  (*-FUNC_TAB)/2+$FF7F    
11F1 2683             (../MS Extended BA):00485                   FDB  RND            RND 
11F3 26D8             (../MS Extended BA):00486                   FDB  SIN            SIN 
11F5 1EEF             (../MS Extended BA):00487                   FDB  PEEK           PEEK 
11F7 1E20             (../MS Extended BA):00488                   FDB  LEN            LEN 
11F9 1C9C             (../MS Extended BA):00489                   FDB  STR            STR$ 
11FB 1EB5             (../MS Extended BA):00490                   FDB  VAL            VAL 
11FD 1E3F             (../MS Extended BA):00491                   FDB  ASC            ASC 
11FF 1E2B             (../MS Extended BA):00492                   FDB  CHR            CHR$ 
1201 2788             (../MS Extended BA):00493                   FDB  ATN            ATN 
1203 2750             (../MS Extended BA):00494                   FDB  COS            COS 
1205 2759             (../MS Extended BA):00495                   FDB  TAN            TAN 
1207 28CA             (../MS Extended BA):00496                   FDB  EXP            EXP 
1209 28FC             (../MS Extended BA):00497                   FDB  FIX            FIX 
120B 281E             (../MS Extended BA):00498                   FDB  LOG            LOG 
120D 2A84             (../MS Extended BA):00499                   FDB  POS            POS 
120F 2858             (../MS Extended BA):00500                   FDB  SQR            SQR 
1211 2F56             (../MS Extended BA):00501                   FDB  HEXDOL         HEX$ 
                      (../MS Extended BA):00502         ; LEFT, RIGHT AND MID ARE TREATED SEPARATELY                      
1213 1E4A             (../MS Extended BA):00503                   FDB  LEFT           LEFT$ 
     0095             (../MS Extended BA):00504         TOK_LEFT  EQU  (*-FUNC_TAB)/2+$7F    
1215 1E67             (../MS Extended BA):00505                   FDB  RIGHT          RIGHT$ 
1217 1E6E             (../MS Extended BA):00506                   FDB  MID            MID$ 
     0097             (../MS Extended BA):00507         TOK_MID   EQU  (*-FUNC_TAB)/2+$7F
                      (../MS Extended BA):00508         ; REMAINING FUNCTIONS                      
1219 11B6             (../MS Extended BA):00509                   FDB  INKEY          INKEY$ 
     0098             (../MS Extended BA):00510         TOK_INKEY EQU  (*-FUNC_TAB)/2+$7F
121B 1C8D             (../MS Extended BA):00511                   FDB  MEM            MEM 
121D 2A8C             (../MS Extended BA):00512                   FDB  VARPT          VARPTR 
121F 2B4C             (../MS Extended BA):00513                   FDB  INSTR          INSTR 
1221 2B1C             (../MS Extended BA):00514                   FDB  STRING         STRING$ 
     001D             (../MS Extended BA):00515         NUM_SEC_FNS EQU  (*-FUNC_TAB)/2 
                      (../MS Extended BA):00516                                        
                      (../MS Extended BA):00517         ; THIS TABLE CONTAINS PRECEDENCES AND DISPATCH ADDRESSES FOR ARITHMETIC                      
                      (../MS Extended BA):00518         ; AND LOGICAL OPERATORS - THE NEGATION OPERATORS DO NOT ACT ON TWO OPERANDS                      
                      (../MS Extended BA):00519         ; S0 THEY ARE NOT LISTED IN THIS TABLE. THEY ARE TREATED SEPARATELY IN THE                      
                      (../MS Extended BA):00520         ; EXPRESSION EVALUATION ROUTINE. THEY ARE:                      
                      (../MS Extended BA):00521         ; UNARY NEGATION (-), PRECEDENCE &7D AND LOGICAL NEGATION (NOT), PRECEDENCE $5A                      
                      (../MS Extended BA):00522         ; THE RELATIONAL OPERATORS < > = ARE ALSO NOT LISTED, PRECEDENCE $64.                      
                      (../MS Extended BA):00523         ; A PRECEDENCE VALUE OF ZERO INDICATES END OF EXPRESSION OR PARENTHESES                      
                      (../MS Extended BA):00524         ;                              
1223 79               (../MS Extended BA):00525         LAA51     FCB  $79             
1224 2129             (../MS Extended BA):00526                   FDB  LB9C5          + 
1226 79               (../MS Extended BA):00527                   FCB  $79             
1227 2120             (../MS Extended BA):00528                   FDB  LB9BC          - 
1229 7B               (../MS Extended BA):00529                   FCB  $7B             
122A 2230             (../MS Extended BA):00530                   FDB  LBACC          * 
122C 7B               (../MS Extended BA):00531                   FCB  $7B             
122D 22F5             (../MS Extended BA):00532                   FDB  LBB91          / 
122F 7F               (../MS Extended BA):00533                   FCB  $7F             
1230 2861             (../MS Extended BA):00534                   FDB  L8489          EXPONENTIATION 
1232 50               (../MS Extended BA):00535                   FCB  $50             
1233 1A74             (../MS Extended BA):00536                   FDB  LB2D5          AND 
1235 46               (../MS Extended BA):00537                   FCB  $46             
1236 1A73             (../MS Extended BA):00538                   FDB  LB2D4          OR 
                      (../MS Extended BA):00539                                        
                      (../MS Extended BA):00540         ; THIS IS THE RESERVED WORD TABLE                      
                      (../MS Extended BA):00541         ; FIRST PART OF THE TABLE CONTAINS EXECUTABLE COMMANDS                      
1238 464F             (../MS Extended BA):00542         LAA66     FCC  "FO"           80 
123A D2               (../MS Extended BA):00543                   FCB  $80+'R'         
123B 47               (../MS Extended BA):00544                   FCC  "G"            81 
123C CF               (../MS Extended BA):00545                   FCB  $80+'O'         
     0081             (../MS Extended BA):00546         TOK_GO    EQU  $81             
123D 5245             (../MS Extended BA):00547                   FCC  "RE"           82 
123F CD               (../MS Extended BA):00548                   FCB  $80+'M'         
1240 A7               (../MS Extended BA):00549                   FCB  ''+$80         83 
1241 454C53           (../MS Extended BA):00550                   FCC  "ELS"          84 
1244 C5               (../MS Extended BA):00551                   FCB  $80+'E'         
1245 49               (../MS Extended BA):00552                   FCC  "I"            85 
1246 C6               (../MS Extended BA):00553                   FCB  $80+'F'         
1247 444154           (../MS Extended BA):00554                   FCC  "DAT"          86 
124A C1               (../MS Extended BA):00555                   FCB  $80+'A'         
124B 5052494E         (../MS Extended BA):00556                   FCC  "PRIN"         87 
124F D4               (../MS Extended BA):00557                   FCB  $80+'T'         
1250 4F               (../MS Extended BA):00558                   FCC  "O"            88 
1251 CE               (../MS Extended BA):00559                   FCB  $80+'N'         
1252 494E5055         (../MS Extended BA):00560                   FCC  "INPU"         89 
1256 D4               (../MS Extended BA):00561                   FCB  $80+'T'         
1257 454E             (../MS Extended BA):00562                   FCC  "EN"           8A 
1259 C4               (../MS Extended BA):00563                   FCB  $80+'D'         
125A 4E4558           (../MS Extended BA):00564                   FCC  "NEX"          8B 
125D D4               (../MS Extended BA):00565                   FCB  $80+'T'         
125E 4449             (../MS Extended BA):00566                   FCC  "DI"           8C 
1260 CD               (../MS Extended BA):00567                   FCB  $80+'M'         
1261 524541           (../MS Extended BA):00568                   FCC  "REA"          8D 
1264 C4               (../MS Extended BA):00569                   FCB  $80+'D'         
1265 5255             (../MS Extended BA):00570                   FCC  "RU"           8E 
1267 CE               (../MS Extended BA):00571                   FCB  $80+'N'         
1268 524553544F52     (../MS Extended BA):00572                   FCC  "RESTOR"       8F 
126E C5               (../MS Extended BA):00573                   FCB  $80+'E'         
126F 5245545552       (../MS Extended BA):00574                   FCC  "RETUR"        90 
1274 CE               (../MS Extended BA):00575                   FCB  $80+'N'         
1275 53544F           (../MS Extended BA):00576                   FCC  "STO"          91 
1278 D0               (../MS Extended BA):00577                   FCB  $80+'P'         
1279 504F4B           (../MS Extended BA):00578                   FCC  "POK"          92 
127C C5               (../MS Extended BA):00579                   FCB  $80+'E'         
127D 434F4E           (../MS Extended BA):00580                   FCC  "CON"          93 
1280 D4               (../MS Extended BA):00581                   FCB  $80+'T'         
1281 4C4953           (../MS Extended BA):00582                   FCC  "LIS"          94 
1284 D4               (../MS Extended BA):00583                   FCB  $80+'T'         
1285 434C4541         (../MS Extended BA):00584                   FCC  "CLEA"         95 
1289 D2               (../MS Extended BA):00585                   FCB  $80+'R'         
128A 4E45             (../MS Extended BA):00586                   FCC  "NE"           96 
128C D7               (../MS Extended BA):00587                   FCB  $80+'W'         
128D 455845           (../MS Extended BA):00588                   FCC  "EXE"          97 
1290 C3               (../MS Extended BA):00589                   FCB  $80+'C'         
1291 54524F           (../MS Extended BA):00590                   FCC  "TRO"          98 
1294 CE               (../MS Extended BA):00591                   FCB  $80+'N'         
1295 54524F46         (../MS Extended BA):00592                   FCC  "TROF"         99 
1299 C6               (../MS Extended BA):00593                   FCB  $80+'F'         
129A 4445             (../MS Extended BA):00594                   FCC  "DE"           9A 
129C CC               (../MS Extended BA):00595                   FCB  $80+'L'         
129D 4445             (../MS Extended BA):00596                   FCC  "DE"           9B 
129F C6               (../MS Extended BA):00597                   FCB  $80+'F'         
12A0 4C494E           (../MS Extended BA):00598                   FCC  "LIN"          9C 
12A3 C5               (../MS Extended BA):00599                   FCB  $80+'E'         
12A4 52454E55         (../MS Extended BA):00600                   FCC  "RENU"         9D 
12A8 CD               (../MS Extended BA):00601                   FCB  $80+'M'         
12A9 454449           (../MS Extended BA):00602                   FCC  "EDI"          9E 
12AC D4               (../MS Extended BA):00603                   FCB  $80+'T'         
                      (../MS Extended BA):00604         ; END OF EXECUTABLE COMMANDS. THE REMAINDER OF THE TABLE ARE NON-EXECUTABLE TOKENS                      
12AD 544142           (../MS Extended BA):00605                   FCC  "TAB"          9F 
12B0 A8               (../MS Extended BA):00606                   FCB  $80+'('         
     009F             (../MS Extended BA):00607         TOK_TAB   EQU  $9F             
12B1 54               (../MS Extended BA):00608                   FCC  "T"            A0 
12B2 CF               (../MS Extended BA):00609                   FCB  $80+'O'         
     00A0             (../MS Extended BA):00610         TOK_TO    EQU  $A0             
12B3 5355             (../MS Extended BA):00611                   FCC  "SU"           A1 
12B5 C2               (../MS Extended BA):00612                   FCB  $80+'B'         
     00A1             (../MS Extended BA):00613         TOK_SUB   EQU  $A1             
12B6 544845           (../MS Extended BA):00614                   FCC  "THE"          A2 
12B9 CE               (../MS Extended BA):00615                   FCB  $80+'N'         
     00A2             (../MS Extended BA):00616         TOK_THEN  EQU  $A2             
12BA 4E4F             (../MS Extended BA):00617                   FCC  "NO"           A3 
12BC D4               (../MS Extended BA):00618                   FCB  $80+'T'         
     00A3             (../MS Extended BA):00619         TOK_NOT   EQU  $A3             
12BD 535445           (../MS Extended BA):00620                   FCC  "STE"          A4 
12C0 D0               (../MS Extended BA):00621                   FCB  $80+'P'         
     00A4             (../MS Extended BA):00622         TOK_STEP  EQU  $A4             
12C1 4F46             (../MS Extended BA):00623                   FCC  "OF"           A5 
12C3 C6               (../MS Extended BA):00624                   FCB  $80+'F'         
12C4 AB               (../MS Extended BA):00625                   FCB  '++$80         A6 
     00A6             (../MS Extended BA):00626         TOK_PLUS  EQU  $A6             
12C5 AD               (../MS Extended BA):00627                   FCB  '-+$80         A7 
     00A7             (../MS Extended BA):00628         TOK_MINUS EQU  $A7             
12C6 AA               (../MS Extended BA):00629                   FCB  '*+$80         A8 
12C7 AF               (../MS Extended BA):00630                   FCB  '/+$80         A9 
12C8 DE               (../MS Extended BA):00631                   FCB  '^+$80         AA 
12C9 414E             (../MS Extended BA):00632                   FCC  "AN"           AB 
12CB C4               (../MS Extended BA):00633                   FCB  $80+'D'         
12CC 4F               (../MS Extended BA):00634                   FCC  "O"            AC 
12CD D2               (../MS Extended BA):00635                   FCB  $80+'R'         
12CE BE               (../MS Extended BA):00636                   FCB  '>+$80         AD 
     00AD             (../MS Extended BA):00637         TOK_GREATER EQU  $AD             
12CF BD               (../MS Extended BA):00638                   FCB  '=+$80         AE 
     00AE             (../MS Extended BA):00639         TOK_EQUALS EQU  $AE             
12D0 BC               (../MS Extended BA):00640                   FCB  '<+$80         AF 
12D1 46               (../MS Extended BA):00641                   FCC  "F"            B0 
12D2 CE               (../MS Extended BA):00642                   FCB  $80+'N'         
     00B0             (../MS Extended BA):00643         TOK_FN    EQU  $B0             
12D3 5553494E         (../MS Extended BA):00644                   FCC  "USIN"         B1 
12D7 C7               (../MS Extended BA):00645                   FCB  $80+'G'         
     00B1             (../MS Extended BA):00646         TOK_USING EQU  $B1             
                      (../MS Extended BA):00647         ;                              
                      (../MS Extended BA):00648                                        
                      (../MS Extended BA):00649         ; FIRST SET ALWAYS HAS ONE PARAMETER                      
12D8 5347             (../MS Extended BA):00650         LAB1A     FCC  "SG"           80 
12DA CE               (../MS Extended BA):00651                   FCB  $80+'N'         
12DB 494E             (../MS Extended BA):00652                   FCC  "IN"           81 
12DD D4               (../MS Extended BA):00653                   FCB  $80+'T'         
12DE 4142             (../MS Extended BA):00654                   FCC  "AB"           82 
12E0 D3               (../MS Extended BA):00655                   FCB  $80+'S'         
12E1 5553             (../MS Extended BA):00656                   FCC  "US"           83 
12E3 D2               (../MS Extended BA):00657                   FCB  $80+'R'         
12E4 524E             (../MS Extended BA):00658                   FCC  "RN"           84 
12E6 C4               (../MS Extended BA):00659                   FCB  $80+'D'         
12E7 5349             (../MS Extended BA):00660                   FCC  "SI"           85 
12E9 CE               (../MS Extended BA):00661                   FCB  $80+'N'         
12EA 504545           (../MS Extended BA):00662                   FCC  "PEE"          86 
12ED CB               (../MS Extended BA):00663                   FCB  $80+'K'         
12EE 4C45             (../MS Extended BA):00664                   FCC  "LE"           87 
12F0 CE               (../MS Extended BA):00665                   FCB  $80+'N'         
12F1 535452           (../MS Extended BA):00666                   FCC  "STR"          88 
12F4 A4               (../MS Extended BA):00667                   FCB  $80+'$'         
12F5 5641             (../MS Extended BA):00668                   FCC  "VA"           89 
12F7 CC               (../MS Extended BA):00669                   FCB  $80+'L'         
12F8 4153             (../MS Extended BA):00670                   FCC  "AS"           8A 
12FA C3               (../MS Extended BA):00671                   FCB  $80+'C'         
12FB 434852           (../MS Extended BA):00672                   FCC  "CHR"          8B 
12FE A4               (../MS Extended BA):00673                   FCB  $80+'$'         
12FF 4154             (../MS Extended BA):00674                   FCC  "AT"           8C 
1301 CE               (../MS Extended BA):00675                   FCB  $80+'N'         
1302 434F             (../MS Extended BA):00676                   FCC  "CO"           8D 
1304 D3               (../MS Extended BA):00677                   FCB  $80+'S'         
1305 5441             (../MS Extended BA):00678                   FCC  "TA"           8E 
1307 CE               (../MS Extended BA):00679                   FCB  $80+'N'         
1308 4558             (../MS Extended BA):00680                   FCC  "EX"           8F 
130A D0               (../MS Extended BA):00681                   FCB  $80+'P'         
130B 4649             (../MS Extended BA):00682                   FCC  "FI"           90 
130D D8               (../MS Extended BA):00683                   FCB  $80+'X'         
130E 4C4F             (../MS Extended BA):00684                   FCC  "LO"           91 
1310 C7               (../MS Extended BA):00685                   FCB  $80+'G'         
1311 504F             (../MS Extended BA):00686                   FCC  "PO"           92 
1313 D3               (../MS Extended BA):00687                   FCB  $80+'S'         
1314 5351             (../MS Extended BA):00688                   FCC  "SQ"           93 
1316 D2               (../MS Extended BA):00689                   FCB  $80+'R'         
1317 484558           (../MS Extended BA):00690                   FCC  "HEX"          94 
131A A4               (../MS Extended BA):00691                   FCB  $80+'$'         
                      (../MS Extended BA):00692         ; LEFT, RIGHT AND MID ARE TREATED SEPARATELY                      
131B 4C454654         (../MS Extended BA):00693                   FCC  "LEFT"         95 
131F A4               (../MS Extended BA):00694                   FCB  $80+'$'         
1320 5249474854       (../MS Extended BA):00695                   FCC  "RIGHT"        96 
1325 A4               (../MS Extended BA):00696                   FCB  $80+'$'         
1326 4D4944           (../MS Extended BA):00697                   FCC  "MID"          97 
1329 A4               (../MS Extended BA):00698                   FCB  $80+'$'         
                      (../MS Extended BA):00699         ; REMAINING FUNCTIONS                      
132A 494E4B4559       (../MS Extended BA):00700                   FCC  "INKEY"        98 
132F A4               (../MS Extended BA):00701                   FCB  $80+'$'         
1330 4D45             (../MS Extended BA):00702                   FCC  "ME"           99 
1332 CD               (../MS Extended BA):00703                   FCB  $80+'M'         
1333 5641525054       (../MS Extended BA):00704                   FCC  "VARPT"        9A 
1338 D2               (../MS Extended BA):00705                   FCB  $80+'R'         
1339 494E5354         (../MS Extended BA):00706                   FCC  "INST"         9B 
133D D2               (../MS Extended BA):00707                   FCB  $80+'R'         
133E 535452494E47     (../MS Extended BA):00708                   FCC  "STRING"       9C 
1344 A4               (../MS Extended BA):00709                   FCB  $80+'$'         
                      (../MS Extended BA):00710                                        
                      (../MS Extended BA):00711         ;                              
                      (../MS Extended BA):00712         ; DISPATCH TABLE FOR COMMANDS TOKEN #               
1345                  (../MS Extended BA):00713         CMD_TAB                        
1345 1503             (../MS Extended BA):00714         LAB67     FDB  FOR             80   
1347 164E             (../MS Extended BA):00715                   FDB  GO              81   
1349 16AB             (../MS Extended BA):00716                   FDB  REM             82   
     0082             (../MS Extended BA):00717         TOK_REM   EQU  (*-CMD_TAB)/2+$7F   
134B 16AB             (../MS Extended BA):00718                   FDB  REM             83 (') 
     0083             (../MS Extended BA):00719         TOK_SNGL_Q EQU  (*-CMD_TAB)/2+$7F 
134D 16AB             (../MS Extended BA):00720                   FDB  REM             84 (ELSE) 
     0084             (../MS Extended BA):00721         TOK_ELSE  EQU  (*-CMD_TAB)/2+$7F 
134F 16DC             (../MS Extended BA):00722                   FDB  IF              85   
     0085             (../MS Extended BA):00723         TOK_IF    EQU  (*-CMD_TAB)/2+$7F 
1351 16A8             (../MS Extended BA):00724                   FDB  DATA            86   
     0086             (../MS Extended BA):00725         TOK_DATA    EQU  (*-CMD_TAB)/2+$7F
1353 2085             (../MS Extended BA):00726                   FDB  PRINT           87   
     0087             (../MS Extended BA):00727         TOK_PRINT EQU  (*-CMD_TAB)/2+$7F 
1355 170A             (../MS Extended BA):00728                   FDB  ON              88   
1357 17B7             (../MS Extended BA):00729                   FDB  INPUT           89   
     0089             (../MS Extended BA):00730         TOK_INPUT EQU  (*-CMD_TAB)/2+$7F  
1359 15D5             (../MS Extended BA):00731                   FDB  END             8A   
135B 189C             (../MS Extended BA):00732                   FDB  NEXT            8B   
135D 1AED             (../MS Extended BA):00733                   FDB  DIM             8C   
135F 17F1             (../MS Extended BA):00734                   FDB  READ            8D   
1361 1643             (../MS Extended BA):00735                   FDB  RUN             8E   
1363 15B7             (../MS Extended BA):00736                   FDB  RESTOR         8F 
1365 1688             (../MS Extended BA):00737                   FDB  RETURN          90   
1367 15D9             (../MS Extended BA):00738                   FDB  STOP            91   
1369 1EF6             (../MS Extended BA):00739                   FDB  POKE            92   
136B 15FE             (../MS Extended BA):00740                   FDB  CONT           93 
136D 1EFD             (../MS Extended BA):00741                   FDB  LIST            94   
136F 160F             (../MS Extended BA):00742                   FDB  CLEAR           95   
1371 14D3             (../MS Extended BA):00743                   FDB  NEW             96   
1373 11A8             (../MS Extended BA):00744                   FDB  EXEC           97 
1375 2A7F             (../MS Extended BA):00745                   FDB  TRON           98 
1377 2A80             (../MS Extended BA):00746                   FDB  TROFF          99 
1379 2CFB             (../MS Extended BA):00747                   FDB  DEL            9A 
137B 2C3F             (../MS Extended BA):00748                   FDB  DEF            9B 
137D 33E9             (../MS Extended BA):00749                   FDB  LINE           9C 
137F 2D85             (../MS Extended BA):00750                   FDB  RENUM          9D 
1381 290B             (../MS Extended BA):00751                   FDB  EDIT           9E 
     009E             (../MS Extended BA):00752         TOK_HIGH_EXEC EQU  (*-CMD_TAB)/2+$7F 
                      (../MS Extended BA):00753                                        
                      (../MS Extended BA):00754         ; ERROR MESSAGES AND THEIR NUMBERS AS USED INTERNALLY                      
1383 4E46             (../MS Extended BA):00755         LABAF     FCC  "NF"           0 NEXT WITHOUT FOR   
1385 534E             (../MS Extended BA):00756                   FCC  "SN"           1 SYNTAX ERROR   
1387 5247             (../MS Extended BA):00757                   FCC  "RG"           2 RETURN WITHOUT GOSUB   
1389 4F44             (../MS Extended BA):00758                   FCC  "OD"           3 OUT OF DATA   
138B 4643             (../MS Extended BA):00759                   FCC  "FC"           4 ILLEGAL FUNCTION CALL   
138D 4F56             (../MS Extended BA):00760                   FCC  "OV"           5 OVERFLOW   
138F 4F4D             (../MS Extended BA):00761                   FCC  "OM"           6 OUT OF MEMORY   
1391 554C             (../MS Extended BA):00762                   FCC  "UL"           7 UNDEFINED LINE NUMBER   
1393 4253             (../MS Extended BA):00763                   FCC  "BS"           8 BAD SUBSCRIPT   
1395 4444             (../MS Extended BA):00764                   FCC  "DD"           9 REDIMENSIONED ARRAY   
1397 2F30             (../MS Extended BA):00765                   FCC  "/0"           10 DIVISION BY ZERO 
1399 4944             (../MS Extended BA):00766                   FCC  "ID"           11 ILLEGAL DIRECT STATEMENT 
139B 544D             (../MS Extended BA):00767                   FCC  "TM"           12 TYPE MISMATCH 
139D 4F53             (../MS Extended BA):00768                   FCC  "OS"           13 OUT OF STRING SPACE 
139F 4C53             (../MS Extended BA):00769                   FCC  "LS"           14 STRING TOO LONG 
13A1 5354             (../MS Extended BA):00770                   FCC  "ST"           15 STRING FORMULA TOO COMPLEX 
13A3 434E             (../MS Extended BA):00771                   FCC  "CN"           16 CAN'T CONTINUE 
13A5 4644             (../MS Extended BA):00772                   FCC  "FD"           17 BAD FILE DATA 
13A7 414F             (../MS Extended BA):00773                   FCC  "AO"           18 FILE ALREADY OPEN 
13A9 444E             (../MS Extended BA):00774                   FCC  "DN"           19 DEVICE NUMBER ERROR 
13AB 494F             (../MS Extended BA):00775                   FCC  "IO"           20 I/O ERROR 
13AD 464D             (../MS Extended BA):00776                   FCC  "FM"           21 BAD FILE MODE 
13AF 4E4F             (../MS Extended BA):00777                   FCC  "NO"           22 FILE NOT OPEN 
13B1 4945             (../MS Extended BA):00778                   FCC  "IE"           23 INPUT PAST END OF FILE 
13B3 4453             (../MS Extended BA):00779                   FCC  "DS"           24 DIRECT STATEMENT IN FILE 
                      (../MS Extended BA):00780         ; ADDITIONAL ERROR MESSAGES ADDED BY EXTENDED BASIC                      
13B5 5546             (../MS Extended BA):00781         L890B     FCC  "UF"           25 UNDEFINED FUNCTION (FN) CALL 
13B7 4E45             (../MS Extended BA):00782         L890D     FCC  "NE"           26 FILE NOT FOUND 
                      (../MS Extended BA):00783                                        
13B9 204552524F52     (../MS Extended BA):00784         LABE1     FCC  " ERROR"        
13BF 00               (../MS Extended BA):00785                   FCB  $00             
13C0 20494E20         (../MS Extended BA):00786         LABE8     FCC  " IN "          
13C4 00               (../MS Extended BA):00787                   FCB  $00             
13C5 0D               (../MS Extended BA):00788         LABED     FCB  CR              
13C6 4F4B             (../MS Extended BA):00789         LABEE     FCC  "OK"            
13C8 0D00             (../MS Extended BA):00790                   FCB  CR,$00          
13CA 0D               (../MS Extended BA):00791         LABF2     FCB  CR              
13CB 425245414B       (../MS Extended BA):00792                   FCC  "BREAK"         
13D0 00               (../MS Extended BA):00793                   FCB  $00             
                      (../MS Extended BA):00794                                        
                      (../MS Extended BA):00795         ; SEARCH THE STACK FOR ‘GOSUB/RETURN’ OR ‘FOR/NEXT’ DATA.                      
                      (../MS Extended BA):00796         ; THE ‘FOR/NEXT’ INDEX VARIABLE DESCRIPTOR ADDRESS BEING                      
                      (../MS Extended BA):00797         ; SOUGHT IS STORED IN VARDES. EACH BLOCK OF FOR/NEXT DATA IS 18                      
                      (../MS Extended BA):00798         ; BYTES WITH A $80 LEADER BYTE AND THE GOSUB/RETURN DATA IS 5 BYTES                      
                      (../MS Extended BA):00799         ; WITH AN $A6 LEADER BYTE. THE FIRST NON "FOR/NEXT" DATA                      
                      (../MS Extended BA):00800         ; IS CONSIDERED ‘GOSUB/RETURN’                      
13D1 3064             (../MS Extended BA):00801         LABF9     LEAX 4,S            POINT X TO 3RD ADDRESS ON STACK - IGNORE THE 
                      (../MS Extended BA):00802         ;                             FIRST TWO RETURN ADDRESSES ON THE STACK  
13D3 C612             (../MS Extended BA):00803         LABFB     LDB  #18            18 BYTES SAVED ON STACK FOR EACH ‘FOR’ LOOP 
13D5 9F0F             (../MS Extended BA):00804                   STX  TEMPTR         SAVE POINTER 
13D7 A684             (../MS Extended BA):00805                   LDA  ,X             GET 1ST BYTE 
13D9 8080             (../MS Extended BA):00806                   SUBA #$80           * CHECK FOR TYPE OF STACK JUMP FOUND 
13DB 2615             (../MS Extended BA):00807                   BNE  LAC1A          * BRANCH IF NOT ‘FOR/NEXT’ 
13DD AE01             (../MS Extended BA):00808                   LDX  1,X            = GET INDEX VARIABLE DESCRIPTOR 
13DF 9F11             (../MS Extended BA):00809                   STX  TMPTR1         = POINTER AND SAVE IT IN TMPTR1 
13E1 9E3B             (../MS Extended BA):00810                   LDX  VARDES         GET INDEX VARIABLE BEING SEARCHED FOR 
13E3 2709             (../MS Extended BA):00811                   BEQ  LAC16          BRANCH IF DEFAULT INDEX VARIABLE - USE THE 
                      (../MS Extended BA):00812         ;                             FIRST ‘FOR/NEXT’ DATA FOUND ON STACK 
                      (../MS Extended BA):00813         ;                             IF NO INDEX VARIABLE AFTER ‘NEXT’ 
13E5 9C11             (../MS Extended BA):00814                   CMPX TMPTR1         DOES THE STACK INDEX MATCH THE ONE 
                      (../MS Extended BA):00815         ;                             BEING SEARCHED FOR? 
13E7 2709             (../MS Extended BA):00816                   BEQ  LAC1A          YES 
13E9 9E0F             (../MS Extended BA):00817                   LDX  TEMPTR         * RESTORE INITIAL POINTER, ADD 
13EB 3A               (../MS Extended BA):00818                   ABX                 * 18 TO IT AND LOOK FOR 
13EC 20E5             (../MS Extended BA):00819                   BRA  LABFB          * NEXT BLOCK OF DATA 
13EE 9E11             (../MS Extended BA):00820         LAC16     LDX  TMPTR1         = GET 1ST INDEX VARIABLE FOUND AND 
13F0 9F3B             (../MS Extended BA):00821                   STX  VARDES         = SAVE AS ‘NEXT’ INDEX 
13F2 9E0F             (../MS Extended BA):00822         LAC1A     LDX  TEMPTR         POINT X TO START OF ‘FOR/NEXT’ DATA 
13F4 4D               (../MS Extended BA):00823                   TSTA                SET ZERO FLAG IF ‘FOR/NEXT’ DATA 
13F5 39               (../MS Extended BA):00824                   RTS                  
                      (../MS Extended BA):00825         ; CHECK FOR MEMORY SPACE FOR NEW TOP OF                      
                      (../MS Extended BA):00826         ; ARRAYS AND MOVE ARRAYS TO NEW LOCATION                      
13F6 8D17             (../MS Extended BA):00827         LAC1E     BSR  LAC37          ACCD = NEW BOTTOM OF FREE RAM - IS THERE 
                      (../MS Extended BA):00828         ;                             ROOM FOR THE STACK? 
                      (../MS Extended BA):00829         ; MOVE BYTES FROM V43(X) TO V41(U) UNTIL (X) = V47 AND                      
                      (../MS Extended BA):00830         ; SAVE FINAL VALUE OF U IN V45                      
13F8 DE41             (../MS Extended BA):00831         LAC20     LDU  V41            POINT U TO DESTINATION ADDRESS (V41) 
13FA 3341             (../MS Extended BA):00832                   LEAU 1,U            ADD ONE TO U - COMPENSATE FOR FIRST PSHU 
13FC 9E43             (../MS Extended BA):00833                   LDX  V43            POINT X TO SOURCE ADDRESS (V43) 
13FE 3001             (../MS Extended BA):00834                   LEAX 1,X            ADD ONE - COMPENSATE FOR FIRST LDA ,X 
1400 A682             (../MS Extended BA):00835         LAC28     LDA  ,-X            GRAB A BYTE FROM SOURCE 
1402 3602             (../MS Extended BA):00836                   PSHU A              MOVE IT TO DESTINATION 
1404 9C47             (../MS Extended BA):00837                   CMPX V47            DONE? 
1406 26F8             (../MS Extended BA):00838                   BNE  LAC28          NO - KEEP MOVING BYTES 
1408 DF45             (../MS Extended BA):00839                   STU  V45            SAVE FINAL DESTINATION ADDRESS 
140A 39               (../MS Extended BA):00840         LAC32     RTS                  
                      (../MS Extended BA):00841         ; CHECK TO SEE IF THERE IS ROOM TO STORE 2*ACCB                      
                      (../MS Extended BA):00842         ; BYTES IN FREE RAM - OM ERROR IF NOT                      
140B 4F               (../MS Extended BA):00843         LAC33     CLRA                * ACCD CONTAINS NUMBER OF EXTRA 
140C 58               (../MS Extended BA):00844                   ASLB                * BYTES TO PUT ON STACK 
140D D31F             (../MS Extended BA):00845                   ADDD ARYEND         END OF PROGRAM AND VARIABLES 
140F C3003A           (../MS Extended BA):00846         LAC37     ADDD #STKBUF        ADD STACK BUFFER - ROOM FOR STACK? 
1412 2508             (../MS Extended BA):00847                   BCS  LAC44          BRANCH IF GREATER THAN $FFFF 
1414 10DF17           (../MS Extended BA):00848                   STS  BOTSTK         CURRENT NEW BOTTOM OF STACK STACK POINTER 
1417 109317           (../MS Extended BA):00849                   CMPD BOTSTK         ARE WE GOING TO BE BELOW STACK? 
141A 25EE             (../MS Extended BA):00850                   BCS  LAC32          YES - NO ERROR 
141C C60C             (../MS Extended BA):00851         LAC44     LDB  #6*2           OUT OF MEMORY ERROR 
                      (../MS Extended BA):00852                                        
                      (../MS Extended BA):00853         ; ERROR SERVICING ROUTINE                      
141E BD14EF           (../MS Extended BA):00854         LAC46     JSR  LAD33          RESET STACK, STRING STACK, CONTINUE POINTER 
1421 BD20C4           (../MS Extended BA):00855                   JSR  LB95C          SEND A CR TO SCREEN 
1424 BD2113           (../MS Extended BA):00856                   JSR  LB9AF          SEND A ‘?‘ TO SCREEN 
1427 8E1383           (../MS Extended BA):00857                   LDX  #LABAF         POINT TO ERROR TABLE 
142A 3A               (../MS Extended BA):00858         LAC60     ABX                 ADD MESSAGE NUMBER OFFSET 
142B 8D31             (../MS Extended BA):00859                   BSR  LACA0          * GET TWO CHARACTERS FROM X AND 
142D 8D2F             (../MS Extended BA):00860                   BSR  LACA0          * SEND TO CONSOLE OUT (SCREEN) 
142F 8E13B8           (../MS Extended BA):00861                   LDX  #LABE1-1       POINT TO "ERROR" MESSAGE 
1432 BD2100           (../MS Extended BA):00862         LAC68     JSR  LB99C          PRINT MESSAGE POINTED TO BY X 
1435 9668             (../MS Extended BA):00863                   LDA  CURLIN         GET CURRENT LINE NUMBER (CURL IN) 
1437 4C               (../MS Extended BA):00864                   INCA                TEST FOR DIRECT MODE 
1438 2703             (../MS Extended BA):00865                   BEQ  LAC73          BRANCH IF DIRECT MODE 
143A BD2529           (../MS Extended BA):00866                   JSR  LBDC5          PRINT ‘IN ****‘ 
                      (../MS Extended BA):00867                                        
                      (../MS Extended BA):00868         ; THIS IS THE MAIN LOOP OF BASIC WHEN IN DIRECT MODE                      
143D BD20C4           (../MS Extended BA):00869         LAC73     JSR  LB95C          MOVE CURSOR TO START OF LINE 
1440 8E13C5           (../MS Extended BA):00870                   LDX  #LABED         POINT X TO ‘OK’, CR MESSAGE 
1443 BD2100           (../MS Extended BA):00871                   JSR  LB99C          PRINT ‘OK’, CR 
1446 BD115A           (../MS Extended BA):00872         LAC7C     JSR  LA390          GO GET AN INPUT LINE 
1449 CEFFFF           (../MS Extended BA):00873                   LDU  #$FFFF         THE LINE NUMBER FOR DIRECT MODE IS $FFFF 
144C DF68             (../MS Extended BA):00874                   STU  CURLIN         SAVE IT IN CURLIN 
144E 25F6             (../MS Extended BA):00875                   BCS  LAC7C          BRANCH IF LINE INPUT TERMINATED BY BREAK 
1450 9F83             (../MS Extended BA):00876                   STX  CHARAD         SAVE (X) AS CURRENT INPUT POINTER - THIS WILL 
                      (../MS Extended BA):00877         ;                             ENABLE THE ‘LIVE KEYBOARD’ (DIRECT) MODE. THE  
                      (../MS Extended BA):00878         ;                             LINE JUST ENTERED WILL BE INTERPRETED  
1452 9D7C             (../MS Extended BA):00879                   JSR  GETNCH         GET NEXT CHARACTER FROM BASIC 
1454 27F0             (../MS Extended BA):00880                   BEQ  LAC7C          NO LINE INPUT - GET ANOTHER LINE 
1456 250B             (../MS Extended BA):00881                   BCS  LACA5          BRANCH IF NUMER1C - THERE WAS A LINE NUMBER BEFORE 
                      (../MS Extended BA):00882         ;                             THE  STATEMENT ENTERED, SO THIS STATEMENT  
                      (../MS Extended BA):00883         ;                             WILL BE MERGED INTO THE BASIC PROGRAM  
1458 BD1FB2           (../MS Extended BA):00884                   JSR  LB821          GO CRUNCH LINE 
145B 7E158C           (../MS Extended BA):00885                   JMP  LADC0          GO EXECUTE THE STATEMENT (LIVE KEYBOARD) 
                      (../MS Extended BA):00886         ;                              
145E A680             (../MS Extended BA):00887         LACA0     LDA  ,X+            GET A CHARACTER 
1460 7E2115           (../MS Extended BA):00888                   JMP  LB9B1          SEND TO CONSOLE OUT 
                      (../MS Extended BA):00889                         
                      (../MS Extended BA):00890         ; TAKE A LINE FROM THE LINE INPUT BUFFER                      
                      (../MS Extended BA):00891         ; AND INSERT IT INTO THE BASIC PROGRAM                      
1463 BD172F           (../MS Extended BA):00892         LACA5     JSR  LAF67          CONVERT LINE NUMBER TO BINARY 
1466 9E2B             (../MS Extended BA):00893         LACA8     LDX  BINVAL         GET CONVERTED LINE NUMBER 
1468 9FDF             (../MS Extended BA):00894                   STX  LINHDR         STORE IT IN LINE INPUT HEADER 
146A BD1FB2           (../MS Extended BA):00895                   JSR  LB821          GO CRUNCH THE LINE 
146D D703             (../MS Extended BA):00896                   STB  TMPLOC         SAVE LINE LENGTH 
146F 8D4C             (../MS Extended BA):00897                   BSR  LAD01          FIND OUT WHERE TO INSERT LINE 
1471 2512             (../MS Extended BA):00898                   BCS  LACC8          BRANCH IF LINE NUMBER DOES NOT ALREADY EXIST 
1473 DC47             (../MS Extended BA):00899                   LDD  V47            GET ABSOLUTE ADDRESS OF LINE NUMBER 
1475 A384             (../MS Extended BA):00900                   SUBD ,X             SUBTRACT ADDRESS OF NEXT LINE NUMBER 
1477 D31B             (../MS Extended BA):00901                   ADDD VARTAB         * ADD TO CURRENT END OF PROGRAM - THIS WILL REMOVE 
1479 DD1B             (../MS Extended BA):00902                   STD  VARTAB         * THE LENGTH OF THIS LINE NUMBER FROM THE PROGRAM 
147B EE84             (../MS Extended BA):00903                   LDU  ,X             POINT U TO ADDRESS OF NEXT LINE NUMBER 
                      (../MS Extended BA):00904         ; DELETE OLD LINE FROM BASIC PROGRAM                      
147D 3702             (../MS Extended BA):00905         LACC0     PULU A              GET A BYTE FROM WHAT’S LEFT OF PROGRAM 
147F A780             (../MS Extended BA):00906                   STA  ,X+            MOVE IT DOWN 
1481 9C1B             (../MS Extended BA):00907                   CMPX VARTAB         COMPARE TO END OF BASIC PROGRAM 
1483 26F8             (../MS Extended BA):00908                   BNE  LACC0          BRANCH IF NOT AT END 
1485 96E1             (../MS Extended BA):00909         LACC8     LDA  LINBUF         * CHECK TO SEE IF THERE IS A LINE IN 
1487 271C             (../MS Extended BA):00910                   BEQ  LACE9          * THE BUFFER AND BRANCH IF NONE 
1489 DC1B             (../MS Extended BA):00911                   LDD  VARTAB         = SAVE CURRENT END OF 
148B DD43             (../MS Extended BA):00912                   STD  V43            = PROGRAM IN V43 
148D DB03             (../MS Extended BA):00913                   ADDB TMPLOC         * ADD LENGTH OF CRUNCHED LINE, 
148F 8900             (../MS Extended BA):00914                   ADCA #0             * PROPOGATE CARRY AND SAVE NEW END 
1491 DD41             (../MS Extended BA):00915                   STD  V41            * OF PROGRAM IN V41 
1493 BD13F6           (../MS Extended BA):00916                   JSR  LAC1E          = MAKE SURE THERE’S ENOUGH RAM FOR THIS 
                      (../MS Extended BA):00917         ;                             = LINE & MAKE A HOLE IN BASIC FOR NEW LINE  
1496 CE40DD           (../MS Extended BA):00918                   LDU  #LINHDR-2      POINT U TO LINE TO BE INSERTED 
1499 3702             (../MS Extended BA):00919         LACDD     PULU A              GET A BYTE FROM NEW LINE 
149B A780             (../MS Extended BA):00920                   STA  ,X+            INSERT IT IN PROGRAM 
149D 9C45             (../MS Extended BA):00921                   CMPX V45            * COMPARE TO ADDRESS OF END OF INSERTED 
149F 26F8             (../MS Extended BA):00922                   BNE  LACDD          * LINE AND BRANCH IF NOT DONE 
14A1 9E41             (../MS Extended BA):00923                   LDX  V41            = GET AND SAVE 
14A3 9F1B             (../MS Extended BA):00924                   STX  VARTAB         = END OF PROGRAM 
14A5 8D36             (../MS Extended BA):00925         LACE9     BSR  LAD21          RESET INPUT POINTER, CLEAR VARIABLES, INITIALIZE 
14A7 8D02             (../MS Extended BA):00926                   BSR  LACEF          ADJUST START OF NEXT LINE ADDRESSES 
14A9 209B             (../MS Extended BA):00927                   BRA  LAC7C          REENTER BASIC’S INPUT LOOP 
                      (../MS Extended BA):00928         ; COMPUTE THE START OF NEXT LINE ADDRESSES FOR THE BASIC PROGRAM                      
14AB 9E19             (../MS Extended BA):00929         LACEF     LDX  TXTTAB         POINT X TO START OF PROGRAM 
14AD EC84             (../MS Extended BA):00930         LACF1     LDD  ,X             GET ADDRESS OF NEXT LINE 
14AF 2721             (../MS Extended BA):00931                   BEQ  LAD16          RETURN IF END OF PROGRAM 
14B1 3304             (../MS Extended BA):00932                   LEAU 4,X            POINT U TO START OF BASIC TEXT IN LINE 
14B3 A6C0             (../MS Extended BA):00933         LACF7     LDA  ,U+            * SKIP THROUGH THE LINE UNTIL A 
14B5 26FC             (../MS Extended BA):00934                   BNE  LACF7          * ZERO (END OF LINE) IS FOUND 
14B7 EF84             (../MS Extended BA):00935                   STU  ,X             SAVE THE NEW START OF NEXT LINE ADDRESS 
14B9 AE84             (../MS Extended BA):00936                   LDX  ,X             POINT X TO START OF NEXT LINE 
14BB 20F0             (../MS Extended BA):00937                   BRA  LACF1          KEEP GOING 
                      (../MS Extended BA):00938         ;                              
                      (../MS Extended BA):00939         ; FIND A LINE NUMBER IN THE BASIC PROGRAM                      
                      (../MS Extended BA):00940         ; RETURN WITH CARRY SET IF NO MATCH FOUND                      
14BD DC2B             (../MS Extended BA):00941         LAD01     LDD  BINVAL         GET THE LINE NUMBER TO FIND 
14BF 9E19             (../MS Extended BA):00942                   LDX  TXTTAB         BEGINNING OF PROGRAM 
14C1 EE84             (../MS Extended BA):00943         LAD05     LDU  ,X             GET ADDRESS OF NEXT LINE NUMBER 
14C3 2709             (../MS Extended BA):00944                   BEQ  LAD12          BRANCH IF END OF PROG 
14C5 10A302           (../MS Extended BA):00945                   CMPD 2,X            IS IT A MATCH? 
14C8 2306             (../MS Extended BA):00946                   BLS  LAD14          CARRY SET IF LOWER; CARRY CLEAR IF MATCH 
14CA AE84             (../MS Extended BA):00947                   LDX  ,X             X = ADDRESS OF NEXT LINE 
14CC 20F3             (../MS Extended BA):00948                   BRA  LAD05          KEEP LOOPING FOR LINE NUMBER 
14CE 1A01             (../MS Extended BA):00949         LAD12     ORCC #1             SET CARRY FLAG 
14D0 9F47             (../MS Extended BA):00950         LAD14     STX  V47            SAVE MATCH LINE NUMBER OR NUMBER OF LINE JUST AFTER 
                      (../MS Extended BA):00951         ;                             WHERE IT SHOULD HAVE BEEN 
14D2 39               (../MS Extended BA):00952         LAD16     RTS                  
                      (../MS Extended BA):00953                                        
                      (../MS Extended BA):00954         ; NEW                          
14D3 26FB             (../MS Extended BA):00955         NEW       BNE  LAD14          BRANCH IF ARGUMENT GIVEN 
14D5 9E19             (../MS Extended BA):00956         LAD19     LDX  TXTTAB         GET START OF BASIC 
14D7 6F80             (../MS Extended BA):00957                   CLR  ,X+            * PUT 2 ZERO BYTES THERE - ERASE 
14D9 6F80             (../MS Extended BA):00958                   CLR  ,X+            * THE BASIC PROGRAM 
14DB 9F1B             (../MS Extended BA):00959                   STX  VARTAB         AND THE NEXT ADDRESS IS NOW THE END OF PROGRAM 
14DD 9E19             (../MS Extended BA):00960         LAD21     LDX  TXTTAB         GET START OF BASIC 
14DF BD1683           (../MS Extended BA):00961                   JSR  LAEBB          PUT INPUT POINTER ONE BEFORE START OF BASIC 
                      (../MS Extended BA):00962         ; ERASE ALL VARIABLES                      
14E2 9E27             (../MS Extended BA):00963         LAD26     LDX  MEMSIZ         * RESET START OF STRING VARIABLES 
14E4 9F23             (../MS Extended BA):00964                   STX  STRTAB         * TO TOP OF STRING SPACE 
14E6 BD15B7           (../MS Extended BA):00965                   JSR  RESTOR         RESET ‘DATA’ POINTER TO START OF BASIC 
14E9 9E1B             (../MS Extended BA):00966                   LDX  VARTAB         * GET START OF VARIABLES AND USE IT 
14EB 9F1D             (../MS Extended BA):00967                   STX  ARYTAB         * TO RESET START OF ARRAYS 
14ED 9F1F             (../MS Extended BA):00968                   STX  ARYEND         RESET END OF ARRAYS 
14EF 8E40B7           (../MS Extended BA):00969         LAD33     LDX  #STRSTK        * RESET STRING STACK POINTER TO 
14F2 9F0B             (../MS Extended BA):00970                   STX  TEMPPT         * BOTTOM OF STRING STACK 
14F4 AEE4             (../MS Extended BA):00971                   LDX  ,S             GET RETURN ADDRESS OFF STACK 
14F6 10DE21           (../MS Extended BA):00972                   LDS  FRETOP         RESTORE STACK POINTER 
14F9 6FE2             (../MS Extended BA):00973                   CLR  ,-S            PUT A ZERO BYTE ON STACK - TO CLEAR ANY RETURN OF 
                      (../MS Extended BA):00974         ;                             FOR/NEXT DATA FROM THE STACK 
14FB 0F2D             (../MS Extended BA):00975                   CLR  OLDPTR         RESET ‘CONT’ ADDRESS SO YOU 
14FD 0F2E             (../MS Extended BA):00976                   CLR  OLDPTR+1       ‘CAN’T CONTINUE’ 
14FF 0F08             (../MS Extended BA):00977                   CLR  ARYDIS         CLEAR THE ARRAY DISABLE FLAG 
1501 6E84             (../MS Extended BA):00978                   JMP  ,X             RETURN TO CALLING ROUTINE - THIS IS NECESSARY 
                      (../MS Extended BA):00979         ;                             SINCE THE STACK WAS RESET 
                      (../MS Extended BA):00980         ;                              
                      (../MS Extended BA):00981         ; FOR                          
                      (../MS Extended BA):00982         ;                              
                      (../MS Extended BA):00983         ; THE FOR COMMAND WILL STORE 18 BYTES ON THE STACK FOR                      
                      (../MS Extended BA):00984         ; EACH FOR-NEXT LOOP WHICH IS BEING PROCESSED. THESE                      
                      (../MS Extended BA):00985         ; BYTES ARE DEFINED AS FOLLOWS: 0- $80 (FOR FLAG);                      
                      (../MS Extended BA):00986         ;         1,2=INDEX VARIABLE DESCRIPTOR POINTER; 3-7=FP VALUE OF STEP;  
                      (../MS Extended BA):00987         ;         8=STEP DIRECTION: $FF IF NEGATIVE; 0 IF ZERO; 1 IF POSITIVE;  
                      (../MS Extended BA):00988         ; 9-13=FP VALUE OF ‘TO’ PARAMETER;                      
                      (../MS Extended BA):00989         ; 14,15=CURRENT LINE NUMBER; 16,17=RAM ADDRESS OF THE END                      
                      (../MS Extended BA):00990         ;         OF   THE LINE CONTAINING THE ‘FOR’ STATEMENT  
1503 8680             (../MS Extended BA):00991         FOR       LDA  #$80           * SAVE THE DISABLE ARRAY FLAG IN VO8 
1505 9708             (../MS Extended BA):00992                   STA  ARYDIS         * DO NOT ALLOW THE INDEX VARIABLE TO BE AN ARRAY 
1507 BD1751           (../MS Extended BA):00993                   JSR  LET            SET INDEX VARIABLE TO INITIAL VALUE 
150A BD13D1           (../MS Extended BA):00994                   JSR  LABF9          SEARCH THE STACK FOR ‘FOR/NEXT’ DATA 
150D 3262             (../MS Extended BA):00995                   LEAS 2,S            PURGE RETURN ADDRESS OFF OF THE STACK 
150F 2604             (../MS Extended BA):00996                   BNE  LAD59          BRANCH IF INDEX VARIABLE NOT ALREADY BEING USED 
1511 9E0F             (../MS Extended BA):00997                   LDX  TEMPTR         GET (ADDRESS + 18) OF MATCHED ‘FOR/NEXT’ DATA 
1513 3285             (../MS Extended BA):00998                   LEAS B,X            MOVE THE STACK POINTER TO THE BEGINNING OF THE 
                      (../MS Extended BA):00999         ; MATCHED ‘FOR/NEXT’ DATA SO THE NEW DATA WILL                      
                      (../MS Extended BA):01000         ; OVERLAY THE OLD DATA. THIS WILL ALSO DESTROY                      
                      (../MS Extended BA):01001         ; ALL OF THE ‘RETURN’ AND ‘FOR/NEXT’ DATA BELOW                      
                      (../MS Extended BA):01002         ; THIS POINT ON THE STACK                      
1515 C609             (../MS Extended BA):01003         LAD59     LDB  #$09           * CHECK FOR ROOM FOR 18 BYTES 
1517 BD140B           (../MS Extended BA):01004                   JSR  LAC33          * IN FREE RAM 
151A BD16B0           (../MS Extended BA):01005                   JSR  LAEE8          GET ADDR OF END OF SUBLINE IN X 
151D DC68             (../MS Extended BA):01006                   LDD  CURLIN         GET CURRENT LINE NUMBER 
151F 3416             (../MS Extended BA):01007                   PSHS X,B,A          SAVE LINE ADDR AND LINE NUMBER ON STACK 
1521 C6A0             (../MS Extended BA):01008                   LDB  #TOK_TO        TOKEN FOR ‘TO’ 
1523 BD1A13           (../MS Extended BA):01009                   JSR  LB26F          SYNTAX CHECK FOR ‘TO’ 
1526 BD18E7           (../MS Extended BA):01010                   JSR  LB143          ‘TM’ ERROR IF INDEX VARIABLE SET TO STRING 
1529 BD18E5           (../MS Extended BA):01011                   JSR  LB141          EVALUATE EXPRESSION 
                      (../MS Extended BA):01012         ;                              
152C D654             (../MS Extended BA):01013                   LDB  FP0SGN         GET FPA0 MANTISSA SIGN 
152E CA7F             (../MS Extended BA):01014                   ORB  #$7F           FORM A MASK TO SAVE DATA BITS OF HIGH ORDER MANTISSA 
1530 D450             (../MS Extended BA):01015                   ANDB FPA0           PUT THE MANTISSA SIGN IN BIT 7 OF HIGH ORDER MANTISSA 
1532 D750             (../MS Extended BA):01016                   STB  FPA0           SAVE THE PACKED HIGH ORDER MANTISSA 
1534 108E153B         (../MS Extended BA):01017                   LDY  #LAD7F         LOAD FOLLOWING ADDRESS INTO Y AS A RETURN 
1538 7E198E           (../MS Extended BA):01018                   JMP  LB1EA          ADDRESS - PUSH FPA0 ONTO THE STACK 
153B 8E2229           (../MS Extended BA):01019         LAD7F     LDX  #LBAC5         POINT X TO FLOATING POINT NUMBER 1.0 (DEFAULT STEP VALUE) 
153E BD2378           (../MS Extended BA):01020                   JSR  LBC14          MOVE (X) TO FPA0 
1541 9D82             (../MS Extended BA):01021                   JSR  GETCCH         GET CURRENT INPUT CHARACTER 
1543 81A4             (../MS Extended BA):01022                   CMPA #TOK_STEP      STEP TOKEN 
1545 2605             (../MS Extended BA):01023                   BNE  LAD90          BRANCH IF NO ‘STEP’ VALUE 
1547 9D7C             (../MS Extended BA):01024                   JSR  GETNCH         GET A CHARACTER FROM BASIC 
1549 BD18E5           (../MS Extended BA):01025                   JSR  LB141          EVALUATE NUMERIC EXPRESSION 
154C BD23D1           (../MS Extended BA):01026         LAD90     JSR  LBC6D          CHECK STATUS OF FPA0 
154F BD198A           (../MS Extended BA):01027                   JSR  LB1E6          SAVE STATUS AND FPA0 ON THE STACK 
1552 DC3B             (../MS Extended BA):01028                   LDD  VARDES         * GET DESCRIPTOR POINTER FOR THE ‘STEP’ 
1554 3406             (../MS Extended BA):01029                   PSHS B,A            * VARIABLE AND SAVE IT ON THE STACK 
1556 8680             (../MS Extended BA):01030                   LDA  #$80           = GET THE ‘FOR’ FLAG AND 
1558 3402             (../MS Extended BA):01031                   PSHS A              = SAVE IT ON THE STACK 
                      (../MS Extended BA):01032         ;                              
                      (../MS Extended BA):01033         ; MAIN COMMAND INTERPRETATION LOOP                      
155A 1CAF             (../MS Extended BA):01034         LAD9E     ANDCC #$AF          ENABLE IRQ,FIRQ 
155C 8D60             (../MS Extended BA):01035                   BSR  LADEB          CHECK FOR KEYBOARD BREAK 
155E 9E83             (../MS Extended BA):01036                   LDX  CHARAD         GET BASIC’S INPUT POINTER 
1560 9F2F             (../MS Extended BA):01037                   STX  TINPTR         SAVE IT 
1562 A680             (../MS Extended BA):01038                   LDA  ,X+            GET CURRENT INPUT CHAR & MOVE POINTER 
1564 2707             (../MS Extended BA):01039                   BEQ  LADB4          BRANCH IF END OF LINE 
1566 813A             (../MS Extended BA):01040                   CMPA #':            CHECK FOR LINE SEPARATOR 
1568 2722             (../MS Extended BA):01041                   BEQ  LADC0          BRANCH IF COLON 
156A 7E1A1B           (../MS Extended BA):01042         LADB1     JMP  LB277          ‘SYNTAX ERROR’-IF NOT LINE SEPARATOR 
156D A681             (../MS Extended BA):01043         LADB4     LDA  ,X++           GET MS BYTE OF ADDRESS OF NEXT BASIC LINE 
156F 9700             (../MS Extended BA):01044                   STA  ENDFLG         SAVE IN STOP/END FLAG - CAUSE A STOP IF 
                      (../MS Extended BA):01045         ;                             NEXT LINE ADDRESS IS < $8000; CAUSE 
                      (../MS Extended BA):01046         ;                             AN END IF ADDRESS > $8000 
1571 2772             (../MS Extended BA):01047                   BEQ  LAE15          BRANCH TO ‘STOP’ - END OF PROGRAM 
1573 EC80             (../MS Extended BA):01048                   LDD  ,X+            GET CURRENT LINE NUMBER 
1575 DD68             (../MS Extended BA):01049                   STD  CURLIN         SAVE IN CURLIN 
1577 9F83             (../MS Extended BA):01050                   STX  CHARAD         SAVE ADDRESS OF FIRST BYTE OF LINE 
                      (../MS Extended BA):01051         ; EXTENDED BASIC TRACE                      
1579 968C             (../MS Extended BA):01052                   LDA  TRCFLG         TEST THE TRACE FLAG 
157B 270F             (../MS Extended BA):01053                   BEQ  LADC0          BRANCH IF TRACE OFF 
157D 865B             (../MS Extended BA):01054                   LDA  #$5B           <LEFT HAND MARKER FOR TRON LINE NUMBER 
157F BD3435           (../MS Extended BA):01055                   JSR  PUTCHR         OUTPUT A CHARACTER 
1582 9668             (../MS Extended BA):01056                   LDA  CURLIN         GET MS BYTE OF LINE NUMBER 
1584 BD2530           (../MS Extended BA):01057                   JSR  LBDCC          CONVERT ACCD TO DECIMAL AND PRINT ON SCREEN 
1587 865D             (../MS Extended BA):01058                   LDA  #$5D           > RIGHT HAND MARKER FOR TRON LINE NUMBER 
1589 BD3435           (../MS Extended BA):01059                   JSR  PUTCHR         OUTPUT A CHARACTER 
                      (../MS Extended BA):01060         ; END OF EXTENDED BASIC TRACE                      
158C 9D7C             (../MS Extended BA):01061         LADC0     JSR  GETNCH         GET A CHARACTER FROM BASIC 
158E 8D02             (../MS Extended BA):01062                   BSR  LADC6          GO PROCESS COMMAND 
1590 20C8             (../MS Extended BA):01063                   BRA  LAD9E          GO BACK TO MAIN LOOP 
1592 2729             (../MS Extended BA):01064         LADC6     BEQ  LADEA          RETURN IF END OF LINE (RTS - was BEQ LAE40) 
1594 4D               (../MS Extended BA):01065                   TSTA                CHECK FOR TOKEN - BIT 7 SET (NEGATIVE) 
1595 102A01B8         (../MS Extended BA):01066                   LBPL LET            BRANCH IF NOT A TOKEN - GO DO A ‘LET’ WHICH 
                      (../MS Extended BA):01067         ;                             IS THE ‘DEFAULT’ TOKEN FOR MICROSOFT BASIC 
1599 81FF             (../MS Extended BA):01068                   CMPA #$FF           SECONDARY TOKEN 
159B 270F             (../MS Extended BA):01069                   BEQ  SECTOK          
159D 819E             (../MS Extended BA):01070                   CMPA #TOK_HIGH_EXEC SKIPF TOKEN - HIGHEST EXECUTABLE COMMAND IN BASIC 
159F 22C9             (../MS Extended BA):01071                   BHI  LADB1          ‘SYNTAX ERROR’ IF NON-EXECUTABLE TOKEN 
15A1 BE110C           (../MS Extended BA):01072                   LDX  COMVEC+3       GET ADDRESS OF BASIC’S COMMAND TABLE 
15A4 48               (../MS Extended BA):01073         LADD4     ASLA                X2 (2 BYTE/JUMP ADDRESS) & DISCARD BIT 7 
15A5 1F89             (../MS Extended BA):01074                   TFR  A,B            SAVE COMMAND OFFSET IN ACCB 
15A7 3A               (../MS Extended BA):01075                   ABX                 NON X POINTS TO COMMAND JUMP ADDR 
15A8 9D7C             (../MS Extended BA):01076                   JSR  GETNCH         GET AN INPUT CHAR 
                      (../MS Extended BA):01077         ;                              
                      (../MS Extended BA):01078         ; HERE IS WHERE WE BRANCH TO DO A ‘COMMAND’                      
15AA 6E94             (../MS Extended BA):01079                   JMP  [,X]           GO DO A COMMAND 
15AC                  (../MS Extended BA):01080         SECTOK                         
                      (../MS Extended BA):01081         ; THE ONLY SECONDARY TOKEN THAT CAN ALSO BE AN EXECUTABLE IS                      
                      (../MS Extended BA):01082         ; THE MID$ REPLACEMENT STATEMENT. SO SPECIAL-CASE CHECK DONE HERE                      
15AC 9D7C             (../MS Extended BA):01083                   JSR  GETNCH         GET AN INPUT CHAR 
15AE 8197             (../MS Extended BA):01084                   CMPA #TOK_MID       TOKEN FOR "MID$" 
15B0 102714F0         (../MS Extended BA):01085                   LBEQ L86D6          PROCESS MID$ REPLACEMENT 
15B4 7E1A1B           (../MS Extended BA):01086                   JMP  LB277          SYNTAX ERROR 
                      (../MS Extended BA):01087                                        
                      (../MS Extended BA):01088         ;                              
                      (../MS Extended BA):01089         ; RESTORE                      
15B7 9E19             (../MS Extended BA):01090         RESTOR    LDX  TXTTAB         BEGINNING OF PROGRAM ADDRESS 
15B9 301F             (../MS Extended BA):01091                   LEAX -1,X           MOVE TO ONE BYTE BEFORE PROGRAM 
15BB 9F33             (../MS Extended BA):01092         LADE8     STX  DATPTR         SAVE NEW DATA POINTER 
15BD 39               (../MS Extended BA):01093         LADEA     RTS                  
                      (../MS Extended BA):01094         ;                              
                      (../MS Extended BA):01095         ; BREAK CHECK                      
15BE BD3427           (../MS Extended BA):01096         LADEB     JSR  KEYIN          GET A KEYSTROKE ENTRY 
15C1 270A             (../MS Extended BA):01097                   BEQ  LADFA          RETURN IF NO INPUT 
15C3 8103             (../MS Extended BA):01098         LADF0     CMPA #3             CONTROL C? (BREAK) 
15C5 2712             (../MS Extended BA):01099                   BEQ  STOP           YES 
15C7 8113             (../MS Extended BA):01100                   CMPA #$13           CONTROL S? (PAUSE) 
15C9 2703             (../MS Extended BA):01101                   BEQ  LADFB          YES 
15CB 9773             (../MS Extended BA):01102                   STA  IKEYIM         SAVE KEYSTROKE IN INKEY IMAGE 
15CD 39               (../MS Extended BA):01103         LADFA     RTS                  
15CE BD3427           (../MS Extended BA):01104         LADFB     JSR  KEYIN          GET A KEY 
15D1 27FB             (../MS Extended BA):01105                   BEQ  LADFB          BRANCH IF NO KEY DOWN 
15D3 20EE             (../MS Extended BA):01106                   BRA  LADF0          CONTINUE - DO A BREAK CHECK 
                      (../MS Extended BA):01107         ;                              
                      (../MS Extended BA):01108         ; END                          
15D5 9D82             (../MS Extended BA):01109         END       JSR  GETCCH         GET CURRENT INPUT CHAR 
15D7 2002             (../MS Extended BA):01110                   BRA  LAE0B           
                      (../MS Extended BA):01111         ;                              
                      (../MS Extended BA):01112         ; STOP                         
15D9 1A01             (../MS Extended BA):01113         STOP      ORCC #$01           SET CARRY FLAG 
15DB 2631             (../MS Extended BA):01114         LAE0B     BNE  LAE40          BRANCH IF ARGUMENT EXISTS 
15DD 9E83             (../MS Extended BA):01115                   LDX  CHARAD         * SAVE CURRENT POSITION OF 
15DF 9F2F             (../MS Extended BA):01116                   STX  TINPTR         * BASIC’S INPUT POINTER 
15E1 0600             (../MS Extended BA):01117         LAE11     ROR  ENDFLG         ROTATE CARRY INTO BIT 7 OF STOP/END FLAG 
15E3 3262             (../MS Extended BA):01118                   LEAS 2,S            PURGE RETURN ADDRESS OFF STACK 
15E5 9E68             (../MS Extended BA):01119         LAE15     LDX  CURLIN         GET CURRENT LINE NUMBER 
15E7 8CFFFF           (../MS Extended BA):01120                   CMPX #$FFFF         DIRECT MODE? 
15EA 2706             (../MS Extended BA):01121                   BEQ  LAE22          YES 
15EC 9F29             (../MS Extended BA):01122                   STX  OLDTXT         SAVE CURRENT LINE NUMBER 
15EE 9E2F             (../MS Extended BA):01123                   LDX  TINPTR         * GET AND SAVE CURRENT POSITION 
15F0 9F2D             (../MS Extended BA):01124                   STX  OLDPTR         * OF BASIC’S INPUT POINTER 
15F2                  (../MS Extended BA):01125         LAE22                          
15F2 8E13C9           (../MS Extended BA):01126                   LDX  #LABF2-1       POINT TO CR, ‘BREAK’ MESSAGE 
15F5 0D00             (../MS Extended BA):01127                   TST  ENDFLG         CHECK STOP/END FLAG 
15F7 102AFE42         (../MS Extended BA):01128                   LBPL LAC73          BRANCH TO MAIN LOOP OF BASIC IF END 
15FB 7E1432           (../MS Extended BA):01129                   JMP  LAC68          PRINT ‘BREAK AT ####’ AND GO TO 
                      (../MS Extended BA):01130         ;                             BASIC’S MAIN LOOP IF ‘STOP’ 
                      (../MS Extended BA):01131                                        
                      (../MS Extended BA):01132         ; CONT                         
15FE 260E             (../MS Extended BA):01133         CONT      BNE  LAE40          RETURN IF ARGUMENT GIVEN 
1600 C620             (../MS Extended BA):01134                   LDB  #2*16          ‘CAN’T CONTINUE’ ERROR 
1602 9E2D             (../MS Extended BA):01135                   LDX  OLDPTR         GET CONTINUE ADDRESS (INPUT POINTER) 
1604 1027FE16         (../MS Extended BA):01136                   LBEQ LAC46          ‘CN’ ERROR IF CONTINUE ADDRESS = 0 
1608 9F83             (../MS Extended BA):01137                   STX  CHARAD         RESET BASIC’S INPUT POINTER 
160A 9E29             (../MS Extended BA):01138                   LDX  OLDTXT         GET LINE NUMBER 
160C 9F68             (../MS Extended BA):01139                   STX  CURLIN         RESET CURRENT LINE NUMBER 
160E 39               (../MS Extended BA):01140         LAE40     RTS                  
                      (../MS Extended BA):01141         ;                              
                      (../MS Extended BA):01142         ; CLEAR                        
160F 272C             (../MS Extended BA):01143         CLEAR     BEQ  LAE6F          BRANCH IF NO ARGUMENT 
1611 BD1B85           (../MS Extended BA):01144                   JSR  LB3E6          EVALUATE ARGUMENT 
1614 3406             (../MS Extended BA):01145                   PSHS B,A            SAVE AMOUNT OF STRING SPACE ON STACK 
1616 9E27             (../MS Extended BA):01146                   LDX  MEMSIZ         GET CURRENT TOP OF CLEARED SPACE 
1618 9D82             (../MS Extended BA):01147                   JSR  GETCCH         GET CURRENT INPUT CHARACTER 
161A 270C             (../MS Extended BA):01148                   BEQ  LAE5A          BRANCH IF NO NEW TOP OF CLEARED SPACE 
161C BD1A11           (../MS Extended BA):01149                   JSR  LB26D          SYNTAX CHECK FOR COMMA 
161F BD1EDC           (../MS Extended BA):01150                   JSR  LB73D          EVALUATE EXPRESSlON; RETURN VALUE IN X 
1622 301F             (../MS Extended BA):01151                   LEAX -1,X           X = TOP OF CLEARED SPACE 
1624 9C71             (../MS Extended BA):01152                   CMPX TOPRAM         COMPARE TO TOP OF RAM 
1626 2218             (../MS Extended BA):01153                   BHI  LAE72          ‘OM’ ERROR IF > TOP OF RAM 
1628 1F10             (../MS Extended BA):01154         LAE5A     TFR  X,D            ACCD = TOP OF CLEARED SPACE 
162A A3E1             (../MS Extended BA):01155                   SUBD ,S++           SUBTRACT OUT AMOUNT OF CLEARED SPACE 
162C 2512             (../MS Extended BA):01156                   BCS  LAE72          ‘OM’ ERROR IF FREE MEM < 0 
162E 1F03             (../MS Extended BA):01157                   TFR  D,U            U = BOTTOM OF CLEARED SPACE 
1630 83003A           (../MS Extended BA):01158                   SUBD #STKBUF        SUBTRACT OUT STACK BUFFER 
1633 250B             (../MS Extended BA):01159                   BCS  LAE72          ‘OM’ ERROR IF FREE MEM < 0 
1635 931B             (../MS Extended BA):01160                   SUBD VARTAB         SUBTRACT OUT START OF VARIABLES 
1637 2507             (../MS Extended BA):01161                   BCS  LAE72          ‘OM’ ERROR IF FREE MEM < 0 
1639 DF21             (../MS Extended BA):01162                   STU  FRETOP         SAVE NEW BOTTOM OF CLEARED SPACE 
163B 9F27             (../MS Extended BA):01163                   STX  MEMSIZ         SAVE NEW TOP OF CLEARED SPACE 
163D 7E14E2           (../MS Extended BA):01164         LAE6F     JMP  LAD26          ERASE ALL VARIABLES, INITIALIZE POINTERS, ETC 
1640 7E141C           (../MS Extended BA):01165         LAE72     JMP  LAC44          ‘OM’ ERROR 
                      (../MS Extended BA):01166         ;                              
                      (../MS Extended BA):01167         ; RUN                          
1643 9D82             (../MS Extended BA):01168         RUN       JSR  GETCCH         * GET CURRENT INPUT CHARACTER 
1645 1027FE94         (../MS Extended BA):01169                   LBEQ LAD21          * IF NO LINE NUMBER 
1649 BD14E2           (../MS Extended BA):01170                   JSR  LAD26          ERASE ALL VARIABLES 
164C 2019             (../MS Extended BA):01171                   BRA  LAE9F          ‘GOTO’ THE RUN ADDRESS 
                      (../MS Extended BA):01172         ;                              
                      (../MS Extended BA):01173         ; GO                           
164E 1F89             (../MS Extended BA):01174         GO        TFR  A,B            SAVE INPUT CHARACTER IN ACCB 
1650 9D7C             (../MS Extended BA):01175         LAE88     JSR  GETNCH         GET A CHARACTER FROM BASIC 
1652 C1A0             (../MS Extended BA):01176                   CMPB #TOK_TO        ‘TO’ TOKEN 
1654 2716             (../MS Extended BA):01177                   BEQ  LAEA4          BRANCH IF GOTO 
1656 C1A1             (../MS Extended BA):01178                   CMPB #TOK_SUB       ‘SUB’ TOKEN 
1658 2645             (../MS Extended BA):01179                   BNE  LAED7          ‘SYNTAX ERROR’ IF NEITHER 
165A C603             (../MS Extended BA):01180                   LDB  #3             =ROOM FOR 6 
165C BD140B           (../MS Extended BA):01181                   JSR  LAC33          =BYTES ON STACK? 
165F DE83             (../MS Extended BA):01182                   LDU  CHARAD         * SAVE CURRENT BASIC INPUT POINTER, LINE 
1661 9E68             (../MS Extended BA):01183                   LDX  CURLIN         * NUMBER AND SUB TOKEN ON STACK 
1663 86A1             (../MS Extended BA):01184                   LDA  #TOK_SUB       * 
1665 3452             (../MS Extended BA):01185                   PSHS U,X,A          * 
1667 8D03             (../MS Extended BA):01186         LAE9F     BSR  LAEA4          GO DO A ‘GOTO’ 
1669 7E155A           (../MS Extended BA):01187                   JMP  LAD9E          JUMP BACK TO BASIC’S MAIN LOOP 
                      (../MS Extended BA):01188         ; GOTO                         
166C 9D82             (../MS Extended BA):01189         LAEA4     JSR  GETCCH         GET CURRENT INPUT CHAR 
166E BD172F           (../MS Extended BA):01190                   JSR  LAF67          GET LINE NUMBER TO BINARY IN BINVAL 
1671 8D40             (../MS Extended BA):01191                   BSR  LAEEB          ADVANCE BASIC’S POINTER TO END OF LINE 
1673 3001             (../MS Extended BA):01192                   LEAX $01,X          POINT TO START OF NEXT LINE 
1675 DC2B             (../MS Extended BA):01193                   LDD  BINVAL         GET THE LINE NUMBER TO RUN 
1677 109368           (../MS Extended BA):01194                   CMPD CURLIN         COMPARE TO CURRENT LINE NUMBER 
167A 2202             (../MS Extended BA):01195                   BHI  LAEB6          IF REO’D LINE NUMBER IS > CURRENT LINE NUMBER, 
                      (../MS Extended BA):01196         ;              DON’T START LOOKING FROM  
                      (../MS Extended BA):01197         ;              START OF PROGRAM  
167C 9E19             (../MS Extended BA):01198                   LDX  TXTTAB         BEGINNING OF PROGRAM 
167E BD14C1           (../MS Extended BA):01199         LAEB6     JSR  LAD05          GO FIND A LINE NUMBER 
1681 2517             (../MS Extended BA):01200                   BCS  LAED2          ‘UNDEFINED LINE NUMBER’ 
1683 301F             (../MS Extended BA):01201         LAEBB     LEAX -1,X           MOVE BACK TO JUST BEFORE START OF LINE 
1685 9F83             (../MS Extended BA):01202                   STX  CHARAD         RESET BASIC’S INPUT POINTER 
1687 39               (../MS Extended BA):01203         LAEBF     RTS                  
                      (../MS Extended BA):01204         ;                              
                      (../MS Extended BA):01205         ; RETURN                       
1688 26FD             (../MS Extended BA):01206         RETURN    BNE  LAEBF          EXIT ROUTINE IF ARGUMENT GIVEN 
168A 86FF             (../MS Extended BA):01207                   LDA  #$FF           * PUT AN ILLEGAL VARIABLE NAME IN FIRST BYTE OF 
168C 973B             (../MS Extended BA):01208                   STA  VARDES         * VARDES WHICH WILL CAUSE ‘FOR/NEXT’ DATA ON THE 
                      (../MS Extended BA):01209         ;              STACK TO BE IGNORED  
168E BD13D1           (../MS Extended BA):01210                   JSR  LABF9          CHECK FOR RETURN DATA ON THE STACK 
1691 1F14             (../MS Extended BA):01211                   TFR  X,S            RESET STACK POINTER - PURGE TWO RETURN ADDRESSES 
                      (../MS Extended BA):01212         ;              FROM THE STACK  
1693 8121             (../MS Extended BA):01213                   CMPA #TOK_SUB-$80   SUB TOKEN - $80 
1695 270B             (../MS Extended BA):01214                   BEQ  LAEDA          BRANCH IF ‘RETURN’ FROM SUBROUTINE 
1697 C604             (../MS Extended BA):01215                   LDB  #2*2           ERROR #2 ‘RETURN WITHOUT GOSUB’ 
1699 8C               (../MS Extended BA):01216                   FCB  SKP2           SKIP TWO BYTES 
169A C60E             (../MS Extended BA):01217         LAED2     LDB  #7*2           ERROR #7 ‘UNDEFINED LINE NUMBER’ 
169C 7E141E           (../MS Extended BA):01218                   JMP  LAC46          JUMP TO ERROR HANDLER 
169F 7E1A1B           (../MS Extended BA):01219         LAED7     JMP  LB277          ‘SYNTAX ERROR’ 
16A2 3552             (../MS Extended BA):01220         LAEDA     PULS A,X,U          * RESTORE VALUES OF CURRENT LINE NUMBER AND 
16A4 9F68             (../MS Extended BA):01221                   STX  CURLIN         * BASIC’S INPUT POINTER FOR THIS SUBROUTINE 
16A6 DF83             (../MS Extended BA):01222                   STU  CHARAD         * AND LOAD ACCA WITH SUB TOKEN ($A6) 
                      (../MS Extended BA):01223         ;                              
                      (../MS Extended BA):01224         ; DATA                         
16A8 8D06             (../MS Extended BA):01225         DATA      BSR  LAEE8          MOVE INPUT POINTER TO END OF SUBLINE OR LINE 
16AA 8C               (../MS Extended BA):01226                   FCB  SKP2           SKIP 2 BYTES 
                      (../MS Extended BA):01227                                        
                      (../MS Extended BA):01228         ; REM, ELSE                      
16AB                  (../MS Extended BA):01229         ELSE                           
16AB 8D06             (../MS Extended BA):01230         REM       BSR  LAEEB          MOVE INPUT POINTER TO END OF LINE 
16AD 9F83             (../MS Extended BA):01231                   STX  CHARAD         RESET BASIC’S INPUT POINTER 
16AF 39               (../MS Extended BA):01232         LAEE7     RTS                  
                      (../MS Extended BA):01233         ; ADVANCE INPUT POINTER TO END OF SUBLINE OR LINE                      
16B0 C63A             (../MS Extended BA):01234         LAEE8     LDB  #':            COLON = SUBLINE TERMINATOR CHARACTER 
16B2 86               (../MS Extended BA):01235         LAEEA     FCB  SKP1LD         SKPILD SKIP ONE BYTE; LDA #$5F 
                      (../MS Extended BA):01236         ; ADVANCE BASIC’S INPUT POINTER TO END OF                      
                      (../MS Extended BA):01237         ; LINE - RETURN ADDRESS OF END OF LINE+1 IN X                      
16B3 5F               (../MS Extended BA):01238         LAEEB     CLRB                0 = LINE TERMINATOR CHARACTER 
16B4 D701             (../MS Extended BA):01239                   STB  CHARAC         TEMP STORE PRIMARY TERMINATOR CHARACTER 
16B6 5F               (../MS Extended BA):01240                   CLRB                0 (END OF LINE) = ALTERNATE TERM. CHAR. 
16B7 9E83             (../MS Extended BA):01241                   LDX  CHARAD         LOAD X W/BASIC’S INPUT POINTER 
16B9 1F98             (../MS Extended BA):01242         LAEF1     TFR  B,A            * CHANGE TERMINATOR CHARACTER 
16BB D601             (../MS Extended BA):01243                   LDB  CHARAC         * FROM ACCB TO CHARAC - SAVE OLD TERMINATOR 
                      (../MS Extended BA):01244         ;         IN   CHARAC          
16BD 9701             (../MS Extended BA):01245                   STA  CHARAC         SWAP PRIMARY AND SECONDARY TERMINATORS 
16BF A684             (../MS Extended BA):01246         LAEF7     LDA  ,X             GET NEXT INPUT CHARACTER 
16C1 27EC             (../MS Extended BA):01247                   BEQ  LAEE7          RETURN IF 0 (END OF LINE) 
16C3 3404             (../MS Extended BA):01248                   PSHS B              SAVE TERMINATOR ON STACK 
16C5 A1E0             (../MS Extended BA):01249                   CMPA ,S+            COMPARE TO INPUT CHARACTER 
16C7 27E6             (../MS Extended BA):01250                   BEQ  LAEE7          RETURN IF EQUAL 
16C9 3001             (../MS Extended BA):01251                   LEAX 1,X            MOVE POINTER UP ONE 
16CB 8122             (../MS Extended BA):01252                   CMPA #'"            CHECK FOR DOUBLE QUOTES 
16CD 27EA             (../MS Extended BA):01253                   BEQ  LAEF1          BRANCH IF " - TOGGLE TERMINATOR CHARACTERS 
16CF 4C               (../MS Extended BA):01254                   INCA                * CHECK FOR $FF AND BRANCH IF 
16D0 2602             (../MS Extended BA):01255                   BNE  LAF0C          * NOT SECONDARY TOKEN 
16D2 3001             (../MS Extended BA):01256                   LEAX 1,X            MOVE INPUT POINTER 1 MORE IF SECONDARY 
16D4 8186             (../MS Extended BA):01257         LAF0C     CMPA #TOK_IF+1      TOKEN FOR IF? 
16D6 26E7             (../MS Extended BA):01258                   BNE  LAEF7          NO - GET ANOTHER INPUT CHARACTER 
16D8 0C04             (../MS Extended BA):01259                   INC  IFCTR          INCREMENT IF COUNTER - KEEP TRACK OF HOW MANY 
                      (../MS Extended BA):01260         ;                             ‘IF’ STATEMENTS ARE NESTED IN ONE LINE 
16DA 20E3             (../MS Extended BA):01261                   BRA  LAEF7          GET ANOTHER INPUT CHARACTER 
                      (../MS Extended BA):01262                                        
                      (../MS Extended BA):01263         ; IF                           
16DC BD18E5           (../MS Extended BA):01264         IF        JSR  LB141          EVALUATE NUMERIC EXPRESSION 
16DF 9D82             (../MS Extended BA):01265                   JSR  GETCCH         GET CURRENT INPUT CHARACTER 
16E1 8181             (../MS Extended BA):01266                   CMPA #TOK_GO        TOKEN FOR GO 
16E3 2705             (../MS Extended BA):01267                   BEQ  LAF22          TREAT ‘GO’ THE SAME AS ‘THEN’ 
16E5 C6A2             (../MS Extended BA):01268                   LDB  #TOK_THEN      TOKEN FOR THEN 
16E7 BD1A13           (../MS Extended BA):01269                   JSR  LB26F          DO A SYNTAX CHECK ON ACCB 
16EA 964F             (../MS Extended BA):01270         LAF22     LDA  FP0EXP         CHECK FOR TRUE/FALSE - FALSE IF FPA0 EXPONENT = ZERO 
16EC 2613             (../MS Extended BA):01271                   BNE  LAF39          BRANCH IF CONDITION TRUE 
16EE 0F04             (../MS Extended BA):01272                   CLR  IFCTR          CLEAR FLAG - KEEP TRACK OF WHICH NESTED ELSE STATEMENT 
                      (../MS Extended BA):01273         ;                             TO SEARCH FOR IN NESTED ‘IF’ LOOPS 
16F0 8DB6             (../MS Extended BA):01274         LAF28     BSR  DATA           MOVE BASIC’S POINTER TO END OF SUBLINE 
16F2 4D               (../MS Extended BA):01275                   TSTA                * CHECK TO SEE IF END OF LINE OR SUBLINE 
16F3 27BA             (../MS Extended BA):01276                   BEQ  LAEE7          * AND RETURN IF END OF LINE 
16F5 9D7C             (../MS Extended BA):01277                   JSR  GETNCH         GET AN INPUT CHARACTER FROM BASIC 
16F7 8184             (../MS Extended BA):01278                   CMPA #TOK_ELSE      TOKEN FOR ELSE 
16F9 26F5             (../MS Extended BA):01279                   BNE  LAF28          IGNORE ALL DATA EXCEPT ‘ELSE’ UNTIL 
                      (../MS Extended BA):01280         ;                             END OF LINE (ZERO BYTE) 
16FB 0A04             (../MS Extended BA):01281                   DEC  IFCTR          CHECK TO SEE IF YOU MUST SEARCH ANOTHER SUBLINE 
16FD 2AF1             (../MS Extended BA):01282                   BPL  LAF28          BRANCH TO SEARCH ANOTHER SUBLINE FOR ‘ELSE’ 
16FF 9D7C             (../MS Extended BA):01283                   JSR  GETNCH         GET AN INPUT CHARACTER FROM BASIC 
1701 9D82             (../MS Extended BA):01284         LAF39     JSR  GETCCH         GET CURRENT INPUT CHARACTER 
1703 1025FF65         (../MS Extended BA):01285                   LBCS LAEA4          BRANCH TO ‘GOTO’ IF NUMERIC CHARACTER 
1707 7E1592           (../MS Extended BA):01286                   JMP  LADC6          RETURN TO MAIN INTERPRETATION LOOP 
                      (../MS Extended BA):01287                                        
                      (../MS Extended BA):01288         ; ON                           
170A BD1EAA           (../MS Extended BA):01289         ON        JSR  LB70B          EVALUATE EXPRESSION 
170D C681             (../MS Extended BA):01290                   LDB  #TOK_GO        TOKEN FOR GO 
170F BD1A13           (../MS Extended BA):01291                   JSR  LB26F          SYNTAX CHECK FOR GO 
1712 3402             (../MS Extended BA):01292                   PSHS A              SAVE NEW TOKEN (TO,SUB) 
1714 81A1             (../MS Extended BA):01293                   CMPA #TOK_SUB       TOKEN FOR SUB? 
1716 2704             (../MS Extended BA):01294                   BEQ  LAF54          YES 
1718 81A0             (../MS Extended BA):01295                   CMPA #TOK_TO        TOKEN FOR TO? 
171A 2683             (../MS Extended BA):01296         LAF52     BNE  LAED7          ‘SYNTAX’ ERROR IF NOT ‘SUB’ OR ‘TO’ 
171C 0A53             (../MS Extended BA):01297         LAF54     DEC  FPA0+3         DECREMENT IS BYTE OF MANTISSA OF FPA0 - THIS 
                      (../MS Extended BA):01298         ;                             IS THE ARGUMENT OF THE ‘ON’ STATEMENT 
171E 2605             (../MS Extended BA):01299                   BNE  LAF5D          BRANCH IF NOT AT THE PROPER GOTO OR GOSUB LINE NUMBER 
1720 3504             (../MS Extended BA):01300                   PULS B              GET BACK THE TOKEN FOLLOWING ‘GO’ 
1722 7E1650           (../MS Extended BA):01301                   JMP  LAE88          GO DO A ‘GOTO’ OR ‘GOSUB’ 
1725 9D7C             (../MS Extended BA):01302         LAF5D     JSR  GETNCH         GET A CHARACTER FROM BASIC 
1727 8D06             (../MS Extended BA):01303                   BSR  LAF67          CONVERT BASIC LINE NUMBER TO BINARY 
1729 812C             (../MS Extended BA):01304                   CMPA #',            IS CHARACTER FOLLOWING LINE NUMBER A COMMA? 
172B 27EF             (../MS Extended BA):01305                   BEQ  LAF54          YES 
172D 3584             (../MS Extended BA):01306                   PULS B,PC           IF NOT, FALL THROUGH TO NEXT COMMAND 
172F 9E74             (../MS Extended BA):01307         LAF67     LDX  ZERO           DEFAULT LINE NUMBER OF ZERO 
1731 9F2B             (../MS Extended BA):01308                   STX  BINVAL         SAVE IT IN BINVAL 
                      (../MS Extended BA):01309         ;                              
                      (../MS Extended BA):01310         ; CONVERT LINE NUMBER TO BINARY - RETURN VALUE IN BINVAL                      
                      (../MS Extended BA):01311         ;                              
1733 2461             (../MS Extended BA):01312         LAF6B     BCC  LAFCE          RETURN IF NOT NUMERIC CHARACTER 
1735 8030             (../MS Extended BA):01313                   SUBA #'0            MASK OFF ASCII 
1737 9701             (../MS Extended BA):01314                   STA  CHARAC         SAVE DIGIT IN VO1 
1739 DC2B             (../MS Extended BA):01315                   LDD  BINVAL         GET ACCUMULATED LINE NUMBER VALUE 
173B 8118             (../MS Extended BA):01316                   CMPA #24            LARGEST LINE NUMBER IS $F9FF (63999) - 
                      (../MS Extended BA):01317         ;         (24*256+255)*10+9                 
173D 22DB             (../MS Extended BA):01318                   BHI  LAF52          ‘SYNTAX’ ERROR IF TOO BIG 
                      (../MS Extended BA):01319         ; MULT ACCD X 10                      
173F 58               (../MS Extended BA):01320                   ASLB                * 
1740 49               (../MS Extended BA):01321                   ROLA                * TIMES 2 
1741 58               (../MS Extended BA):01322                   ASLB                = 
1742 49               (../MS Extended BA):01323                   ROLA                = TIMES 4 
1743 D32B             (../MS Extended BA):01324                   ADDD BINVAL         ADD 1 = TIMES 5 
1745 58               (../MS Extended BA):01325                   ASLB                * 
1746 49               (../MS Extended BA):01326                   ROLA                * TIMES 10 
1747 DB01             (../MS Extended BA):01327                   ADDB CHARAC         ADD NEXT DIGIT 
1749 8900             (../MS Extended BA):01328                   ADCA #0             PROPAGATE CARRY 
174B DD2B             (../MS Extended BA):01329                   STD  BINVAL         SAVE NEW ACCUMULATED LINE NUMBER 
174D 9D7C             (../MS Extended BA):01330                   JSR  GETNCH         GET NEXT CHARACTER FROM BASIC 
174F 20E2             (../MS Extended BA):01331                   BRA  LAF6B          LOOP- PROCESS NEXT DIGIT 
                      (../MS Extended BA):01332         ;                              
                      (../MS Extended BA):01333         ; LET (EXBAS)                      
                      (../MS Extended BA):01334         ; EVALUATE A NON-TOKEN EXPRESSION                      
                      (../MS Extended BA):01335         ; TARGET = REPLACEMENT                      
1751 BD1AF6           (../MS Extended BA):01336         LET       JSR  LB357          FIND TARGET VARIABLE DESCRIPTOR 
1754 9F3B             (../MS Extended BA):01337                   STX  VARDES         SAVE DESCRIPTOR ADDRESS OF 1ST EXPRESSION 
1756 C6AE             (../MS Extended BA):01338                   LDB  #TOK_EQUALS    TOKEN FOR "=" 
1758 BD1A13           (../MS Extended BA):01339                   JSR  LB26F          DO A SYNTAX CHECK FOR ‘=‘ 
175B 9606             (../MS Extended BA):01340                   LDA  VALTYP         * GET VARIABLE TYPE AND 
175D 3402             (../MS Extended BA):01341                   PSHS A              * SAVE ON THE STACK 
175F BD18FA           (../MS Extended BA):01342                   JSR  LB156          EVALUATE EXPRESSION 
1762 3502             (../MS Extended BA):01343                   PULS A              * REGET VARIABLE TYPE OF 1ST EXPRESSION AND 
1764 46               (../MS Extended BA):01344                   RORA                * SET CARRY IF STRING 
1765 BD18EC           (../MS Extended BA):01345                   JSR  LB148          TYPE CHECK-TM ERROR IF VARIABLE TYPES ON 
                      (../MS Extended BA):01346         ;                             BOTH SIDES OF EQUALS SIGN NOT THE SAME 
1768 10270C2B         (../MS Extended BA):01347                   LBEQ LBC33          GO PUT FPA0 INTO VARIABLE DESCRIPTOR IF NUMERIC 
                      (../MS Extended BA):01348         ; MOVE A STRING WHOSE DESCRIPTOR IS LOCATED AT                      
                      (../MS Extended BA):01349         ; FPA0+2 INTO THE STRING SPACE. TRANSFER THE                      
                      (../MS Extended BA):01350         ; DESCRIPTOR ADDRESS TO THE ADDRESS IN VARDES                      
                      (../MS Extended BA):01351         ; DON’T MOVE THE STRING IF IT IS ALREADY IN THE                      
                      (../MS Extended BA):01352         ; STRING SPACE. REMOVE DESCRIPTOR FROM STRING                      
                      (../MS Extended BA):01353         ; STACK IF IT IS LAST ONE ON THE STACK                      
176C 9E52             (../MS Extended BA):01354         LAFA4     LDX  FPA0+2         POINT X TO DESCRIPTOR OF REPLACEMENT STRING 
176E DC21             (../MS Extended BA):01355                   LDD  FRETOP         LOAD ACCD WITH START OF STRING SPACE 
1770 10A302           (../MS Extended BA):01356                   CMPD 2,X            IS THE STRING IN STRING SPACE? 
1773 2411             (../MS Extended BA):01357                   BCC  LAFBE          BRANCH IF IT’S NOT IN THE STRING SPACE 
1775 9C1B             (../MS Extended BA):01358                   CMPX VARTAB         COMPARE DESCRIPTOR ADDRESS TO START OF VARIABLES 
1777 250D             (../MS Extended BA):01359                   BCS  LAFBE          BRANCH IF DESCRIPTOR ADDRESS NOT IN VARIABLES 
1779 E684             (../MS Extended BA):01360         LAFB1     LDB  ,X             GET LENGTH OF REPLACEMENT STRING 
177B BD1CAC           (../MS Extended BA):01361                   JSR  LB50D          RESERVE ACCB BYTES OF STRING SPACE 
177E 9E4D             (../MS Extended BA):01362                   LDX  V4D            GET DESCRIPTOR ADDRESS BACK 
1780 BD1DE2           (../MS Extended BA):01363                   JSR  LB643          MOVE STRING INTO STRING SPACE 
1783 8E4056           (../MS Extended BA):01364                   LDX  #STRDES        POINT X TO TEMP STRING DESCRIPTOR ADDRESS 
1786 9F4D             (../MS Extended BA):01365         LAFBE     STX  V4D            SAVE STRING DESCRIPTOR ADDRESS IN V4D 
1788 BD1E14           (../MS Extended BA):01366                   JSR  LB675          REMOVE STRING DESCRIPTOR IF LAST ONE 
                      (../MS Extended BA):01367         ;                             ON STRING STACK  
178B DE4D             (../MS Extended BA):01368                   LDU  V4D            POINT U TO REPLACEMENT DESCRIPTOR ADDRESS 
178D 9E3B             (../MS Extended BA):01369                   LDX  VARDES         GET TARGET DESCRIPTOR ADDRESS 
178F 3726             (../MS Extended BA):01370                   PULU A,B,Y          GET LENGTH AND START OF REPLACEMENT STRING 
1791 A784             (../MS Extended BA):01371                   STA  ,X             * SAVE STRING LENGTH AND START IN 
1793 10AF02           (../MS Extended BA):01372                   STY  2,X            * TARGET DESCRIPTOR LOCATION 
1796 39               (../MS Extended BA):01373         LAFCE     RTS                  
                      (../MS Extended BA):01374                                        
1797 3F5245444F       (../MS Extended BA):01375         LAFCF     FCC  "?REDO"        ?REDO MESSAGE 
179C 0D00             (../MS Extended BA):01376                   FCB  CR,$00          
                      (../MS Extended BA):01377                                        
179E                  (../MS Extended BA):01378         LAFD6                          
179E 7E141E           (../MS Extended BA):01379         LAFDC     JMP  LAC46          JMP TO ERROR HANDLER 
17A1 9609             (../MS Extended BA):01380         LAFDF     LDA  INPFLG         = GET THE INPUT FLAG AND BRANCH 
17A3 2707             (../MS Extended BA):01381                   BEQ  LAFEA          = IF ‘INPUT’ 
17A5 9E31             (../MS Extended BA):01382                   LDX  DATTXT         * GET LINE NUMBER WHERE THE ERROR OCCURRED 
17A7 9F68             (../MS Extended BA):01383                   STX  CURLIN         * AND USE IT AS THE CURRENT LINE NUMBER 
17A9 7E1A1B           (../MS Extended BA):01384                   JMP  LB277          ‘SYNTAX ERROR’ 
17AC 8E1796           (../MS Extended BA):01385         LAFEA     LDX  #LAFCF-1       * POINT X TO ‘?REDO’ AND PRINT 
17AF BD2100           (../MS Extended BA):01386                   JSR  LB99C          * IT ON THE SCREEN 
17B2 9E2F             (../MS Extended BA):01387                   LDX  TINPTR         = GET THE SAVED ABSOLUTE ADDRESS OF 
17B4 9F83             (../MS Extended BA):01388                   STX  CHARAD         = INPUT POINTER AND RESTORE IT 
17B6 39               (../MS Extended BA):01389                   RTS                  
                      (../MS Extended BA):01390         ;                              
                      (../MS Extended BA):01391         ; INPUT                        
17B7 C616             (../MS Extended BA):01392         INPUT     LDB  #11*2          ‘ID’ ERROR 
17B9 9E68             (../MS Extended BA):01393                   LDX  CURLIN         GET CURRENT LINE NUMBER 
17BB 3001             (../MS Extended BA):01394                   LEAX 1,X            ADD ONE 
17BD 27DF             (../MS Extended BA):01395                   BEQ  LAFDC          ‘ID’ ERROR BRANCH IF DIRECT MODE 
17BF 8D01             (../MS Extended BA):01396                   BSR  LB00F          GET SOME INPUT DATA - WAS LB002 
17C1 39               (../MS Extended BA):01397                   RTS                  
17C2 8122             (../MS Extended BA):01398         LB00F     CMPA #'"            CHECK FOR PROMPT STRING DELIMITER 
17C4 260B             (../MS Extended BA):01399                   BNE  LB01E          BRANCH IF NO PROMPT STRING 
17C6 BD19E8           (../MS Extended BA):01400                   JSR  LB244          PUT PROMPT STRING ON STRING STACK 
17C9 C63B             (../MS Extended BA):01401                   LDB  #';            * 
17CB BD1A13           (../MS Extended BA):01402                   JSR  LB26F          * DO A SYNTAX CHECK FOR SEMICOLON 
17CE BD2103           (../MS Extended BA):01403                   JSR  LB99F          PRINT MESSAGE TO CONSOLE OUT 
17D1 8E40E1           (../MS Extended BA):01404         LB01E     LDX  #LINBUF        POINT TO BASIC’S LINE BUFFER 
17D4 6F84             (../MS Extended BA):01405                   CLR  ,X             CLEAR 1ST BYTE - FLAG TO INDICATE NO DATA 
                      (../MS Extended BA):01406         ;              IN LINE BUFFER  
17D6 8D06             (../MS Extended BA):01407                   BSR  LB02F          INPUT A STRING TO LINE BUFFER 
17D8 C62C             (../MS Extended BA):01408                   LDB  #',            * INSERT A COMMA AT THE END 
17DA E784             (../MS Extended BA):01409                   STB  ,X             * OF THE LINE INPUT BUFFER 
17DC 2016             (../MS Extended BA):01410                   BRA  LB049           
                      (../MS Extended BA):01411         ; FILL BASIC’S LINE INPUT BUFFER CONSOLE IN                      
17DE BD2113           (../MS Extended BA):01412         LB02F     JSR  LB9AF          SEND A "?" TO CONSOLE OUT 
17E1 BD2110           (../MS Extended BA):01413                   JSR  LB9AC          SEND A ‘SPACE’ TO CONSOLE OUT 
17E4 BD115A           (../MS Extended BA):01414         LB035     JSR  LA390          GO READ IN A BASIC LINE 
17E7 2405             (../MS Extended BA):01415                   BCC  LB03F          BRANCH IF ENTER KEY ENDED ENTRY 
17E9 3264             (../MS Extended BA):01416                   LEAS 4,S            PURGE TWO RETURN ADDRESSES OFF THE STACK 
17EB 7E15E1           (../MS Extended BA):01417                   JMP  LAE11          GO DO A ‘STOP’ IF BREAK KEY ENDED LINE ENTRY 
17EE C62E             (../MS Extended BA):01418         LB03F     LDB  #2*23          ‘INPUT PAST END OF FILE’ ERROR 
17F0 39               (../MS Extended BA):01419                   RTS                  
                      (../MS Extended BA):01420         ;                              
                      (../MS Extended BA):01421         ; READ                         
17F1 9E33             (../MS Extended BA):01422         READ      LDX  DATPTR         GET ‘READ’ START ADDRESS 
17F3 86               (../MS Extended BA):01423                   FCB  SKP1LD         SKIP ONE BYTE - LDA #*$4F 
17F4 4F               (../MS Extended BA):01424         LB049     CLRA                ‘INPUT’ ENTRY POINT: INPUT FLAG = 0 
17F5 9709             (../MS Extended BA):01425                   STA  INPFLG         SET INPUT FLAG; 0 = INPUT: <> 0 = READ 
17F7 9F35             (../MS Extended BA):01426                   STX  DATTMP         SAVE ‘READ’ START ADDRESS/’INPUT’ BUFFER START 
17F9 BD1AF6           (../MS Extended BA):01427         LB04E     JSR  LB357          EVALUATE A VARIABLE 
17FC 9F3B             (../MS Extended BA):01428                   STX  VARDES         SAVE DESCRIPTOR ADDRESS 
17FE 9E83             (../MS Extended BA):01429                   LDX  CHARAD         * GET BASIC’S INPUT POINTER 
1800 9F2B             (../MS Extended BA):01430                   STX  BINVAL         * AND SAVE IT 
1802 9E35             (../MS Extended BA):01431                   LDX  DATTMP         GET ‘READ’ ADDRESS START/’INPUT’ BUFFER POINTER 
1804 A684             (../MS Extended BA):01432                   LDA  ,X             GET A CHARACTER FROM THE BASIC PROGRAM 
1806 2609             (../MS Extended BA):01433                   BNE  LB069          BRANCH IF NOT END OF LINE 
1808 9609             (../MS Extended BA):01434                   LDA  INPFLG         * CHECK INPUT FLAG AND BRANCH 
180A 2651             (../MS Extended BA):01435                   BNE  LB0B9          * IF LOOKING FOR DATA (READ) 
                      (../MS Extended BA):01436         ; NO DATA IN ‘INPUT’ LINE BUFFER AND/OR INPUT                      
                      (../MS Extended BA):01437         ; NOT COMING FROM SCREEN                      
180C BD2113           (../MS Extended BA):01438                   JSR  LB9AF          SEND A '?' TO CONSOLE OUT 
180F 8DCD             (../MS Extended BA):01439                   BSR  LB02F          FILL INPUT BUFFER FROM CONSOLE IN 
1811 9F83             (../MS Extended BA):01440         LB069     STX  CHARAD         RESET BASIC’S INPUT POINTER 
1813 9D7C             (../MS Extended BA):01441                   JSR  GETNCH         GET A CHARACTER FROM BASIC 
1815 D606             (../MS Extended BA):01442                   LDB  VALTYP         * CHECK VARIABLE TYPE AND 
1817 2723             (../MS Extended BA):01443                   BEQ  LB098          * BRANCH IF NUMERIC 
                      (../MS Extended BA):01444         ; READ/INPUT A STRING VARIABLE                      
1819 9E83             (../MS Extended BA):01445                   LDX  CHARAD         LOAD X WITH CURRENT BASIC INPUT POINTER 
181B 9701             (../MS Extended BA):01446                   STA  CHARAC         SAVE CURRENT INPUT CHARACTER 
181D 8122             (../MS Extended BA):01447                   CMPA #'"            CHECK FOR STRING DELIMITER 
181F 270E             (../MS Extended BA):01448                   BEQ  LB08B          BRANCH IF STRING DELIMITER 
1821 301F             (../MS Extended BA):01449                   LEAX -1,X           BACK UP POINTER 
1823 4F               (../MS Extended BA):01450                   CLRA                * ZERO = END OF LINE CHARACTER 
1824 9701             (../MS Extended BA):01451                   STA  CHARAC         * SAVE AS TERMINATOR 
1826 BD114C           (../MS Extended BA):01452                   JSR  LA35F          SET UP PRINT PARAMETERS 
1829 863A             (../MS Extended BA):01453                   LDA  #':            END OF SUBLINE CHARACTER 
182B 9701             (../MS Extended BA):01454                   STA  CHARAC         SAVE AS TERMINATOR I 
182D 862C             (../MS Extended BA):01455                   LDA  #',            COMMA 
182F 9702             (../MS Extended BA):01456         LB08B     STA  ENDCHR         SAVE AS TERMINATOR 2 
1831 BD1CBD           (../MS Extended BA):01457                   JSR  LB51E          STRIP A STRING FROM THE INPUT BUFFER 
1834 BD19ED           (../MS Extended BA):01458                   JSR  LB249          MOVE INPUT POINTER TO END OF STRING 
1837 BD176C           (../MS Extended BA):01459                   JSR  LAFA4          PUT A STRING INTO THE STRING SPACE IF NECESSARY 
183A 2006             (../MS Extended BA):01460                   BRA  LB09E          CHECK FOR ANOTHER DATA ITEM 
                      (../MS Extended BA):01461         ; SAVE A NUMERIC VALUE IN A READ OR INPUT DATA ITEM                      
183C BD2476           (../MS Extended BA):01462         LB098     JSR  LBD12          CONVERT AN ASCII STRING TO FP NUMBER 
183F BD2397           (../MS Extended BA):01463                   JSR  LBC33          PACK FPA0 AND STORE IT IN ADDRESS IN VARDES - 
                      (../MS Extended BA):01464         ;                             INPUT OR READ DATA ITEM 
1842 9D82             (../MS Extended BA):01465         LB09E     JSR  GETCCH         GET CURRENT INPUT CHARACTER 
1844 2706             (../MS Extended BA):01466                   BEQ  LB0A8          BRANCH IF END OF LINE 
1846 812C             (../MS Extended BA):01467                   CMPA #',            CHECK FOR A COMMA 
1848 1026FF52         (../MS Extended BA):01468                   LBNE LAFD6          BAD FILE DATA' ERROR OR RETRY 
184C 9E83             (../MS Extended BA):01469         LB0A8     LDX  CHARAD         * GET CURRENT INPUT 
184E 9F35             (../MS Extended BA):01470                   STX  DATTMP         * POINTER (USED AS A DATA POINTER) AND SAVE IT 
1850 9E2B             (../MS Extended BA):01471                   LDX  BINVAL         * RESET INPUT POINTER TO INPUT OR 
1852 9F83             (../MS Extended BA):01472                   STX  CHARAD         * READ STATEMENT 
1854 9D82             (../MS Extended BA):01473                   JSR  GETCCH         GET CURRENT CHARACTER FROM BASIC 
1856 2721             (../MS Extended BA):01474                   BEQ  LB0D5          BRANCH IF END OF LINE - EXIT COMMAND 
1858 BD1A11           (../MS Extended BA):01475                   JSR  LB26D          SYNTAX CHECK FOR COMMA 
185B 209C             (../MS Extended BA):01476                   BRA  LB04E          GET ANOTHER INPUT OR READ ITEM 
                      (../MS Extended BA):01477         ; SEARCH FROM ADDRESS IN X FOR                      
                      (../MS Extended BA):01478         ; 1ST OCCURENCE OF THE TOKEN FOR DATA                      
185D 9F83             (../MS Extended BA):01479         LB0B9     STX  CHARAD         RESET BASIC’S INPUT POINTER 
185F BD16B0           (../MS Extended BA):01480                   JSR  LAEE8          SEARCH FOR END OF CURRENT LINE OR SUBLINE 
1862 3001             (../MS Extended BA):01481                   LEAX 1,X            MOVE X ONE PAST END OF LINE 
1864 4D               (../MS Extended BA):01482                   TSTA                CHECK FOR END OF LINE 
1865 260A             (../MS Extended BA):01483                   BNE  LB0CD          BRANCH IF END OF SUBLINE 
1867 C606             (../MS Extended BA):01484                   LDB  #2*3           ‘OUT OF DATA’ ERROR 
1869 EE81             (../MS Extended BA):01485                   LDU  ,X++           GET NEXT 2 CHARACTERS 
186B 2741             (../MS Extended BA):01486                   BEQ  LB10A          ‘OD’ ERROR IF END OF PROGRAM 
186D EC81             (../MS Extended BA):01487                   LDD  ,X++           GET BASIC LINE NUMBER AND 
186F DD31             (../MS Extended BA):01488                   STD  DATTXT         SAVE IT IN DATTXT 
1871 A684             (../MS Extended BA):01489         LB0CD     LDA  ,X             GET AN INPUT CHARACTER 
1873 8186             (../MS Extended BA):01490                   CMPA #TOK_DATA      DATA TOKEN? 
1875 26E6             (../MS Extended BA):01491                   BNE  LB0B9          NO — KEEP LOOKING 
1877 2098             (../MS Extended BA):01492                   BRA  LB069          YES 
                      (../MS Extended BA):01493         ; EXIT READ AND INPUT COMMANDS                      
1879 9E35             (../MS Extended BA):01494         LB0D5     LDX  DATTMP         GET DATA POINTER 
187B D609             (../MS Extended BA):01495                   LDB  INPFLG         * CHECK INPUT FLAG 
187D 1026FD3A         (../MS Extended BA):01496                   LBNE LADE8          * SAVE NEW DATA POINTER IF READ 
1881 A684             (../MS Extended BA):01497                   LDA  ,X             = CHECK NEXT CHARACTER IN ‘INPUT’ BUFFER 
1883 2706             (../MS Extended BA):01498                   BEQ  LB0E7          = 
1885 8E188B           (../MS Extended BA):01499                   LDX  #LB0E8-1       POINT X TO ‘?EXTRA IGNORED’ 
1888 7E2100           (../MS Extended BA):01500                   JMP  LB99C          PRINT THE MESSAGE 
188B 39               (../MS Extended BA):01501         LB0E7     RTS                  
                      (../MS Extended BA):01502                                        
188C 3F45585452412049 (../MS Extended BA):01503         LB0E8     FCC  "?EXTRA IGNORED" ?EXTRA IGNORED MESSAGE 
     474E4F524544
                      (../MS Extended BA):01504                                        
                      (../MS Extended BA):01505                                        
189A 0D00             (../MS Extended BA):01506                   FCB  CR,$00          
                      (../MS Extended BA):01507                                        
                      (../MS Extended BA):01508         ; NEXT                         
189C 2604             (../MS Extended BA):01509         NEXT      BNE  LB0FE          BRANCH IF ARGUMENT GIVEN 
189E 9E74             (../MS Extended BA):01510                   LDX  ZERO           X = 0: DEFAULT FOR NO ARGUMENT 
18A0 2003             (../MS Extended BA):01511                   BRA  LB101           
18A2 BD1AF6           (../MS Extended BA):01512         LB0FE     JSR  LB357          EVALUATE AN ALPHA EXPRESSION 
18A5 9F3B             (../MS Extended BA):01513         LB101     STX  VARDES         SAVE VARIABLE DESCRIPTOR POINTER 
18A7 BD13D1           (../MS Extended BA):01514                   JSR  LABF9          GO SCAN FOR ‘FOR/NEXT’ DATA ON STACK 
18AA 2704             (../MS Extended BA):01515                   BEQ  LB10C          BRANCH IF DATA FOUND 
18AC C600             (../MS Extended BA):01516                   LDB  #0             ‘NEXT WITHOUT FOR’ ERROR (SHOULD BE CLRB) 
18AE 2047             (../MS Extended BA):01517         LB10A     BRA  LB153          PROCESS ERROR 
18B0 1F14             (../MS Extended BA):01518         LB10C     TFR  X,S            POINT S TO START OF ‘FOR/NEXT’ DATA 
18B2 3003             (../MS Extended BA):01519                   LEAX 3,X            POINT X TO FP VALUE OF STEP 
18B4 BD2378           (../MS Extended BA):01520                   JSR  LBC14          COPY A FP NUMBER FROM (X) TO FPA0 
18B7 A668             (../MS Extended BA):01521                   LDA  8,S            GET THE DIRECTION OF STEP 
18B9 9754             (../MS Extended BA):01522                   STA  FP0SGN         SAVE IT AS THE SIGN OF FPA0 
18BB 9E3B             (../MS Extended BA):01523                   LDX  VARDES         POINT (X) TO INDEX VARIABLE DESCRIPTOR 
18BD BD2126           (../MS Extended BA):01524                   JSR  LB9C2          ADD (X) TO FPA0 (STEP TO INDEX) 
18C0 BD2397           (../MS Extended BA):01525                   JSR  LBC33          PACK FPA0 AND STORE IT IN ADDRESS 
                      (../MS Extended BA):01526         ;                             CONTAINED IN VARDES 
18C3 3069             (../MS Extended BA):01527                   LEAX 9,S            POINT (X) TO TERMINAL VALUE OF INDEX 
18C5 BD23FA           (../MS Extended BA):01528                   JSR  LBC96          COMPARE CURRENT INDEX VALUE TO TERMINAL VALUE OF INDEX 
18C8 E068             (../MS Extended BA):01529                   SUBB 8,S            ACCB = 0 IF TERMINAL VALUE=CURRENT VALUE AND STEP=0 OR IF 
                      (../MS Extended BA):01530         ;                             STEP IS POSITIVE AND CURRENT VALUE>TERMINAL VALUE OR 
                      (../MS Extended BA):01531         ;                             STEP IS NEGATIVE AND CURRENT VALUE<TERMINAL VALUE 
18CA 270C             (../MS Extended BA):01532                   BEQ  LB134          BRANCH IF ‘FOR/NEXT’ LOOP DONE 
18CC AE6E             (../MS Extended BA):01533                   LDX  14,S           * GET LINE NUMBER AND 
18CE 9F68             (../MS Extended BA):01534                   STX  CURLIN         * BASIC POINTER OF 
18D0 AEE810           (../MS Extended BA):01535                   LDX  16,S           * STATEMENT FOLLOWING THE 
18D3 9F83             (../MS Extended BA):01536                   STX  CHARAD         * PROPER FOR STATEMENT 
18D5 7E155A           (../MS Extended BA):01537         LB131     JMP  LAD9E          JUMP BACK TO COMMAND INTEPR. LOOP 
18D8 32E812           (../MS Extended BA):01538         LB134     LEAS 18,S           PULL THE ‘FOR-NEXT’ DATA OFF THE STACK 
18DB 9D82             (../MS Extended BA):01539                   JSR  GETCCH         GET CURRENT INPUT CHARACTER 
18DD 812C             (../MS Extended BA):01540                   CMPA #',            CHECK FOR ANOTHER ARGUMENT 
18DF 26F4             (../MS Extended BA):01541                   BNE  LB131          RETURN IF NONE 
18E1 9D7C             (../MS Extended BA):01542                   JSR  GETNCH         GET NEXT CHARACTER FROM BASIC 
18E3 8DBD             (../MS Extended BA):01543                   BSR  LB0FE          BSR SIMULATES A CALL TO ‘NEXT’ FROM COMMAND LOOP 
                      (../MS Extended BA):01544                                        
                      (../MS Extended BA):01545                                        
18E5 8D13             (../MS Extended BA):01546         LB141     BSR  LB156          EVALUATE EXPRESSION AND DO A TYPE CHECK FOR NUMERIC 
18E7 1CFE             (../MS Extended BA):01547         LB143     ANDCC #$FE           CLEAR CARRY FLAG 
18E9 7D               (../MS Extended BA):01548         LB145     FCB  $7D            OP CODE OF TST $1A01 - SKIP TWO BYTES (DO 
                      (../MS Extended BA):01549         ;              NOT CHANGE CARRY FLAG)  
18EA 1A01             (../MS Extended BA):01550         LB146     ORCC #1             SET CARRY 
                      (../MS Extended BA):01551                                        
                      (../MS Extended BA):01552         ; STRING TYPE MODE CHECK - IF ENTERED AT LB146 THEN VALTYP PLUS IS 'TM' ERROR                      
                      (../MS Extended BA):01553         ; NUMERIC TYPE MODE CHECK - IF ENTERED AT LB143 THEN VALTYP MINUS IS 'TM' ERROR                      
                      (../MS Extended BA):01554         ; IF ENTERED AT LB148, A TYPE CHECK IS DONE ON VALTYP                      
                      (../MS Extended BA):01555         ; IF ENTERED WITH CARRY SET, THEN 'TM' ERROR IF NUMERIC                      
                      (../MS Extended BA):01556         ; IF ENTERED WITH CARRY CLEAR, THEN 'TM' ERROR IF STRING.                      
18EC 0D06             (../MS Extended BA):01557         LB148     TST  VALTYP         TEST TYPE FLAG; DO NOT CHANGE CARRY 
18EE 2503             (../MS Extended BA):01558                   BCS  LB14F          BRANCH IF STRING 
18F0 2A99             (../MS Extended BA):01559                   BPL  LB0E7          RETURN ON PLUS 
18F2 8C               (../MS Extended BA):01560                   FCB  SKP2           SKIP 2 BYTES - ‘TM’ ERROR 
18F3 2B96             (../MS Extended BA):01561         LB14F     BMI  LB0E7          RETURN ON MINUS 
18F5 C618             (../MS Extended BA):01562                   LDB  #12*2          ‘TYPE M1SMATCH’ ERROR 
18F7 7E141E           (../MS Extended BA):01563         LB153     JMP  LAC46          PROCESS ERROR 
                      (../MS Extended BA):01564         ; EVALUATE EXPRESSION                      
18FA 8D6E             (../MS Extended BA):01565         LB156     BSR  LB1C6          BACK UP INPUT POINTER 
18FC 4F               (../MS Extended BA):01566         LB158     CLRA                END OF OPERATION PRECEDENCE FLAG 
18FD 8C               (../MS Extended BA):01567                   FCB  SKP2           SKIP TWO BYTES 
18FE 3404             (../MS Extended BA):01568         LB15A     PSHS B              SAVE FLAG (RELATIONAL OPERATOR FLAG) 
1900 3402             (../MS Extended BA):01569                   PSHS A              SAVE FLAG (PRECEDENCE FLAG) 
1902 C601             (../MS Extended BA):01570                   LDB  #1             * 
1904 BD140B           (../MS Extended BA):01571                   JSR  LAC33          * SEE IF ROOM IN FREE RAM FOR (B) WORDS 
1907 BD19C7           (../MS Extended BA):01572                   JSR  LB223          GO EVALUATE AN EXPRESSION 
190A 0F3F             (../MS Extended BA):01573                   CLR  TRELFL         RESET RELATIONAL OPERATOR FLAG 
190C 9D82             (../MS Extended BA):01574         LB168     JSR  GETCCH         GET CURRENT INPUT CHARACTER 
                      (../MS Extended BA):01575         ; CHECK FOR RELATIONAL OPERATORS                      
190E 80AD             (../MS Extended BA):01576         LB16A     SUBA #TOK_GREATER   TOKEN FOR > 
1910 2513             (../MS Extended BA):01577                   BCS  LB181          BRANCH IF LESS THAN RELATIONAL OPERATORS 
1912 8103             (../MS Extended BA):01578                   CMPA #3             * 
1914 240F             (../MS Extended BA):01579                   BCC  LB181          * BRANCH IF GREATER THAN RELATIONAL OPERATORS 
1916 8101             (../MS Extended BA):01580                   CMPA #1             SET CARRY IF ‘>‘ 
1918 49               (../MS Extended BA):01581                   ROLA                CARRY TO BIT 0 
1919 983F             (../MS Extended BA):01582                   EORA TRELFL         * CARRY SET IF 
191B 913F             (../MS Extended BA):01583                   CMPA TRELFL         * TRELFL = ACCA 
191D 2564             (../MS Extended BA):01584                   BCS  LB1DF          BRANCH IF SYNTAX ERROR : == << OR >> 
191F 973F             (../MS Extended BA):01585                   STA  TRELFL         BIT 0: >, BIT 1 =, BIT 2: < 
1921 9D7C             (../MS Extended BA):01586                   JSR  GETNCH         GET AN INPUT CHARACTER 
1923 20E9             (../MS Extended BA):01587                   BRA  LB16A          CHECK FOR ANOTHER RELATIONAL OPERATOR 
                      (../MS Extended BA):01588         ;                              
1925 D63F             (../MS Extended BA):01589         LB181     LDB  TRELFL         GET RELATIONAL OPERATOR FLAG 
1927 2633             (../MS Extended BA):01590                   BNE  LB1B8          BRANCH IF RELATIONAL COMPARISON 
1929 1024006B         (../MS Extended BA):01591                   LBCC LB1F4          BRANCH IF > RELATIONAL OPERATOR 
192D 8B07             (../MS Extended BA):01592                   ADDA #7             SEVEN ARITHMETIC/LOGICAL OPERATORS 
192F 2467             (../MS Extended BA):01593                   BCC  LB1F4          BRANCH IF NOT ARITHMETIC/LOGICAL OPERATOR 
1931 9906             (../MS Extended BA):01594                   ADCA VALTYP         ADD CARRY, NUMERIC FLAG AND MODIFIED TOKEN NUMBER 
1933 10270477         (../MS Extended BA):01595                   LBEQ LB60F          BRANCH IF VALTYP = FF, AND ACCA = ‘+‘ TOKEN - 
                      (../MS Extended BA):01596         ;                             CONCATENATE TWO STRINGS 
1937 89FF             (../MS Extended BA):01597                   ADCA #-1            RESTORE ARITHMETIC/LOGICAL OPERATOR NUMBER 
1939 3402             (../MS Extended BA):01598                   PSHS A              * STORE OPERATOR NUMBER ON STACK; MULTIPLY IT BY 2 
193B 48               (../MS Extended BA):01599                   ASLA                * THEN ADD THE STORED STACK DATA = MULTIPLY 
193C ABE0             (../MS Extended BA):01600                   ADDA ,S+            * X 3; 3 BYTE/TABLE ENTRY 
193E 8E1223           (../MS Extended BA):01601                   LDX  #LAA51         JUMP TABLE FOR ARITHMETIC & LOGICAL OPERATORS 
1941 3086             (../MS Extended BA):01602                   LEAX A,X            POINT X TO PROPER TABLE 
1943 3502             (../MS Extended BA):01603         LB19F     PULS A              GET PRECEDENCE FLAG FROM STACK 
1945 A184             (../MS Extended BA):01604                   CMPA ,X             COMPARE TO CURRENT OPERATOR 
1947 2455             (../MS Extended BA):01605                   BCC  LB1FA          BRANCH IF STACK OPERATOR > CURRENT OPERATOR 
1949 8D9C             (../MS Extended BA):01606                   BSR  LB143          ‘TM’ ERROR IF VARIABLE TYPE = STRING 
                      (../MS Extended BA):01607                                        
                      (../MS Extended BA):01608         ; OPERATION BEING PROCESSED IS OF HIGHER PRECEDENCE THAN THE PREVIOUS OPERATION.                      
194B 3402             (../MS Extended BA):01609         LB1A7     PSHS A              SAVE PRECEDENCE FLAG 
194D 8D29             (../MS Extended BA):01610                   BSR  LB1D4          PUSH OPERATOR ROUTINE ADDRESS AND FPA0 ONTO STACK 
194F 9E3D             (../MS Extended BA):01611                   LDX  RELPTR         GET POINTER TO ARITHMETIC/LOGICAL TABLE ENTRY FOR 
                      (../MS Extended BA):01612         ;                             LAST CALCULATED OPERATION 
1951 3502             (../MS Extended BA):01613                   PULS A              GET PRECEDENCE FLAG OF PREVIOUS OPERATION 
1953 261D             (../MS Extended BA):01614                   BNE  LB1CE          BRANCH IF NOT END OF OPERATION 
1955 4D               (../MS Extended BA):01615                   TSTA                CHECK TYPE OF PRECEDENCE FLAG 
1956 1027006A         (../MS Extended BA):01616                   LBEQ LB220          BRANCH IF END OF EXPRESSION OR SUB-EXPRESSION 
195A 204B             (../MS Extended BA):01617                   BRA  LB203          EVALUATE AN OPERATION 
                      (../MS Extended BA):01618                                        
195C 0806             (../MS Extended BA):01619         LB1B8     ASL  VALTYP         BIT 7 OF TYPE FLAG TO CARRY 
195E 59               (../MS Extended BA):01620                   ROLB                SHIFT RELATIONAL FLAG LEFT - VALTYP TO BIT 0 
195F 8D09             (../MS Extended BA):01621                   BSR  LB1C6          MOVE THE INPUT POINTER BACK ONE 
1961 8E196F           (../MS Extended BA):01622                   LDX  #LB1CB         POINT X TO RELATIONAL COMPARISON JUMP TABLE 
1964 D73F             (../MS Extended BA):01623                   STB  TRELFL         SAVE RELATIONAL COMPARISON DATA 
1966 0F06             (../MS Extended BA):01624                   CLR  VALTYP         SET VARIABLE TYPE TO NUMERIC 
1968 20D9             (../MS Extended BA):01625                   BRA  LB19F          PERFORM OPERATION OR SAVE ON STACK 
                      (../MS Extended BA):01626                                        
196A 9E83             (../MS Extended BA):01627         LB1C6     LDX  CHARAD         * GET BASIC’S INPUT POINTER AND 
196C 7E1683           (../MS Extended BA):01628                   JMP  LAEBB          * MOVE IT BACK ONE 
                      (../MS Extended BA):01629         ; RELATIONAL COMPARISON JUMP TABLE                      
196F 64               (../MS Extended BA):01630         LB1CB     FCB  $64            RELATIONAL COMPARISON FLAG 
1970 1A93             (../MS Extended BA):01631         LB1CC     FDB  LB2F4          JUMP ADDRESS 
                      (../MS Extended BA):01632                                        
1972 A184             (../MS Extended BA):01633         LB1CE     CMPA ,X             COMPARE PRECEDENCE OF LAST DONE OPERATION TO 
                      (../MS Extended BA):01634         ;         NEXT TO BE DONE OPERATION  
1974 2431             (../MS Extended BA):01635                   BCC  LB203          EVALUATE OPERATION IF LOWER PRECEDENCE 
1976 20D3             (../MS Extended BA):01636                   BRA  LB1A7          PUSH OPERATION DATA ON STACK IF HIGHER PRECEDENCE 
                      (../MS Extended BA):01637                                        
                      (../MS Extended BA):01638         ; PUSH OPERATOR EVALUATION ADDRESS AND FPA0 ONTO STACK AND EVALUATE ANOTHER EXPR                      
1978 EC01             (../MS Extended BA):01639         LB1D4     LDD  1,X            GET ADDRESS OF OPERATOR ROUTINE 
197A 3406             (../MS Extended BA):01640                   PSHS B,A            SAVE IT ON THE STACK 
197C 8D08             (../MS Extended BA):01641                   BSR  LB1E2          PUSH FPA0 ONTO STACK 
197E D63F             (../MS Extended BA):01642                   LDB  TRELFL         GET BACK RELATIONAL OPERATOR FLAG 
1980 16FF7B           (../MS Extended BA):01643                   LBRA LB15A          EVALUATE ANOTHER EXPRESSION 
1983 7E1A1B           (../MS Extended BA):01644         LB1DF     JMP  LB277          ‘SYNTAX ERROR’ 
                      (../MS Extended BA):01645         ; PUSH FPA0 ONTO THE STACK. ,S   = EXPONENT      
                      (../MS Extended BA):01646         ; 1-2,S =HIGH ORDER MANTISSA 3-4,S = LOW ORDER MANTISSA  
                      (../MS Extended BA):01647         ; 5,S = SIGN RETURN WITH PRECEDENCE CODE IN ACCA  
1986 D654             (../MS Extended BA):01648         LB1E2     LDB  FP0SGN         GET SIGN OF FPA0 MANTISSA 
1988 A684             (../MS Extended BA):01649                   LDA  ,X             GET PRECEDENCE CODE TO ACCA 
198A 3520             (../MS Extended BA):01650         LB1E6     PULS Y              GET RETURN ADDRESS FROM STACK & PUT IT IN Y 
198C 3404             (../MS Extended BA):01651                   PSHS B              SAVE ACCB ON STACK 
198E D64F             (../MS Extended BA):01652         LB1EA     LDB  FP0EXP         * PUSH FPA0 ONTO THE STACK 
1990 9E50             (../MS Extended BA):01653                   LDX  FPA0           * 
1992 DE52             (../MS Extended BA):01654                   LDU  FPA0+2         * 
1994 3454             (../MS Extended BA):01655                   PSHS U,X,B          * 
1996 6EA4             (../MS Extended BA):01656                   JMP  ,Y             JUMP TO ADDRESS IN Y 
                      (../MS Extended BA):01657                                        
                      (../MS Extended BA):01658         ; BRANCH HERE IF NON-OPERATOR CHARACTER FOUND - USUALLY ‘)‘ OR END OF LINE                      
1998 9E74             (../MS Extended BA):01659         LB1F4     LDX  ZERO           POINT X TO DUMMY VALUE (ZERO) 
199A A6E0             (../MS Extended BA):01660                   LDA  ,S+            GET PRECEDENCE FLAG FROM STACK 
199C 2726             (../MS Extended BA):01661                   BEQ  LB220          BRANCH IF END OF EXPRESSION 
199E 8164             (../MS Extended BA):01662         LB1FA     CMPA #$64           * CHECK FOR RELATIONAL COMPARISON FLAG 
19A0 2703             (../MS Extended BA):01663                   BEQ  LB201          * AND BRANCH IF RELATIONAL COMPARISON 
19A2 BD18E7           (../MS Extended BA):01664                   JSR  LB143          ‘TM’ ERROR IF VARIABLE TYPE = STRING 
19A5 9F3D             (../MS Extended BA):01665         LB201     STX  RELPTR         SAVE POINTER TO OPERATOR ROUTINE 
19A7 3504             (../MS Extended BA):01666         LB203     PULS B              GET RELATIONAL OPERATOR FLAG FROM STACK 
19A9 815A             (../MS Extended BA):01667                   CMPA #$5A           CHECK FOR ‘NOT’ OPERATOR 
19AB 2719             (../MS Extended BA):01668                   BEQ  LB222          RETURN IF ‘NOT’ - NO RELATIONAL COMPARISON 
19AD 817D             (../MS Extended BA):01669                   CMPA #$7D           CHECK FOR NEGATION (UNARY) FLAG 
19AF 2715             (../MS Extended BA):01670                   BEQ  LB222          RETURN IF NEGATION - NO RELATIONAL COMPARISON 
                      (../MS Extended BA):01671                                        
                      (../MS Extended BA):01672         ; EVALUATE AN OPERATION. EIGHT BYTES WILL BE STORED ON STACK, FIRST SIX BYTES                      
                      (../MS Extended BA):01673         ; ARE A TEMPORARY FLOATING POINT RESULT THEN THE ADDRESS OF ROUTINE WHICH                      
                      (../MS Extended BA):01674         ; WILL EVALUATE THE OPERATION. THE RTS AT END OF ROUTINE WILL VECTOR                      
                      (../MS Extended BA):01675         ; TO EVALUATING ROUTINE.                      
19B1 54               (../MS Extended BA):01676                   LSRB                = ROTATE VALTYP BIT INTO CARRY 
19B2 D70A             (../MS Extended BA):01677                   STB  RELFLG         = FLAG AND SAVE NEW RELFLG 
19B4 3552             (../MS Extended BA):01678                   PULS A,X,U          * PULL A FP VALUE OFF OF THE STACK 
19B6 975C             (../MS Extended BA):01679                   STA  FP1EXP         * AND SAVE IT IN FPA1 
19B8 9F5D             (../MS Extended BA):01680                   STX  FPA1           * 
19BA DF5F             (../MS Extended BA):01681                   STU  FPA1+2         * 
19BC 3504             (../MS Extended BA):01682                   PULS B              = GET MANTISSA SIGN AND 
19BE D761             (../MS Extended BA):01683                   STB  FP1SGN         = SAVE IT IN FPA1 
19C0 D854             (../MS Extended BA):01684                   EORB FP0SGN         EOR IT WITH FPA1 MANTISSA SIGN 
19C2 D762             (../MS Extended BA):01685                   STB  RESSGN         SAVE IT IN RESULT SIGN BYTE 
19C4 D64F             (../MS Extended BA):01686         LB220     LDB  FP0EXP         GET EXPONENT OF FPA0 
19C6 39               (../MS Extended BA):01687         LB222     RTS                  
                      (../MS Extended BA):01688                                        
19C7 BD2C14           (../MS Extended BA):01689         LB223     JSR  XVEC15         CALL EXTENDED BASIC ADD-IN 
19CA 0F06             (../MS Extended BA):01690                   CLR  VALTYP         INITIALIZE TYPE FLAG TO NUMERIC 
19CC 9D7C             (../MS Extended BA):01691                   JSR  GETNCH         GET AN INPUT CHAR 
19CE 2403             (../MS Extended BA):01692                   BCC  LB22F          BRANCH IF NOT NUMERIC 
19D0 7E2476           (../MS Extended BA):01693         LB22C     JMP  LBD12          CONVERT ASCII STRING TO FLOATING POINT - 
                      (../MS Extended BA):01694         ;         RETURN RESULT IN FPA0  
                      (../MS Extended BA):01695         ; PROCESS A NON NUMERIC FIRST CHARACTER                      
19D3 BD1B41           (../MS Extended BA):01696         LB22F     JSR  LB3A2          SET CARRY IF NOT ALPHA 
19D6 2450             (../MS Extended BA):01697                   BCC  LB284          BRANCH IF ALPHA CHARACTER 
19D8 812E             (../MS Extended BA):01698                   CMPA #'.            IS IT ‘.‘ (DECIMAL POINT)? 
19DA 27F4             (../MS Extended BA):01699                   BEQ  LB22C          CONVERT ASCII STRING TO FLOATING POINT 
19DC 81A7             (../MS Extended BA):01700                   CMPA #TOK_MINUS     MINUS TOKEN 
19DE 2740             (../MS Extended BA):01701                   BEQ  LB27C          YES - GO PROCESS THE MINUS OPERATOR 
19E0 81A6             (../MS Extended BA):01702                   CMPA #TOK_PLUS      PLUS TOKEN 
19E2 27E3             (../MS Extended BA):01703                   BEQ  LB223          YES - GET ANOTHER CHARACTER 
19E4 8122             (../MS Extended BA):01704                   CMPA #'"            STRING DELIMITER? 
19E6 260A             (../MS Extended BA):01705                   BNE  LB24E          NO 
19E8 9E83             (../MS Extended BA):01706         LB244     LDX  CHARAD         CURRENT BASIC POINTER TO X 
19EA BD1CB7           (../MS Extended BA):01707                   JSR  LB518          SAVE STRING ON STRING STACK 
19ED 9E64             (../MS Extended BA):01708         LB249     LDX  COEFPT         * GET ADDRESS OF END OF STRING AND 
19EF 9F83             (../MS Extended BA):01709                   STX  CHARAD         * PUT BASIC’S INPUT POINTER THERE 
19F1 39               (../MS Extended BA):01710                   RTS                  
19F2 81A3             (../MS Extended BA):01711         LB24E     CMPA #TOK_NOT       NOT TOKEN? 
19F4 260D             (../MS Extended BA):01712                   BNE  LB25F          NO 
                      (../MS Extended BA):01713         ; PROCESS THE NOT OPERATOR                      
19F6 865A             (../MS Extended BA):01714                   LDA  #$5A           ‘NOT’ PRECEDENCE FLAG 
19F8 BD18FE           (../MS Extended BA):01715                   JSR  LB15A          PROCESS OPERATION FOLLOWING ‘NOT’ 
19FB BD1B8C           (../MS Extended BA):01716                   JSR  INTCNV         CONVERT FPA0 TO INTEGER IN ACCD 
19FE 43               (../MS Extended BA):01717                   COMA                * ‘NOT’ THE INTEGER 
19FF 53               (../MS Extended BA):01718                   COMB                * 
1A00 7E1C93           (../MS Extended BA):01719                   JMP  GIVABF         CONVERT ACCD TO FLOATING POINT (FPA0) 
1A03 4C               (../MS Extended BA):01720         LB25F     INCA                CHECK FOR TOKENS PRECEEDED BY $FF 
1A04 272E             (../MS Extended BA):01721                   BEQ  LB290          IT WAS PRECEEDED BY $FF 
1A06 8D06             (../MS Extended BA):01722         LB262     BSR  LB26A          SYNTAX CHECK FOR A ‘(‘ 
1A08 BD18FA           (../MS Extended BA):01723                   JSR  LB156          EVALUATE EXPRESSIONS WITHIN PARENTHESES AT 
                      (../MS Extended BA):01724         ;         HIGHEST PRECEDENCE      
1A0B C629             (../MS Extended BA):01725         LB267     LDB  #')            SYNTAX CHECK FOR ‘)‘ 
1A0D 8C               (../MS Extended BA):01726                   FCB  SKP2           SKIP 2 BYTES 
1A0E C628             (../MS Extended BA):01727         LB26A     LDB  #'(            SYNTAX CHECK FOR ‘(‘ 
1A10 8C               (../MS Extended BA):01728                   FCB  SKP2           SKIP 2 BYTES 
1A11 C62C             (../MS Extended BA):01729         LB26D     LDB  #',            SYNTAX CHECK FOR COMMA 
1A13 E19F4083         (../MS Extended BA):01730         LB26F     CMPB [CHARAD]       * COMPARE ACCB TO CURRENT INPUT 
1A17 2602             (../MS Extended BA):01731                   BNE  LB277          * CHARACTER - SYNTAX ERROR IF NO MATCH 
1A19 0E7C             (../MS Extended BA):01732                   JMP  GETNCH         GET A CHARACTER FROM BASIC 
1A1B C602             (../MS Extended BA):01733         LB277     LDB  #2*1           SYNTAX ERROR 
1A1D 7E141E           (../MS Extended BA):01734                   JMP  LAC46          JUMP TO ERROR HANDLER 
                      (../MS Extended BA):01735                                        
                      (../MS Extended BA):01736         ; PROCESS THE MINUS (UNARY) OPERATOR                      
1A20 867D             (../MS Extended BA):01737         LB27C     LDA  #$7D           MINUS (UNARY) PRECEDENCE FLAG 
1A22 BD18FE           (../MS Extended BA):01738                   JSR  LB15A          PROCESS OPERATION FOLLOWING ‘UNARY’ NEGATION 
1A25 7E264D           (../MS Extended BA):01739                   JMP  LBEE9          CHANGE SIGN OF FPA0 MANTISSA 
                      (../MS Extended BA):01740                                        
                      (../MS Extended BA):01741         ; EVALUATE ALPHA EXPRESSION                      
1A28 BD1AF6           (../MS Extended BA):01742         LB284     JSR  LB357          FIND THE DESCRIPTOR ADDRESS OF A VARIABLE 
1A2B 9F52             (../MS Extended BA):01743         LB287     STX  FPA0+2         SAVE DESCRIPTOR ADDRESS IN FPA0 
1A2D 9606             (../MS Extended BA):01744                   LDA  VALTYP         TEST VARIABLE TYPE 
1A2F 2695             (../MS Extended BA):01745                   BNE  LB222          RETURN IF STRING 
1A31 7E2378           (../MS Extended BA):01746                   JMP  LBC14          COPY A FP NUMBER FROM (X) TO FPA0 
                      (../MS Extended BA):01747                                        
                      (../MS Extended BA):01748         ; EVALUATING A SECONDARY TOKEN                      
1A34 9D7C             (../MS Extended BA):01749         LB290     JSR  GETNCH         GET AN INPUT CHARACTER (SECONDARY TOKEN) 
1A36 1F89             (../MS Extended BA):01750                   TFR  A,B            SAVE IT IN ACCB 
1A38 58               (../MS Extended BA):01751                   ASLB                X2 & BET RID OF BIT 7 
1A39 9D7C             (../MS Extended BA):01752                   JSR  GETNCH         GET ANOTHER INPUT CHARACTER 
                      (../MS Extended BA):01753         ;          CMPB #NUM_SEC_FNS-1*2 29 SECONDARY FUNCTIONS - 1     * original line
1A3B C138             (../MS Extended BA):01754                   CMPB #(NUM_SEC_FNS-1)*2       * 29 SECONDARY FUNCTIONS - 1  ; fix for lwtools
1A3D 2303             (../MS Extended BA):01755                   BLS  LB29F          BRANCH IF COLOR BASIC TOKEN 
1A3F 7E1A1B           (../MS Extended BA):01756                   JMP  LB277          SYNTAX ERROR 
1A42 3404             (../MS Extended BA):01757         LB29F     PSHS B              SAVE TOKEN OFFSET ON STACK 
                      (../MS Extended BA):01758         ;          CMPB #TOK_LEFT-$80*2 CHECK FOR TOKEN WITH AN ARGUMENT * original line  
1A44 C12A             (../MS Extended BA):01759                   CMPB #(TOK_LEFT-$80)*2 CHECK FOR TOKEN WITH AN ARGUMENT ; fix for lwtools
1A46 251E             (../MS Extended BA):01760                   BCS  LB2C7          DO SECONDARIES STRING$ OR LESS 
                      (../MS Extended BA):01761         ;          CMPB #TOK_INKEY-$80*2 *                               * original line
1A48 C130             (../MS Extended BA):01762                   CMPB #(TOK_INKEY-$80)*2 *                                 ; fix for lwtools
1A4A 241C             (../MS Extended BA):01763                   BCC  LB2C9          * DO SECONDARIES $92 (INKEY$) OR > 
1A4C 8DC0             (../MS Extended BA):01764                   BSR  LB26A          SYNTAX CHECK FOR A ‘(‘ 
1A4E A6E4             (../MS Extended BA):01765                   LDA  ,S             GET TOKEN NUMBER 
                      (../MS Extended BA):01766         ; DO SECONDARIES (LEFT$, RIGHT$, MID$)                      
1A50 BD18FA           (../MS Extended BA):01767                   JSR  LB156          EVALUATE FIRST STRING IN ARGUMENT 
1A53 8DBC             (../MS Extended BA):01768                   BSR  LB26D          SYNTAX CHECK FOR A COMMA 
1A55 BD18EA           (../MS Extended BA):01769                   JSR  LB146          ‘TM’ ERROR IF NUMERIC VARiABLE 
1A58 3502             (../MS Extended BA):01770                   PULS A              GET TOKEN OFFSET FROM STACK 
1A5A DE52             (../MS Extended BA):01771                   LDU  FPA0+2         POINT U TO STRING DESCRIPTOR 
1A5C 3442             (../MS Extended BA):01772                   PSHS U,A            SAVE TOKEN OFFSET AND DESCRIPTOR ADDRESS 
1A5E BD1EAA           (../MS Extended BA):01773                   JSR  LB70B          EVALUATE FIRST NUMERIC ARGUMENT 
1A61 3502             (../MS Extended BA):01774                   PULS A              GET TOKEN OFFSET FROM STACK 
1A63 3406             (../MS Extended BA):01775                   PSHS B,A            SAVE TOKEN OFFSET AND NUMERIC ARGUMENT 
1A65 8E               (../MS Extended BA):01776                   FCB  $8E            OP CODE OF LDX# - SKlP 2 BYTES 
1A66 8D9E             (../MS Extended BA):01777         LB2C7     BSR  LB262          SYNTAX CHECK FOR A ‘(‘ 
1A68 3504             (../MS Extended BA):01778         LB2C9     PULS B              GET TOKEN OFFSET 
1A6A BE1111           (../MS Extended BA):01779                   LDX  COMVEC+8       GET SECONDARY FUNCTION JUMP TABLE ADDRESS 
1A6D 3A               (../MS Extended BA):01780         LB2CE     ABX                 ADD IN COMMAND OFFSET 
                      (../MS Extended BA):01781         ;                              
                      (../MS Extended BA):01782         ; HERE IS WHERE WE BRANCH TO A SECONDARY FUNCTION                      
1A6E AD94             (../MS Extended BA):01783                   JSR  [,X]           GO DO AN SECONDARY FUNCTION 
1A70 7E18E7           (../MS Extended BA):01784                   JMP  LB143          ‘TM’ ERROR IF VARIABLE TYPE = STRING 
                      (../MS Extended BA):01785                                        
                      (../MS Extended BA):01786         ; LOGICAL OPERATOR ‘OR’ JUMPS HERE                      
1A73 86               (../MS Extended BA):01787         LB2D4     FCB  SKP1LD         SKIP ONE BYTE - ‘OR’ FLAG = $4F 
                      (../MS Extended BA):01788                                        
                      (../MS Extended BA):01789         ; LOGICAL OPERATOR ‘AND’ JUMPS HERE                      
1A74 4F               (../MS Extended BA):01790         LB2D5     CLRA                AND FLAG = 0 
1A75 9703             (../MS Extended BA):01791                   STA  TMPLOC         AND/OR FLAG 
1A77 BD1B8C           (../MS Extended BA):01792                   JSR  INTCNV         CONVERT FPA0 INTO AN INTEGER IN ACCD 
1A7A DD01             (../MS Extended BA):01793                   STD  CHARAC         TEMP SAVE ACCD 
1A7C BD23AE           (../MS Extended BA):01794                   JSR  LBC4A          MOVE FPA1 TO FPA0 
1A7F BD1B8C           (../MS Extended BA):01795                   JSR  INTCNV         CONVERT FPA0 INTO AN INTEGER IN ACCD 
1A82 0D03             (../MS Extended BA):01796                   TST  TMPLOC         CHECK AND/OR FLAG 
1A84 2606             (../MS Extended BA):01797                   BNE  LB2ED          BRANCH IF OR 
1A86 9401             (../MS Extended BA):01798                   ANDA CHARAC         * ‘AND’ ACCD WITH FPA0 INTEGER 
1A88 D402             (../MS Extended BA):01799                   ANDB ENDCHR         * STORED IN ENDCHR 
1A8A 2004             (../MS Extended BA):01800                   BRA  LB2F1          CONVERT TO FP 
1A8C 9A01             (../MS Extended BA):01801         LB2ED     ORA  CHARAC         * ‘OR’ ACCD WITH FPA0 INTEGER 
1A8E DA02             (../MS Extended BA):01802                   ORB  ENDCHR         * STORED IN CHARAC 
1A90 7E1C93           (../MS Extended BA):01803         LB2F1     JMP  GIVABF         CONVERT THE VALUE IN ACCD INTO A FP NUMBER 
                      (../MS Extended BA):01804                                        
                      (../MS Extended BA):01805         ; RELATIONAL COMPARISON PROCESS HANDLER                      
1A93 BD18EC           (../MS Extended BA):01806         LB2F4     JSR  LB148          ‘TM’ ERROR IF TYPE MISMATCH 
1A96 2610             (../MS Extended BA):01807                   BNE  LB309          BRANCH IF STRING VARIABLE 
1A98 9661             (../MS Extended BA):01808                   LDA  FP1SGN         * ‘PACK’ THE MANTISSA 
1A9A 8A7F             (../MS Extended BA):01809                   ORA  #$7F           * SIGN OF FPA1 INTO 
1A9C 945D             (../MS Extended BA):01810                   ANDA FPA1           * BIT 7 OF THE 
1A9E 975D             (../MS Extended BA):01811                   STA  FPA1           * MANTISSA MS BYTE 
1AA0 8E405C           (../MS Extended BA):01812                   LDX  #FP1EXP        POINT X TO FPA1 
1AA3 BD23FA           (../MS Extended BA):01813                   JSR  LBC96          COMPARE FPA0 TO FPA1 
1AA6 2036             (../MS Extended BA):01814                   BRA  LB33F          CHECK TRUTH OF RELATIONAL COMPARISON 
                      (../MS Extended BA):01815                                        
                      (../MS Extended BA):01816         ; RELATIONAL COMPARISON OF STRINGS                      
1AA8 0F06             (../MS Extended BA):01817         LB309     CLR  VALTYP         SET VARIABLE TYPE TO NUMERIC 
1AAA 0A3F             (../MS Extended BA):01818                   DEC  TRELFL         REMOVE STRING TYPE FLAG (BIT0=1 FOR STRINGS) FROM THE 
                      (../MS Extended BA):01819         ;                             DESIRED RELATIONAL COMPARISON DATA 
1AAC BD1DF6           (../MS Extended BA):01820                   JSR  LB657          GET LENGTH AND ADDRESS OF STRING WHOSE 
                      (../MS Extended BA):01821         ;                             DESCRIPTOR ADDRESS IS IN THE BOTTOM OF FPA0 
1AAF D756             (../MS Extended BA):01822                   STB  STRDES         * SAVE LENGTH AND ADDRESS IN TEMPORARY 
1AB1 9F58             (../MS Extended BA):01823                   STX  STRDES+2       * DESCRIPTOR (STRING B) 
1AB3 9E5F             (../MS Extended BA):01824                   LDX  FPA1+2         = RETURN LENGTH AND ADDRESS OF STRING 
1AB5 BD1DF8           (../MS Extended BA):01825                   JSR  LB659          = WHOSE DESCRIPTOR ADDRESS IS STORED IN FPA1+2 
1AB8 9656             (../MS Extended BA):01826                   LDA  STRDES         LOAD ACCA WITH LENGTH OF STRING B 
1ABA 3404             (../MS Extended BA):01827                   PSHS B              SAVE LENGTH A ON STACK 
1ABC A0E0             (../MS Extended BA):01828                   SUBA ,S+            SUBTRACT LENGTH A FROM LENGTH B 
1ABE 2707             (../MS Extended BA):01829                   BEQ  LB328          BRANCH IF STRINGS OF EQUAL LENGTH 
1AC0 8601             (../MS Extended BA):01830                   LDA  #1             TRUE FLAG 
1AC2 2403             (../MS Extended BA):01831                   BCC  LB328          TRUE IF LENGTH B > LENGTH A 
1AC4 D656             (../MS Extended BA):01832                   LDB  STRDES         LOAD ACCB WITH LENGTH B 
1AC6 40               (../MS Extended BA):01833                   NEGA                SET FLAG = FALSE (1FF) 
1AC7 9754             (../MS Extended BA):01834         LB328     STA  FP0SGN         SAVE TRUE/FALSE FLAG 
1AC9 DE58             (../MS Extended BA):01835                   LDU  STRDES+2       POINT U TO START OF STRING 
1ACB 5C               (../MS Extended BA):01836                   INCB                COMPENSATE FOR THE DECB BELOW 
                      (../MS Extended BA):01837         ; ENTER WITH ACCB CONTAINING LENGTH OF SHORTER STRING                      
1ACC 5A               (../MS Extended BA):01838         LB32D     DECB                DECREMENT SHORTER STRING LENGTH 
1ACD 2604             (../MS Extended BA):01839                   BNE  LB334          BRANCH IF ALL OF STRING NOT COMPARED 
1ACF D654             (../MS Extended BA):01840                   LDB  FP0SGN         GET TRUE/FALSE FLAB 
1AD1 200B             (../MS Extended BA):01841                   BRA  LB33F          CHECK TRUTH OF RELATIONAL COMPARISON 
1AD3 A680             (../MS Extended BA):01842         LB334     LDA  ,X+            GET A BYTE FROM STRING A 
1AD5 A1C0             (../MS Extended BA):01843                   CMPA ,U+            COMPARE TO STRING B 
1AD7 27F3             (../MS Extended BA):01844                   BEQ  LB32D          CHECK ANOTHER CHARACTER IF = 
1AD9 C6FF             (../MS Extended BA):01845                   LDB  #$FF           FALSE FLAG IF STRING A > B 
1ADB 2401             (../MS Extended BA):01846                   BCC  LB33F          BRANCH IF STRING A > STRING B 
1ADD 50               (../MS Extended BA):01847                   NEGB                SET FLAG = TRUE 
                      (../MS Extended BA):01848                                        
                      (../MS Extended BA):01849         ; DETERMINE TRUTH OF COMPARISON - RETURN RESULT IN FPA0                      
1ADE CB01             (../MS Extended BA):01850         LB33F     ADDB #1             CONVERT $FF,0,1 TO 0,1,2 
1AE0 59               (../MS Extended BA):01851                   ROLB                NOW IT’S 1,2,4 FOR > = < 
1AE1 D40A             (../MS Extended BA):01852                   ANDB RELFLG         ‘AND’ THE ACTUAL COMPARISON WITH THE DESIRED - 
1AE3                  (../MS Extended BA):01853         COMPARISON                      
1AE3 2702             (../MS Extended BA):01854                   BEQ  LB348          BRANCH IF FALSE (NO MATCHING BITS) 
1AE5 C6FF             (../MS Extended BA):01855                   LDB  #$FF           TRUE FLAG 
1AE7 7E23E0           (../MS Extended BA):01856         LB348     JMP  LBC7C          CONVERT ACCB INTO FP NUMBER IN FPA0 
                      (../MS Extended BA):01857                                        
                      (../MS Extended BA):01858         ; DIM                          
1AEA BD1A11           (../MS Extended BA):01859         LB34B     JSR  LB26D          SYNTAX CHECK FOR COMMA 
1AED C601             (../MS Extended BA):01860         DIM       LDB  #1             DIMENSION FLAG 
1AEF 8D08             (../MS Extended BA):01861                   BSR  LB35A          SAVE ARRAY SPACE FOR THIS VARIABLE 
1AF1 9D82             (../MS Extended BA):01862                   JSR  GETCCH         GET CURRENT INPUT CHARACTER 
1AF3 26F5             (../MS Extended BA):01863                   BNE  LB34B          KEEP DIMENSIONING IF NOT END OF LINE 
1AF5 39               (../MS Extended BA):01864                   RTS                  
                      (../MS Extended BA):01865         ; EVALUATE A VARIABLE - RETURN X AND                      
                      (../MS Extended BA):01866         ; VARPTR POINTING TO VARIABLE DESCRIPTOR                      
                      (../MS Extended BA):01867         ; EACH VARIABLE REQUIRES 7 BYTES - THE FIRST TWO                      
                      (../MS Extended BA):01868         ; BYTES ARE THE VARIABLE NAME AND THE NEXT 5                      
                      (../MS Extended BA):01869         ; BYTES ARE THE DESCRIPTOR. IF BIT 7 OF THE                      
                      (../MS Extended BA):01870         ; FIRST BYTE OF VARlABLE NAME IS SET, THE                      
                      (../MS Extended BA):01871         ; VARIABLE IS A DEF FN VARIABLE. IF BIT 7 OF                      
                      (../MS Extended BA):01872         ; THE SECOND BYTE OF VARIABLE NAME IS SET, THE                      
                      (../MS Extended BA):01873         ; VARIABLE IS A STRING, OTHERWISE THE VARIABLE                      
                      (../MS Extended BA):01874         ; IS NUMERIC.                      
                      (../MS Extended BA):01875         ; IF THE VARIABLE IS NOT FOUND, A ZERO VARIABLE IS                      
                      (../MS Extended BA):01876         ; INSERTED INTO THE VARIABLE SPACE                      
1AF6 5F               (../MS Extended BA):01877         LB357     CLRB                DIMENSION FLAG = 0; DO NOT SET UP AN ARRAY 
1AF7 9D82             (../MS Extended BA):01878                   JSR  GETCCH         GET CURRENT INPUT CHARACTER 
1AF9 D705             (../MS Extended BA):01879         LB35A     STB  DIMFLG         SAVE ARRAY FLAG 
                      (../MS Extended BA):01880         ; ENTRY POINT FOR DEF FN VARIABLE SEARCH                      
1AFB 9737             (../MS Extended BA):01881         LB35C     STA  VARNAM         SAVE INPUT CHARACTER 
1AFD 9D82             (../MS Extended BA):01882                   JSR  GETCCH         GET CURRENT INPUT CHARACTER 
1AFF 8D40             (../MS Extended BA):01883                   BSR  LB3A2          SET CARRY IF NOT ALPHA 
1B01 1025FF16         (../MS Extended BA):01884                   LBCS LB277          SYNTAX ERROR IF NOT ALPHA 
1B05 5F               (../MS Extended BA):01885                   CLRB                DEFAULT 2ND VARIABLE CHARACTER TO ZERO 
1B06 D706             (../MS Extended BA):01886                   STB  VALTYP         SET VARIABLE TYPE TO NUMERIC 
1B08 9D7C             (../MS Extended BA):01887                   JSR  GETNCH         GET ANOTHER CHARACTER FROM BASIC 
1B0A 2504             (../MS Extended BA):01888                   BCS  LB371          BRANCH IF NUMERIC (2ND CHARACTER IN 
                      (../MS Extended BA):01889         ;                             VARIABLE MAY BE NUMERIC) 
1B0C 8D33             (../MS Extended BA):01890                   BSR  LB3A2          SET CARRY IF NOT ALPHA 
1B0E 250A             (../MS Extended BA):01891                   BCS  LB37B          BRANCH IF NOT ALPHA 
1B10 1F89             (../MS Extended BA):01892         LB371     TFR  A,B            SAVE 2ND CHARACTER IN ACCB 
                      (../MS Extended BA):01893         ; READ INPUT CHARACTERS UNTIL A NON ALPHA OR                      
                      (../MS Extended BA):01894         ; NON NUMERIC IS FOUND - IGNORE ALL CHARACTERS                      
                      (../MS Extended BA):01895         ; IN VARIABLE NAME AFTER THE 1ST TWO                      
1B12 9D7C             (../MS Extended BA):01896         LB373     JSR  GETNCH         GET AN INPUT CHARACTER 
1B14 25FC             (../MS Extended BA):01897                   BCS  LB373          BRANCH IF NUMERIC 
1B16 8D29             (../MS Extended BA):01898                   BSR  LB3A2          SET CARRY IF NOT ALPHA 
1B18 24F8             (../MS Extended BA):01899                   BCC  LB373          BRANCH IF ALPHA 
1B1A 8124             (../MS Extended BA):01900         LB37B     CMPA #'$            CHECK FOR A STRING VARIABLE 
1B1C 2606             (../MS Extended BA):01901                   BNE  LB385          BRANCH IF IT IS NOT A STRING 
1B1E 0306             (../MS Extended BA):01902                   COM  VALTYP         SET VARIABLE TYPE TO STRING 
1B20 CB80             (../MS Extended BA):01903                   ADDB #$80           SET BIT 7 OF 2ND CHARACTER (STRING) 
1B22 9D7C             (../MS Extended BA):01904                   JSR  GETNCH         GET AN INPUT CHARACTER 
1B24 D738             (../MS Extended BA):01905         LB385     STB  VARNAM+1       SAVE 2ND CHARACTER IN VARNAM+1 
1B26 9A08             (../MS Extended BA):01906                   ORA  ARYDIS         OR IN THE ARRAY DISABLE FLAG - IF = $80, 
                      (../MS Extended BA):01907         ;              DON’T SEARCH FOR VARIABLES IN THE ARRAYS  
1B28 8028             (../MS Extended BA):01908                   SUBA #'(            IS THIS AN ARRAY VARIABLE? 
1B2A 10270075         (../MS Extended BA):01909                   LBEQ LB404          BRANCH IF IT IS 
1B2E 0F08             (../MS Extended BA):01910                   CLR  ARYDIS         RESET THE ARRAY DISABLE FLAG 
1B30 9E1B             (../MS Extended BA):01911                   LDX  VARTAB         POINT X TO THE START OF VARIABLES 
1B32 DC37             (../MS Extended BA):01912                   LDD  VARNAM         GET VARIABLE IN QUESTION 
1B34 9C1D             (../MS Extended BA):01913         LB395     CMPX ARYTAB         COMPARE X TO THE END OF VARIABLES 
1B36 2712             (../MS Extended BA):01914                   BEQ  LB3AB          BRANCH IF END OF VARIABLES 
1B38 10A381           (../MS Extended BA):01915                   CMPD ,X++           * COMPARE VARIABLE IN QUESTION TO CURRENT 
1B3B 273E             (../MS Extended BA):01916                   BEQ  LB3DC          * VARIABLE AND BRANCH IF MATCH 
1B3D 3005             (../MS Extended BA):01917                   LEAX 5,X            = MOVE POINTER TO NEXT VARIABLE AND 
1B3F 20F3             (../MS Extended BA):01918                   BRA  LB395          = KEEP LOOKING 
                      (../MS Extended BA):01919                                        
                      (../MS Extended BA):01920         ; SET CARRY IF NOT UPPER CASE ALPHA                      
1B41 8141             (../MS Extended BA):01921         LB3A2     CMPA #'A            * CARRY SET IF < ‘A’ 
1B43 2504             (../MS Extended BA):01922                   BCS  LB3AA          * 
1B45 805B             (../MS Extended BA):01923                   SUBA #'Z+1          = 
                      (../MS Extended BA):01924         ;         SUBA #-('Z+1)       = CARRY CLEAR IF <= 'Z' 
1B47 80A5             (../MS Extended BA):01925                   FCB  $80,$A5         
1B49 39               (../MS Extended BA):01926         LB3AA     RTS                  
                      (../MS Extended BA):01927         ; PUT A NEW VARIABLE IN TABLE OF VARIABLES                      
1B4A 8E4074           (../MS Extended BA):01928         LB3AB     LDX  #ZERO          POINT X TO ZERO LOCATION 
1B4D EEE4             (../MS Extended BA):01929                   LDU  ,S             GET CURRENT RETURN ADDRESS 
1B4F 11831A2B         (../MS Extended BA):01930                   CMPU #LB287         DID WE COME FROM ‘EVALUATE ALPHA EXPR’? 
1B53 2728             (../MS Extended BA):01931                   BEQ  LB3DE          YES - RETURN A ZERO VALUE 
1B55 DC1F             (../MS Extended BA):01932                   LDD  ARYEND         * GET END OF ARRAYS ADDRESS AND 
1B57 DD43             (../MS Extended BA):01933                   STD  V43            * SAVE IT AT V43 
1B59 C30007           (../MS Extended BA):01934                   ADDD #7             = ADD 7 TO END OF ARRAYS (EACH 
1B5C DD41             (../MS Extended BA):01935                   STD  V41            = VARIABLE = 7 BYTES) AND SAVE AT V41 
1B5E 9E1D             (../MS Extended BA):01936                   LDX  ARYTAB         * GET END OF VARIABLES AND SAVE AT V47 
1B60 9F47             (../MS Extended BA):01937                   STX  V47            * 
1B62 BD13F6           (../MS Extended BA):01938                   JSR  LAC1E          MAKE A SEVEN BYTE SLOT FOR NEW VARIABLE AT 
                      (../MS Extended BA):01939         ;         TOP  OF VARIABLES    
1B65 9E41             (../MS Extended BA):01940                   LDX  V41            = GET NEW END OF ARRAYS AND SAVE IT 
1B67 9F1F             (../MS Extended BA):01941                   STX  ARYEND         = 
1B69 9E45             (../MS Extended BA):01942                   LDX  V45            * GET NEW END OF VARIABLES AND SAVE IT 
1B6B 9F1D             (../MS Extended BA):01943                   STX  ARYTAB         * 
1B6D 9E47             (../MS Extended BA):01944                   LDX  V47            GET OLD END OF VARIABLES 
1B6F DC37             (../MS Extended BA):01945                   LDD  VARNAM         GET NEW VARIABLE NAME 
1B71 ED81             (../MS Extended BA):01946                   STD  ,X++           SAVE VARIABLE NAME 
1B73 4F               (../MS Extended BA):01947                   CLRA                * ZERO OUT THE FP VALUE OF THE NUMERIC 
1B74 5F               (../MS Extended BA):01948                   CLRB                * VARIABLE OR THE LENGTH AND ADDRESS 
1B75 ED84             (../MS Extended BA):01949                   STD  ,X             * OF A STRING VARIABLE 
1B77 ED02             (../MS Extended BA):01950                   STD  2,X            * 
1B79 A704             (../MS Extended BA):01951                   STA  4,X            * 
1B7B 9F39             (../MS Extended BA):01952         LB3DC     STX  VARPTR         STORE ADDRESS OF VARIABLE VALUE 
1B7D 39               (../MS Extended BA):01953         LB3DE     RTS                  
                      (../MS Extended BA):01954         ;                              
1B7E 9080000000       (../MS Extended BA):01955         LB3DF     FCB  $90,$80,$00,$00,$00 * FLOATING POINT -32768 
                      (../MS Extended BA):01956         ;                             SMALLEST SIGNED TWO BYTE INTEGER 
                      (../MS Extended BA):01957         ;                              
1B83 9D7C             (../MS Extended BA):01958         LB3E4     JSR  GETNCH         GET AN INPUT CHARACTER FROM BASIC 
1B85 BD18E5           (../MS Extended BA):01959         LB3E6     JSR  LB141          GO EVALUATE NUMERIC EXPRESSION 
1B88 9654             (../MS Extended BA):01960         LB3E9     LDA  FP0SGN         GET FPA0 MANTISSA SIGN 
1B8A 2B5D             (../MS Extended BA):01961                   BMI  LB44A          ‘FC’ ERROR IF NEGATIVE NUMBER 
                      (../MS Extended BA):01962                                        
                      (../MS Extended BA):01963                                        
1B8C BD18E7           (../MS Extended BA):01964         INTCNV    JSR  LB143          ‘TM’ ERROR IF STRING VARIABLE 
1B8F 964F             (../MS Extended BA):01965                   LDA  FP0EXP         GET FPA0 EXPONENT 
1B91 8190             (../MS Extended BA):01966                   CMPA #$90           * COMPARE TO 32768 - LARGEST INTEGER EXPONENT AND 
1B93 2508             (../MS Extended BA):01967                   BCS  LB3FE          * BRANCH IF FPA0 < 32768 
1B95 8E1B7E           (../MS Extended BA):01968                   LDX  #LB3DF         POINT X TO FP VALUE OF -32768 
1B98 BD23FA           (../MS Extended BA):01969                   JSR  LBC96          COMPARE -32768 TO FPA0 
1B9B 264C             (../MS Extended BA):01970                   BNE  LB44A          ‘FC’ ERROR IF NOT = 
1B9D BD242C           (../MS Extended BA):01971         LB3FE     JSR  LBCC8          CONVERT FPA0 TO A TWO BYTE INTEGER 
1BA0 DC52             (../MS Extended BA):01972                   LDD  FPA0+2         GET THE INTEGER 
1BA2 39               (../MS Extended BA):01973                   RTS                  
                      (../MS Extended BA):01974         ; EVALUATE AN ARRAY VARIABLE                      
1BA3 DC05             (../MS Extended BA):01975         LB404     LDD  DIMFLG         GET ARRAY FLAG AND VARIABLE TYPE 
1BA5 3406             (../MS Extended BA):01976                   PSHS B,A            SAVE THEM ON STACK 
1BA7 12               (../MS Extended BA):01977                   NOP                 DEAD SPACE CAUSED BY 1.2 REVISION 
1BA8 5F               (../MS Extended BA):01978                   CLRB                RESET DIMENSION COUNTER 
1BA9 9E37             (../MS Extended BA):01979         LB40A     LDX  VARNAM         GET VARIABLE NAME 
1BAB 3414             (../MS Extended BA):01980                   PSHS X,B            SAVE VARIABLE NAME AND DIMENSION COUNTER 
1BAD 8DD4             (../MS Extended BA):01981                   BSR  LB3E4          EVALUATE EXPRESSION (DIMENSlON LENGTH) 
1BAF 3534             (../MS Extended BA):01982                   PULS B,X,Y          PULL OFF VARIABLE NAME, DIMENSlON COUNTER, 
                      (../MS Extended BA):01983         ;                             ARRAY FLAG 
1BB1 9F37             (../MS Extended BA):01984                   STX  VARNAM         SAVE VARIABLE NAME AND VARIABLE TYPE 
1BB3 DE52             (../MS Extended BA):01985                   LDU  FPA0+2         GET DIMENSION LENGTH 
1BB5 3460             (../MS Extended BA):01986                   PSHS U,Y            SAVE DIMENSION LENGTH, ARRAY FLAG, VARIABLE TYPE 
1BB7 5C               (../MS Extended BA):01987                   INCB                INCREASE DIMENSION COUNTER 
1BB8 9D82             (../MS Extended BA):01988                   JSR  GETCCH         GET CURRENT INPUT CHARACTER 
1BBA 812C             (../MS Extended BA):01989                   CMPA #',            CHECK FOR ANOTHER DIMENSION 
1BBC 27EB             (../MS Extended BA):01990                   BEQ  LB40A          BRANCH IF MORE 
1BBE D703             (../MS Extended BA):01991                   STB  TMPLOC         SAVE DIMENSION COUNTER 
1BC0 BD1A0B           (../MS Extended BA):01992                   JSR  LB267          SYNTAX CHECK FOR A ‘)‘ 
1BC3 3506             (../MS Extended BA):01993                   PULS A,B            * RESTORE VARIABLE TYPE AND ARRAY 
1BC5 DD05             (../MS Extended BA):01994                   STD  DIMFLG         * FLAG - LEAVE DIMENSION LENGTH ON STACK 
1BC7 9E1D             (../MS Extended BA):01995                   LDX  ARYTAB         GET START OF ARRAYS 
1BC9 9C1F             (../MS Extended BA):01996         LB42A     CMPX ARYEND         COMPARE TO END OF ARRAYS 
1BCB 2721             (../MS Extended BA):01997                   BEQ  LB44F          BRANCH IF NO MATCH FOUND 
1BCD DC37             (../MS Extended BA):01998                   LDD  VARNAM         GET VARIABLE IN QUESTION 
1BCF 10A384           (../MS Extended BA):01999                   CMPD ,X             COMPARE TO CURRENT VARIABLE 
1BD2 2706             (../MS Extended BA):02000                   BEQ  LB43B          BRANCH IF = 
1BD4 EC02             (../MS Extended BA):02001                   LDD  2,X            GET OFFSET TO NEXT ARRAY VARIABLE 
1BD6 308B             (../MS Extended BA):02002                   LEAX D,X            ADD TO CURRENT POINTER 
1BD8 20EF             (../MS Extended BA):02003                   BRA  LB42A          KEEP SEARCHING 
1BDA C612             (../MS Extended BA):02004         LB43B     LDB  #2*9           ‘REDIMENSIONED ARRAY’ ERROR 
1BDC 9605             (../MS Extended BA):02005                   LDA  DIMFLG         * TEST ARRAY FLAG - IF <>0 YOU ARE TRYING 
1BDE 260B             (../MS Extended BA):02006                   BNE  LB44C          * TO REDIMENSION AN ARRAY 
1BE0 D603             (../MS Extended BA):02007                   LDB  TMPLOC         GET NUMBER OF DIMENSIONS IN ARRAY 
1BE2 E104             (../MS Extended BA):02008                   CMPB 4,X            COMPARE TO THIS ARRAYS DIMENSIONS 
1BE4 2759             (../MS Extended BA):02009                   BEQ  LB4A0          BRANCH IF = 
1BE6 C610             (../MS Extended BA):02010         LB447     LDB  #8*2           ‘BAD SUBSCRIPT’ 
1BE8 8C               (../MS Extended BA):02011                   FCB  SKP2           SKIP TWO BYTES 
1BE9 C608             (../MS Extended BA):02012         LB44A     LDB  #4*2           ‘ILLEGAL FUNCTION CALL’ 
1BEB 7E141E           (../MS Extended BA):02013         LB44C     JMP  LAC46          JUMP TO ERROR SERVICING ROUTINE 
                      (../MS Extended BA):02014                                        
                      (../MS Extended BA):02015         ; INSERT A NEW ARRAY INTO ARRAY VARIABLES                      
                      (../MS Extended BA):02016         ; EACH SET OF ARRAY VARIABLES IS PRECEEDED BY A DE-                      
                      (../MS Extended BA):02017         ; SCRIPTOR BLOCK COMPOSED OF 5+2*N BYTES WHERE N IS THE                      
                      (../MS Extended BA):02018         ; NUMBER OF DIMENSIONS IN THE ARRAY. THE BLOCK IS DEFINED                      
                      (../MS Extended BA):02019         ; AS FOLLOWS: BYTES 0,1:VARIABLE’S NAME; 2,3:TOTAL LENGTH                      
                      (../MS Extended BA):02020         ; OF ARRAY ITEMS AND DESCRIPTOR BLOCK; 4:NUMBER OF DIMEN-                      
                      (../MS Extended BA):02021         ; ISIONS; 5,6:LENGTH OF DIMENSION 1; 7,8:LENGTH OF DIMEN-                      
                      (../MS Extended BA):02022         ; SION 2;… 4+N,5+N:LENGTH OF DIMENSION N.                      
                      (../MS Extended BA):02023                                        
1BEE CC0005           (../MS Extended BA):02024         LB44F     LDD  #5             * 5 BYTES/ARRAY ENTRY SAVE AT COEFPT 
1BF1 DD64             (../MS Extended BA):02025                   STD  COEFPT         * 
1BF3 DC37             (../MS Extended BA):02026                   LDD  VARNAM         = GET NAME OF ARRAY AND SAVE IN 
1BF5 ED84             (../MS Extended BA):02027                   STD  ,X             = FIRST 2 BYTES OF DESCRIPTOR 
1BF7 D603             (../MS Extended BA):02028                   LDB  TMPLOC         GET NUMBER OF DIMENSIONS AND SAVE IN 
1BF9 E704             (../MS Extended BA):02029                   STB  4,X            * 5TH BYTE OF DESCRIPTOR 
1BFB BD140B           (../MS Extended BA):02030                   JSR  LAC33          CHECK FOR ROOM FOR DESCRIPTOR IN FREE RAM 
1BFE 9F41             (../MS Extended BA):02031                   STX  V41            TEMPORARILY SAVE DESCRIPTOR ADDRESS 
1C00 C60B             (../MS Extended BA):02032         LB461     LDB  #11            * DEFAULT DIMENSION VALUE:X(10) 
1C02 4F               (../MS Extended BA):02033                   CLRA                * 
1C03 0D05             (../MS Extended BA):02034                   TST  DIMFLG         = CHECK ARRAY FLAG AND BRANCH IF 
1C05 2705             (../MS Extended BA):02035                   BEQ  LB46D          = NOT DIMENSIONING AN ARRAY 
1C07 3506             (../MS Extended BA):02036                   PULS A,B            GET DIMENSION LENGTH 
1C09 C30001           (../MS Extended BA):02037                   ADDD #1             ADD ONE (X(0) HAS A LENGTH OF ONE) 
1C0C ED05             (../MS Extended BA):02038         LB46D     STD  5,X            SAVE LENGTH OF ARRAY DIMENSION 
1C0E 8D5D             (../MS Extended BA):02039                   BSR  LB4CE          MULTIPLY ACCUM ARRAY SIZE NUMBER LENGTH 
                      (../MS Extended BA):02040         ;                             OF NEW DIMENSION 
1C10 DD64             (../MS Extended BA):02041                   STD  COEFPT         TEMP STORE NEW CURRENT ACCUMULATED ARRAY SIZE 
1C12 3002             (../MS Extended BA):02042                   LEAX 2,X            BUMP POINTER UP TWO 
1C14 0A03             (../MS Extended BA):02043                   DEC  TMPLOC         * DECREMENT DIMENSION COUNTER AND BRANCH IF 
1C16 26E8             (../MS Extended BA):02044                   BNE  LB461          * NOT DONE WITH ALL DIMENSIONS 
1C18 9F0F             (../MS Extended BA):02045                   STX  TEMPTR         SAVE ADDRESS OF (END OF ARRAY DESCRIPTOR - 5) 
1C1A D30F             (../MS Extended BA):02046                   ADDD TEMPTR         ADD TOTAL SIZE OF NEW ARRAY 
1C1C 1025F7FC         (../MS Extended BA):02047                   LBCS LAC44          ‘OM’ ERROR IF > $FFFF 
1C20 1F01             (../MS Extended BA):02048                   TFR  D,X            SAVE END OF ARRAY IN X 
1C22 BD140F           (../MS Extended BA):02049                   JSR  LAC37          MAKE SURE THERE IS ENOUGH FREE RAM FOR ARRAY 
1C25 830035           (../MS Extended BA):02050                   SUBD #STKBUF-5      SUBTRACT OUT THE (STACK BUFFER - 5) 
1C28 DD1F             (../MS Extended BA):02051                   STD  ARYEND         SAVE NEW END OF ARRAYS 
1C2A 4F               (../MS Extended BA):02052                   CLRA                ZERO = TERMINATOR BYTE 
1C2B 301F             (../MS Extended BA):02053         LB48C     LEAX -1,X           * STORE TWO TERMINATOR BYTES AT 
1C2D A705             (../MS Extended BA):02054                   STA  5,X            * THE END OF THE ARRAY DESCRIPTOR 
1C2F 9C0F             (../MS Extended BA):02055                   CMPX TEMPTR         * 
1C31 26F8             (../MS Extended BA):02056                   BNE  LB48C          * 
1C33 9E41             (../MS Extended BA):02057                   LDX  V41            GET ADDRESS OF START OF DESCRIPTOR 
1C35 961F             (../MS Extended BA):02058                   LDA  ARYEND         GET MSB OF END OF ARRAYS; LSB ALREADY THERE 
1C37 9341             (../MS Extended BA):02059                   SUBD V41            SUBTRACT OUT ADDRESS OF START OF DESCRIPTOR 
1C39 ED02             (../MS Extended BA):02060                   STD  2,X            SAVE LENGTH OF (ARRAY AND DESCRIPTOR) 
1C3B 9605             (../MS Extended BA):02061                   LDA  DIMFLG         * GET ARRAY FLAG AND BRANCH 
1C3D 262D             (../MS Extended BA):02062                   BNE  LB4CD          * BACK IF DIMENSIONING 
                      (../MS Extended BA):02063         ; CALCULATE POINTER TO CORRECT ELEMENT                      
1C3F E604             (../MS Extended BA):02064         LB4A0     LDB  4,X            GET THE NUMBER OF DIMENSIONS 
1C41 D703             (../MS Extended BA):02065                   STB  TMPLOC         TEMPORARILY SAVE 
1C43 4F               (../MS Extended BA):02066                   CLRA                * INITIALIZE POINTER 
1C44 5F               (../MS Extended BA):02067                   CLRB                * TO ZERO 
1C45 DD64             (../MS Extended BA):02068         LB4A6     STD  COEFPT         SAVE ACCUMULATED POINTER 
1C47 3506             (../MS Extended BA):02069                   PULS A,B            * PULL DIMENSION ARGUMENT OFF THE 
1C49 DD52             (../MS Extended BA):02070                   STD  FPA0+2         * STACK AND SAVE IT 
1C4B 10A305           (../MS Extended BA):02071                   CMPD 5,X            COMPARE TO STORED ‘DIM’ ARGUMENT 
1C4E 243A             (../MS Extended BA):02072                   BCC  LB4EB          ‘BS’ ERROR IF > = "DIM" ARGUMENT 
1C50 DE64             (../MS Extended BA):02073                   LDU  COEFPT         * GET ACCUMULATED POINTER AND 
1C52 2704             (../MS Extended BA):02074                   BEQ  LB4B9          * BRANCH IF 1ST DIMENSION 
1C54 8D17             (../MS Extended BA):02075                   BSR  LB4CE          = MULTIPLY ACCUMULATED POINTER AND DIMENSION 
1C56 D352             (../MS Extended BA):02076                   ADDD FPA0+2         = LENGTH AND ADD TO CURRENT ARGUMENT 
1C58 3002             (../MS Extended BA):02077         LB4B9     LEAX 2,X            MOVE POINTER TO NEXT DIMENSION 
1C5A 0A03             (../MS Extended BA):02078                   DEC  TMPLOC         * DECREMENT DIMENSION COUNTER AND 
1C5C 26E7             (../MS Extended BA):02079                   BNE  LB4A6          * BRANCH IF ANY DIMENSIONS LEFT 
                      (../MS Extended BA):02080         ; MULTIPLY ACCD BY 5 - 5 BYTES/ARRAY VALUE                      
1C5E EDE3             (../MS Extended BA):02081                   STD  ,--S            
1C60 58               (../MS Extended BA):02082                   ASLB                 
1C61 49               (../MS Extended BA):02083                   ROLA                TIMES 2 
1C62 58               (../MS Extended BA):02084                   ASLB                 
1C63 49               (../MS Extended BA):02085                   ROLA                TIMES 4 
1C64 E3E1             (../MS Extended BA):02086                   ADDD ,S++           TIMES 5 
1C66 308B             (../MS Extended BA):02087                   LEAX D,X            ADD OFFSET TO START OF ARRAY 
1C68 3005             (../MS Extended BA):02088                   LEAX 5,X            ADJUST POINTER FOR SIZE OF DESCRIPTOR 
1C6A 9F39             (../MS Extended BA):02089                   STX  VARPTR         SAVE POINTER TO ARRAY VALUE 
1C6C 39               (../MS Extended BA):02090         LB4CD     RTS                  
                      (../MS Extended BA):02091         ; MULTIPLY 2 BYTE NUMBER IN 5,X BY THE 2 BYTE NUMBER                      
                      (../MS Extended BA):02092         ; IN COEFPT. RETURN RESULT IN ACCD, BS ERROR IF > $FFFF                      
1C6D 8610             (../MS Extended BA):02093         LB4CE     LDA  #16            16 SHIFTS TO DO A MULTIPLY 
1C6F 9745             (../MS Extended BA):02094                   STA  V45            SHIFT COUNTER 
1C71 EC05             (../MS Extended BA):02095                   LDD  5,X            * GET SIZE OF DIMENSION 
1C73 DD17             (../MS Extended BA):02096                   STD  BOTSTK         * AND SAVE IT 
1C75 4F               (../MS Extended BA):02097                   CLRA                * ZERO 
1C76 5F               (../MS Extended BA):02098                   CLRB                * ACCD 
1C77 58               (../MS Extended BA):02099         LB4D8     ASLB                = SHIFT ACCB LEFT 
1C78 49               (../MS Extended BA):02100                   ROLA                = ONE BIT 
1C79 250F             (../MS Extended BA):02101                   BCS  LB4EB          BS' ERROR IF CARRY 
1C7B 0865             (../MS Extended BA):02102                   ASL  COEFPT+1       * SHIFT MULTIPLICAND LEFT ONE 
1C7D 0964             (../MS Extended BA):02103                   ROL  COEFPT         * BIT - ADD MULTIPLIER TO ACCUMULATOR 
1C7F 2404             (../MS Extended BA):02104                   BCC  LB4E6          * IF CARRY <> 0 
1C81 D317             (../MS Extended BA):02105                   ADDD BOTSTK         ADD MULTIPLIER TO ACCD 
1C83 2505             (../MS Extended BA):02106                   BCS  LB4EB          BS' ERROR IF CARRY (>$FFFF) 
1C85 0A45             (../MS Extended BA):02107         LB4E6     DEC  V45            * DECREMENT SHIFT COUNTER 
1C87 26EE             (../MS Extended BA):02108                   BNE  LB4D8          * IF NOT DONE 
1C89 39               (../MS Extended BA):02109                   RTS                  
1C8A 7E1BE6           (../MS Extended BA):02110         LB4EB     JMP  LB447          BS' ERROR 
                      (../MS Extended BA):02111         ;                              
                      (../MS Extended BA):02112         ; MEM                          
                      (../MS Extended BA):02113         ; THIS IS NOT A TRUE INDICATOR OF FREE MEMORY BECAUSE                      
                      (../MS Extended BA):02114         ; BASIC REQUIRES A STKBUF SIZE BUFFER FOR THE STACK                      
                      (../MS Extended BA):02115         ; FOR WHICH MEM DOES NOT ALLOW.                      
                      (../MS Extended BA):02116         ;                              
1C8D 1F40             (../MS Extended BA):02117         MEM       TFR  S,D            PUT STACK POINTER INTO ACCD 
1C8F 931F             (../MS Extended BA):02118                   SUBD ARYEND         SUBTRACT END OF ARRAYS 
1C91 21               (../MS Extended BA):02119                   FCB  SKP1           SKIP ONE BYTE 
                      (../MS Extended BA):02120         ;CONVERT THE VALUE IN ACCB INTO A FP NUMBER IN FPA0                      
1C92 4F               (../MS Extended BA):02121         LB4F3     CLRA                CLEAR MS BYTE OF ACCD 
                      (../MS Extended BA):02122         ; CONVERT THE VALUE IN ACCD INTO A FLOATING POINT NUMBER IN FPA0                      
1C93 0F06             (../MS Extended BA):02123         GIVABF    CLR  VALTYP         SET VARIABLE TYPE TO NUMERIC 
1C95 DD50             (../MS Extended BA):02124                   STD  FPA0           SAVE ACCD IN TOP OF FACA 
1C97 C690             (../MS Extended BA):02125                   LDB  #$90           EXPONENT REQUIRED IF THE TOP TWO BYTES 
                      (../MS Extended BA):02126         ;         OF   FPA0 ARE TO BE TREATED AS AN INTEGER IN FPA0  
1C99 7E23E6           (../MS Extended BA):02127                   JMP  LBC82          CONVERT THE REST OF FPA0 TO AN INTEGER 
                      (../MS Extended BA):02128                                        
                      (../MS Extended BA):02129         ; STR$                         
1C9C BD18E7           (../MS Extended BA):02130         STR       JSR  LB143          TM' ERROR IF STRING VARIABLE 
1C9F CE41DE           (../MS Extended BA):02131                   LDU  #STRBUF+2      *CONVERT FP NUMBER TO ASCII STRING IN 
1CA2 BD2540           (../MS Extended BA):02132                   JSR  LBDDC          *THE STRING BUFFER 
1CA5 3262             (../MS Extended BA):02133                   LEAS 2,S            PURGE THE RETURN ADDRESS FROM THE STACK 
1CA7 8E41DD           (../MS Extended BA):02134                   LDX  #STRBUF+1      *POINT X TO STRING BUFFER AND SAVE 
1CAA 200B             (../MS Extended BA):02135                   BRA  LB518          *THE STRING IN THE STRING SPACE 
                      (../MS Extended BA):02136         ; RESERVE ACCB BYTES OF STRING SPACE. RETURN START                      
                      (../MS Extended BA):02137         ; ADDRESS IN (X) AND FRESPC                      
1CAC 9F4D             (../MS Extended BA):02138         LB50D     STX  V4D            SAVE X IN V4D 
1CAE 8D5C             (../MS Extended BA):02139         LB50F     BSR  LB56D          RESERVE ACCB BYTES IN STRING SPACE 
1CB0 9F58             (../MS Extended BA):02140         LB511     STX  STRDES+2       SAVE NEW STRING ADDRESS 
1CB2 D756             (../MS Extended BA):02141                   STB  STRDES         SAVE LENGTH OF RESERVED BLOCK 
1CB4 39               (../MS Extended BA):02142                   RTS                  
1CB5 301F             (../MS Extended BA):02143         LB516     LEAX -1,X           MOVE POINTER BACK ONE 
                      (../MS Extended BA):02144         ; SCAN A LINE FROM (X) UNTIL AN END OF LINE FLAG (ZERO) OR                      
                      (../MS Extended BA):02145         ; EITHER OF THE TWO TERMINATORS STORED IN CHARAC OR ENDCHR IS MATCHED.                      
                      (../MS Extended BA):02146         ; THE RESULTING STRING IS STORED IN THE STRING SPACE                      
                      (../MS Extended BA):02147         ; ONLY IF THE START OF THE STRING IS <= STRBUF+2                      
1CB7 8622             (../MS Extended BA):02148         LB518     LDA  #'"            * INITIALIZE 
1CB9 9701             (../MS Extended BA):02149                   STA  CHARAC         * TERMINATORS 
1CBB 9702             (../MS Extended BA):02150         LB51A     STA  ENDCHR         * TO " 
1CBD 3001             (../MS Extended BA):02151         LB51E     LEAX 1,X            MOVE POINTER UP ONE 
1CBF 9F62             (../MS Extended BA):02152                   STX  RESSGN         TEMPORARILY SAVE START OF STRING 
1CC1 9F58             (../MS Extended BA):02153                   STX  STRDES+2       SAVE START OF STRING IN TEMP DESCRIPTOR 
1CC3 C6FF             (../MS Extended BA):02154                   LDB  #-1            INITIALIZE CHARACTER COUNTER TO - 1 
1CC5 5C               (../MS Extended BA):02155         LB526     INCB                INCREMENT CHARACTER COUNTER 
1CC6 A680             (../MS Extended BA):02156                   LDA  ,X+            GET CHARACTER 
1CC8 270C             (../MS Extended BA):02157                   BEQ  LB537          BRANCH IF END OF LINE 
1CCA 9101             (../MS Extended BA):02158                   CMPA CHARAC         * CHECK FOR TERMINATORS 
1CCC 2704             (../MS Extended BA):02159                   BEQ  LB533          * IN CHARAC AND ENDCHR 
1CCE 9102             (../MS Extended BA):02160                   CMPA ENDCHR         * DON’T MOVE POINTER BACK 
1CD0 26F3             (../MS Extended BA):02161                   BNE  LB526          * ONE IF TERMINATOR IS "MATCHED" 
1CD2 8122             (../MS Extended BA):02162         LB533     CMPA #'"            = COMPARE CHARACTER TO STRING DELIMITER 
1CD4 2702             (../MS Extended BA):02163                   BEQ  LB539          = & DON’T MOVE POINTER BACK IF SO 
1CD6 301F             (../MS Extended BA):02164         LB537     LEAX -1,X           MOVE POINTER BACK ONE 
1CD8 9F64             (../MS Extended BA):02165         LB539     STX  COEFPT         SAVE END OF STRING ADDRESS 
1CDA D756             (../MS Extended BA):02166                   STB  STRDES         SAVE STRING LENGTH IN TEMP DESCRIPTOR 
1CDC DE62             (../MS Extended BA):02167                   LDU  RESSGN         GET INITlAL STRING START 
1CDE 118341DE         (../MS Extended BA):02168                   CMPU #STRBUF+2      COMPARE TO START OF STRING BUFFER 
1CE2 2207             (../MS Extended BA):02169         LB543     BHI  LB54C          BRANCH IF > START OF STRING BUFFER 
1CE4 8DC6             (../MS Extended BA):02170                   BSR  LB50D          GO RESERVE SPACE FOR THE STRING 
1CE6 9E62             (../MS Extended BA):02171                   LDX  RESSGN         POINT X TO THE BEGINNING OF THE STRING 
1CE8 BD1DE4           (../MS Extended BA):02172                   JSR  LB645          MOVE (B) BYTES FROM (X) TO 
                      (../MS Extended BA):02173         ;                             [FRESPC] - MOVE STRING DATA 
                      (../MS Extended BA):02174         ; PUT DIRECT PAGE STRING DESCRIPTOR BUFFER DATA                      
                      (../MS Extended BA):02175         ; ON THE STRING STACK. SET VARIABLE TYPE TO STRING                      
1CEB 9E0B             (../MS Extended BA):02176         LB54C     LDX  TEMPPT         GET NEXT AVAILABLE STRING STACK DESCRIPTOR 
1CED 8C40DF           (../MS Extended BA):02177                   CMPX #LINHDR        COMPARE TO TOP OF STRING DESCRIPTOR STACK - WAS #CFNBUF 
1CF0 2605             (../MS Extended BA):02178                   BNE  LB558          FORMULA O.K. 
1CF2 C61E             (../MS Extended BA):02179                   LDB  #15*2          STRING FORMULA TOO COMPLEX' ERROR 
1CF4 7E141E           (../MS Extended BA):02180         LB555     JMP  LAC46          JUMP TO ERROR SERVICING ROUTINE 
1CF7 9656             (../MS Extended BA):02181         LB558     LDA  STRDES         * GET LENGTH OF STRING AND SAVE IT 
                      (../MS Extended BA):02182         ;         STA  ,X             * IN BYTE 0 OF DESCRIPTOR 
1CF9 A700             (../MS Extended BA):02183                   FCB  $A7,$00         
1CFB DC58             (../MS Extended BA):02184                   LDD  STRDES+2       = GET START ADDRESS OF ACTUAL STRING 
1CFD ED02             (../MS Extended BA):02185                   STD  2,X            = AND SAVE IN BYTES 2,3 OF DESCRIPTOR 
1CFF 86FF             (../MS Extended BA):02186                   LDA  #$FF           * VARIABLE TYPE = STRING 
1D01 9706             (../MS Extended BA):02187                   STA  VALTYP         * SAVE IN VARIABLE TYPE FLAG 
1D03 9F0D             (../MS Extended BA):02188                   STX  LASTPT         = SAVE START OF DESCRIPTOR 
1D05 9F52             (../MS Extended BA):02189                   STX  FPA0+2         = ADDRESS IN LASTPT AND FPA0 
1D07 3005             (../MS Extended BA):02190                   LEAX 5,X            5 BYTES/STRING DESCRIPTOR 
1D09 9F0B             (../MS Extended BA):02191                   STX  TEMPPT         NEXT AVAILABLE STRING VARIABLE DESCRIPTOR 
1D0B 39               (../MS Extended BA):02192                   RTS                  
                      (../MS Extended BA):02193         ; RESERVE ACCB BYTES IN STRING STORAGE SPACE                      
                      (../MS Extended BA):02194         ; RETURN WITH THE STARTING ADDRESS OF THE                      
                      (../MS Extended BA):02195         ; RESERVED STRING SPACE IN (X) AND FRESPC                      
1D0C 0F07             (../MS Extended BA):02196         LB56D     CLR  GARBFL         CLEAR STRING REORGANIZATION FLAG 
1D0E 4F               (../MS Extended BA):02197         LB56F     CLRA                * PUSH THE LENGTH OF THE 
1D0F 3406             (../MS Extended BA):02198                   PSHS B,A            * STRING ONTO THE STACK 
1D11 DC23             (../MS Extended BA):02199                   LDD  STRTAB         GET START OF STRING VARIABLES 
1D13 A3E0             (../MS Extended BA):02200                   SUBD ,S+            SUBTRACT STRING LENGTH 
1D15 109321           (../MS Extended BA):02201                   CMPD FRETOP         COMPARE TO START OF STRING STORAGE 
1D18 250A             (../MS Extended BA):02202                   BCS  LB585          IF BELOW START, THEN REORGANIZE 
1D1A DD23             (../MS Extended BA):02203                   STD  STRTAB         SAVE NEW START OF STRING VARIABLES 
1D1C 9E23             (../MS Extended BA):02204                   LDX  STRTAB         GET START OF STRING VARIABLES 
1D1E 3001             (../MS Extended BA):02205                   LEAX 1,X            ADD ONE 
1D20 9F25             (../MS Extended BA):02206                   STX  FRESPC         SAVE START ADDRESS OF NEWLY RESERVED SPACE 
1D22 3584             (../MS Extended BA):02207                   PULS B,PC           RESTORE NUMBER OF BYTES RESERVED AND RETURN 
1D24 C61A             (../MS Extended BA):02208         LB585     LDB  #2*13          OUT OF STRING SPACE' ERROR 
1D26 0307             (../MS Extended BA):02209                   COM  GARBFL         TOGGLE REORGANIZATiON FLAG 
1D28 27CA             (../MS Extended BA):02210                   BEQ  LB555          ERROR IF FRESHLY REORGANIZED 
1D2A 8D04             (../MS Extended BA):02211                   BSR  LB591          GO REORGANIZE STRING SPACE 
1D2C 3504             (../MS Extended BA):02212                   PULS B              GET BACK THE NUMBER OF BYTES TO RESERVE 
1D2E 20DE             (../MS Extended BA):02213                   BRA  LB56F          TRY TO RESERVE ACCB BYTES AGAIN 
                      (../MS Extended BA):02214         ; REORGANIZE THE STRING SPACE                      
1D30 9E27             (../MS Extended BA):02215         LB591     LDX  MEMSIZ         GET THE TOP OF STRING SPACE 
1D32 9F23             (../MS Extended BA):02216         LB593     STX  STRTAB         SAVE TOP OF UNORGANIZED STRING SPACE 
1D34 4F               (../MS Extended BA):02217                   CLRA                * ZERO OUT ACCD 
1D35 5F               (../MS Extended BA):02218                   CLRB                * AND RESET VARIABLE 
1D36 DD4B             (../MS Extended BA):02219                   STD  V4B            * POINTER TO 0 
1D38 9E21             (../MS Extended BA):02220                   LDX  FRETOP         POINT X TO START OF STRING SPACE 
1D3A 9F47             (../MS Extended BA):02221                   STX  V47            SAVE POINTER IN V47 
1D3C 8E40B7           (../MS Extended BA):02222                   LDX  #STRSTK        POINT X TO START OF STRING DESCRIPTOR STACK 
1D3F 9C0B             (../MS Extended BA):02223         LB5A0     CMPX TEMPPT         COMPARE TO ADDRESS OF NEXT AVAILABLE DESCRIPTOR 
1D41 2704             (../MS Extended BA):02224                   BEQ  LB5A8          BRANCH IF TOP OF STRING STACK 
1D43 8D32             (../MS Extended BA):02225                   BSR  LB5D8          CHECK FOR STRING IN UNORGANIZED STRING SPACE 
1D45 20F8             (../MS Extended BA):02226                   BRA  LB5A0          KEEP CHECKING 
1D47 9E1B             (../MS Extended BA):02227         LB5A8     LDX  VARTAB         GET THE END OF BASIC PROGRAM 
1D49 9C1D             (../MS Extended BA):02228         LB5AA     CMPX ARYTAB         COMPARE TO END OF VARIABLES 
1D4B 2704             (../MS Extended BA):02229                   BEQ  LB5B2          BRANCH IF AT TOP OF VARIABLES 
1D4D 8D22             (../MS Extended BA):02230                   BSR  LB5D2          CHECK FOR STRING IN UNORGANIZED STRING SPACE 
1D4F 20F8             (../MS Extended BA):02231                   BRA  LB5AA          KEEP CHECKING VARIABLES 
1D51 9F41             (../MS Extended BA):02232         LB5B2     STX  V41            SAVE ADDRESS OF THE END OF VARIABLES 
1D53 9E41             (../MS Extended BA):02233         LB5B4     LDX  V41            GET CURRENT ARRAY POINTER 
1D55 9C1F             (../MS Extended BA):02234         LB5B6     CMPX ARYEND         COMPARE TO THE END OF ARRAYS 
1D57 2735             (../MS Extended BA):02235                   BEQ  LB5EF          BRANCH IF AT END OF ARRAYS 
1D59 EC02             (../MS Extended BA):02236                   LDD  2,X            GET LENGTH OF ARRAY AND DESCRIPTOR 
1D5B D341             (../MS Extended BA):02237                   ADDD V41            * ADD TO CURRENT ARRAY POINTER 
1D5D DD41             (../MS Extended BA):02238                   STD  V41            * AND SAVE IT 
1D5F A601             (../MS Extended BA):02239                   LDA  1,X            GET 1ST CHARACTER OF VARIABLE NAME 
1D61 2AF0             (../MS Extended BA):02240                   BPL  LB5B4          BRANCH IF NUMERIC ARRAY 
1D63 E604             (../MS Extended BA):02241                   LDB  4,X            GET THE NUMBER OF DIMENSIONS IN THIS ARRAY 
1D65 58               (../MS Extended BA):02242                   ASLB                MULTIPLY BY 2 
1D66 CB05             (../MS Extended BA):02243                   ADDB #5             ADD FIVE BYTES (VARIABLE NAME, ARRAY 
                      (../MS Extended BA):02244         ;                             LENGTH, NUMBER DIMENSIONS) 
1D68 3A               (../MS Extended BA):02245                   ABX                 X NOW POINTS TO START OF ARRAY ELEMENTS 
1D69 9C41             (../MS Extended BA):02246         LB5CA     CMPX V41            AT END OF THIS ARRAY? 
1D6B 27E8             (../MS Extended BA):02247                   BEQ  LB5B6          YES - CHECK FOR ANOTHER 
1D6D 8D08             (../MS Extended BA):02248                   BSR  LB5D8          CHECK FOR STRING LOCATED IN 
                      (../MS Extended BA):02249         ;                             UNORGANIZED STRING SPACE 
1D6F 20F8             (../MS Extended BA):02250                   BRA  LB5CA          KEEP CHECKING ELEMENTS IN THIS ARRAY 
1D71 A601             (../MS Extended BA):02251         LB5D2     LDA  1,X            GET F1RST BYTE OF VARIABLE NAME 
1D73 3002             (../MS Extended BA):02252                   LEAX 2,X            MOVE POINTER TO DESCRIPTOR 
1D75 2A14             (../MS Extended BA):02253                   BPL  LB5EC          BRANCH IF VARIABLE IS NUMERIC 
                      (../MS Extended BA):02254         ; SEARCH FOR STRING - ENTER WITH X POINTING TO                      
                      (../MS Extended BA):02255         ; THE STRING DESCRIPTOR. IF STRING IS STORED                      
                      (../MS Extended BA):02256         ; BETWEEN V47 AND STRTAB, SAVE DESCRIPTOR POINTER                      
                      (../MS Extended BA):02257         ; IN V4B AND RESET V47 TO STRING ADDRESS                      
1D77 E684             (../MS Extended BA):02258         LB5D8     LDB  ,X             GET THE LENGTH OF THE STRING 
1D79 2710             (../MS Extended BA):02259                   BEQ  LB5EC          BRANCH IF NULL - NO STRING 
1D7B EC02             (../MS Extended BA):02260                   LDD  2,X            GET STARTING ADDRESS OF THE STRING 
1D7D 109323           (../MS Extended BA):02261                   CMPD STRTAB         COMPARE TO THE START OF STRING VARIABLES 
1D80 2209             (../MS Extended BA):02262                   BHI  LB5EC          BRANCH IF THIS STRING IS STORED IN 
                      (../MS Extended BA):02263         ;              THE STRING VARIABLES  
1D82 109347           (../MS Extended BA):02264                   CMPD V47            COMPARE TO START OF STRING SPACE 
1D85 2304             (../MS Extended BA):02265                   BLS  LB5EC          BRANCH IF NOT STORED IN THE STRING SPACE 
1D87 9F4B             (../MS Extended BA):02266                   STX  V4B            SAVE VARIABLE POINTER IF STORED IN STRING SPACE 
1D89 DD47             (../MS Extended BA):02267                   STD  V47            SAVE STRING STARTING ADDRESS 
1D8B 3005             (../MS Extended BA):02268         LB5EC     LEAX 5,X            MOVE TO NEXT VARIABLE DESCRIPTOR 
1D8D 39               (../MS Extended BA):02269         LB5EE     RTS                  
1D8E 9E4B             (../MS Extended BA):02270         LB5EF     LDX  V4B            GET ADDRESS OF THE DESCRIPTOR FOR THE 
                      (../MS Extended BA):02271         ;              STRING WHICH IS STORED IN THE HIGHEST RAM ADDRESS IN  
                      (../MS Extended BA):02272         ;              THE UNORGANIZED STRING SPACE  
1D90 27FB             (../MS Extended BA):02273                   BEQ  LB5EE          BRANCH IF NONE FOUND AND REORGANIZATION DONE 
1D92 4F               (../MS Extended BA):02274                   CLRA                CLEAR MS BYTE OF LENGTH 
1D93 E684             (../MS Extended BA):02275                   LDB  ,X             GET LENGTH OF STRING 
1D95 5A               (../MS Extended BA):02276                   DECB                SUBTRACT ONE 
1D96 D347             (../MS Extended BA):02277                   ADDD V47            ADD LENGTH OF STRING TO ITS STARTING ADDRESS 
1D98 DD43             (../MS Extended BA):02278                   STD  V43            SAVE AS MOVE STARTING ADDRESS 
1D9A 9E23             (../MS Extended BA):02279                   LDX  STRTAB         POINT X TO THE START OF STRING VARIABLES TABLE
1D9C 9F41             (../MS Extended BA):02280                   STX  V41            SAVE AS MOVE ENDING ADDRESS 
1D9E BD13F8           (../MS Extended BA):02281                   JSR  LAC20          MOVE STRING FROM CURRENT POSITION TO THE 
                      (../MS Extended BA):02282         ;              TOP OF UNORGANIZED STRING SPACE  
1DA1 9E4B             (../MS Extended BA):02283                   LDX  V4B            POINT X TO STRING DESCRIPTOR 
1DA3 DC45             (../MS Extended BA):02284                   LDD  V45            * GET NEW STARTING ADDRESS OF STRING AND 
1DA5 ED02             (../MS Extended BA):02285                   STD  2,X            * SAVE IT IN DESCRIPTOR 
1DA7 9E45             (../MS Extended BA):02286                   LDX  V45            GET NEW TOP OF UNORGANIZED STRING SPACE 
1DA9 301F             (../MS Extended BA):02287                   LEAX -1,X           MOVE POINTER BACK ONE 
1DAB 7E1D32           (../MS Extended BA):02288                   JMP  LB593          JUMP BACK AND REORGANIZE SOME MORE 
                      (../MS Extended BA):02289                                        
                      (../MS Extended BA):02290                                        
1DAE DC52             (../MS Extended BA):02291         LB60F     LDD  FPA0+2         * GET DESCRIPTOR ADDRESS OF STRING A 
1DB0 3406             (../MS Extended BA):02292                   PSHS B,A            * AND SAVE IT ON THE STACK 
1DB2 BD19C7           (../MS Extended BA):02293                   JSR  LB223          GET DESCRIPTOR ADDRESS OF STRING B 
1DB5 BD18EA           (../MS Extended BA):02294                   JSR  LB146          TM' ERROR IF NUMERIC VARIABLE 
1DB8 3510             (../MS Extended BA):02295                   PULS X              * POINT X TO STRING A DESCRIPTOR 
1DBA 9F62             (../MS Extended BA):02296                   STX  RESSGN         * ADDRESS AND SAVE IT IN RESSGN 
1DBC E684             (../MS Extended BA):02297                   LDB  ,X             GET LENGTH OF STRING A 
1DBE 9E52             (../MS Extended BA):02298                   LDX  FPA0+2         POINT X TO DESCRIPTOR OF STRING B 
1DC0 EB84             (../MS Extended BA):02299                   ADDB ,X             ADD LENGTH OF STRING B TO STR1NG A 
1DC2 2405             (../MS Extended BA):02300                   BCC  LB62A          BRANCH IF LENGTH < 256 
1DC4 C61C             (../MS Extended BA):02301                   LDB  #2*14          STRING TOO LONG' ERROR IF LENGTH > 255 
1DC6 7E141E           (../MS Extended BA):02302                   JMP  LAC46          JUMP TO ERROR SERVICING ROUTINE 
1DC9 BD1CAC           (../MS Extended BA):02303         LB62A     JSR  LB50D          RESERVE ROOM IN STRING SPACE FOR NEW STRING 
1DCC 9E62             (../MS Extended BA):02304                   LDX  RESSGN         GET DESCRIPTOR ADDRESS OF STRING A 
1DCE E684             (../MS Extended BA):02305                   LDB  ,X             GET LENGTH OF STRING A 
1DD0 8D10             (../MS Extended BA):02306                   BSR  LB643          MOVE STRING A INTO RESERVED BUFFER IN STRING SPACE 
1DD2 9E4D             (../MS Extended BA):02307                   LDX  V4D            GET DESCRIPTOR ADDRESS OF STRING B 
1DD4 8D22             (../MS Extended BA):02308                   BSR  LB659          GET LENGTH AND ADDRESS OF STRING B 
1DD6 8D0C             (../MS Extended BA):02309                   BSR  LB645          MOVE STRING B INTO REST OF RESERVED BUFFER 
1DD8 9E62             (../MS Extended BA):02310                   LDX  RESSGN         POINT X TO DESCRIPTOR OF STRING A 
1DDA 8D1C             (../MS Extended BA):02311                   BSR  LB659          DELETE STRING A IF LAST STRING ON STRING STACK 
1DDC BD1CEB           (../MS Extended BA):02312                   JSR  LB54C          PUT STRING DESCRIPTOR ON THE STRING STACK 
1DDF 7E190C           (../MS Extended BA):02313                   JMP  LB168          BRANCH BACK TO EXPRESSION EVALUATION 
                      (../MS Extended BA):02314                                        
                      (../MS Extended BA):02315         ; MOVE (B) BYTES FROM 2,X TO FRESPC                      
1DE2 AE02             (../MS Extended BA):02316         LB643     LDX  2,X            POINT X TO SOURCE ADDRESS 
1DE4 DE25             (../MS Extended BA):02317         LB645     LDU  FRESPC         POINT U TO DESTINATION ADDRESS 
1DE6 5C               (../MS Extended BA):02318                   INCB                COMPENSATION FOR THE DECB BELOW 
1DE7 2004             (../MS Extended BA):02319                   BRA  LB64E          GO MOVE THE BYTES 
                      (../MS Extended BA):02320         ; MOVE B BYTES FROM (X) TO (U)                      
1DE9 A680             (../MS Extended BA):02321         LB64A     LDA  ,X+            * GET A SOURCE BYTE AND MOVE IT 
1DEB A7C0             (../MS Extended BA):02322                   STA  ,U+            * TO THE DESTINATION 
1DED 5A               (../MS Extended BA):02323         LB64E     DECB                DECREMENT BYTE COUNTER 
1DEE 26F9             (../MS Extended BA):02324                   BNE  LB64A          BRANCH IF ALL BYTES NOT MOVED 
1DF0 DF25             (../MS Extended BA):02325                   STU  FRESPC         SAVE ENDING ADDRESS IN FRESPC 
1DF2 39               (../MS Extended BA):02326                   RTS                  
                      (../MS Extended BA):02327         ; RETURN LENGTH (ACCB) AND ADDRESS (X) OF                      
                      (../MS Extended BA):02328         ; STRING WHOSE DESCRIPTOR IS IN FPA0+2                      
                      (../MS Extended BA):02329         ; DELETE THE STRING IF IT IS THE LAST ONE                      
                      (../MS Extended BA):02330         ; PUT ON THE STRING STACK. REMOVE STRING FROM STRING                      
                      (../MS Extended BA):02331         ; SPACE IF IT IS AT THE BOTTOM OF STRING VARIABLES.                      
1DF3 BD18EA           (../MS Extended BA):02332         LB654     JSR  LB146          TM' ERROR IF VARIABLE TYPE = NUMERIC 
1DF6 9E52             (../MS Extended BA):02333         LB657     LDX  FPA0+2         GET ADDRESS OF SELECTED STRING DESCRIPTOR 
1DF8 E684             (../MS Extended BA):02334         LB659     LDB  ,X             GET LENGTH OF STRING 
1DFA 8D18             (../MS Extended BA):02335                   BSR  LB675          * CHECK TO SEE IF THIS STRING DESCRIPTOR WAS 
1DFC 2613             (../MS Extended BA):02336                   BNE  LB672          * THE LAST ONE PUT ON THE STRING STACK AND 
                      (../MS Extended BA):02337         ;                             * BRANCH IF NOT 
1DFE AE07             (../MS Extended BA):02338                   LDX  5+2,X          GET START ADDRESS OF STRING JUST REMOVED 
1E00 301F             (../MS Extended BA):02339                   LEAX -1,X           MOVE POINTER DOWN ONE 
1E02 9C23             (../MS Extended BA):02340                   CMPX STRTAB         COMPARE TO START OF STRING VARIABLES 
1E04 2608             (../MS Extended BA):02341                   BNE  LB66F          BRANCH IF THIS STRING IS NOT AT THE BOTTOM 
                      (../MS Extended BA):02342         ;                             OF STRING VARIABLES 
1E06 3404             (../MS Extended BA):02343                   PSHS B              SAVE LENGTH; ACCA WAS CLEARED 
1E08 D323             (../MS Extended BA):02344                   ADDD STRTAB         * ADD THE LENGTH OF THE JUST REMOVED STRING 
1E0A DD23             (../MS Extended BA):02345                   STD  STRTAB         * TO THE START OF STRING VARIABLES - THIS WILL 
                      (../MS Extended BA):02346         ;                             * REMOVE THE STRING FROM THE STRING SPACE 
1E0C 3504             (../MS Extended BA):02347                   PULS B              RESTORE LENGTH 
1E0E 3001             (../MS Extended BA):02348         LB66F     LEAX 1,X            ADD ONE TO POINTER 
1E10 39               (../MS Extended BA):02349                   RTS                  
1E11 AE02             (../MS Extended BA):02350         LB672     LDX  2,X            *POINT X TO ADDRESS OF STRING NOT 
1E13 39               (../MS Extended BA):02351                   RTS                 *ON THE STRING STACK 
                      (../MS Extended BA):02352         ; REMOVE STRING FROM STRING STACK. ENTER WITH X                      
                      (../MS Extended BA):02353         ; POINTING TO A STRING DESCRIPTOR - DELETE THE                      
                      (../MS Extended BA):02354         ; STRING FROM STACK IF IT IS ON TOP OF THE                      
                      (../MS Extended BA):02355         ; STACK. IF THE STRING IS DELETED, SET THE ZERO FLAG                      
1E14 9C0D             (../MS Extended BA):02356         LB675     CMPX LASTPT         *COMPARE TO LAST USED DESCRIPTOR ADDRESS 
1E16 2607             (../MS Extended BA):02357                   BNE  LB680          *ON THE STRING STACK, RETURN IF DESCRIPTOR 
                      (../MS Extended BA):02358         ;                             *ADDRESS NOT ON THE STRING STACK 
1E18 9F0B             (../MS Extended BA):02359                   STX  TEMPPT         SAVE LAST USED DESCRIPTOR AS NEXT AVAILABLE 
1E1A 301B             (../MS Extended BA):02360                   LEAX -5,X           * MOVE LAST USED DESCRIPTOR BACK 5 BYTES 
1E1C 9F0D             (../MS Extended BA):02361                   STX  LASTPT         * AND SAVE AS THE LAST USED DESCRIPTOR ADDR 
1E1E 4F               (../MS Extended BA):02362                   CLRA                SET ZERO FLAG 
1E1F 39               (../MS Extended BA):02363         LB680     RTS                  
                      (../MS Extended BA):02364                                        
                      (../MS Extended BA):02365         ; LEN                          
1E20 8D03             (../MS Extended BA):02366         LEN       BSR  LB686          POINT X TO PROPER STRING AND GET LENGTH 
1E22 7E1C92           (../MS Extended BA):02367         LB683     JMP  LB4F3          CONVERT ACCB TO FP NUMBER IN FPA0 
                      (../MS Extended BA):02368         ; POINT X TO STRING ADDRESS LOAD LENGTH INTO                      
                      (../MS Extended BA):02369         ; ACCB. ENTER WITH THE STRING DESCRIPTOR IN                      
                      (../MS Extended BA):02370         ; BOTTOM TWO BYTES OF FPA0                      
1E25 8DCC             (../MS Extended BA):02371         LB686     BSR  LB654          GET LENGTH AND ADDRESS OF STRING 
1E27 0F06             (../MS Extended BA):02372                   CLR  VALTYP         SET VARIABLE TYPE TO NUMERIC 
1E29 5D               (../MS Extended BA):02373                   TSTB                SET FLAGS ACCORDING TO LENGTH 
1E2A 39               (../MS Extended BA):02374                   RTS                  
                      (../MS Extended BA):02375                                        
                      (../MS Extended BA):02376         ; CHR$                         
1E2B BD1EAD           (../MS Extended BA):02377         CHR       JSR  LB70E          CONVERT FPA0 TO AN INTEGER IN ACCD 
1E2E C601             (../MS Extended BA):02378         LB68F     LDB  #1             * RESERVE ONE BYTE IN 
1E30 BD1D0C           (../MS Extended BA):02379                   JSR  LB56D          * THE STRING SPACE 
1E33 9653             (../MS Extended BA):02380                   LDA  FPA0+3         GET ASCII STRING VALUE 
1E35 BD1CB0           (../MS Extended BA):02381                   JSR  LB511          SAVE RESERVED STRING DESCRIPTOR IN TEMP DESCRIPTOR 
1E38 A784             (../MS Extended BA):02382                   STA  ,X             SAVE THE STRING (IT’S ONLY ONE BYTE) 
1E3A 3262             (../MS Extended BA):02383         LB69B     LEAS 2,S            PURGE THE RETURN ADDRESS OFF OF THE STACK 
1E3C 7E1CEB           (../MS Extended BA):02384         LB69D     JMP  LB54C          PUT TEMP DESCRIPTOR DATA ONTO STRING STACK 
                      (../MS Extended BA):02385                                        
                      (../MS Extended BA):02386                                        
1E3F 8D02             (../MS Extended BA):02387         ASC       BSR  LB6A4          PUT 1ST CHARACTER OF STRING INTO ACCB 
1E41 20DF             (../MS Extended BA):02388                   BRA  LB683          CONVERT ACCB INTO FP NUMBER IN FPA0 
1E43 8DE0             (../MS Extended BA):02389         LB6A4     BSR  LB686          POINT X TO STRING DESCRIPTOR 
1E45 275E             (../MS Extended BA):02390                   BEQ  LB706          FC' ERROR IF NULL STRING 
1E47 E684             (../MS Extended BA):02391                   LDB  ,X             GET FIRST BYTE OF STRING 
1E49 39               (../MS Extended BA):02392                   RTS                  
                      (../MS Extended BA):02393                                        
                      (../MS Extended BA):02394                                        
1E4A 8D48             (../MS Extended BA):02395         LEFT      BSR  LB6F5          GET ARGUMENTS FROM STACK 
1E4C 4F               (../MS Extended BA):02396         LB6AD     CLRA                CLEAR STRING POINTER OFFSET - OFFSET = 0 FOR LEFT$ 
1E4D E184             (../MS Extended BA):02397         LB6AE     CMPB ,X             * COMPARE LENGTH PARAMETER TO LENGTH OF 
1E4F 2303             (../MS Extended BA):02398                   BLS  LB6B5          * STRING AND BRANCH IF LENGTH OF STRING 
                      (../MS Extended BA):02399         ;                             >= LENGTH PARAMETER 
1E51 E684             (../MS Extended BA):02400                   LDB  ,X             USE LENGTH OF STRING OTHERWISE 
1E53 4F               (../MS Extended BA):02401                   CLRA                CLEAR STRING POINTER OFFSET (0 FOR LEFT$) 
1E54 3406             (../MS Extended BA):02402         LB6B5     PSHS B,A            PUSH PARAMETERS ONTO STACK 
1E56 BD1CAE           (../MS Extended BA):02403                   JSR  LB50F          RESERVE ACCB BYTES IN THE STRING SPACE 
1E59 9E4D             (../MS Extended BA):02404                   LDX  V4D            POINT X TO STRING DESCRIPTOR 
1E5B 8D9B             (../MS Extended BA):02405                   BSR  LB659          GET ADDRESS OF OLD STRING (X=ADDRESS) 
1E5D 3504             (../MS Extended BA):02406                   PULS B              * PULL STRING POINTER OFFSET OFF OF THE STACK 
1E5F 3A               (../MS Extended BA):02407                   ABX                 * AND ADD IT TO STRING ADDRESS 
1E60 3504             (../MS Extended BA):02408                   PULS B              PULL LENGTH PARAMETER OFF OF THE STACK 
1E62 BD1DE4           (../MS Extended BA):02409                   JSR  LB645          MOVE ACCB BYTES FROM (X) TO [FRESPC] 
1E65 20D5             (../MS Extended BA):02410                   BRA  LB69D          PUT TEMP STRING DESCRIPTOR ONTO THE STRING STACK 
                      (../MS Extended BA):02411                                        
                      (../MS Extended BA):02412         ; RIGHT$                       
1E67 8D2B             (../MS Extended BA):02413         RIGHT     BSR  LB6F5          GET ARGUMENTS FROM STACK 
1E69 A084             (../MS Extended BA):02414                   SUBA ,X             ACCA=LENGTH PARAMETER - LENGTH OF OLD STRING 
1E6B 40               (../MS Extended BA):02415                   NEGA                NOW ACCA = LENGTH OF OLD STRING 
1E6C 20DF             (../MS Extended BA):02416                   BRA  LB6AE          PUT NEW STRING IN THE STRING SPACE 
                      (../MS Extended BA):02417                                        
                      (../MS Extended BA):02418         ; MID$                         
1E6E C6FF             (../MS Extended BA):02419         MID       LDB  #$FF           * GET DEFAULT VALUE OF LENGTH AND 
1E70 D753             (../MS Extended BA):02420                   STB  FPA0+3         * SAVE IT IN FPA0 
1E72 9D82             (../MS Extended BA):02421                   JSR  GETCCH         GET CURRENT CHARACTER FROM BASIC 
1E74 8129             (../MS Extended BA):02422                   CMPA #')            ARGUMENT DELIMITER? 
1E76 2705             (../MS Extended BA):02423                   BEQ  LB6DE          YES - NO LENGTH PARAMETER GIVEN 
1E78 BD1A11           (../MS Extended BA):02424                   JSR  LB26D          SYNTAX CHECK FOR COMMA 
1E7B 8D2D             (../MS Extended BA):02425                   BSR  LB70B          EVALUATE NUMERIC EXPRESSION (LENGTH) 
1E7D 8D15             (../MS Extended BA):02426         LB6DE     BSR  LB6F5          GET ARGUMENTS FROM STACK 
1E7F 2724             (../MS Extended BA):02427                   BEQ  LB706          FC' ERROR IF NULL STRING 
1E81 5F               (../MS Extended BA):02428                   CLRB                CLEAR LENGTH COUNTER (DEFAULT VALUE) 
1E82 4A               (../MS Extended BA):02429                   DECA                *SUOTRACT ONE FROM POSITION PARAMETER (THESE 
1E83 A184             (../MS Extended BA):02430                   CMPA ,X             *ROUTINES EXPECT 1ST POSITION TO BE ZERO, NOT ONE) 
                      (../MS Extended BA):02431         ;                             *AND COMPARE IT TO LENGTH OF OLD STRING 
1E85 24CD             (../MS Extended BA):02432                   BCC  LB6B5          IF POSITION > LENGTH OF OLD STRING, THEN NEW 
                      (../MS Extended BA):02433         ;                             STRING WILL BE A NULL STRING 
1E87 1F89             (../MS Extended BA):02434                   TFR  A,B            SAVE ABSOLUTE POSITION PARAMETER IN ACCB 
1E89 E084             (../MS Extended BA):02435                   SUBB ,X             ACCB=POSITION-LENGTH OF OLD STRING 
1E8B 50               (../MS Extended BA):02436                   NEGB                NOW ACCB=LENGTH OF OLDSTRING-POSITION 
1E8C D153             (../MS Extended BA):02437                   CMPB FPA0+3         *IF THE AMOUNT OF OLD STRING TO THE RIGHT OF 
1E8E 23C4             (../MS Extended BA):02438                   BLS  LB6B5          *POSITION IS <= THE LENGTH PARAMETER, BRANCH AND 
                      (../MS Extended BA):02439         ; USE ALL OF THE STRING TO THE RIGHT OF THE POSITION                      
                      (../MS Extended BA):02440         ; INSTEAD OF THE LENGTH PARAMETER                      
1E90 D653             (../MS Extended BA):02441                   LDB  FPA0+3         GET LENGTH OF NEW STRING 
1E92 20C0             (../MS Extended BA):02442                   BRA  LB6B5          PUT NEW STRING IN STRING SPACE 
                      (../MS Extended BA):02443         ; DO A SYNTAX CHECK FOR ")", THEN PULL THE PREVIOUSLY CALCULATED NUMERIC                      
                      (../MS Extended BA):02444         ; ARGUMENT (ACCD) AND STRING ARGUMENT DESCRIPTOR ADDR OFF OF THE STACK                      
1E94 BD1A0B           (../MS Extended BA):02445         LB6F5     JSR  LB267          SYNTAX CHECK FOR A ")" 
1E97 EEE4             (../MS Extended BA):02446                   LDU  ,S             LOAD THE RETURN ADDRESS INTO U REGISTER 
1E99 AE65             (../MS Extended BA):02447                   LDX  5,S            * GET ADDRESS OF STRING AND 
1E9B 9F4D             (../MS Extended BA):02448                   STX  V4D            * SAVE IT IN V4D 
1E9D A664             (../MS Extended BA):02449                   LDA  4,S            = PUT LENGTH OF STRING IN 
1E9F E664             (../MS Extended BA):02450                   LDB  4,S            = BOTH ACCA AND ACCB 
1EA1 3267             (../MS Extended BA):02451                   LEAS 7,S            REMOVE DESCRIPTOR AND RETURN ADDRESS FROM STACK 
1EA3 1F35             (../MS Extended BA):02452                   TFR  U,PC           JUMP TO ADDRESS IN U REGISTER 
1EA5 7E1BE9           (../MS Extended BA):02453         LB706     JMP  LB44A          ILLEGAL FUNCTION CALL' 
                      (../MS Extended BA):02454         ; EVALUATE AN EXPRESSION - RETURN AN INTEGER IN                      
                      (../MS Extended BA):02455         ; ACCB - 'FC' ERROR IF EXPRESSION > 255                      
1EA8 9D7C             (../MS Extended BA):02456         LB709     JSR  GETNCH         GET NEXT BASIC INPUT CHARACTER 
1EAA BD18E5           (../MS Extended BA):02457         LB70B     JSR  LB141          EVALUATE A NUMERIC EXPRESSION 
1EAD BD1B88           (../MS Extended BA):02458         LB70E     JSR  LB3E9          CONVERT FPA0 TO INTEGER IN ACCD 
1EB0 4D               (../MS Extended BA):02459                   TSTA                TEST MS BYTE OF INTEGER 
1EB1 26F2             (../MS Extended BA):02460                   BNE  LB706          FC' ERROR IF EXPRESSION > 255 
1EB3 0E82             (../MS Extended BA):02461                   JMP  GETCCH         GET CURRENT INPUT CHARACTER FROM BASIC 
                      (../MS Extended BA):02462                                        
                      (../MS Extended BA):02463         ; VAL                          
1EB5 BD1E25           (../MS Extended BA):02464         VAL       JSR  LB686          POINT X TO STRING ADDRESS 
1EB8 102702E1         (../MS Extended BA):02465                   LBEQ LBA39          IF NULL STRING SET FPA0 
1EBC DE83             (../MS Extended BA):02466                   LDU  CHARAD         SAVE INPUT POINTER IN REGISTER U 
1EBE 9F83             (../MS Extended BA):02467                   STX  CHARAD         POINT INPUT POINTER TO ADDRESS OF STRING 
1EC0 3A               (../MS Extended BA):02468                   ABX  MOVE POINTER TO END OF STRING TERMINATOR  
1EC1 A684             (../MS Extended BA):02469                   LDA  ,X             GET LAST BYTE OF STRING 
1EC3 3452             (../MS Extended BA):02470                   PSHS U,X,A          SAVE INPUT POINTER, STRING TERMINATOR 
                      (../MS Extended BA):02471         ;         ADDRESS AND CHARACTER   
1EC5 6F84             (../MS Extended BA):02472                   CLR  ,X             CLEAR STRING TERMINATOR : FOR ASCII - FP CONVERSION 
1EC7 9D82             (../MS Extended BA):02473                   JSR  GETCCH         GET CURRENT CHARACTER FROM BASIC 
1EC9 BD2476           (../MS Extended BA):02474                   JSR  LBD12          CONVERT AN ASCII STRING TO FLOATING POINT 
1ECC 3552             (../MS Extended BA):02475                   PULS A,X,U          RESTORE CHARACTERS AND POINTERS 
1ECE A784             (../MS Extended BA):02476                   STA  ,X             REPLACE STRING TERMINATOR 
1ED0 DF83             (../MS Extended BA):02477                   STU  CHARAD         RESTORE INPUT CHARACTER 
1ED2 39               (../MS Extended BA):02478                   RTS                  
                      (../MS Extended BA):02479                                        
1ED3 8D07             (../MS Extended BA):02480         LB734     BSR  LB73D          * EVALUATE AN EXPRESSION, RETURN 
1ED5 9F2B             (../MS Extended BA):02481                   STX  BINVAL         * THE VALUE IN X; STORE IT IN BINVAL 
1ED7 BD1A11           (../MS Extended BA):02482         LB738     JSR  LB26D          SYNTAX CHECK FOR A COMMA 
1EDA 20CE             (../MS Extended BA):02483                   BRA  LB70B          EVALUATE EXPRESSION IN RANGE 0 <= X < 256 
                      (../MS Extended BA):02484         ; EVALUATE EXPRESSION : RETURN INTEGER PORTION IN X - 'FC' ERROR IF                      
                      (../MS Extended BA):02485                                        
1EDC BD18E5           (../MS Extended BA):02486         LB73D     JSR  LB141          EVALUATE NUMERIC EXPRESSION 
1EDF 9654             (../MS Extended BA):02487         LB740     LDA  FP0SGN         GET SIGN OF FPA0 MANTISSA 
1EE1 2BC2             (../MS Extended BA):02488                   BMI  LB706          ILLEGAL FUNCTION CALL' IF NEGATIVE 
1EE3 964F             (../MS Extended BA):02489                   LDA  FP0EXP         GET EXPONENT OF FPA0 
1EE5 8190             (../MS Extended BA):02490                   CMPA #$90           COMPARE TO LARGEST POSITIVE INTEGER 
1EE7 22BC             (../MS Extended BA):02491                   BHI  LB706          ILLEGAL FUNCTION CALL' IF TOO LARGE 
1EE9 BD242C           (../MS Extended BA):02492                   JSR  LBCC8          SHIFT BINARY POINT TO EXTREME RIGHT OF FPA0 
1EEC 9E52             (../MS Extended BA):02493                   LDX  FPA0+2         LOAD X WITH LOWER TWO BYTES OF FPA0 
1EEE 39               (../MS Extended BA):02494                   RTS                  
                      (../MS Extended BA):02495         
                      (../MS Extended BA):02496                                        
                      (../MS Extended BA):02497         ; PEEK                         
1EEF 8DEE             (../MS Extended BA):02498         PEEK      BSR  LB740          CONVERT FPA0 TO INTEGER IN REGISTER X 
1EF1 E684             (../MS Extended BA):02499                   LDB  ,X             GET THE VALUE BEING 'PEEK'ED 
1EF3 7E1C92           (../MS Extended BA):02500                   JMP  LB4F3          CONVERT ACCB INTO A FP NUMBER 
                      (../MS Extended BA):02501                                        
                      (../MS Extended BA):02502         ; POKE                         
1EF6 8DDB             (../MS Extended BA):02503         POKE      BSR  LB734          EVALUATE 2 EXPRESSIONS 
1EF8 9E2B             (../MS Extended BA):02504                   LDX  BINVAL         GET THE ADDRESS TO BE 'POKE'ED 
1EFA E784             (../MS Extended BA):02505                   STB  ,X             STORE THE DATA IN THAT ADDRESS 
1EFC 39               (../MS Extended BA):02506                   RTS                  
                      (../MS Extended BA):02507                                    
                      (../MS Extended BA):02508         ; LIST                         
1EFD 3401             (../MS Extended BA):02509         LIST      PSHS CC             SAVE ZERO FLAG ON STACK 
1EFF BD172F           (../MS Extended BA):02510                   JSR  LAF67          CONVERT DECIMAL LINE NUMBER TO BINARY 
1F02 BD14BD           (../MS Extended BA):02511                   JSR  LAD01          * FIND RAM ADDRESS OF THAT LINE NUMBER AND 
1F05 9F66             (../MS Extended BA):02512                   STX  LSTTXT         * SAVE IT IN LSTTXT 
1F07 3501             (../MS Extended BA):02513                   PULS CC             GET ZERO FLAG FROM STACK 
1F09 2712             (../MS Extended BA):02514                   BEQ  LB784          BRANCH IF END OF LINE 
1F0B 9D82             (../MS Extended BA):02515                   JSR  GETCCH         GET CURRENT CHARACTER FROM BASIC 
1F0D 2713             (../MS Extended BA):02516                   BEQ  LB789          BRANCH IF END OF LINE 
1F0F 81A7             (../MS Extended BA):02517                   CMPA #TOK_MINUS     MINUS TOKEN (IS IT A RANGE OF LINE NUMBERS?) 
1F11 2609             (../MS Extended BA):02518                   BNE  LB783          NO - RETURN 
1F13 9D7C             (../MS Extended BA):02519                   JSR  GETNCH         GET NEXT CHARACTER FROM BASIC 
1F15 2706             (../MS Extended BA):02520                   BEQ  LB784          BRANCH IF END OF LINE 
1F17 BD172F           (../MS Extended BA):02521                   JSR  LAF67          GET ENDING LINE NUMBER 
1F1A 2706             (../MS Extended BA):02522                   BEQ  LB789          BRANCH IF LEGAL LINE NUMBER 
1F1C 39               (../MS Extended BA):02523         LB783 RTS                      
                      (../MS Extended BA):02524         ; LIST THE ENTIRE PROGRAM                      
1F1D CEFFFF           (../MS Extended BA):02525         LB784     LDU  #$FFFF         * SET THE DEFAULT ENDING LINE NUMBER 
1F20 DF2B             (../MS Extended BA):02526                   STU  BINVAL         * TO $FFFF 
1F22 3262             (../MS Extended BA):02527         LB789     LEAS 2,S            PURGE RETURN ADDRESS FROM THE STACK 
1F24 9E66             (../MS Extended BA):02528                   LDX  LSTTXT         POINT X TO STARTING LINE ADDRESS 
1F26 BD20C4           (../MS Extended BA):02529         LB78D     JSR  LB95C          MOVE CURSOR TO START OF A NEW LINE 
1F29 BD11B3           (../MS Extended BA):02530                   JSR  LA549          CHECK FOR A BREAK OR PAUSE 
1F2C EC84             (../MS Extended BA):02531                   LDD  ,X             GET ADDRESS OF NEXT BASIC LINE 
1F2E 2603             (../MS Extended BA):02532                   BNE  LB79F          BRANCH IF NOT END OF PROGRAM 
1F30                  (../MS Extended BA):02533         LB797                          
1F30 7E143D           (../MS Extended BA):02534                   JMP  LAC73          RETURN TO BASIC’S MAIN INPUT LOOP 
1F33 9F66             (../MS Extended BA):02535         LB79F     STX  LSTTXT         SAVE NEW STARTING LINE ADDRESS 
1F35 EC02             (../MS Extended BA):02536                   LDD  2,X            * GET THE LINE NUMBER OF THIS LINE AND 
1F37 10932B           (../MS Extended BA):02537                   CMPD BINVAL         * COMPARE IT TO ENDING LINE NUMBER 
1F3A 22F4             (../MS Extended BA):02538                   BHI  LB797          EXIT IF LINE NUMBER > ENDING LINE NUMBER 
1F3C BD2530           (../MS Extended BA):02539                   JSR  LBDCC          PRINT THE NUMBER IN ACCD ON SCREEN IN DECIMAL 
1F3F BD2110           (../MS Extended BA):02540                   JSR  LB9AC          SEND A SPACE TO CONSOLE OUT 
1F42 9E66             (../MS Extended BA):02541                   LDX  LSTTXT         GET RAM ADDRESS OF THIS LINE 
1F44 8D10             (../MS Extended BA):02542                   BSR  LB7C2          UNCRUNCH A LINE 
1F46 AE9F4066         (../MS Extended BA):02543                   LDX  [LSTTXT]       POINT X TO START OF NEXT LINE 
1F4A CE40E2           (../MS Extended BA):02544                   LDU  #LINBUF+1      POINT U TO BUFFER FULL OF UNCRUNCHED LINE 
1F4D A6C0             (../MS Extended BA):02545         LB7B9     LDA  ,U+            GET A BYTE FROM THE BUFFER 
1F4F 27D5             (../MS Extended BA):02546                   BEQ  LB78D          BRANCH IF END OF BUFFER 
1F51 BD2115           (../MS Extended BA):02547                   JSR  LB9B1          SEND CHARACTER TO CONSOLE OUT 
1F54 20F7             (../MS Extended BA):02548                   BRA  LB7B9          GET ANOTHER CHARACTER 
                      (../MS Extended BA):02549                                        
                      (../MS Extended BA):02550         ; UNCRUNCH A LINE INTO BASIC’S LINE INPUT BUFFER                      
1F56 3004             (../MS Extended BA):02551         LB7C2     LEAX 4,X            MOVE POINTER PAST ADDRESS OF NEXT LINE AND LINE NUMBER 
1F58 108E40E2         (../MS Extended BA):02552                   LDY  #LINBUF+1      UNCRUNCH LINE INTO LINE INPUT BUFFER 
1F5C A680             (../MS Extended BA):02553         LB7CB     LDA  ,X+            GET A CHARACTER 
1F5E 2751             (../MS Extended BA):02554                   BEQ  LB820          BRANCH IF END OF LINE 
1F60 2B15             (../MS Extended BA):02555                   BMI  LB7E6          BRANCH IF IT’S A TOKEN 
1F62 813A             (../MS Extended BA):02556                   CMPA #':            CHECK FOR END OF SUB LINE 
1F64 260D             (../MS Extended BA):02557                   BNE  LB7E2          BRNCH IF NOT END OF SUB LINE 
1F66 E684             (../MS Extended BA):02558                   LDB  ,X             GET CHARACTER FOLLOWING COLON 
1F68 C184             (../MS Extended BA):02559                   CMPB #TOK_ELSE      TOKEN FOR ELSE? 
1F6A 27F0             (../MS Extended BA):02560                   BEQ  LB7CB          YES - DON’T PUT IT IN BUFFER 
1F6C C183             (../MS Extended BA):02561                   CMPB #TOK_SNGL_Q    TOKEN FOR REMARK? 
1F6E 27EC             (../MS Extended BA):02562                   BEQ  LB7CB          YES - DON’T PUT IT IN BUFFER 
1F70 8C               (../MS Extended BA):02563                   FCB  SKP2           SKIP TWO BYTES 
1F71 8621             (../MS Extended BA):02564         LB7E0     LDA  #'!            EXCLAMATION POINT 
1F73 8D30             (../MS Extended BA):02565         LB7E2     BSR  LB814          PUT CHARACTER IN BUFFER 
1F75 20E5             (../MS Extended BA):02566                   BRA  LB7CB          GET ANOTHER CHARACTER 
                      (../MS Extended BA):02567                                        
1F77 CE10FF           (../MS Extended BA):02568         LB7E6     LDU  #COMVEC-10     FIRST DO COMMANDS 
1F7A 81FF             (../MS Extended BA):02569                   CMPA #$FF           CHECK FOR SECONDARY TOKEN 
1F7C 2604             (../MS Extended BA):02570                   BNE  LB7F1          BRANCH IF NON SECONDARY TOKEN 
1F7E A680             (../MS Extended BA):02571                   LDA  ,X+            GET SECONDARY TOKEN 
1F80 3345             (../MS Extended BA):02572                   LEAU 5,U            BUMP IT UP TO SECONDARY FUNCTIONS 
1F82 847F             (../MS Extended BA):02573         LB7F1     ANDA #$7F           MASK OFF BIT 7 OF TOKEN 
1F84 334A             (../MS Extended BA):02574         LB7F3     LEAU 10,U           MOVE TO NEXT COMMAND TABLE 
1F86 6DC4             (../MS Extended BA):02575                   TST  ,U             IS THIS TABLE ENABLED? 
1F88 27E7             (../MS Extended BA):02576                   BEQ  LB7E0          NO - ILLEGAL TOKEN 
1F8A A0C4             (../MS Extended BA):02577                   SUBA ,U             SUBTRACT THE NUMBER OF TOKENS FROM THE CURRENT TOKEN NUMBER 
1F8C 2AF6             (../MS Extended BA):02578                   BPL  LB7F3          BRANCH IF TOKEN NOT IN THIS TABLE 
1F8E ABC4             (../MS Extended BA):02579                   ADDA ,U             RESTORE TOKEN NUMBER RELATIVE TO THIS TABLE 
1F90 EE41             (../MS Extended BA):02580                   LDU  1,U            POINT U TO COMMAND DICTIONARY TABLE 
1F92 4A               (../MS Extended BA):02581         LB801     DECA                DECREMENT TOKEN NUMBER 
1F93 2B06             (../MS Extended BA):02582                   BMI  LB80A          BRANCH IF THIS IS THE CORRECT TOKEN 
                      (../MS Extended BA):02583         ; SKIP THROUGH DICTIONARY TABLE TO START OF NEXT TOKEN                      
1F95 6DC0             (../MS Extended BA):02584         LB804     TST  ,U+            GRAB A BYTE 
1F97 2AFC             (../MS Extended BA):02585                   BPL  LB804          BRANCH IF BIT 7 NOT SET 
1F99 20F7             (../MS Extended BA):02586                   BRA  LB801          GO SEE IF THIS IS THE CORRECT TOKEN 
1F9B A6C4             (../MS Extended BA):02587         LB80A     LDA  ,U             GET A CHARACTER FROM DICTIONARY TABLE 
1F9D 8D06             (../MS Extended BA):02588                   BSR  LB814          PUT CHARACTER IN BUFFER 
1F9F 6DC0             (../MS Extended BA):02589                   TST  ,U+            CHECK FOR START OF NEXT TOKEN 
1FA1 2AF8             (../MS Extended BA):02590                   BPL  LB80A          BRANCH IF NOT DONE WITH THIS TOKEN 
1FA3 20B7             (../MS Extended BA):02591                   BRA  LB7CB          GO GET ANOTHER CHARACTER 
1FA5 108C41DB         (../MS Extended BA):02592         LB814     CMPY #LINBUF+LBUFMX TEST FOR END OF LINE INPUT BUFFER 
1FA9 2406             (../MS Extended BA):02593                   BCC  LB820          BRANCH IF AT END OF BUFFER 
1FAB 847F             (../MS Extended BA):02594                   ANDA #$7F           MASK OFF BIT 7 
1FAD A7A0             (../MS Extended BA):02595                   STA  ,Y+            * SAVE CHARACTER IN BUFFER AND 
1FAF 6FA4             (../MS Extended BA):02596                   CLR  ,Y             * CLEAR NEXT CHARACTER SLOT IN BUFFER 
1FB1 39               (../MS Extended BA):02597         LB820     RTS                  
                      (../MS Extended BA):02598         ;                              
                      (../MS Extended BA):02599         ; CRUNCH THE LINE THAT THE INPUT POINTER IS                      
                      (../MS Extended BA):02600         ; POINTING TO INTO THE LINE INPUT BUFFER                      
                      (../MS Extended BA):02601         ; RETURN LENGTH OF CRUNCHED LINE IN ACCD                      
                      (../MS Extended BA):02602         ;                              
1FB2 9E83             (../MS Extended BA):02603         LB821     LDX  CHARAD         GET BASIC'S INPUT POINTER ADDRESS 
1FB4 CE40E1           (../MS Extended BA):02604                   LDU  #LINBUF        POINT X TO LINE INPUT BUFFER 
1FB7 0F43             (../MS Extended BA):02605         LB829     CLR  V43            CLEAR ILLEGAL TOKEN FLAG 
1FB9 0F44             (../MS Extended BA):02606                   CLR  V44            CLEAR DATA FLAG 
1FBB A680             (../MS Extended BA):02607         LB82D     LDA  ,X+            GET INPUT CHAR 
1FBD 2721             (../MS Extended BA):02608                   BEQ  LB852          BRANCH IF END OF LINE 
1FBF 0D43             (../MS Extended BA):02609                   TST  V43            * CHECK ILLEGAL TOKEN FLAG & BRANCH IF NOT 
1FC1 270F             (../MS Extended BA):02610                   BEQ  LB844          * PROCESSING AN ILLEGAL TOKEN 
1FC3 BD1B41           (../MS Extended BA):02611                   JSR  LB3A2          SET CARRY IF NOT UPPER CASE ALPHA 
1FC6 2418             (../MS Extended BA):02612                   BCC  LB852          BRANCH IF UPPER CASE ALPHA 
1FC8 8130             (../MS Extended BA):02613                   CMPA #'0            * DON’T CRUNCH ASCII NUMERIC CHARACTERS 
1FCA 2504             (../MS Extended BA):02614                   BLO  LB842          * BRANCH IF NOT NUMERIC 
1FCC 8139             (../MS Extended BA):02615                   CMPA #'9            * 
1FCE 2310             (../MS Extended BA):02616                   BLS  LB852          * BRANCH IF NUMERIC 
                      (../MS Extended BA):02617         ; END UP HERE IF NOT UPPER CASE ALPHA OR NUMERIC                      
1FD0 0F43             (../MS Extended BA):02618         LB842     CLR  V43            CLEAR ILLEGAL TOKEN FLAG 
1FD2 8120             (../MS Extended BA):02619         LB844     CMPA #SPACE         SPACE? 
1FD4 270A             (../MS Extended BA):02620                   BEQ  LB852          DO NOT REMOVE SPACES 
1FD6 9742             (../MS Extended BA):02621                   STA  V42            SAVE INPUT CHARACTER AS SCAN DELIMITER 
1FD8 8122             (../MS Extended BA):02622                   CMPA #'"            CHECK FOR STRING DELIMITER 
1FDA 2738             (../MS Extended BA):02623                   BEQ  LB886          BRANCH IF STRING 
1FDC 0D44             (../MS Extended BA):02624                   TST  V44            * CHECK DATA FLAG AND BRANCH IF CLEAR 
1FDE 2719             (../MS Extended BA):02625                   BEQ  LB86B          * DO NOT CRUNCH DATA 
1FE0 A7C0             (../MS Extended BA):02626         LB852     STA  ,U+            SAVE CHARACTER IN BUFFER 
1FE2 2706             (../MS Extended BA):02627                   BEQ  LB85C          BRANCH IF END OF LINE 
1FE4 813A             (../MS Extended BA):02628                   CMPA #':            * CHECK FOR END OF SUBLINE 
1FE6 27CF             (../MS Extended BA):02629                   BEQ  LB829          * AND RESET FLAGS IF END OF SUBLINE 
1FE8 20D1             (../MS Extended BA):02630         LB85A     BRA  LB82D          GO GET ANOTHER CHARACTER 
1FEA 6FC0             (../MS Extended BA):02631         LB85C     CLR  ,U+            * DOUBLE ZERO AT END OF LINE 
1FEC 6FC0             (../MS Extended BA):02632                   CLR  ,U+            * 
1FEE 1F30             (../MS Extended BA):02633                   TFR  U,D            SAVE ADDRESS OF END OF LINE IN ACCD 
1FF0 8340DF           (../MS Extended BA):02634                   SUBD #LINHDR        LENGTH OF LINE IN ACCD 
1FF3 8E40E0           (../MS Extended BA):02635                   LDX  #LINBUF-1      * SET THE INPUT POINTER TO ONE BEFORE 
1FF6 9F83             (../MS Extended BA):02636                   STX  CHARAD         * THE START OF THE CRUNCHED LINE 
1FF8 39               (../MS Extended BA):02637                   RTS  EXIT 'CRUNCH'   
1FF9 813F             (../MS Extended BA):02638         LB86B     CMPA #'?            CHECK FOR "?" - PRINT ABBREVIATION 
1FFB 2604             (../MS Extended BA):02639                   BNE  LB873          BRANCH IF NOT PRINT ABBREVIATION 
1FFD 8687             (../MS Extended BA):02640                   LDA  #TOK_PRINT     * GET THE PRINT TOKEN AND SAVE IT 
1FFF 20DF             (../MS Extended BA):02641                   BRA  LB852          * IN BUFFER 
2001 8127             (../MS Extended BA):02642         LB873     CMPA #''            APOSTROPHE IS SAME AS REM 
2003 2613             (../MS Extended BA):02643                   BNE  LB88A          BRANCH IF NOT REMARK 
2005 CC3A83           (../MS Extended BA):02644                   LDD  #$3A00+TOK_SNGL_Q COLON, REM TOKEN 
2008 EDC1             (../MS Extended BA):02645                   STD  ,U++           SAVE IN BUFFER 
200A 0F42             (../MS Extended BA):02646         LB87C     CLR  V42            SET DELIMITER = 0 (END OF LINE) 
200C A680             (../MS Extended BA):02647         LB87E     LDA  ,X+            SCAN TILL WE MATCH [V42] 
200E 27D0             (../MS Extended BA):02648                   BEQ  LB852          BRANCH IF END OF LINE 
2010 9142             (../MS Extended BA):02649                   CMPA V42            DELIMITER? 
2012 27CC             (../MS Extended BA):02650                   BEQ  LB852          BRANCH OUT IF SO 
2014 A7C0             (../MS Extended BA):02651         LB886     STA  ,U+            DON’T CRUNCH REMARKS OR STRINGS 
2016 20F4             (../MS Extended BA):02652                   BRA  LB87E          GO GET MORE STRING OR REMARK 
2018 8130             (../MS Extended BA):02653         LB88A     CMPA #'0            * LESS THAN ASCII ZERO? 
201A 2504             (../MS Extended BA):02654                   BCS  LB892          * BRANCH IF SO 
201C 813C             (../MS Extended BA):02655                   CMPA #';+1          = CHECK FOR NUMERIC VALUE, COLON OR SEMICOLON 
201E 25C0             (../MS Extended BA):02656                   BCS  LB852          = AND INSERT IN BUFFER IF SO 
2020 301F             (../MS Extended BA):02657         LB892     LEAX -1,X           MOVE INPUT POINTER BACK ONE 
2022 3450             (../MS Extended BA):02658                   PSHS U,X            SAVE POINTERS TO INPUT STRING, OUTPUT STRING 
2024 0F41             (../MS Extended BA):02659                   CLR  V41            TOKEN FLAG 0 = COMMAND, FF = SECONDARY 
2026 CE10FF           (../MS Extended BA):02660                   LDU  #COMVEC-10     POINT U TO COMMAND INTERPRETATION 
                      (../MS Extended BA):02661         ;                             TABLE FOR BASIC - 10 
2029 0F42             (../MS Extended BA):02662         LB89B     CLR  V42            INITIALIZE V42 AS TOKEN COUNTER 
202B 334A             (../MS Extended BA):02663         LB89D     LEAU 10,U           MOVE TO NEXT COMMAND INTERPRETATION TABLE 
202D A6C4             (../MS Extended BA):02664                   LDA  ,U             GET NUMBER OF COMMANDS 
202F 2731             (../MS Extended BA):02665                   BEQ  LB8D4          GO DO SECONDARY FUNCTIONS IF NO COMMAND TABLE 
2031 10AE41           (../MS Extended BA):02666                   LDY  1,U            POINT Y TO COMMAND DICTIONARY TABLE 
2034 AEE4             (../MS Extended BA):02667         LB8A6     LDX  ,S             GET POINTER TO INPUT STRING 
2036 E6A0             (../MS Extended BA):02668         LB8A8     LDB  ,Y+            GET A BYTE FROM DICTIONARY TABLE 
2038 E080             (../MS Extended BA):02669                   SUBB ,X+            SUBTRACT INPUT CHARACTER 
203A 27FA             (../MS Extended BA):02670                   BEQ  LB8A8          LOOP IF SAME 
203C C180             (../MS Extended BA):02671                   CMPB #$80           LAST CHAR IN RESERVED WORD TABLE HAD 
                      (../MS Extended BA):02672         ;                             BIT 7 SET, SO IF WE HAVE $80 HERE 
                      (../MS Extended BA):02673         ;                             THEN IT IS A GOOD COMPARE 
203E 2638             (../MS Extended BA):02674                   BNE  LB8EA          BRANCH IF NO MATCH - CHECK ANOTHER COMMAND 
2040 3262             (../MS Extended BA):02675                   LEAS 2,S            DELETE OLD INPUT POINTER FROM STACK 
2042 3540             (../MS Extended BA):02676                   PULS U              GET POINTER TO OUTPUT STRING 
2044 DA42             (../MS Extended BA):02677                   ORB  V42            OR IN THE TABLE POSITION TO MAKE THE TOKEN 
                      (../MS Extended BA):02678         ;                             - NOTE THAT B ALREADY HAD $80 IN IT - 
2046 9641             (../MS Extended BA):02679                   LDA  V41            * CHECK TOKEN FLAG AND BRANCH 
2048 2606             (../MS Extended BA):02680                   BNE  LB8C2          * IF SECONDARY 
204A C184             (../MS Extended BA):02681                   CMPB #TOK_ELSE      IS IT ELSE TOKEN? 
204C 2606             (../MS Extended BA):02682                   BNE  LB8C6          NO 
204E 863A             (../MS Extended BA):02683                   LDA  #':            PUT A COLON (SUBLINE) BEFORE ELSE TOKEN 
2050 EDC1             (../MS Extended BA):02684         LB8C2     STD  ,U++           SECONDARY TOKENS PRECEEDED BY $FF 
2052 2094             (../MS Extended BA):02685                   BRA  LB85A          GO PROCESS MORE INPUT CHARACTERS 
2054 E7C0             (../MS Extended BA):02686         LB8C6     STB  ,U+            SAVE THIS TOKEN 
2056 C186             (../MS Extended BA):02687                   CMPB #TOK_DATA      DATA TOKEN? 
2058 2602             (../MS Extended BA):02688                   BNE  LB8CE          NO 
205A 0C44             (../MS Extended BA):02689                   INC  V44            SET DATA FLAG 
205C C182             (../MS Extended BA):02690         LB8CE     CMPB #TOK_REM       REM TOKEN? 
205E 27AA             (../MS Extended BA):02691                   BEQ  LB87C          YES 
2060 2086             (../MS Extended BA):02692         LB8D2     BRA  LB85A          GO PROCESS MORE INPUT CHARACTERS 
                      (../MS Extended BA):02693         ; CHECK FOR A SECONDARY TOKEN                      
2062 CE1104           (../MS Extended BA):02694         LB8D4     LDU  #COMVEC-5      NOW DO SECONDARY FUNCTIONS 
2065 0341             (../MS Extended BA):02695                   COM  V41            TOGGLE THE TOKEN FLAG 
2067 26C0             (../MS Extended BA):02696                   BNE  LB89B          BRANCH IF NOW CHECKING SECONDARY COMMANDS 
                      (../MS Extended BA):02697                                        
                      (../MS Extended BA):02698         ; THIS CODE WILL PROCESS INPUT DATA WHICH CANNOT BE CRUNCHED AND SO                      
                      (../MS Extended BA):02699         ; IS ASSUMED TO BE ILLEGAL DATA OR AN ILLEGAL TOKEN                      
2069 3550             (../MS Extended BA):02700                   PULS X,U            RESTORE INPUT AND OUTPUT POINTERS 
206B A680             (../MS Extended BA):02701                   LDA  ,X+            * MOVE THE FIRST CHARACTER OF AN 
206D A7C0             (../MS Extended BA):02702                   STA  ,U+            * ILLEGAL TOKEN 
206F BD1B41           (../MS Extended BA):02703                   JSR  LB3A2          SET CARRY IF NOT ALPHA 
2072 25EC             (../MS Extended BA):02704                   BCS  LB8D2          BRANCH IF NOT ALPHA 
2074 0343             (../MS Extended BA):02705                   COM  V43            SET ILLEGAL TOKEN FLAG IF UPPER CASE ALPHA 
2076 20E8             (../MS Extended BA):02706                   BRA  LB8D2          PROCESS MORE INPUT CHARACTERS 
2078 0C42             (../MS Extended BA):02707         LB8EA     INC  V42            INCREMENT TOKEN COUNTER 
207A 4A               (../MS Extended BA):02708                   DECA                DECR COMMAND COUNTER 
207B 27AE             (../MS Extended BA):02709                   BEQ  LB89D          GET ANOTHER COMMAND TABLE IF DONE W/THIS ONE 
207D 313F             (../MS Extended BA):02710                   LEAY -1,Y           MOVE POINTER BACK ONE 
207F E6A0             (../MS Extended BA):02711         LB8F1     LDB  ,Y+            * GET TO NEXT 
2081 2AFC             (../MS Extended BA):02712                   BPL  LB8F1          * RESERVED WORD 
2083 20AF             (../MS Extended BA):02713                   BRA  LB8A6          GO SEE IF THIS WORD IS A MATCH 
                      (../MS Extended BA):02714                                        
                      (../MS Extended BA):02715         ; PRINT                        
2085 2739             (../MS Extended BA):02716         PRINT     BEQ  LB958          BRANCH IF NO ARGUMENT 
2087 8D01             (../MS Extended BA):02717                   BSR  LB8FE          CHECK FOR ALL PRINT OPTIONS 
2089 39               (../MS Extended BA):02718                   RTS                  
208A                  (../MS Extended BA):02719         LB8FE                          
208A BD2FEA           (../MS Extended BA):02720         LB918     JSR  XVEC9          CALL EXTENDED BASIC ADD-IN 
208D 273E             (../MS Extended BA):02721         LB91B     BEQ  LB965          RETURN IF END OF LINE 
208F 819F             (../MS Extended BA):02722         LB91D     CMPA #TOK_TAB       TOKEN FOR TAB( ? 
2091 2753             (../MS Extended BA):02723                   BEQ  LB97E          YES 
2093 812C             (../MS Extended BA):02724                   CMPA #',            COMMA? 
2095 2737             (../MS Extended BA):02725                   BEQ  LB966          YES - ADVANCE TO NEXT TAB FIELD 
2097 813B             (../MS Extended BA):02726                   CMPA #';            SEMICOLON? 
2099 2760             (../MS Extended BA):02727                   BEQ  LB997          YES - DO NOT ADVANCE CURSOR 
209B BD18FA           (../MS Extended BA):02728                   JSR  LB156          EVALUATE EXPRESSION 
209E 9606             (../MS Extended BA):02729                   LDA  VALTYP         * GET VARIABLE TYPE AND 
20A0 3402             (../MS Extended BA):02730                   PSHS A              * SAVE IT ON THE STACK 
20A2 2606             (../MS Extended BA):02731                   BNE  LB938          BRANCH IF STRING VARIABLE 
20A4 BD253D           (../MS Extended BA):02732                   JSR  LBDD9          CONVERT FP NUMBER TO AN ASCII STRING 
20A7 BD1CB5           (../MS Extended BA):02733                   JSR  LB516          PARSE A STRING FROM (X-1) AND PUT 
                      (../MS Extended BA):02734         ;                             DESCRIPTOR ON STRING STACK 
20AA 8D57             (../MS Extended BA):02735         LB938     BSR  LB99F          PRINT STRING POINTED TO BY X 
20AC 3504             (../MS Extended BA):02736                   PULS B              GET VARIABLE TYPE BACK 
20AE BD114C           (../MS Extended BA):02737                   JSR  LA35F          SET UP TAB WIDTH ZONE, ETC 
20B1 5D               (../MS Extended BA):02738         LB949     TSTB                CHECK CURRENT PRINT POSITION 
20B2 2608             (../MS Extended BA):02739                   BNE  LB954          BRANCH IF NOT AT START OF LINE 
20B4 9D82             (../MS Extended BA):02740                   JSR  GETCCH         GET CURRENT INPUT CHARACTER 
20B6 812C             (../MS Extended BA):02741                   CMPA #',            COMMA? 
20B8 2714             (../MS Extended BA):02742                   BEQ  LB966          SKIP TO NEXT TAB FIELD 
20BA 8D54             (../MS Extended BA):02743                   BSR  LB9AC          SEND A SPACE TO CONSOLE OUT 
20BC 9D82             (../MS Extended BA):02744         LB954     JSR  GETCCH         GET CURRENT INPUT CHARACTER 
20BE 26CF             (../MS Extended BA):02745                   BNE  LB91D          BRANCH IF NOT END OF LINE 
20C0 860D             (../MS Extended BA):02746         LB958     LDA  #CR            * SEND A CR TO 
20C2 2051             (../MS Extended BA):02747                   BRA  LB9B1          * CONSOLE OUT 
20C4 BD114C           (../MS Extended BA):02748         LB95C     JSR  LA35F          SET UP TAB WIDTH, ZONE ETC 
20C7 27F7             (../MS Extended BA):02749                   BEQ  LB958          BRANCH IF WIDTH = ZERO 
20C9 966C             (../MS Extended BA):02750                   LDA  DEVPOS         GET PRINT POSITION 
20CB 26F3             (../MS Extended BA):02751                   BNE  LB958          BRANCH IF NOT AT START OF LINE 
20CD 39               (../MS Extended BA):02752         LB965     RTS                  
                      (../MS Extended BA):02753         ; SKIP TO NEXT TAB FIELD                      
20CE BD114C           (../MS Extended BA):02754         LB966     JSR  LA35F          SET UP TAB WIDTH, ZONE ETC 
20D1 270A             (../MS Extended BA):02755                   BEQ  LB975          BRANCH IF LINE WIDTH = 0 (CASSETTE) 
20D3 D66C             (../MS Extended BA):02756                   LDB  DEVPOS         GET CURRENT POSITION 
20D5 D16B             (../MS Extended BA):02757                   CMPB DEVLCF         COMPARE TO LAST TAB ZONE 
20D7 2506             (../MS Extended BA):02758                   BCS  LB977          BRANCH IF < LAST TAB ZONE 
20D9 8DE5             (../MS Extended BA):02759                   BSR  LB958          SEND A CARRIAGE RETURN TO CONSOLE OUT 
20DB 201E             (../MS Extended BA):02760                   BRA  LB997          GET MORE DATA 
20DD D66C             (../MS Extended BA):02761         LB975     LDB  DEVPOS         * 
20DF D06A             (../MS Extended BA):02762         LB977     SUBB DEVCFW         * SUBTRACT TAB FIELD WIDTH FROM CURRENT 
20E1 24FC             (../MS Extended BA):02763                   BCC  LB977          * POSITION UNTIL CARRY SET - NEGATING THE 
20E3 50               (../MS Extended BA):02764                   NEGB                * REMAINDER LEAVES THE NUMBER OF SPACES TO NEXT 
                      (../MS Extended BA):02765         ;              * TAB ZONE IN ACCB  
20E4 2010             (../MS Extended BA):02766                   BRA  LB98E          GO ADVANCE TO NEXT TAB ZONE 
                      (../MS Extended BA):02767                                        
                      (../MS Extended BA):02768         ; PRINT TAB(                      
20E6 BD1EA8           (../MS Extended BA):02769         LB97E     JSR  LB709          EVALUATE EXPRESSION - RETURN VALUE IN B 
20E9 8129             (../MS Extended BA):02770                   CMPA #')            * 'SYNTAX' ERROR IF NOT ')' 
20EB 1026F92C         (../MS Extended BA):02771                   LBNE LB277          * 
20EF BD114C           (../MS Extended BA):02772                   JSR  LA35F          SET UP TAB WIDTH, ZONE ETC 
20F2 D06C             (../MS Extended BA):02773                   SUBB DEVPOS         GET DIFFERENCE OF PRINT POSITION & TAB POSITION 
20F4 2305             (../MS Extended BA):02774                   BLS  LB997          BRANCH IF TAB POSITION < CURRENT POSITION 
20F6                  (../MS Extended BA):02775         LB98E                          
20F6 8D18             (../MS Extended BA):02776         LB992     BSR  LB9AC          SEND A SPACE TO CONSOLE OUT 
20F8 5A               (../MS Extended BA):02777                   DECB                DECREMENT DIFFERENCE COUNT 
20F9 26FB             (../MS Extended BA):02778                   BNE  LB992          BRANCH UNTIL CURRENT POSITION = TAB POSITION 
20FB 9D7C             (../MS Extended BA):02779         LB997     JSR  GETNCH         GET NEXT CHARACTER FROM BASIC 
20FD 7E208D           (../MS Extended BA):02780                   JMP  LB91B          LOOK FOR MORE PRINT DATA 
                      (../MS Extended BA):02781         ; COPY A STRING FROM (X) TO CONSOLE OUT                      
2100 BD1CB7           (../MS Extended BA):02782         LB99C     JSR  LB518          PARSE A STRING FROM X AND PUT 
                      (../MS Extended BA):02783         ;                                DESCRIPTOR ON STRING STACK  
2103 BD1DF6           (../MS Extended BA):02784         LB99F     JSR  LB657          GET LENGTH OF STRING AND REMOVE 
                      (../MS Extended BA):02785         ;                                DESCRIPTOR FROM STRING STACK  
2106 5C               (../MS Extended BA):02786                   INCB                COMPENSATE FOR DECB BELOW 
2107 5A               (../MS Extended BA):02787         LB9A3     DECB                DECREMENT COUNTER 
2108 27C3             (../MS Extended BA):02788                   BEQ  LB965          EXIT ROUTINE 
210A A680             (../MS Extended BA):02789                   LDA  ,X+            GET A CHARACTER FROM X 
210C 8D07             (../MS Extended BA):02790                   BSR  LB9B1          SEND TO CONSOLE OUT 
210E 20F7             (../MS Extended BA):02791                   BRA  LB9A3          KEEP LOOPING 
2110 8620             (../MS Extended BA):02792         LB9AC     LDA  #SPACE         SPACE TO CONSOLE OUT 
2112 8C               (../MS Extended BA):02793                   FCB  SKP2           SKIP NEXT TWO BYTES 
2113 863F             (../MS Extended BA):02794         LB9AF     LDA  #'?            QUESTION MARK TO CONSOLE OUT 
2115 7E3435           (../MS Extended BA):02795         LB9B1     JMP  PUTCHR         JUMP TO CONSOLE OUT 
                      (../MS Extended BA):02796         
                      (../MS Extended BA):02797                                        
                      (../MS Extended BA):02798         ; FLOATING POINT MATH PACKAGE                      
                      (../MS Extended BA):02799                                        
                      (../MS Extended BA):02800         ; ADD .5 TO FPA0                      
2118 8E2624           (../MS Extended BA):02801         LB9B4     LDX  #LBEC0         FLOATING POINT CONSTANT (.5) 
211B 2009             (../MS Extended BA):02802                   BRA  LB9C2          ADD .5 TO FPA0 
                      (../MS Extended BA):02803         ; SUBTRACT FPA0 FROM FP NUMBER POINTED                      
                      (../MS Extended BA):02804         ; TO BY (X), LEAVE RESULT IN FPA0                      
211D BD2293           (../MS Extended BA):02805         LB9B9     JSR  LBB2F          COPY PACKED FP DATA FROM (X) TO FPA1 
                      (../MS Extended BA):02806                                        
                      (../MS Extended BA):02807         ; ARITHMETIC OPERATION (-) JUMPS HERE - SUBTRACT FPA0 FROM FPA1 (ENTER                      
                      (../MS Extended BA):02808         ; WITH EXPONENT OF FPA0 IN ACCB AND EXPONENT OF FPA1 IN ACCA)                      
2120 0354             (../MS Extended BA):02809         LB9BC     COM  FP0SGN         CHANGE MANTISSA SIGN OF FPA0 
2122 0362             (../MS Extended BA):02810                   COM  RESSGN         REVERSE RESULT SIGN FLAG 
2124 2003             (../MS Extended BA):02811                   BRA  LB9C5          GO ADD FPA1 AND FPA0 
                      (../MS Extended BA):02812         ; ADD FP NUMBER POINTED TO BY                      
                      (../MS Extended BA):02813         ; (X) TO FPA0 - LEAVE RESULT IN FPA0                      
2126 BD2293           (../MS Extended BA):02814         LB9C2     JSR  LBB2F          UNPACK PACKED FP DATA FROM (X) TO 
                      (../MS Extended BA):02815         ;         FPA1; RETURN EXPONENT OF FPA1 IN ACCA  
                      (../MS Extended BA):02816                                        
                      (../MS Extended BA):02817         ; ARITHMETIC OPERATION (+) JUMPS HERE - ADD FPA0 TO                      
                      (../MS Extended BA):02818                                        
2129 5D               (../MS Extended BA):02819         LB9C5     TSTB                CHECK EXPONENT OF FPA0 
212A 10270280         (../MS Extended BA):02820                   LBEQ LBC4A          COPY FPA1 TO FPA0 IF FPA0 = 
212E 8E405C           (../MS Extended BA):02821                   LDX  #FP1EXP        POINT X TO FPA1 
2131 1F89             (../MS Extended BA):02822         LB9CD     TFR  A,B            PUT EXPONENT OF FPA1 INTO ACCB 
2133 5D               (../MS Extended BA):02823                   TSTB                CHECK EXPONENT 
2134 276C             (../MS Extended BA):02824                   BEQ  LBA3E          RETURN IF EXPONENT = 0 (ADDING 0 TO FPA0) 
2136 D04F             (../MS Extended BA):02825                   SUBB FP0EXP         SUBTRACT EXPONENT OF FPA0 FROM EXPONENT OF FPA1 
2138 2769             (../MS Extended BA):02826                   BEQ  LBA3F          BRANCH IF EXPONENTS ARE EQUAL 
213A 250A             (../MS Extended BA):02827                   BCS  LB9E2          BRANCH IF EXPONENT FPA0 > FPA1 
213C 974F             (../MS Extended BA):02828                   STA  FP0EXP         REPLACE FPA0 EXPONENT WITH FPA1 EXPONENT 
213E 9661             (../MS Extended BA):02829                   LDA  FP1SGN         * REPLACE FPA0 MANTISSA SIGN 
2140 9754             (../MS Extended BA):02830                   STA  FP0SGN         * WITH FPA1 MANTISSA SIGN 
2142 8E404F           (../MS Extended BA):02831                   LDX  #FP0EXP        POINT X TO FPA0 
2145 50               (../MS Extended BA):02832                   NEGB                NEGATE DIFFERENCE OF EXPONENTS 
2146 C1F8             (../MS Extended BA):02833         LB9E2     CMPB #-8            TEST DIFFERENCE OF EXPONENTS 
2148 2F59             (../MS Extended BA):02834                   BLE  LBA3F          BRANCH IF DIFFERENCE OF EXPONENTS <= 8 
214A 4F               (../MS Extended BA):02835                   CLRA                CLEAR OVERFLOW BYTE 
214B 6401             (../MS Extended BA):02836                   LSR  1,X            SHIFT MS BYTE OF MANTISSA; BIT 7 = 0 
214D BD221E           (../MS Extended BA):02837                   JSR  LBABA          GO SHIFT MANTISSA OF (X) TO THE RIGHT (B) TIMES 
2150 D662             (../MS Extended BA):02838         LB9EC     LDB  RESSGN         GET SIGN FLAG 
2152 2A0B             (../MS Extended BA):02839                   BPL  LB9FB          BRANCH IF FPA0 AND FPA1 SIGNS ARE THE SAME 
2154 6301             (../MS Extended BA):02840                   COM  1,X            * COMPLEMENT MANTISSA POINTED 
2156 6302             (../MS Extended BA):02841                   COM  2,X            * TO BY (X) THE 
2158 6303             (../MS Extended BA):02842                   COM  3,X            * ADCA BELOW WILL 
215A 6304             (../MS Extended BA):02843                   COM  4,X            * CONVERT THIS OPERATION 
215C 43               (../MS Extended BA):02844                   COMA                * INTO A NEG (MANTISSA) 
215D 8900             (../MS Extended BA):02845                   ADCA #0             ADD ONE TO ACCA - COMA ALWAYS SETS THE CARRY FLAG 
                      (../MS Extended BA):02846         ; THE PREVIOUS TWO BYTES MAY BE REPLACED BY A NEGA                      
                      (../MS Extended BA):02847         ;                              
                      (../MS Extended BA):02848         ; ADD MANTISSAS OF FPA0 AND FPA1, PUT RESULT IN FPA0                      
215F 9763             (../MS Extended BA):02849         LB9FB     STA  FPSBYT         SAVE FPA SUB BYTE 
2161 9653             (../MS Extended BA):02850                   LDA  FPA0+3         * ADD LS BYTE 
2163 9960             (../MS Extended BA):02851                   ADCA FPA1+3         * OF MANTISSA 
2165 9753             (../MS Extended BA):02852                   STA  FPA0+3         SAVE IN FPA0 LSB 
2167 9652             (../MS Extended BA):02853                   LDA  FPA0+2         * ADD NEXT BYTE 
2169 995F             (../MS Extended BA):02854                   ADCA FPA1+2         * OF MANTISSA 
216B 9752             (../MS Extended BA):02855                   STA  FPA0+2         SAVE IN FPA0 
216D 9651             (../MS Extended BA):02856                   LDA  FPA0+1         * ADD NEXT BYTE 
216F 995E             (../MS Extended BA):02857                   ADCA FPA1+1         * OF MANTISSA 
2171 9751             (../MS Extended BA):02858                   STA  FPA0+1         SAVE IN FPA0 
2173 9650             (../MS Extended BA):02859                   LDA  FPA0           * ADD MS BYTE 
2175 995D             (../MS Extended BA):02860                   ADCA FPA1           * OF MANTISSA 
2177 9750             (../MS Extended BA):02861                   STA  FPA0           SAVE IN FPA0 
2179 5D               (../MS Extended BA):02862                   TSTB TEST SIGN FLAG  
217A 2A44             (../MS Extended BA):02863                   BPL  LBA5C          BRANCH IF FPA0 & FPA1 SIGNS WERE ALIKE 
217C 2502             (../MS Extended BA):02864         LBA18     BCS  LBA1C          BRANCH IF POSITIVE MANTISSA 
217E 8D5D             (../MS Extended BA):02865                   BSR  LBA79          NEGATE FPA0 MANTISSA 
                      (../MS Extended BA):02866                                        
                      (../MS Extended BA):02867         ; NORMALIZE FPA0                      
2180 5F               (../MS Extended BA):02868         LBA1C     CLRB                CLEAR TEMPORARY EXPONENT ACCUMULATOR 
2181 9650             (../MS Extended BA):02869         LBA1D     LDA  FPA0           TEST MSB OF MANTISSA 
2183 262E             (../MS Extended BA):02870                   BNE  LBA4F          BRANCH IF <> 0 
2185 9651             (../MS Extended BA):02871                   LDA  FPA0+1         * IF THE MSB IS 
2187 9750             (../MS Extended BA):02872                   STA  FPA0           * 0, THEN SHIFT THE 
2189 9652             (../MS Extended BA):02873                   LDA  FPA0+2         * MANTISSA A WHOLE BYTE 
218B 9751             (../MS Extended BA):02874                   STA  FPA0+1         * AT A TIME. THIS 
218D 9653             (../MS Extended BA):02875                   LDA  FPA0+3         * IS FASTER THAN ONE 
218F 9752             (../MS Extended BA):02876                   STA  FPA0+2         * BIT AT A TIME 
2191 9663             (../MS Extended BA):02877                   LDA  FPSBYT         * BUT USES MORE MEMORY. 
2193 9753             (../MS Extended BA):02878                   STA  FPA0+3         * FPSBYT, THE CARRY IN 
2195 0F63             (../MS Extended BA):02879                   CLR  FPSBYT         * BYTE, REPLACES THE MATISSA LSB. 
2197 CB08             (../MS Extended BA):02880                   ADDB #8             SHIFTING ONE BYTE = 8 BIT SHIFTS; ADD 8 TO EXPONENT 
2199 C128             (../MS Extended BA):02881                   CMPB #5*8           CHECK FOR 5 SHIFTS 
219B 2DE4             (../MS Extended BA):02882                   BLT  LBA1D          BRANCH IF < 5 SHIFTS, IF > 5, THEN MANTISSA = 0 
219D 4F               (../MS Extended BA):02883         LBA39     CLRA                A ZERO EXPONENT = 0 FLOATING POINT 
219E 974F             (../MS Extended BA):02884         LBA3A     STA  FP0EXP         ZERO OUT THE EXPONENT 
21A0 9754             (../MS Extended BA):02885                   STA  FP0SGN         ZERO OUT THE MANTISSA SIGN 
21A2 39               (../MS Extended BA):02886         LBA3E     RTS                  
21A3 8D6D             (../MS Extended BA):02887         LBA3F     BSR  LBAAE          SHIFT FPA0 MANTISSA TO RIGHT 
21A5 5F               (../MS Extended BA):02888                   CLRB                CLEAR CARRY FLAG 
21A6 20A8             (../MS Extended BA):02889                   BRA  LB9EC           
                      (../MS Extended BA):02890         ; SHIFT FPA0 LEFT ONE BIT UNTIL BIT 7                      
                      (../MS Extended BA):02891         ; OF MATISSA MS BYTE = 1                      
21A8 5C               (../MS Extended BA):02892         LBA44     INCB                ADD ONE TO EXPONENT ACCUMULATOR 
21A9 0863             (../MS Extended BA):02893                   ASL  FPSBYT         SHIFT SUB BYTE ONE LEFT 
21AB 0953             (../MS Extended BA):02894                   ROL  FPA0+3         SHIFT LS BYTE 
21AD 0952             (../MS Extended BA):02895                   ROL  FPA0+2         SHIFT NS BYTE 
21AF 0951             (../MS Extended BA):02896                   ROL  FPA0+1         SHIFT NS BYTE 
21B1 0950             (../MS Extended BA):02897                   ROL  FPA0           SHIFT MS BYTE 
21B3 2AF3             (../MS Extended BA):02898         LBA4F     BPL  LBA44          BRANCH IF NOT YET NORMALIZED 
21B5 964F             (../MS Extended BA):02899                   LDA  FP0EXP         GET CURRENT EXPONENT 
21B7 3404             (../MS Extended BA):02900                   PSHS B              SAVE EXPONENT MODIFIER CAUSED BY NORMALIZATION 
21B9 A0E0             (../MS Extended BA):02901                   SUBA ,S+            SUBTRACT ACCUMULATED EXPONENT MODIFIER 
21BB 974F             (../MS Extended BA):02902                   STA  FP0EXP         SAVE AS NEW EXPONENT 
21BD 23DE             (../MS Extended BA):02903                   BLS  LBA39          SET FPA0 = 0 IF THE NORMALIZATION CAUSED 
                      (../MS Extended BA):02904         ;         MORE OR EQUAL NUMBER OF LEFT SHIFTS THAN THE  
                      (../MS Extended BA):02905         ;         SIZE OF THE EXPONENT  
21BF 8C               (../MS Extended BA):02906                   FCB  SKP2           SKIP 2 BYTES 
21C0 2508             (../MS Extended BA):02907         LBA5C     BCS  LBA66          BRANCH IF MANTISSA OVERFLOW 
21C2 0863             (../MS Extended BA):02908                   ASL  FPSBYT         SUB BYTE BIT 7 TO CARRY - USE AS ROUND-OFF 
                      (../MS Extended BA):02909         ;                             FLAG (TRUNCATE THE REST OF SUB BYTE) 
21C4 8600             (../MS Extended BA):02910                   LDA  #0             CLRA, BUT DO NOT CHANGE CARRY FLAG 
21C6 9763             (../MS Extended BA):02911                   STA  FPSBYT         CLEAR THE SUB BYTE 
21C8 200C             (../MS Extended BA):02912                   BRA  LBA72          GO ROUND-OFF RESULT 
21CA 0C4F             (../MS Extended BA):02913         LBA66     INC  FP0EXP         INCREMENT EXPONENT - MULTIPLY BY 2 
21CC 2728             (../MS Extended BA):02914                   BEQ  LBA92          OVERFLOW ERROR IF CARRY PAST $FF 
21CE 0650             (../MS Extended BA):02915                   ROR  FPA0           * SHIFT MANTISSA 
21D0 0651             (../MS Extended BA):02916                   ROR  FPA0+1         * ONE TO 
21D2 0652             (../MS Extended BA):02917                   ROR  FPA0+2         * THE RIGHT - 
21D4 0653             (../MS Extended BA):02918                   ROR  FPA0+3         * DIVIDE BY TWO 
21D6 2404             (../MS Extended BA):02919         LBA72     BCC  LBA78          BRANCH IF NO ROUND-OFF NEEDED 
21D8 8D0D             (../MS Extended BA):02920                   BSR  LBA83          ADD ONE TO MANTISSA - ROUND OFF 
21DA 27EE             (../MS Extended BA):02921                   BEQ  LBA66          BRANCH iF OVERFLOW - MANTISSA = 0 
21DC 39               (../MS Extended BA):02922         LBA78     RTS                  
                      (../MS Extended BA):02923         ; NEGATE FPA0 MANTISSA                      
21DD 0354             (../MS Extended BA):02924         LBA79     COM  FP0SGN         TOGGLE SIGN OF MANTISSA 
21DF 0350             (../MS Extended BA):02925         LBA7B     COM  FPA0           * COMPLEMENT ALL 4 MANTISSA BYTES 
21E1 0351             (../MS Extended BA):02926                   COM  FPA0+1         * 
21E3 0352             (../MS Extended BA):02927                   COM  FPA0+2         * 
21E5 0353             (../MS Extended BA):02928                   COM  FPA0+3         * 
                      (../MS Extended BA):02929         ; ADD ONE TO FPA0 MANTISSA                      
21E7 9E52             (../MS Extended BA):02930         LBA83     LDX  FPA0+2         * GET BOTTOM 2 MANTISSA 
21E9 3001             (../MS Extended BA):02931                   LEAX 1,X            * BYTES, ADD ONE TO 
21EB 9F52             (../MS Extended BA):02932                   STX  FPA0+2         * THEM AND SAVE THEM 
21ED 2606             (../MS Extended BA):02933                   BNE  LBA91          BRANCH IF NO OVERFLOW 
21EF 9E50             (../MS Extended BA):02934                   LDX  FPA0           * IF OVERFLOW ADD ONE 
21F1 3001             (../MS Extended BA):02935                   LEAX 1,X            * TO TOP 2 MANTISSA 
21F3 9F50             (../MS Extended BA):02936                   STX  FPA0           * BYTES AND SAVE THEM 
21F5 39               (../MS Extended BA):02937         LBA91     RTS                  
21F6 C60A             (../MS Extended BA):02938         LBA92     LDB  #2*5           OV' OVERFLOW ERROR 
21F8 7E141E           (../MS Extended BA):02939                   JMP  LAC46          PROCESS AN ERROR 
21FB 8E4012           (../MS Extended BA):02940         LBA97     LDX  #FPA2-1        POINT X TO FPA2 
                      (../MS Extended BA):02941         ; SHIFT FPA POINTED TO BY (X) TO                      
                      (../MS Extended BA):02942         ; THE RIGHT -(B) TIMES. EXIT WITH                      
                      (../MS Extended BA):02943         ; ACCA CONTAINING DATA SHIFTED OUT                      
                      (../MS Extended BA):02944         ; TO THE RIGHT (SUB BYTE) AND THE DATA                      
                      (../MS Extended BA):02945         ; SHIFTED IN FROM THE LEFT WILL COME FROM FPCARY                      
21FE A604             (../MS Extended BA):02946         LBA9A     LDA  4,X            GET LS BYTE OF MANTISSA (X) 
2200 9763             (../MS Extended BA):02947                   STA  FPSBYT         SAVE IN FPA SUB BYTE 
2202 A603             (../MS Extended BA):02948                   LDA  3,X            * SHIFT THE NEXT THREE BYTES OF THE 
2204 A704             (../MS Extended BA):02949                   STA  4,X            * MANTISSA RIGHT ONE COMPLETE BYTE. 
2206 A602             (../MS Extended BA):02950                   LDA  2,X            * 
2208 A703             (../MS Extended BA):02951                   STA  3,X            * 
220A A601             (../MS Extended BA):02952                   LDA  1,X            * 
220C A702             (../MS Extended BA):02953                   STA  2,X            * 
220E 965B             (../MS Extended BA):02954                   LDA  FPCARY         GET THE CARRY IN BYTE 
2210 A701             (../MS Extended BA):02955                   STA  1,X            STORE AS THE MS MANTISSA BYTE OF (X) 
2212 CB08             (../MS Extended BA):02956         LBAAE     ADDB #8             ADD 8 TO DIFFERENCE OF EXPONENTS 
2214 2FE8             (../MS Extended BA):02957                   BLE  LBA9A          BRANCH IF EXPONENT DIFFERENCE < -8 
2216 9663             (../MS Extended BA):02958                   LDA  FPSBYT         GET FPA SUB BYTE 
2218 C008             (../MS Extended BA):02959                   SUBB #8             CAST OUT THE 8 ADDED IN ABOVE 
221A 270C             (../MS Extended BA):02960                   BEQ  LBAC4          BRANCH IF EXPONENT DIFFERENCE = 0 
                      (../MS Extended BA):02961                                        
                      (../MS Extended BA):02962                                        
221C 6701             (../MS Extended BA):02963         LBAB8     ASR  1,X            * SHIFT MANTISSA AND SUB BYTE ONE BIT TO THE RIGHT 
221E 6602             (../MS Extended BA):02964         LBABA     ROR  2,X            * 
2220 6603             (../MS Extended BA):02965                   ROR  3,X            * 
2222 6604             (../MS Extended BA):02966                   ROR  4,X            * 
2224 46               (../MS Extended BA):02967                   RORA                * 
2225 5C               (../MS Extended BA):02968                   INCB                ADD ONE TO EXPONENT DIFFERENCE 
2226 26F4             (../MS Extended BA):02969                   BNE  LBAB8          BRANCH IF EXPONENTS NOT = 
2228 39               (../MS Extended BA):02970         LBAC4     RTS                  
2229 8100000000       (../MS Extended BA):02971         LBAC5     FCB  $81,$00,$00,$00,$00 FLOATING POINT CONSTANT 1.0 
                      (../MS Extended BA):02972                                        
                      (../MS Extended BA):02973         ; ARITHMETIC OPERATION (*) JUMPS HERE - MULTIPLY                      
                      (../MS Extended BA):02974         ; FPA0 BY (X) - RETURN PRODUCT IN FPA0                      
222E 8D63             (../MS Extended BA):02975         LBACA     BSR  LBB2F          MOVE PACKED FPA FROM (X) TO FPA1 
2230 2760             (../MS Extended BA):02976         LBACC     BEQ  LBB2E          BRANCH IF EXPONENT OF FPA0 = 0 
2232 8D78             (../MS Extended BA):02977                   BSR  LBB48          CALCULATE EXPONENT OF PRODUCT 
                      (../MS Extended BA):02978         ; MULTIPLY FPA0 MANTISSA BY FPA1. NORMALIZE                      
                      (../MS Extended BA):02979         ; HIGH ORDER BYTES OF PRODUCT IN FPA0. THE                      
                      (../MS Extended BA):02980         ; LOW ORDER FOUR BYTES OF THE PRODUCT WILL                      
                      (../MS Extended BA):02981         ; BE STORED IN VAB-VAE.                      
2234 8600             (../MS Extended BA):02982         LBAD0     LDA  #0             * ZERO OUT MANTISSA OF FPA2 
2236 9713             (../MS Extended BA):02983                   STA  FPA2           * 
2238 9714             (../MS Extended BA):02984                   STA  FPA2+1         * 
223A 9715             (../MS Extended BA):02985                   STA  FPA2+2         * 
223C 9716             (../MS Extended BA):02986                   STA  FPA2+3         * 
223E D653             (../MS Extended BA):02987                   LDB  FPA0+3         GET LS BYTE OF FPA0 
2240 8D22             (../MS Extended BA):02988                   BSR  LBB00          MULTIPLY BY FPA1 
2242 D663             (../MS Extended BA):02989                   LDB  FPSBYT         * TEMPORARILY SAVE SUB BYTE 4 
2244 D78B             (../MS Extended BA):02990                   STB  VAE            * 
2246 D652             (../MS Extended BA):02991                   LDB  FPA0+2         GET NUMBER 3 MANTISSA BYTE OF FPA0 
2248 8D1A             (../MS Extended BA):02992                   BSR  LBB00          MULTIPLY BY FPA1 
224A D663             (../MS Extended BA):02993                   LDB  FPSBYT         * TEMPORARILY SAVE SUB BYTE 3 
224C D78A             (../MS Extended BA):02994                   STB  VAD            * 
224E D651             (../MS Extended BA):02995                   LDB  FPA0+1         GET NUMBER 2 MANTISSA BYTE OF FPA0 
2250 8D12             (../MS Extended BA):02996                   BSR  LBB00          MULTIPLY BY FPA1 
2252 D663             (../MS Extended BA):02997                   LDB  FPSBYT         * TEMPORARILY SAVE SUB BYTE 2 
2254 D789             (../MS Extended BA):02998                   STB  VAC            * 
2256 D650             (../MS Extended BA):02999                   LDB  FPA0           GET MS BYTE OF FPA0 MANTISSA 
2258 8D0C             (../MS Extended BA):03000                   BSR  LBB02          MULTIPLY BY FPA1 
225A D663             (../MS Extended BA):03001                   LDB  FPSBYT         * TEMPORARILY SAVE SUB BYTE 1 
225C D788             (../MS Extended BA):03002                   STB  VAB            * 
225E BD236F           (../MS Extended BA):03003                   JSR  LBC0B          COPY MANTISSA FROM FPA2 TO FPA0 
2261 7E2180           (../MS Extended BA):03004                   JMP  LBA1C          NORMALIZE FPA0 
2264 2795             (../MS Extended BA):03005         LBB00     BEQ  LBA97          SHIFT FPA2 ONE BYTE TO RIGHT 
2266 43               (../MS Extended BA):03006         LBB02     COMA                SET CARRY FLAG 
                      (../MS Extended BA):03007         ; MULTIPLY FPA1 MANTISSA BY ACCB AND                      
                      (../MS Extended BA):03008         ; ADD PRODUCT TO FPA2 MANTISSA                      
2267 9613             (../MS Extended BA):03009         LBB03     LDA  FPA2           GET FPA2 MS BYTE 
2269 56               (../MS Extended BA):03010                   RORB ROTATE CARRY FLAG INTO SHIFT COUNTER;  
                      (../MS Extended BA):03011         ;         DATA BIT INTO CARRY  
226A 2726             (../MS Extended BA):03012                   BEQ  LBB2E          BRANCH WHEN 8 SHIFTS DONE 
226C 2416             (../MS Extended BA):03013                   BCC  LBB20          DO NOT ADD FPA1 IF DATA BIT = 0 
226E 9616             (../MS Extended BA):03014                   LDA  FPA2+3         * ADD MANTISSA LS BYTE 
2270 9B60             (../MS Extended BA):03015                   ADDA FPA1+3         * 
2272 9716             (../MS Extended BA):03016                   STA  FPA2+3         * 
2274 9615             (../MS Extended BA):03017                   LDA  FPA2+2         = ADD MANTISSA NUMBER 3 BYTE 
2276 995F             (../MS Extended BA):03018                   ADCA FPA1+2         = 
2278 9715             (../MS Extended BA):03019                   STA  FPA2+2         = 
227A 9614             (../MS Extended BA):03020                   LDA  FPA2+1         * ADD MANTISSA NUMBER 2 BYTE 
227C 995E             (../MS Extended BA):03021                   ADCA FPA1+1         * 
227E 9714             (../MS Extended BA):03022                   STA  FPA2+1         * 
2280 9613             (../MS Extended BA):03023                   LDA  FPA2           = ADD MANTISSA MS BYTE 
2282 995D             (../MS Extended BA):03024                   ADCA FPA1           = 
2284 46               (../MS Extended BA):03025         LBB20     RORA * ROTATE CARRY INTO MS BYTE  
2285 9713             (../MS Extended BA):03026                   STA  FPA2           * 
2287 0614             (../MS Extended BA):03027                   ROR  FPA2+1         = ROTATE FPA2 ONE BIT TO THE RIGHT 
2289 0615             (../MS Extended BA):03028                   ROR  FPA2+2         = 
228B 0616             (../MS Extended BA):03029                   ROR  FPA2+3         = 
228D 0663             (../MS Extended BA):03030                   ROR  FPSBYT         = 
228F 4F               (../MS Extended BA):03031                   CLRA                CLEAR CARRY FLAG 
2290 20D5             (../MS Extended BA):03032                   BRA  LBB03          KEEP LOOPING 
2292 39               (../MS Extended BA):03033         LBB2E     RTS                  
                      (../MS Extended BA):03034         ; UNPACK A FP NUMBER FROM (X) TO FPA1                      
2293 EC01             (../MS Extended BA):03035         LBB2F     LDD  1,X            GET TWO MSB BYTES OF MANTISSA FROM 
                      (../MS Extended BA):03036         ;         FPA  POINTED TO BY X  
2295 9761             (../MS Extended BA):03037                   STA  FP1SGN         SAVE PACKED MANTISSA SIGN BYTE 
2297 8A80             (../MS Extended BA):03038                   ORA  #$80           FORCE BIT 7 OF MSB MANTISSA = 1 
2299 DD5D             (../MS Extended BA):03039                   STD  FPA1           SAVE 2 MSB BYTES IN FPA1 
229B D661             (../MS Extended BA):03040                   LDB  FP1SGN         * GET PACKED MANTISSA SIGN BYTE. EOR W/FPA0 
229D D854             (../MS Extended BA):03041                   EORB FP0SGN         * SIGN - NEW SIGN POSITION IF BOTH OLD SIGNS ALIKE, 
229F D762             (../MS Extended BA):03042                   STB  RESSGN         * NEG IF BOTH OLD SIGNS DIFF. SAVE ADJUSTED 
                      (../MS Extended BA):03043         ;                             * MANTISSA SIGN BYTE 
22A1 EC03             (../MS Extended BA):03044                   LDD  3,X            = GET 2 LSB BYTES OF MANTISSA 
22A3 DD5F             (../MS Extended BA):03045                   STD  FPA1+2         = AND PUT IN FPA1 
22A5 A684             (../MS Extended BA):03046                   LDA  ,X             * GET EXPONENT FROM (X) AND 
22A7 975C             (../MS Extended BA):03047                   STA  FP1EXP         * PUT IN EXPONENT OF FPA1 
22A9 D64F             (../MS Extended BA):03048                   LDB  FP0EXP         GET EXPONENT OF FPA0 
22AB 39               (../MS Extended BA):03049                   RTS                  
                      (../MS Extended BA):03050         ; CALCULATE EXPONENT FOR PRODUCT OF FPA0 & FPA1                      
                      (../MS Extended BA):03051         ; ENTER WITH EXPONENT OF FPA1 IN ACCA                      
22AC 4D               (../MS Extended BA):03052         LBB48     TSTA                TEST EXPONENT OF FPA1 
22AD 2716             (../MS Extended BA):03053                   BEQ  LBB61          PURGE RETURN ADDRESS & SET FPA0 = 0 
22AF 9B4F             (../MS Extended BA):03054                   ADDA FP0EXP         ADD FPA1 EXPONENT TO FPA0 EXPONENT 
22B1 46               (../MS Extended BA):03055                   RORA                ROTATE CARRY INTO BIT 7; BIT 0 INTO CARRY 
22B2 49               (../MS Extended BA):03056                   ROLA                SET OVERFLOW FLAG 
22B3 2810             (../MS Extended BA):03057                   BVC  LBB61          BRANCH IF EXPONENT TOO LARGE OR SMALL 
22B5 8B80             (../MS Extended BA):03058                   ADDA #$80           ADD $80 BIAS TO EXPONENT 
22B7 974F             (../MS Extended BA):03059                   STA  FP0EXP         SAVE NEW EXPONENT 
22B9 270C             (../MS Extended BA):03060                   BEQ  LBB63          SET FPA0 
22BB 9662             (../MS Extended BA):03061                   LDA  RESSGN         GET MANTISSA SIGN 
22BD 9754             (../MS Extended BA):03062                   STA  FP0SGN         SAVE AS MANTISSA SIGN OF FPA0 
22BF 39               (../MS Extended BA):03063                   RTS                  
                      (../MS Extended BA):03064         ; IF FPA0 = POSITIVE THEN 'OV' ERROR IF FPA0                      
                      (../MS Extended BA):03065         ; = IS NEGATIVE THEN FPA0 = 0                      
22C0 9654             (../MS Extended BA):03066         LBB5C     LDA  FP0SGN         GET MANTISSA SIGN OF FPA0 
22C2 43               (../MS Extended BA):03067                   COMA                CHANGE SIGN OF FPA0 MANTISSA 
22C3 2002             (../MS Extended BA):03068                   BRA  LBB63           
22C5 3262             (../MS Extended BA):03069         LBB61     LEAS 2,S            PURGE RETURN ADDRESS FROM STACK 
22C7 102AFED2         (../MS Extended BA):03070         LBB63     LBPL LBA39          ZERO FPA0 MANTISSA SIGN & EXPONENT 
22CB 7E21F6           (../MS Extended BA):03071         LBB67     JMP  LBA92          OV' OVERFLOW ERROR 
                      (../MS Extended BA):03072         ; FAST MULTIPLY BY 10 AND LEAVE RESULT IN FPA0                      
22CE BD23C3           (../MS Extended BA):03073         LBB6A     JSR  LBC5F          TRANSFER FPA0 TO FPA1 
22D1 270D             (../MS Extended BA):03074                   BEQ  LBB7C          BRANCH IF EXPONENT = 0 
22D3 8B02             (../MS Extended BA):03075                   ADDA #2             ADD 2 TO EXPONENT (TIMES 4) 
22D5 25F4             (../MS Extended BA):03076                   BCS  LBB67          OV' ERROR IF EXPONENT > $FF 
22D7 0F62             (../MS Extended BA):03077                   CLR  RESSGN         CLEAR RESULT SIGN BYTE 
22D9 BD2131           (../MS Extended BA):03078                   JSR  LB9CD          ADD FPA1 TO FPA0 (TIMES 5) 
22DC 0C4F             (../MS Extended BA):03079                   INC  FP0EXP         ADD ONE TO EXPONENT (TIMES 10) 
22DE 27EB             (../MS Extended BA):03080                   BEQ  LBB67          OV' ERROR IF EXPONENT > $FF 
22E0 39               (../MS Extended BA):03081         LBB7C     RTS                  
22E1 8420000000       (../MS Extended BA):03082         LBB7D     FCB  $84,$20,$00,$00,$00 FLOATING POINT CONSTANT 10 
                      (../MS Extended BA):03083         ; DIVIDE FPA0 BY 10                      
22E6 BD23C3           (../MS Extended BA):03084         LBB82     JSR  LBC5F          MOVE FPA0 TO FPA1 
22E9 8E22E1           (../MS Extended BA):03085                   LDX  #LBB7D         POINT TO FLOATING POINT CONSTANT 10 
22EC 5F               (../MS Extended BA):03086                   CLRB                ZERO MANTISSA SIGN BYTE 
22ED D762             (../MS Extended BA):03087         LBB89     STB  RESSGN         STORE THE QUOTIENT MANTISSA SIGN BYTE 
22EF BD2378           (../MS Extended BA):03088                   JSR  LBC14          UNPACK AN FP NUMBER FROM (X) INTO FPA0 
22F2 8C               (../MS Extended BA):03089                   FCB  SKP2           SKIP TWO BYTES 
                      (../MS Extended BA):03090         ; DIVIDE (X) BY FPA0-LEAVE NORMALIZED QUOTIENT IN FPA0                      
22F3 8D9E             (../MS Extended BA):03091         LBB8F     BSR  LBB2F          GET FP NUMBER FROM (X) TO FPA1 
                      (../MS Extended BA):03092                                        
                      (../MS Extended BA):03093         ; ARITHMETIC OPERATION (/) JUMPS HERE. DIVIDE FPA1 BY FPA0 (ENTER WITH                      
                      (../MS Extended BA):03094         ; EXPONENT OF FPA1 IN ACCA AND FLAGS SET BY TSTA)                      
                      (../MS Extended BA):03095                                        
                      (../MS Extended BA):03096         ; DIVIDE FPA1 BY FPA0                      
22F5 2773             (../MS Extended BA):03097         LBB91     BEQ  LBC06          /0' DIVIDE BY ZERO ERROR 
22F7 004F             (../MS Extended BA):03098                   NEG  FP0EXP         GET EXPONENT OF RECIPROCAL OF DIVISOR 
22F9 8DB1             (../MS Extended BA):03099                   BSR  LBB48          CALCULATE EXPONENT OF QUOTIENT 
22FB 0C4F             (../MS Extended BA):03100                   INC  FP0EXP         INCREMENT EXPONENT 
22FD 27CC             (../MS Extended BA):03101                   BEQ  LBB67          OV' OVERFLOW ERROR 
22FF 8E4013           (../MS Extended BA):03102                   LDX  #FPA2          POINT X TO MANTISSA OF FPA2 - HOLD 
                      (../MS Extended BA):03103         ;                             TEMPORARY QUOTIENT IN FPA2 
2302 C604             (../MS Extended BA):03104                   LDB  #4             5 BYTE DIVIDE 
2304 D703             (../MS Extended BA):03105                   STB  TMPLOC         SAVE BYTE COUNTER 
2306 C601             (../MS Extended BA):03106                   LDB  #1             SHIFT COUNTER-AND TEMPORARY QUOTIENT BYTE 
                      (../MS Extended BA):03107         ; COMPARE FPA0 MANTISSA TO FPA1 MANTISSA -                      
                      (../MS Extended BA):03108         ; SET CARRY FLAG IF FPA1 >= FPA0                      
2308 9650             (../MS Extended BA):03109         LBBA4     LDA  FPA0           * COMPARE THE TWO MS BYTES 
230A 915D             (../MS Extended BA):03110                   CMPA FPA1           * OF FPA0 AND FPA1 AND 
230C 2613             (../MS Extended BA):03111                   BNE  LBBBD          * BRANCH IF <> 
230E 9651             (../MS Extended BA):03112                   LDA  FPA0+1         = COMPARE THE NUMBER 2 
2310 915E             (../MS Extended BA):03113                   CMPA FPA1+1         = BYTES AND 
2312 260D             (../MS Extended BA):03114                   BNE  LBBBD          = BRANCH IF <> 
2314 9652             (../MS Extended BA):03115                   LDA  FPA0+2         * COMPARE THE NUMBER 3 
2316 915F             (../MS Extended BA):03116                   CMPA FPA1+2         * BYTES AND 
2318 2607             (../MS Extended BA):03117                   BNE  LBBBD          * BRANCH IF <> 
231A 9653             (../MS Extended BA):03118                   LDA  FPA0+3         = COMPARE THE LS BYTES 
231C 9160             (../MS Extended BA):03119                   CMPA FPA1+3         = AND BRANCH 
231E 2601             (../MS Extended BA):03120                   BNE  LBBBD          = IF <> 
2320 43               (../MS Extended BA):03121                   COMA                SET CARRY FLAG IF FPA0 = FPA1 
2321 1FA8             (../MS Extended BA):03122         LBBBD     TFR  CC,A           SAVE CARRY FLAG STATUS IN ACCA; CARRY 
                      (../MS Extended BA):03123         ;         CLEAR IF FPA0 > FPA1  
2323 59               (../MS Extended BA):03124                   ROLB                ROTATE CARRY INTO TEMPORARY QUOTIENT BYTE 
2324 240A             (../MS Extended BA):03125                   BCC  LBBCC          CARRY WILL BE SET AFTER 8 SHIFTS 
2326 E780             (../MS Extended BA):03126                   STB  ,X+            SAVE TEMPORARY QUOTIENT 
2328 0A03             (../MS Extended BA):03127                   DEC  TMPLOC         DECREMENT BYTE COUNTER 
232A 2B34             (../MS Extended BA):03128                   BMI  LBBFC          BRANCH IF DONE 
232C 272E             (../MS Extended BA):03129                   BEQ  LBBF8          BRANCH IF LAST BYTE 
232E C601             (../MS Extended BA):03130                   LDB  #1             RESET SHIFT COUNTER AND TEMPORARY QUOTIENT BYTE 
2330 1F8A             (../MS Extended BA):03131         LBBCC     TFR  A,CC           RESTORE CARRY FLAG AND 
2332 250E             (../MS Extended BA):03132                   BCS  LBBDE          BRANCH IF FPA0 =< FPA1 
2334 0860             (../MS Extended BA):03133         LBBD0     ASL  FPA1+3         * SHIFT FPA1 MANTISSA 1 BIT TO LEFT 
2336 095F             (../MS Extended BA):03134                   ROL  FPA1+2         * 
2338 095E             (../MS Extended BA):03135                   ROL  FPA1+1         * 
233A 095D             (../MS Extended BA):03136                   ROL  FPA1           * 
233C 25E3             (../MS Extended BA):03137                   BCS  LBBBD          BRANCH IF CARRY - ADD ONE TO PARTIAL QUOTIENT 
233E 2BC8             (../MS Extended BA):03138                   BMI  LBBA4          IF MSB OF HIGH ORDER MANTISSA BYTE IS 
                      (../MS Extended BA):03139         ;         SET, CHECK THE MAGNITUDES OF FPA0, FPA1  
2340 20DF             (../MS Extended BA):03140                   BRA  LBBBD          CARRY IS CLEAR, CHECK ANOTHER BIT 
                      (../MS Extended BA):03141         ; SUBTRACT FPA0 FROM FPA1 - LEAVE RESULT IN FPA1                      
2342 9660             (../MS Extended BA):03142         LBBDE     LDA  FPA1+3         * SUBTRACT THE LS BYTES OF MANTISSA 
2344 9053             (../MS Extended BA):03143                   SUBA FPA0+3         * 
2346 9760             (../MS Extended BA):03144                   STA  FPA1+3         * 
2348 965F             (../MS Extended BA):03145                   LDA  FPA1+2         = THEN THE NEXT BYTE 
234A 9252             (../MS Extended BA):03146                   SBCA FPA0+2         = 
234C 975F             (../MS Extended BA):03147                   STA  FPA1+2         = 
234E 965E             (../MS Extended BA):03148                   LDA  FPA1+1         * AND THE NEXT 
2350 9251             (../MS Extended BA):03149                   SBCA FPA0+1         * 
2352 975E             (../MS Extended BA):03150                   STA  FPA1+1         * 
2354 965D             (../MS Extended BA):03151                   LDA  FPA1           = AND FINALLY, THE MS BYTE OF MANTISSA 
2356 9250             (../MS Extended BA):03152                   SBCA FPA0           = 
2358 975D             (../MS Extended BA):03153                   STA  FPA1           = 
235A 20D8             (../MS Extended BA):03154                   BRA  LBBD0          GO SHIFT FPA1 
235C C640             (../MS Extended BA):03155         LBBF8     LDB  #$40           USE ONLY TWO BITS OF THE LAST BYTE (FIFTH) 
235E 20D0             (../MS Extended BA):03156                   BRA  LBBCC          GO SHIFT THE LAST BYTE 
2360 56               (../MS Extended BA):03157         LBBFC     RORB * SHIFT CARRY (ALWAYS SET HERE) INTO  
2361 56               (../MS Extended BA):03158                   RORB * BIT 5 AND MOVE  
2362 56               (../MS Extended BA):03159                   RORB * BITS 1,0 TO BITS 7,6  
2363 D763             (../MS Extended BA):03160                   STB  FPSBYT         SAVE SUB BYTE 
2365 8D08             (../MS Extended BA):03161                   BSR  LBC0B          MOVE MANTISSA OF FPA2 TO FPA0 
2367 7E2180           (../MS Extended BA):03162                   JMP  LBA1C          NORMALIZE FPA0 
236A C614             (../MS Extended BA):03163         LBC06     LDB  #2*10          /0' ERROR 
236C 7E141E           (../MS Extended BA):03164                   JMP  LAC46          PROCESS THE ERROR 
                      (../MS Extended BA):03165         ; COPY MANTISSA FROM FPA2 TO FPA0                      
236F 9E13             (../MS Extended BA):03166         LBC0B     LDX  FPA2           * MOVE TOP 2 BYTES 
2371 9F50             (../MS Extended BA):03167                   STX  FPA0           * 
2373 9E15             (../MS Extended BA):03168                   LDX  FPA2+2         = MOVE BOTTOM 2 BYTES 
2375 9F52             (../MS Extended BA):03169                   STX  FPA0+2         = 
2377 39               (../MS Extended BA):03170                   RTS                  
                      (../MS Extended BA):03171         ; COPY A PACKED FP NUMBER FROM (X) TO FPA0                      
2378 3402             (../MS Extended BA):03172         LBC14     PSHS A              SAVE ACCA 
237A EC01             (../MS Extended BA):03173                   LDD  1,X            GET TOP TWO MANTISSA BYTES 
237C 9754             (../MS Extended BA):03174                   STA  FP0SGN         SAVE MS BYTE OF MANTISSA AS MANTISSA SIGN 
237E 8A80             (../MS Extended BA):03175                   ORA  #$80           UNPACK MS BYTE 
2380 DD50             (../MS Extended BA):03176                   STD  FPA0           SAVE UNPACKED TOP 2 MANTISSA BYTES 
2382 0F63             (../MS Extended BA):03177                   CLR  FPSBYT         CLEAR MANTISSA SUB BYTE 
2384 E684             (../MS Extended BA):03178                   LDB  ,X             GET EXPONENT TO ACCB 
2386 AE03             (../MS Extended BA):03179                   LDX  3,X            * MOVE LAST 2 
2388 9F52             (../MS Extended BA):03180                   STX  FPA0+2         * MANTISSA BYTES 
238A D74F             (../MS Extended BA):03181                   STB  FP0EXP         SAVE EXPONENT 
238C 3582             (../MS Extended BA):03182                   PULS A,PC           RESTORE ACCA AND RETURN 
                      (../MS Extended BA):03183                                        
238E 8E4045           (../MS Extended BA):03184         LBC2A     LDX  #V45           POINT X TO MANTISSA OF FPA4 
2391 2006             (../MS Extended BA):03185                   BRA  LBC35          MOVE FPA0 TO FPA4 
2393 8E4040           (../MS Extended BA):03186         LBC2F     LDX  #V40           POINT X TO MANTISSA OF FPA3 
2396 8C               (../MS Extended BA):03187                   FCB  SKP2           SKIP TWO BYTES 
2397 9E3B             (../MS Extended BA):03188         LBC33     LDX  VARDES         POINT X TO VARIABLE DESCRIPTOR IN VARDES 
                      (../MS Extended BA):03189         ; PACK FPA0 AND MOVE IT TO ADDRESS IN X                      
2399 964F             (../MS Extended BA):03190         LBC35     LDA  FP0EXP         * COPY EXPONENT 
239B A784             (../MS Extended BA):03191                   STA  ,X             * 
239D 9654             (../MS Extended BA):03192                   LDA  FP0SGN         GET MANTISSA SIGN BIT 
239F 8A7F             (../MS Extended BA):03193                   ORA  #$7F           MASK THE BOTTOM 7 BITS 
23A1 9450             (../MS Extended BA):03194                   ANDA FPA0           AND BIT 7 OF MANTISSA SIGN INTO BIT 7 OF MS BYTE 
23A3 A701             (../MS Extended BA):03195                   STA  1,X            SAVE MS BYTE 
23A5 9651             (../MS Extended BA):03196                   LDA  FPA0+1         * MOVE 2ND MANTISSA BYTE 
23A7 A702             (../MS Extended BA):03197                   STA  2,X            * 
23A9 DE52             (../MS Extended BA):03198                   LDU  FPA0+2         = MOVE BOTTOM 2 MANTISSA BYTES 
23AB EF03             (../MS Extended BA):03199                   STU  3,X            = 
23AD 39               (../MS Extended BA):03200                   RTS                  
                      (../MS Extended BA):03201         ; MOVE FPA1 TO FPA0 RETURN W/MANTISSA SIGN IN ACCA                      
23AE 9661             (../MS Extended BA):03202         LBC4A     LDA  FP1SGN         * COPY MANTISSA SIGN FROM 
23B0 9754             (../MS Extended BA):03203         LBC4C     STA  FP0SGN         * FPA1 TO FPA0 
23B2 9E5C             (../MS Extended BA):03204                   LDX  FP1EXP         = COPY EXPONENT + MS BYTE FROM 
23B4 9F4F             (../MS Extended BA):03205                   STX  FP0EXP         = FPA1 TO FPA0 
23B6 0F63             (../MS Extended BA):03206                   CLR  FPSBYT         CLEAR MANTISSA SUB BYTE 
23B8 965E             (../MS Extended BA):03207                   LDA  FPA1+1         * COPY 2ND MANTISSA BYTE 
23BA 9751             (../MS Extended BA):03208                   STA  FPA0+1         * FROM FPA1 TO FPA0 
23BC 9654             (../MS Extended BA):03209                   LDA  FP0SGN         GET MANTISSA SIGN 
23BE 9E5F             (../MS Extended BA):03210                   LDX  FPA1+2         * COPY 3RD AND 4TH MANTISSA BYTE 
23C0 9F52             (../MS Extended BA):03211                   STX  FPA0+2         * FROM FPA1 TO FPA0 
23C2 39               (../MS Extended BA):03212                   RTS                  
                      (../MS Extended BA):03213         ; TRANSFER FPA0 TO FPA1                      
23C3 DC4F             (../MS Extended BA):03214         LBC5F     LDD  FP0EXP         * TRANSFER EXPONENT & MS BYTE 
23C5 DD5C             (../MS Extended BA):03215                   STD  FP1EXP         * 
23C7 9E51             (../MS Extended BA):03216                   LDX  FPA0+1         = TRANSFER MIDDLE TWO BYTES 
23C9 9F5E             (../MS Extended BA):03217                   STX  FPA1+1         = 
23CB 9E53             (../MS Extended BA):03218                   LDX  FPA0+3         * TRANSFER BOTTOM TWO BYTES 
23CD 9F60             (../MS Extended BA):03219                   STX  FPA1+3         * 
23CF 4D               (../MS Extended BA):03220                   TSTA                SET FLAGS ACCORDING TO EXPONENT 
23D0 39               (../MS Extended BA):03221                   RTS                  
                      (../MS Extended BA):03222         ; CHECK FPA0; RETURN ACCB = 0 IF FPA0 = 0,                      
                      (../MS Extended BA):03223         ; ACCB = $FF IF FPA0 = NEGATIVE, ACCB = 1 IF FPA0 = POSITIVE                      
23D1 D64F             (../MS Extended BA):03224         LBC6D     LDB  FP0EXP         GET EXPONENT 
23D3 2708             (../MS Extended BA):03225                   BEQ  LBC79          BRANCH IF FPA0 = 0 
23D5 D654             (../MS Extended BA):03226         LBC71     LDB  FP0SGN         GET SIGN OF MANTISSA 
23D7 59               (../MS Extended BA):03227         LBC73     ROLB                BIT 7 TO CARRY 
23D8 C6FF             (../MS Extended BA):03228                   LDB  #$FF           NEGATIVE FLAG 
23DA 2501             (../MS Extended BA):03229                   BCS  LBC79          BRANCH IF NEGATIVE MANTISSA 
23DC 50               (../MS Extended BA):03230                   NEGB                ACCB = 1 IF POSITIVE MANTISSA 
23DD 39               (../MS Extended BA):03231         LBC79     RTS                  
                      (../MS Extended BA):03232                                        
                      (../MS Extended BA):03233         ; SGN                          
23DE 8DF1             (../MS Extended BA):03234         SGN       BSR  LBC6D          SET ACCB ACCORDING TO SIGN OF FPA0 
                      (../MS Extended BA):03235         ; CONVERT A SIGNED NUMBER IN ACCB INTO A FLOATING POINT NUMBER                      
23E0 D750             (../MS Extended BA):03236         LBC7C     STB  FPA0           SAVE ACCB IN FPA0 
23E2 0F51             (../MS Extended BA):03237                   CLR  FPA0+1         CLEAR NUMBER 2 MANTISSA BYTE OF FPA0 
23E4 C688             (../MS Extended BA):03238                   LDB  #$88           EXPONENT REQUIRED IF FPA0 IS TO BE AN INTEGER 
23E6 9650             (../MS Extended BA):03239         LBC82     LDA  FPA0           GET MS BYTE OF MANTISSA 
23E8 8080             (../MS Extended BA):03240                   SUBA #$80           SET CARRY IF POSITIVE MANTISSA 
23EA D74F             (../MS Extended BA):03241         LBC86     STB  FP0EXP         SAVE EXPONENT 
23EC DC74             (../MS Extended BA):03242                   LDD  ZERO           * ZERO OUT ACCD AND 
23EE DD52             (../MS Extended BA):03243                   STD  FPA0+2         * BOTTOM HALF OF FPA0 
23F0 9763             (../MS Extended BA):03244                   STA  FPSBYT         CLEAR SUB BYTE 
23F2 9754             (../MS Extended BA):03245                   STA  FP0SGN         CLEAR SIGN OF FPA0 MANTISSA 
23F4 7E217C           (../MS Extended BA):03246                   JMP  LBA18          GO NORMALIZE FPA0 
                      (../MS Extended BA):03247                                        
                      (../MS Extended BA):03248         ; ABS                          
23F7 0F54             (../MS Extended BA):03249         ABS       CLR  FP0SGN         FORCE MANTISSA SIGN OF FPA0 POSITIVE 
23F9 39               (../MS Extended BA):03250                   RTS                  
                      (../MS Extended BA):03251         ; COMPARE A PACKED FLOATING POINT NUMBER POINTED TO                      
                      (../MS Extended BA):03252         ; BY (X) TO AN UNPACKED FP NUMBER IN FPA0. RETURN                      
                      (../MS Extended BA):03253         ; ZERO FLAG SET AND ACCB = 0, IF EQUAL; ACCB = 1 IF                      
                      (../MS Extended BA):03254         ; FPA0 > (X); ACCB = $FF IF FPA0 < (X)                      
23FA E684             (../MS Extended BA):03255         LBC96     LDB  ,X             CHECK EXPONENT OF (X) 
23FC 27D3             (../MS Extended BA):03256                   BEQ  LBC6D          BRANCH IF FPA = 0 
23FE E601             (../MS Extended BA):03257                   LDB  1,X            GET MS BYTE OF MANTISSA OF (X) 
2400 D854             (../MS Extended BA):03258                   EORB FP0SGN         EOR WITH SIGN OF FPA0 
2402 2BD1             (../MS Extended BA):03259                   BMI  LBC71          BRANCH IF SIGNS NOT = 
                      (../MS Extended BA):03260         ; COMPARE FPA0 WITH FP NUMBER POINTED TO BY (X).                      
                      (../MS Extended BA):03261         ; FPA0 IS NORMALIZED, (X) IS PACKED.                      
2404 D64F             (../MS Extended BA):03262         LBCA0     LDB  FP0EXP         * GET EXPONENT OF 
2406 E184             (../MS Extended BA):03263                   CMPB ,X             * FPA0, COMPARE TO EXPONENT OF 
2408 261D             (../MS Extended BA):03264                   BNE  LBCC3          * (X) AND BRANCH IF <>. 
240A E601             (../MS Extended BA):03265                   LDB  1,X            * GET MS BYTE OF (X), KEEP ONLY 
240C CA7F             (../MS Extended BA):03266                   ORB  #$7F           * THE SIGN BIT - 'AND' THE BOTTOM 7 
240E D450             (../MS Extended BA):03267                   ANDB FPA0           * BITS OF FPA0 INTO ACCB 
2410 E101             (../MS Extended BA):03268                   CMPB 1,X            = COMPARE THE BOTTOM 7 BITS OF THE MANTISSA 
2412 2613             (../MS Extended BA):03269                   BNE  LBCC3          = MS BYTE AND BRANCH IF <> 
2414 D651             (../MS Extended BA):03270                   LDB  FPA0+1         * COMPARE 2ND BYTE 
2416 E102             (../MS Extended BA):03271                   CMPB 2,X            * OF MANTISSA, 
2418 260D             (../MS Extended BA):03272                   BNE  LBCC3          * BRANCH IF <> 
241A D652             (../MS Extended BA):03273                   LDB  FPA0+2         = COMPARE 3RD BYTE 
241C E103             (../MS Extended BA):03274                   CMPB 3,X            = OF MANTISSA, 
241E 2607             (../MS Extended BA):03275                   BNE  LBCC3          = BRANCH IF <> 
2420 D653             (../MS Extended BA):03276                   LDB  FPA0+3         * SUBTRACT LS BYTE 
2422 E004             (../MS Extended BA):03277                   SUBB 4,X            * OF (X) FROM LS BYTE OF 
2424 2601             (../MS Extended BA):03278                   BNE  LBCC3          * FPA0, BRANCH IF <> 
2426 39               (../MS Extended BA):03279                   RTS                 RETURN IF FP (X) = FPA0 
2427 56               (../MS Extended BA):03280         LBCC3     RORB                SHIFT CARRY TO BIT 7; CARRY SET IF FPA0 < (X) 
2428 D854             (../MS Extended BA):03281                   EORB FP0SGN         TOGGLE SIZE COMPARISON BIT IF FPA0 IS NEGATIVE 
242A 20AB             (../MS Extended BA):03282                   BRA  LBC73          GO SET ACCB ACCORDING TO COMPARISON 
                      (../MS Extended BA):03283         ; DE-NORMALIZE FPA0 : SHIFT THE MANTISSA UNTIL THE BINARY POINT IS TO THE RIGHT                      
                      (../MS Extended BA):03284         ; OF THE LEAST SIGNIFICANT BYTE OF THE MANTISSA                      
242C D64F             (../MS Extended BA):03285         LBCC8     LDB  FP0EXP         GET EXPONENT OF FPA0 
242E 273D             (../MS Extended BA):03286                   BEQ  LBD09          ZERO MANTISSA IF FPA0 = 0 
2430 C0A0             (../MS Extended BA):03287                   SUBB #$A0           SUBTRACT $A0 FROM FPA0 EXPONENT T THIS WILL YIELD 
                      (../MS Extended BA):03288         ;                             THE NUMBER OF SHIFTS REQUIRED TO DENORMALIZE FPA0. WHEN 
                      (../MS Extended BA):03289         ;                             THE EXPONENT OF FPA0 IS = ZERO, THEN THE BINARY POINT 
                      (../MS Extended BA):03290         ;                             WILL BE TO THE RIGHT OF THE MANTISSA 
2432 9654             (../MS Extended BA):03291                   LDA  FP0SGN         TEST SIGN OF FPA0 MANTISSA 
2434 2A05             (../MS Extended BA):03292                   BPL  LBCD7          BRANCH IF POSITIVE 
2436 035B             (../MS Extended BA):03293                   COM  FPCARY         COMPLEMENT CARRY IN BYTE 
2438 BD21DF           (../MS Extended BA):03294                   JSR  LBA7B          NEGATE MANTISSA OF FPA0 
243B 8E404F           (../MS Extended BA):03295         LBCD7     LDX  #FP0EXP        POINT X TO FPA0 
243E C1F8             (../MS Extended BA):03296                   CMPB #-8            EXPONENT DIFFERENCE < -8? 
2440 2E06             (../MS Extended BA):03297                   BGT  LBCE4          YES 
2442 BD2212           (../MS Extended BA):03298                   JSR  LBAAE          SHIFT FPA0 RIGHT UNTIL FPA0 EXPONENT = $A0 
2445 0F5B             (../MS Extended BA):03299                   CLR  FPCARY         CLEAR CARRY IN BYTE 
2447 39               (../MS Extended BA):03300                   RTS                  
2448 0F5B             (../MS Extended BA):03301         LBCE4     CLR  FPCARY         CLEAR CARRY IN BYTE 
244A 9654             (../MS Extended BA):03302                   LDA  FP0SGN         * GET SIGN OF FPA0 MANTISSA 
244C 49               (../MS Extended BA):03303                   ROLA                * ROTATE IT INTO THE CARRY FLAG 
244D 0650             (../MS Extended BA):03304                   ROR  FPA0           ROTATE CARRY (MANTISSA SIGN) INTO BIT 7 
                      (../MS Extended BA):03305         ;                             OF LS BYTE OF MANTISSA 
244F 7E221E           (../MS Extended BA):03306                   JMP  LBABA          DE-NORMALIZE FPA0 
                      (../MS Extended BA):03307                                        
                      (../MS Extended BA):03308         ; INT                          
                      (../MS Extended BA):03309         ; THE INT STATEMENT WILL "DENORMALIZE" FPA0 - THAT IS IT WILL SHIFT THE BINARY POINT                      
                      (../MS Extended BA):03310         ; TO THE EXTREME RIGHT OF THE MANTISSA TO FORCE ITS EXPONENT TO BE $AO. ONCE                      
                      (../MS Extended BA):03311         ; THIS IS DONE THE MANTISSA OF FPA0 WILL CONTAIN THE FOUR LEAST SIGNIFICANT                      
                      (../MS Extended BA):03312         ; BYTES OF THE INTEGER PORTION OF FPA0. AT THE CONCLUSION OF THE DE-NORMALIZATION                      
                      (../MS Extended BA):03313         ; ONLY THE INTEGER PORTION OF FPA0 WILL REMAIN.                      
                      (../MS Extended BA):03314         ;                              
2452 D64F             (../MS Extended BA):03315         INT       LDB  FP0EXP         GET EXPONENT OF FPA0 
2454 C1A0             (../MS Extended BA):03316                   CMPB #$A0           LARGEST POSSIBLE INTEGER EXPONENT 
2456 241D             (../MS Extended BA):03317                   BCC  LBD11          RETURN IF FPA0 >= 32768 
2458 8DD2             (../MS Extended BA):03318                   BSR  LBCC8          SHIFT THE BINARY POINT ONE TO THE RIGHT OF THE 
                      (../MS Extended BA):03319         ;                             LS BYTE OF THE FPA0 MANTISSA 
245A D763             (../MS Extended BA):03320                   STB  FPSBYT         ACCB = 0: ZERO OUT THE SUB BYTE 
245C 9654             (../MS Extended BA):03321                   LDA  FP0SGN         GET MANTISSA SIGN 
245E D754             (../MS Extended BA):03322                   STB  FP0SGN         FORCE MANTISSA SIGN TO BE POSITIVE 
2460 8080             (../MS Extended BA):03323                   SUBA #$80           SET CARRY IF MANTISSA 
2462 86A0             (../MS Extended BA):03324                   LDA  #$A0           * GET DENORMALIZED EXPONENT AND 
2464 974F             (../MS Extended BA):03325                   STA  FP0EXP         * SAVE IT IN FPA0 EXPONENT 
2466 9653             (../MS Extended BA):03326                   LDA  FPA0+3         = GET LS BYTE OF FPA0 AND 
2468 9701             (../MS Extended BA):03327                   STA  CHARAC         = SAVE IT IN CHARAC 
246A 7E217C           (../MS Extended BA):03328                   JMP  LBA18          NORMALIZE FPA0 
                      (../MS Extended BA):03329                                        
246D D750             (../MS Extended BA):03330         LBD09     STB  FPA0           * LOAD MANTISSA OF FPA0 WITH CONTENTS OF ACCB 
246F D751             (../MS Extended BA):03331                   STB  FPA0+1         * 
2471 D752             (../MS Extended BA):03332                   STB  FPA0+2         * 
2473 D753             (../MS Extended BA):03333                   STB  FPA0+3         * 
2475 39               (../MS Extended BA):03334         LBD11     RTS                 * 
                      (../MS Extended BA):03335                                        
                      (../MS Extended BA):03336         ; CONVERT ASCII STRING TO FLOATING POINT                      
2476 9E74             (../MS Extended BA):03337         LBD12     LDX  ZERO           (X) = 0 
2478 9F54             (../MS Extended BA):03338                   STX  FP0SGN         * ZERO OUT FPA0 & THE SIGN FLAG (COEFCT) 
247A 9F4F             (../MS Extended BA):03339                   STX  FP0EXP         * 
247C 9F51             (../MS Extended BA):03340                   STX  FPA0+1         * 
247E 9F52             (../MS Extended BA):03341                   STX  FPA0+2         * 
2480 9F47             (../MS Extended BA):03342                   STX  V47            INITIALIZE EXPONENT & EXPONENT SIGN FLAG TO ZERO 
2482 9F45             (../MS Extended BA):03343                   STX  V45            INITIALIZE RIGHT DECIMAL CTR & DECIMAL PT FLAG TO 0 
2484 2564             (../MS Extended BA):03344                   BCS  LBD86          IF CARRY SET (NUMERIC CHARACTER), ASSUME ACCA CONTAINS FIRST 
                      (../MS Extended BA):03345         ;         NUMERIC CHAR, SIGN IS POSITIVE AND SKIP THE RAM HOOK  
2486 BD2BB3           (../MS Extended BA):03346                   JSR  XVEC19         CALL EXTENDED BASIC ADD-IN 
2489 812D             (../MS Extended BA):03347         LBD25     CMPA #'-            * CHECK FOR A LEADING MINUS SIGN AND BRANCH 
248B 2604             (../MS Extended BA):03348                   BNE  LBD2D          * IF NO MINUS SIGN 
248D 0355             (../MS Extended BA):03349                   COM  COEFCT         TOGGLE SIGN; 0 = +; FF = - 
248F 2004             (../MS Extended BA):03350                   BRA  LBD31          INTERPRET THE REST OF THE STRING 
2491 812B             (../MS Extended BA):03351         LBD2D     CMPA #'+            * CHECK FOR LEADING PLUS SlGN AND BRANCH 
2493 2604             (../MS Extended BA):03352                   BNE  LBD35          * IF NOT A PLUS SIGN 
2495 9D7C             (../MS Extended BA):03353         LBD31     JSR  GETNCH         GET NEXT INPUT CHARACTER FROM BASIC 
2497 2551             (../MS Extended BA):03354                   BCS  LBD86          BRANCH IF NUMERIC CHARACTER 
2499 812E             (../MS Extended BA):03355         LBD35     CMPA #'.            DECIMAL POlNT? 
249B 2728             (../MS Extended BA):03356                   BEQ  LBD61          YES 
249D 8145             (../MS Extended BA):03357                   CMPA #'E            "E" SHORTHAND FORM (SCIENTIFIC NOTATION)? 
249F 2628             (../MS Extended BA):03358                   BNE  LBD65          NO 
                      (../MS Extended BA):03359         ; EVALUATE EXPONENT OF EXPONENTIAL FORMAT                      
24A1 9D7C             (../MS Extended BA):03360                   JSR  GETNCH         GET NEXT INPUT CHARACTER FROM BASIC 
24A3 2564             (../MS Extended BA):03361                   BCS  LBDA5          BRANCH IF NUMERIC 
24A5 81A7             (../MS Extended BA):03362                   CMPA #TOK_MINUS     MINUS TOKEN? 
24A7 270E             (../MS Extended BA):03363                   BEQ  LBD53          YES 
24A9 812D             (../MS Extended BA):03364                   CMPA #'-            ASCII MINUS? 
24AB 270A             (../MS Extended BA):03365                   BEQ  LBD53          YES 
24AD 81A6             (../MS Extended BA):03366                   CMPA #TOK_PLUS      PLUS TOKEN? 
24AF 2708             (../MS Extended BA):03367                   BEQ  LBD55          YES 
24B1 812B             (../MS Extended BA):03368                   CMPA #'+            ASCII PLUS? 
24B3 2704             (../MS Extended BA):03369                   BEQ  LBD55          YES 
24B5 2006             (../MS Extended BA):03370                   BRA  LBD59          BRANCH IF NO SIGN FOUND 
24B7 0348             (../MS Extended BA):03371         LBD53     COM  V48            SET EXPONENT SIGN FLAG TO NEGATIVE 
                      (../MS Extended BA):03372         ; STRIP A DECIMAL NUMBER FROM BASIC LINE, CONVERT IT TO BINARY IN V47                      
24B9 9D7C             (../MS Extended BA):03373         LBD55     JSR  GETNCH         GET NEXT INPUT CHARACTER FROM BASIC 
24BB 254C             (../MS Extended BA):03374                   BCS  LBDA5          IF NUMERIC CHARACTER, CONVERT TO BINARY 
24BD 0D48             (../MS Extended BA):03375         LBD59     TST  V48            * CHECK EXPONENT SIGN FLAG 
24BF 2708             (../MS Extended BA):03376                   BEQ  LBD65          * AND BRANCH IF POSITIVE 
24C1 0047             (../MS Extended BA):03377                   NEG  V47            NEGATE VALUE OF EXPONENT 
24C3 2004             (../MS Extended BA):03378                   BRA  LBD65           
24C5 0346             (../MS Extended BA):03379         LBD61     COM  V46            *TOGGLE DECIMAL PT FLAG AND INTERPRET ANOTHER 
24C7 26CC             (../MS Extended BA):03380                   BNE  LBD31          *CHARACTER IF <> 0 - TERMINATE INTERPRETATION 
                      (../MS Extended BA):03381         ;         IF   SECOND DECIMAL POINT  
                      (../MS Extended BA):03382         ; ADJUST FPA0 FOR THE DECIMAL EXPONENT IN V47                      
24C9 9647             (../MS Extended BA):03383         LBD65     LDA  V47            * GET EXPONENT, SUBTRACT THE NUMBER OF 
24CB 9045             (../MS Extended BA):03384                   SUBA V45            * PLACES TO THE RIGHT OF DECIMAL POINT 
24CD 9747             (../MS Extended BA):03385                   STA  V47            * AND RESAVE IT. 
24CF 2712             (../MS Extended BA):03386                   BEQ  LBD7F          EXIT ROUTINE IF ADJUSTED EXPONENT = ZERO 
24D1 2A09             (../MS Extended BA):03387                   BPL  LBD78          BRANCH IF POSITIVE EXPONENT 
24D3 BD22E6           (../MS Extended BA):03388         LBD6F     JSR  LBB82          DIVIDE FPA0 BY 10 
24D6 0C47             (../MS Extended BA):03389                   INC  V47            INCREMENT EXPONENT COUNTER (MULTIPLY BY 10) 
24D8 26F9             (../MS Extended BA):03390                   BNE  LBD6F          KEEP MULTIPLYING 
24DA 2007             (../MS Extended BA):03391                   BRA  LBD7F          EXIT ROUTINE 
24DC BD22CE           (../MS Extended BA):03392         LBD78     JSR  LBB6A          MULTIPLY FPA0 BY 10 
24DF 0A47             (../MS Extended BA):03393                   DEC  V47            DECREMENT EXPONENT COUNTER (DIVIDE BY 10) 
24E1 26F9             (../MS Extended BA):03394                   BNE  LBD78          KEEP MULTIPLYING 
24E3 9655             (../MS Extended BA):03395         LBD7F     LDA  COEFCT         GET THE SIGN FLAG 
24E5 2A8E             (../MS Extended BA):03396                   BPL  LBD11          RETURN IF POSITIVE 
24E7 7E264D           (../MS Extended BA):03397                   JMP  LBEE9          TOGGLE MANTISSA SIGN OF FPA0, IF NEGATIVE 
                      (../MS Extended BA):03398         ;MULTIPLY FPA0 BY TEN AND ADD ACCA TO THE RESULT                      
24EA D645             (../MS Extended BA):03399         LBD86     LDB  V45            *GET THE RIGHT DECIMAL COUNTER AND SUBTRACT 
24EC D046             (../MS Extended BA):03400                   SUBB V46            *THE DECIMAL POINT FLAG FROM IT. IF DECIMAL POINT 
24EE D745             (../MS Extended BA):03401                   STB  V45            *FLAG=0, NOTHING HAPPENS. IF DECIMAL POINT FLAG IS 
                      (../MS Extended BA):03402         ;                             -1, THEN RIGHT DECIMAL COUNTER IS INCREMENTED BY ONE 
24F0 3402             (../MS Extended BA):03403                   PSHS A              SAVE NEW DIGIT ON STACK 
24F2 BD22CE           (../MS Extended BA):03404                   JSR  LBB6A          MULTIPLY FPA0 BY 10 
24F5 3504             (../MS Extended BA):03405                   PULS B              GET NEW DIGIT BACK 
24F7 C030             (../MS Extended BA):03406                   SUBB #'0            MASK OFF ASCII 
24F9 8D02             (../MS Extended BA):03407                   BSR  LBD99          ADD ACCB TO FPA0 
24FB 2098             (../MS Extended BA):03408                   BRA  LBD31          GET ANOTHER CHARACTER FROM BASIC 
24FD BD2393           (../MS Extended BA):03409         LBD99     JSR  LBC2F          PACK FPA0 AND SAVE IT IN FPA3 
2500 BD23E0           (../MS Extended BA):03410                   JSR  LBC7C          CONVERT ACCB TO FP NUMBER IN FPA0 
2503 8E4040           (../MS Extended BA):03411                   LDX  #V40           * ADD FPA0 TO 
2506 7E2126           (../MS Extended BA):03412                   JMP  LB9C2          * FPA3 
                      (../MS Extended BA):03413                                        
                      (../MS Extended BA):03414                                        
2509 D647             (../MS Extended BA):03415         LBDA5     LDB  V47             
250B 58               (../MS Extended BA):03416                   ASLB                TIMES 2 
250C 58               (../MS Extended BA):03417                   ASLB                TIMES 4 
250D DB47             (../MS Extended BA):03418                   ADDB V47            ADD 1 = TIMES 5 
250F 58               (../MS Extended BA):03419                   ASLB                TIMES 10 
2510 8030             (../MS Extended BA):03420                   SUBA #'0            *MASK OFF ASCII FROM ACCA, PUSH 
2512 3404             (../MS Extended BA):03421                   PSHS B              *RESULT ONTO THE STACK AND 
2514 ABE0             (../MS Extended BA):03422                   ADDA ,S+            ADD lT TO ACCB 
2516 9747             (../MS Extended BA):03423                   STA  V47            SAVE IN V47 
2518 209F             (../MS Extended BA):03424                   BRA  LBD55          INTERPRET ANOTHER CHARACTER 
                      (../MS Extended BA):03425         ;                              
251A 9B3EBC1FFD       (../MS Extended BA):03426         LBDB6     FCB  $9B,$3E,$BC,$1F,$FD * 99999999.9 
251F 9E6E6B27FD       (../MS Extended BA):03427         LBDBB     FCB  $9E,$6E,$6B,$27,$FD * 999999999 
2524 9E6E6B2800       (../MS Extended BA):03428         LBDC0     FCB  $9E,$6E,$6B,$28,$00 * 1E + 09 
                      (../MS Extended BA):03429         ;                              
2529 8E13BF           (../MS Extended BA):03430         LBDC5     LDX  #LABE8-1       POINT X TO " IN " MESSAGE 
252C 8D0C             (../MS Extended BA):03431                   BSR  LBDD6          COPY A STRING FROM (X) TO CONSOLE OUT 
252E DC68             (../MS Extended BA):03432                   LDD  CURLIN         GET CURRENT BASIC LINE NUMBER TO ACCD 
                      (../MS Extended BA):03433         ; CONVERT VALUE IN ACCD INTO A DECIMAL NUMBER                      
                      (../MS Extended BA):03434         ; AND PRINT IT TO CONSOLE OUT                      
2530 DD50             (../MS Extended BA):03435         LBDCC     STD  FPA0           SAVE ACCD IN TOP HALF OF FPA0 
2532 C690             (../MS Extended BA):03436                   LDB  #$90           REQ’D EXPONENT IF TOP HALF OF ACCD = INTEGER 
2534 43               (../MS Extended BA):03437                   COMA                SET CARRY FLAG - FORCE POSITIVE MANTISSA 
2535 BD23EA           (../MS Extended BA):03438                   JSR  LBC86          ZERO BOTTOM HALF AND SIGN OF FPA0, THEN 
                      (../MS Extended BA):03439         ;         SAVE EXPONENT AND NORMALIZE IT  
2538 8D03             (../MS Extended BA):03440                   BSR  LBDD9          CONVERT FP NUMBER TO ASCII STRING 
253A 7E2100           (../MS Extended BA):03441         LBDD6     JMP  LB99C          COPY A STRING FROM (X) TO CONSOLE OUT 
                      (../MS Extended BA):03442                                        
                      (../MS Extended BA):03443         ; CONVERT FP NUMBER TO ASCII STRING                      
253D CE41DF           (../MS Extended BA):03444         LBDD9     LDU  #STRBUF+3      POINT U TO BUFFER WHICH WILL NOT CAUSE 
                      (../MS Extended BA):03445         ;                             THE STRING TO BE STORED IN STRING SPACE 
2540 8620             (../MS Extended BA):03446         LBDDC     LDA  #SPACE         SPACE = DEFAULT SIGN FOR POSITIVE # 
2542 D654             (../MS Extended BA):03447                   LDB  FP0SGN         GET SIGN OF FPA0 
2544 2A02             (../MS Extended BA):03448                   BPL  LBDE4          BRANCH IF POSITIVE 
2546 862D             (../MS Extended BA):03449                   LDA  #'-            ASCII MINUS SIGN 
2548 A7C0             (../MS Extended BA):03450         LBDE4     STA  ,U+            STORE SIGN OF NUMBER 
254A DF64             (../MS Extended BA):03451                   STU  COEFPT         SAVE BUFFER POINTER 
254C 9754             (../MS Extended BA):03452                   STA  FP0SGN         SAVE SIGN (IN ASCII) 
254E 8630             (../MS Extended BA):03453                   LDA  #'0            ASCII ZERO IF EXPONENT = 0 
2550 D64F             (../MS Extended BA):03454                   LDB  FP0EXP         GET FPA0 EXPONENT 
2552 102700C6         (../MS Extended BA):03455                   LBEQ LBEB8          BRANCH IF FPA0 = 0 
2556 4F               (../MS Extended BA):03456                   CLRA                BASE 10 EXPONENT=0 FOR FP NUMBER > 1 
2557 C180             (../MS Extended BA):03457                   CMPB #$80           CHECK EXPONENT 
2559 2208             (../MS Extended BA):03458                   BHI  LBDFF          BRANCH IF FP NUMBER > 1 
                      (../MS Extended BA):03459         ; IF FPA0 < 1.0, MULTIPLY IT BY 1E+09 TO SPEED UP THE CONVERSION PROCESS                      
255B 8E2524           (../MS Extended BA):03460                   LDX  #LBDC0         POINT X TO FP 1E+09 
255E BD222E           (../MS Extended BA):03461                   JSR  LBACA          MULTIPLY FPA0 BY (X) 
2561 86F7             (../MS Extended BA):03462                   LDA  #-9            BASE 10 EXPONENT = -9 
2563 9745             (../MS Extended BA):03463         LBDFF     STA  V45            BASE 10 EXPONENT 
                      (../MS Extended BA):03464         ; PSEUDO - NORMALIZE THE FP NUMBER TO A VALUE IN THE RANGE                      
                      (../MS Extended BA):03465         ; OF 999,999,999 RO 99,999,999.9 - THIS IS THE LARGEST                      
                      (../MS Extended BA):03466         ; NUMBER RANGE IN WHICH ALL OF THE DIGITS ARE                      
                      (../MS Extended BA):03467         ; SIGNIFICANT WHICH CAN BE DISPLAYED WITHOUT USING                      
                      (../MS Extended BA):03468         ; SCIENTIFIC NOTATION                      
2565 8E251F           (../MS Extended BA):03469         LBE01     LDX  #LBDBB         POINT X TO FP 999,999,999 
2568 BD2404           (../MS Extended BA):03470                   JSR  LBCA0          COMPARE FPA0 TO 999,999,999 
256B 2E0F             (../MS Extended BA):03471                   BGT  LBE18          BRANCH IF > 999,999,999 
256D 8E251A           (../MS Extended BA):03472         LBE09     LDX  #LBDB6         POINT X TO FP 99,999,999.9 
2570 BD2404           (../MS Extended BA):03473                   JSR  LBCA0          COMPARE FPA0 TO 99,999,999.9 
2573 2E0E             (../MS Extended BA):03474                   BGT  LBE1F          BRANCH IF > 99,999,999.9 (IN RANGE) 
2575 BD22CE           (../MS Extended BA):03475                   JSR  LBB6A          MULTIPLY FPA0 BY 10 
2578 0A45             (../MS Extended BA):03476                   DEC  V45            SUBTRACT ONE FROM DECIMAL OFFSET 
257A 20F1             (../MS Extended BA):03477                   BRA  LBE09          PSEUDO - NORMALIZE SOME MORE 
257C BD22E6           (../MS Extended BA):03478         LBE18     JSR  LBB82          DIVIDE FPA0 BY 10 
257F 0C45             (../MS Extended BA):03479                   INC  V45            ADD ONE TO BASE 10 EXPONENT 
2581 20E2             (../MS Extended BA):03480                   BRA  LBE01          PSEUDO - NORMALIZE SOME MORE 
2583 BD2118           (../MS Extended BA):03481         LBE1F     JSR  LB9B4          ADD .5 TO FPA0 (ROUND OFF) 
2586 BD242C           (../MS Extended BA):03482                   JSR  LBCC8          CONVERT FPA0 TO AN INTEGER 
2589 C601             (../MS Extended BA):03483                   LDB  #1             DEFAULT DECIMAL POINT FLAG (FORCE IMMED DECIMAL PT) 
258B 9645             (../MS Extended BA):03484                   LDA  V45            * GET BASE 10 EXPONENT AND ADD TEN TO IT 
258D 8B0A             (../MS Extended BA):03485                   ADDA #9+1           * (NUMBER ‘NORMALIZED’ TO 9 PLACES & DECIMAL PT) 
258F 2B09             (../MS Extended BA):03486                   BMI  LBE36          BRANCH IF NUMBER < 1.0 
2591 810B             (../MS Extended BA):03487                   CMPA #9+2           NINE PLACES MAY BE DISPLAYED WITHOUT 
                      (../MS Extended BA):03488         ;         USING SCIENTIFIC NOTATION  
2593 2405             (../MS Extended BA):03489                   BCC  LBE36          BRANCH IF SCIENTIFIC NOTATION REQUIRED 
2595 4A               (../MS Extended BA):03490                   DECA                * SUBTRACT 1 FROM MODIFIED BASE 10 EXPONENT CTR 
2596 1F89             (../MS Extended BA):03491                   TFR  A,B            * AND SAVE IT IN ACCB (DECiMAL POINT FLAG) 
2598 8602             (../MS Extended BA):03492                   LDA  #2             FORCE EXPONENT = 0 - DON'T USE SCIENTIFIC NOTATION 
259A 4A               (../MS Extended BA):03493         LBE36     DECA                * SUBTRACT TWO (WITHOUT AFFECTING CARRY) 
259B 4A               (../MS Extended BA):03494                   DECA                * FROM BASE 10 EXPONENT 
259C 9747             (../MS Extended BA):03495                   STA  V47            SAVE EXPONENT - ZERO EXPONENT = DO NOT DISPLAY 
                      (../MS Extended BA):03496         ;         IN   SCIENTIFIC NOTATION  
259E D745             (../MS Extended BA):03497                   STB  V45            DECIMAL POINT FLAG - NUMBER OF PLACES TO 
                      (../MS Extended BA):03498         ;         LEFT OF DECIMAL POINT  
25A0 2E0D             (../MS Extended BA):03499                   BGT  LBE4B          BRANCH IF >= 1 
25A2 DE64             (../MS Extended BA):03500                   LDU  COEFPT         POINT U TO THE STRING BUFFER 
25A4 862E             (../MS Extended BA):03501                   LDA  #'.            * STORE A PERIOD 
25A6 A7C0             (../MS Extended BA):03502                   STA  ,U+            * IN THE BUFFER 
25A8 5D               (../MS Extended BA):03503                   TSTB CHECK DECIMAL POINT FLAG  
25A9 2704             (../MS Extended BA):03504                   BEQ  LBE4B          BRANCH IF NOTHING TO LEFT OF DECIMAL POINT 
25AB 8630             (../MS Extended BA):03505                   LDA  #'0            * STORE A ZERO 
25AD A7C0             (../MS Extended BA):03506                   STA  ,U+            * IN THE BUFFER 
                      (../MS Extended BA):03507                                        
                      (../MS Extended BA):03508         ; CONVERT FPA0 INTO A STRING OF ASCII DIGITS                      
25AF 8E2629           (../MS Extended BA):03509         LBE4B     LDX  #LBEC5         POINT X TO FP POWER OF 10 MANTISSA 
25B2 C680             (../MS Extended BA):03510                   LDB  #0+$80         INITIALIZE DIGIT COUNTER TO 0+$80 
                      (../MS Extended BA):03511         ; BIT 7 SET IS USED TO INDICATE THAT THE POWER OF 10 MANTISSA                      
                      (../MS Extended BA):03512         ; IS NEGATIVE. WHEN YOU 'ADD' A NEGATIVE MANTISSA, IT IS                      
                      (../MS Extended BA):03513         ; THE SAME AS SUBTRACTING A POSITIVE ONE AND BIT 7 OF ACCB IS HOW                      
                      (../MS Extended BA):03514         ; THE ROUTINE KNOWS THAT A 'SUBTRACTION' IS OCCURING.                      
25B4 9653             (../MS Extended BA):03515         LBE50     LDA  FPA0+3         * ADD MANTISSA LS 
25B6 AB03             (../MS Extended BA):03516                   ADDA 3,X            * BYTE OF FPA0 
25B8 9753             (../MS Extended BA):03517                   STA  FPA0+3         * AND (X) 
25BA 9652             (../MS Extended BA):03518                   LDA  FPA0+2         = ADD MANTISSA 
25BC A902             (../MS Extended BA):03519                   ADCA 2,X            = NUMBER 3 BYTE OF 
25BE 9752             (../MS Extended BA):03520                   STA  FPA0+2         = FPA0 AND (X) 
25C0 9651             (../MS Extended BA):03521                   LDA  FPA0+1         * ADD MANTISSA 
25C2 A901             (../MS Extended BA):03522                   ADCA 1,X            * NUMBER 2 BYTE OF 
25C4 9751             (../MS Extended BA):03523                   STA  FPA0+1         * FPA0 AND (X) 
25C6 9650             (../MS Extended BA):03524                   LDA  FPA0           = ADD MANTISSA 
25C8 A984             (../MS Extended BA):03525                   ADCA ,X             = MS BYTE OF 
25CA 9750             (../MS Extended BA):03526                   STA  FPA0           = FPA0 AND (X) 
25CC 5C               (../MS Extended BA):03527                   INCB                ADD ONE TO DIGIT COUNTER 
25CD 56               (../MS Extended BA):03528                   RORB ROTATE CARRY INTO BIT 7  
25CE 59               (../MS Extended BA):03529                   ROLB                *SET OVERFLOW FLAG AND BRANCH IF CARRY = 1 AND 
25CF 28E3             (../MS Extended BA):03530                   BVC  LBE50          *POSITIVE MANTISSA OR CARRY = 0 AND NEG MANTISSA 
25D1 2403             (../MS Extended BA):03531                   BCC  LBE72          BRANCH IF NEGATIVE MANTISSA 
25D3 C00B             (../MS Extended BA):03532                   SUBB #10+1          * TAKE THE 9’S COMPLEMENT IF 
25D5 50               (../MS Extended BA):03533                   NEGB                * ADDING MANTISSA 
25D6 CB2F             (../MS Extended BA):03534         LBE72     ADDB #'0-1          ADD ASCII OFFSET TO DIGIT 
25D8 3004             (../MS Extended BA):03535                   LEAX 4,X            MOVE TO NEXT POWER OF 10 MANTISSA 
25DA 1F98             (../MS Extended BA):03536                   TFR  B,A            SAVE DIGIT IN ACCA 
25DC 847F             (../MS Extended BA):03537                   ANDA #$7F           MASK OFF BIT 7 (ADD/SUBTRACT FLAG) 
25DE A7C0             (../MS Extended BA):03538                   STA  ,U+            STORE DIGIT IN STRING BUFFER 
25E0 0A45             (../MS Extended BA):03539                   DEC  V45            DECREMENT DECIMAL POINT FLAG 
25E2 2604             (../MS Extended BA):03540                   BNE  LBE84          BRANCH IF NOT TIME FOR DECIMAL POINT 
25E4 862E             (../MS Extended BA):03541                   LDA  #'.            * STORE DECIMAL POINT IN 
25E6 A7C0             (../MS Extended BA):03542                   STA  ,U+            * STRING BUFFER 
25E8 53               (../MS Extended BA):03543         LBE84     COMB                TOGGLE BIT 7 (ADD/SUBTRACT FLAG) 
25E9 C480             (../MS Extended BA):03544                   ANDB #$80           MASK OFF ALL BUT ADD/SUBTRACT FLAG 
25EB 8C264D           (../MS Extended BA):03545                   CMPX #LBEC5+36      COMPARE X TO END OF MANTISSA TABLE 
25EE 26C4             (../MS Extended BA):03546                   BNE  LBE50          BRANCH IF NOT AT END OF TABLE 
                      (../MS Extended BA):03547         ; BLANK TRAILING ZEROS AND STORE EXPONENT IF ANY                      
25F0 A6C2             (../MS Extended BA):03548         LBE8C     LDA  ,-U            GET THE LAST CHARACTER; MOVE POINTER BACK 
25F2 8130             (../MS Extended BA):03549                   CMPA #'0            WAS IT A ZERO? 
25F4 27FA             (../MS Extended BA):03550                   BEQ  LBE8C          IGNORE TRAILING ZEROS IF SO 
25F6 812E             (../MS Extended BA):03551                   CMPA #'.            CHECK FOR DECIMAL POINT 
25F8 2602             (../MS Extended BA):03552                   BNE  LBE98          BRANCH IF NOT DECIMAL POINT 
25FA 335F             (../MS Extended BA):03553                   LEAU -1,U           STEP OVER THE DECIMAL POINT 
25FC 862B             (../MS Extended BA):03554         LBE98     LDA  #'+            ASCII PLUS SIGN 
25FE D647             (../MS Extended BA):03555                   LDB  V47            GET SCIENTIFIC NOTATION EXPONENT 
2600 271C             (../MS Extended BA):03556                   BEQ  LBEBA          BRANCH IF NOT SCIENTIFIC NOTATION 
2602 2A03             (../MS Extended BA):03557                   BPL  LBEA3          BRANCH IF POSITIVE EXPONENT 
2604 862D             (../MS Extended BA):03558                   LDA  #'-            ASCII MINUS SIGN 
2606 50               (../MS Extended BA):03559                   NEGB                NEGATE EXPONENT IF NEGATIVE 
2607 A742             (../MS Extended BA):03560         LBEA3     STA  2,U            STORE EXPONENT SIGN IN STRING 
2609 8645             (../MS Extended BA):03561                   LDA  #'E            * GET ASCII ‘E’ (SCIENTIFIC NOTATION 
260B A741             (../MS Extended BA):03562                   STA  1,U            * FLAG) AND SAVE IT IN THE STRING 
260D 862F             (../MS Extended BA):03563                   LDA  #'0-1          INITIALIZE ACCA TO ASCII ZERO 
                      (../MS Extended BA):03564                                        
                      (../MS Extended BA):03565                                        
260F 4C               (../MS Extended BA):03566         LBEAB     INCA                ADD ONE TO 10’S DIGIT OF EXPONENT 
2610 C00A             (../MS Extended BA):03567                   SUBB #10            SUBTRACT 10 FROM ACCB 
2612 24FB             (../MS Extended BA):03568                   BCC  LBEAB          ADD 1 TO 10’S DIGIT IF NO CARRY 
2614 CB3A             (../MS Extended BA):03569                   ADDB #'9+1          CONVERT UNITS DIGIT TO ASCII 
2616 ED43             (../MS Extended BA):03570                   STD  3,U            SAVE EXPONENT IN STRING 
2618 6F45             (../MS Extended BA):03571                   CLR  5,U            CLEAR LAST BYTE (TERMINATOR) 
261A 2004             (../MS Extended BA):03572                   BRA  LBEBC          GO RESET POINTER 
261C A7C4             (../MS Extended BA):03573         LBEB8     STA  ,U             STORE LAST CHARACTER 
261E 6F41             (../MS Extended BA):03574         LBEBA     CLR  1,U            CLEAR LAST BYTE (TERMINATOR - REQUIRED BY 
                      (../MS Extended BA):03575         ;         PRINT SUBROUTINES)    
2620 8E41DF           (../MS Extended BA):03576         LBEBC     LDX  #STRBUF+3      RESET POINTER TO START OF BUFFER 
2623 39               (../MS Extended BA):03577                   RTS                  
                      (../MS Extended BA):03578         ;                              
2624 8000000000       (../MS Extended BA):03579         LBEC0     FCB  $80,$00,$00,$00,$00 FLOATING POINT .5 
                      (../MS Extended BA):03580         ;                              
                      (../MS Extended BA):03581         ;* TABLE OF UNNORMALIZED POWERS OF 10                      
2629 FA0A1F00         (../MS Extended BA):03582         LBEC5     FCB  $FA,$0A,$1F,$00 -100000000 
262D 00989680         (../MS Extended BA):03583         LBEC9     FCB  $00,$98,$96,$80 10000000 
2631 FFF0BDC0         (../MS Extended BA):03584         LBECD     FCB  $FF,$F0,$BD,$C0 -1000000 
2635 000186A0         (../MS Extended BA):03585         LBED1     FCB  $00,$01,$86,$A0 100000 
2639 FFFFD8F0         (../MS Extended BA):03586         LBED5     FCB  $FF,$FF,$D8,$F0 -10000 
263D 000003E8         (../MS Extended BA):03587         LBED9     FCB  $00,$00,$03,$E8 1000 
2641 FFFFFF9C         (../MS Extended BA):03588         LBEDD     FCB  $FF,$FF,$FF,$9C -100 
2645 0000000A         (../MS Extended BA):03589         LBEE1     FCB  $00,$00,$00,$0A 10 
2649 FFFFFFFF         (../MS Extended BA):03590         LBEE5     FCB  $FF,$FF,$FF,$FF -1 
                      (../MS Extended BA):03591         ;                              
                      (../MS Extended BA):03592         ;                              
264D 964F             (../MS Extended BA):03593         LBEE9     LDA  FP0EXP         GET EXPONENT OF FPA0 
264F 2702             (../MS Extended BA):03594                   BEQ  LBEEF          BRANCH IF FPA0 = 0 
2651 0354             (../MS Extended BA):03595                   COM  FP0SGN         TOGGLE MANTISSA SIGN OF FPA0 
2653 39               (../MS Extended BA):03596         LBEEF     RTS                  
                      (../MS Extended BA):03597         ; EXPAND A POLYNOMIAL OF THE FORM                      
                      (../MS Extended BA):03598         ; AQ+BQ**3+CQ**5+DQ**7.... WHERE Q = FPA0                      
                      (../MS Extended BA):03599         ; AND THE X REGISTER POINTS TO A TABLE OF                      
                      (../MS Extended BA):03600         ; COEFFICIENTS A,B,C,D....                      
2654 9F64             (../MS Extended BA):03601         LBEF0     STX  COEFPT         SAVE COEFFICIENT TABLE POINTER 
2656 BD2393           (../MS Extended BA):03602                   JSR  LBC2F          MOVE FPA0 TO FPA3 
2659 8D05             (../MS Extended BA):03603                   BSR  LBEFC          MULTIPLY FPA3 BY FPA0 
265B 8D08             (../MS Extended BA):03604                   BSR  LBF01          EXPAND POLYNOMIAL 
265D 8E4040           (../MS Extended BA):03605                   LDX  #V40           POINT X TO FPA3 
2660 7E222E           (../MS Extended BA):03606         LBEFC     JMP  LBACA          MULTIPLY (X) BY FPA0 
                      (../MS Extended BA):03607                                        
                      (../MS Extended BA):03608         ; CALCULATE THE VALUE OF AN EXPANDED POLYNOMIAL                      
                      (../MS Extended BA):03609         ; EXPRESSION. ENTER WITH (X) POINTING TO A TABLE                      
                      (../MS Extended BA):03610         ; OF COEFFICIENTS, THE FIRST BYTE OF WHICH IS THE                      
                      (../MS Extended BA):03611         ; NUMBER OF (COEFFICIENTS-1) FOLLOWED BY THAT NUMBER                      
                      (../MS Extended BA):03612         ; OF PACKED FLOATING POINT NUMBERS. THE                      
                      (../MS Extended BA):03613         ; POLYNOMIAL IS EVALUATED AS FOLLOWS: VALUE =                      
                      (../MS Extended BA):03614         ; (((FPA0*Y0+Y1)*FPA0+Y2)*FPA0…YN)                      
2663 9F64             (../MS Extended BA):03615         LBEFF     STX  COEFPT         SAVE COEFFICIENT TABLE POINTER 
2665 BD238E           (../MS Extended BA):03616         LBF01     JSR  LBC2A          MOVE FPA0 TO FPA4 
2668 9E64             (../MS Extended BA):03617                   LDX  COEFPT         GET THE COEFFICIENT POINTER 
266A E680             (../MS Extended BA):03618                   LDB  ,X+            GET THE TOP OF COEFFICIENT TABLE TO 
266C D755             (../MS Extended BA):03619                   STB  COEFCT         * USE AND STORE IT IN TEMPORARY COUNTER 
266E 9F64             (../MS Extended BA):03620                   STX  COEFPT         SAVE NEW COEFFICIENT POINTER 
2670 8DEE             (../MS Extended BA):03621         LBF0C     BSR  LBEFC          MULTIPLY (X) BY FPA0 
2672 9E64             (../MS Extended BA):03622                   LDX  COEFPT         *GET COEFFICIENT POINTER 
2674 3005             (../MS Extended BA):03623                   LEAX 5,X            *MOVE TO NEXT FP NUMBER 
2676 9F64             (../MS Extended BA):03624                   STX  COEFPT         *SAVE NEW COEFFICIENT POINTER 
2678 BD2126           (../MS Extended BA):03625                   JSR  LB9C2          ADD (X) AND FPA0 
267B 8E4045           (../MS Extended BA):03626                   LDX  #V45           POINT (X) TO FPA4 
267E 0A55             (../MS Extended BA):03627                   DEC  COEFCT         DECREMENT TEMP COUNTER 
2680 26EE             (../MS Extended BA):03628                   BNE  LBF0C          BRANCH IF MORE COEFFICIENTS LEFT 
2682 39               (../MS Extended BA):03629                   RTS                  
                      (../MS Extended BA):03630                                        
                      (../MS Extended BA):03631         ; RND                          
2683 BD23D1           (../MS Extended BA):03632         RND       JSR  LBC6D          TEST FPA0 
2686 2B1F             (../MS Extended BA):03633                   BMI  LBF45          BRANCH IF FPA0 = NEGATIVE 
2688 2715             (../MS Extended BA):03634                   BEQ  LBF3B          BRANCH IF FPA0 = 0 
268A 8D10             (../MS Extended BA):03635                   BSR  LBF38          CONVERT FPA0 TO AN INTEGER 
268C BD2393           (../MS Extended BA):03636                   JSR  LBC2F          PACK FPA0 TO FPA3 
268F 8D0E             (../MS Extended BA):03637                   BSR  LBF3B          GET A RANDOM NUMBER: FPA0 < 1.0 
2691 8E4040           (../MS Extended BA):03638                   LDX  #V40           POINT (X) TO FPA3 
2694 8DCA             (../MS Extended BA):03639                   BSR  LBEFC          MULTIPLY (X) BY FPA0 
2696 8E2229           (../MS Extended BA):03640                   LDX  #LBAC5         POINT (X) TO FP VALUE OF 1.0 
2699 BD2126           (../MS Extended BA):03641                   JSR  LB9C2          ADD 1.0 TO FPA0 
269C 7E2452           (../MS Extended BA):03642         LBF38     JMP  INT            CONVERT FPA0 TO AN INTEGER 
                      (../MS Extended BA):03643         ; CALCULATE A RANDOM NUMBER IN THE RANGE 0.0 < X <= 1.0                      
269F 9E9F             (../MS Extended BA):03644         LBF3B     LDX  RVSEED+1       * MOVE VARIABLE 
26A1 9F50             (../MS Extended BA):03645                   STX  FPA0           * RANDOM NUMBER 
26A3 9EA1             (../MS Extended BA):03646                   LDX  RVSEED+3       * SEED TO 
26A5 9F52             (../MS Extended BA):03647                   STX  FPA0+2         * FPA0 
26A7 BE26D4           (../MS Extended BA):03648         LBF45     LDX  RSEED          = MOVE FIXED 
26AA 9F5D             (../MS Extended BA):03649                   STX  FPA1           = RANDOM NUMBER 
26AC BE26D6           (../MS Extended BA):03650                   LDX  RSEED+2        = SEED TO 
26AF 9F5F             (../MS Extended BA):03651                   STX  FPA1+2         = MANTISSA OF FPA0 
26B1 BD2234           (../MS Extended BA):03652                   JSR  LBAD0          MULTIPLY FPA0 X FPA1 
26B4 DC8A             (../MS Extended BA):03653                   LDD  VAD            GET THE TWO LOWEST ORDER PRODUCT BYTES 
26B6 C3658B           (../MS Extended BA):03654                   ADDD #$658B         ADD A CONSTANT 
26B9 DDA1             (../MS Extended BA):03655                   STD  RVSEED+3       SAVE NEW LOW ORDER VARIABLE RANDOM # SEED 
26BB DD52             (../MS Extended BA):03656                   STD  FPA0+2         SAVE NEW LOW ORDER BYTES OF FPA0 MANTISSA 
26BD DC88             (../MS Extended BA):03657                   LDD  VAB            GET 2 MORE LOW ORDER PRODUCT BYTES 
26BF C9B0             (../MS Extended BA):03658                   ADCB #$B0           ADD A CONSTANT 
26C1 8905             (../MS Extended BA):03659                   ADCA #5             ADD A CONSTANT 
26C3 DD9F             (../MS Extended BA):03660                   STD  RVSEED+1       SAVE NEW HIGH ORDER VARIABLE RANDOM # SEED 
26C5 DD50             (../MS Extended BA):03661                   STD  FPA0           SAVE NEW HIGH ORDER FPA0 MANTISSA 
26C7 0F54             (../MS Extended BA):03662                   CLR  FP0SGN         FORCE FPA0 MANTISSA = POSITIVE 
26C9 8680             (../MS Extended BA):03663                   LDA  #$80           * SET FPA0 BIASED EXPONENT 
26CB 974F             (../MS Extended BA):03664                   STA  FP0EXP         * TO 0 1 < FPA0 < 0 
26CD 9615             (../MS Extended BA):03665                   LDA  FPA2+2         GET A BYTE FROM FPA2 (MORE RANDOMNESS) 
26CF 9763             (../MS Extended BA):03666                   STA  FPSBYT         SAVE AS SUB BYTE 
26D1 7E2180           (../MS Extended BA):03667                   JMP  LBA1C          NORMALIZE FPA0 
                      (../MS Extended BA):03668         ;                              
26D4 40E6             (../MS Extended BA):03669         RSEED     FDB  $40E6          *CONSTANT RANDOM NUMBER GENERATOR SEED 
26D6 4DAB             (../MS Extended BA):03670                   FDB  $4DAB          * 
                      (../MS Extended BA):03671                                        
                      (../MS Extended BA):03672         ; SIN                          
                      (../MS Extended BA):03673         ; THE SIN FUNCTION REQUIRES AN ARGUMENT IN RADIANS AND WILL REPEAT ITSELF EVERY                      
                      (../MS Extended BA):03674         ; 2*PI RADIANS. THE ARGUMENT IS DIVIDED BY 2*PI AND ONLY THE FRACTIONAL PART IS                      
                      (../MS Extended BA):03675         ; RETAINED. SINCE THE ARGUMENT WAS DIVIDED BY 2*P1, THE COEFFICIENTS MUST BE                      
                      (../MS Extended BA):03676         ; MULTIPLIED BY THE APPROPRIATE POWER OF 2*PI.                      
                      (../MS Extended BA):03677                                        
                      (../MS Extended BA):03678         ; SIN IS EVALUATED USING THE TRIGONOMETRIC IDENTITIES BELOW:                      
                      (../MS Extended BA):03679         ; SIN(X)=SIN(PI-X) & -SIN(PI/2-X)=SIN((3*PI)/2+X)                      
26D8 BD23C3           (../MS Extended BA):03680         SIN       JSR  LBC5F          COPY FPA0 TO FPA1 
26DB 8E271D           (../MS Extended BA):03681                   LDX  #LBFBD         POINT (X) TO 2*PI 
26DE D661             (../MS Extended BA):03682                   LDB  FP1SGN         *GET MANTISSA SIGN OF FPA1 
26E0 BD22ED           (../MS Extended BA):03683                   JSR  LBB89          *AND DIVIDE FPA0 BY 2*PI 
26E3 BD23C3           (../MS Extended BA):03684                   JSR  LBC5F          COPY FPA0 TO FPA1 
26E6 8DB4             (../MS Extended BA):03685                   BSR  LBF38          CONVERT FPA0 TO AN INTEGER 
26E8 0F62             (../MS Extended BA):03686                   CLR  RESSGN         SET RESULT SIGN = POSITIVE 
26EA 965C             (../MS Extended BA):03687                   LDA  FP1EXP         *GET EXPONENT OF FPA1 
26EC D64F             (../MS Extended BA):03688                   LDB  FP0EXP         *GET EXPONENT OF FPA0 
26EE BD2120           (../MS Extended BA):03689                   JSR  LB9BC          *SUBTRACT FPA0 FROM FPA1 
                      (../MS Extended BA):03690         ; NOW FPA0 CONTAINS ONLY THE FRACTIONAL PART OF ARGUMENT/2*PI                      
26F1 8E2722           (../MS Extended BA):03691                   LDX  #LBFC2         POINT X TO FP (.25) 
26F4 BD211D           (../MS Extended BA):03692                   JSR  LB9B9          SUBTRACT FPA0 FROM .25 (PI/2) 
26F7 9654             (../MS Extended BA):03693                   LDA  FP0SGN         GET MANTISSA SIGN OF FPA0 
26F9 3402             (../MS Extended BA):03694                   PSHS A              SAVE IT ON STACK 
26FB 2A09             (../MS Extended BA):03695                   BPL  LBFA6          BRANCH IF MANTISSA POSITIVE 
26FD BD2118           (../MS Extended BA):03696                   JSR  LB9B4          ADD .5 (PI) TO FPA0 
2700 9654             (../MS Extended BA):03697                   LDA  FP0SGN         GET SIGN OF FPA0 
2702 2B05             (../MS Extended BA):03698                   BMI  LBFA9          BRANCH IF NEGATIVE 
2704 030A             (../MS Extended BA):03699                   COM  RELFLG         COM IF +(3*PI)/2 >= ARGUMENT >+ PI/2 (QUADRANT FLAG) 
2706 BD264D           (../MS Extended BA):03700         LBFA6     JSR  LBEE9          TOGGLE MANTISSA SIGN OF FPA0 
2709 8E2722           (../MS Extended BA):03701         LBFA9     LDX  #LBFC2         POINT X TO FP (.25) 
270C BD2126           (../MS Extended BA):03702                   JSR  LB9C2          ADD .25 (PI/2) TO FPA0 
270F 3502             (../MS Extended BA):03703                   PULS A              GET OLD MANTISSA SIGN 
2711 4D               (../MS Extended BA):03704                   TSTA                * BRANCH IF OLD 
2712 2A03             (../MS Extended BA):03705                   BPL  LBFB7          * SIGN WAS POSITIVE 
2714 BD264D           (../MS Extended BA):03706                   JSR  LBEE9          TOGGLE MANTISSA SIGN 
2717 8E2727           (../MS Extended BA):03707         LBFB7     LDX  #LBFC7         POINT X TO TABLE OF COEFFICIENTS 
271A 7E2654           (../MS Extended BA):03708                   JMP  LBEF0          GO CALCULATE POLYNOMIAL VALUE 
                      (../MS Extended BA):03709                                        
271D 83490FDAA2       (../MS Extended BA):03710         LBFBD     FCB  $83,$49,$0F,$DA,$A2 6.28318531 (2*PI) 
2722 7F00000000       (../MS Extended BA):03711         LBFC2     FCB  $7F,$00,$00,$00,$00 .25 
                      (../MS Extended BA):03712                                        
                      (../MS Extended BA):03713                                        
2727 05               (../MS Extended BA):03714         LBFC7     FCB  6-1            SIX COEFFICIENTS 
2728 84E61A2D1B       (../MS Extended BA):03715         LBFC8     FCB  $84,$E6,$1A,$2D,$1B * -((2*PI)**11)/11! 
272D 862807FBF8       (../MS Extended BA):03716         LBFCD     FCB  $86,$28,$07,$FB,$F8 * ((2*PI)**9)/9! 
2732 8799688901       (../MS Extended BA):03717         LBFD2     FCB  $87,$99,$68,$89,$01 * -((2*PI)**7)/7! 
2737 872335DFE1       (../MS Extended BA):03718         LBFD7     FCB  $87,$23,$35,$DF,$E1 * ((2*PI)**5)/5! 
273C 86A55DE728       (../MS Extended BA):03719         LBFDC     FCB  $86,$A5,$5D,$E7,$28 * -((2*PI)**3)/3! 
2741 83490FDAA2       (../MS Extended BA):03720         LBFE1     FCB  $83,$49,$0F,$DA,$A2 * 
                      (../MS Extended BA):03721                                        
2746 A154468F13       (../MS Extended BA):03722                   FCB  $A1,$54,$46,$8F,$13 UNUSED GARBAGE BYTES 
274B 8F524389CD       (../MS Extended BA):03723                   FCB  $8F,$52,$43,$89,$CD UNUSED GARBAGE BYTES 
                      (../MS Extended BA):03724         ; EXTENDED BASIC                      
                      (../MS Extended BA):03725                                        
                      (../MS Extended BA):03726         ; COS                          
                      (../MS Extended BA):03727         ; THE VALUE OF COS(X) IS DETERMINED BY THE TRIG IDENTITY COS(X)=SIN((PI/2)+X)                      
2750 8E2783           (../MS Extended BA):03728         COS       LDX  #L83AB         POINT X TO FP CONSTANT (P1/2) 
2753 BD2126           (../MS Extended BA):03729                   JSR  LB9C2          ADD FPA0 TO (X) 
2756 7E26D8           (../MS Extended BA):03730         L837E     JMP  SIN            JUMP TO SIN ROUTINE 
                      (../MS Extended BA):03731                                        
                      (../MS Extended BA):03732         ; TAN                          
                      (../MS Extended BA):03733         ; THE VALUE OF TAN(X) IS DETERMINED BY THE TRIG IDENTITY TAN(X)=SIN(X)/COS(X)                      
2759 BD2393           (../MS Extended BA):03734         TAN       JSR  LBC2F          PACK FPA0 AND MOVE IT TO FPA3 
275C 0F0A             (../MS Extended BA):03735                   CLR  RELFLG         RESET QUADRANT FLAG 
275E 8DF6             (../MS Extended BA):03736                   BSR  L837E          CALCULATE SIN OF ARGUMENT 
2760 8E404A           (../MS Extended BA):03737                   LDX  #V4A           POINT X TO FPA5 
2763 BD2399           (../MS Extended BA):03738                   JSR  LBC35          PACK FPA0 AND MOVE IT TO FPA5 
2766 8E4040           (../MS Extended BA):03739                   LDX  #V40           POINT X TO FPA3 
2769 BD2378           (../MS Extended BA):03740                   JSR  LBC14          MOVE FPA3 TO FPA0 
276C 0F54             (../MS Extended BA):03741                   CLR  FP0SGN         FORCE FPA0 MANTISSA TO BE POSITIVE 
276E 960A             (../MS Extended BA):03742                   LDA  RELFLG         GET THE QUADRANT FLAG - COS NEGATIVE IN QUADS 2,3 
2770 8D0C             (../MS Extended BA):03743                   BSR  L83A6          CALCULATE VALUE OF COS(FPA0) 
2772 0D4F             (../MS Extended BA):03744                   TST  FP0EXP         CHECK EXPONENT OF FPA0 
2774 1027FA7E         (../MS Extended BA):03745                   LBEQ LBA92          ‘OV’ ERROR IF COS(X)=0 
2778 8E404A           (../MS Extended BA):03746                   LDX  #V4A           POINT X TO FPA5 
277B 7E22F3           (../MS Extended BA):03747         L83A3     JMP  LBB8F          DIVIDE (X) BY FPA0 - SIN(X)/COS(X) 
277E 3402             (../MS Extended BA):03748         L83A6     PSHS A              SAVE SIGN FLAG ON STACK 
2780 7E2706           (../MS Extended BA):03749                   JMP  LBFA6          EXPAND POLYNOMIAL 
                      (../MS Extended BA):03750                                        
2783 81490FDAA2       (../MS Extended BA):03751         L83AB     FCB  $81,$49,$0F,$DA,$A2 1.57079633 (PI/2) 
                      (../MS Extended BA):03752                                        
                      (../MS Extended BA):03753         ; ATN                          
                      (../MS Extended BA):03754         ; A 12 TERM TAYLOR SERIES IS USED TO EVALUATE THE                      
                      (../MS Extended BA):03755         ; ARCTAN EXPRESSION. TWO  DIFFERENT FORMULI ARE USED  
                      (../MS Extended BA):03756         ; TO EVALUATE THE EXPRESSION DEPENDING UPON                      
                      (../MS Extended BA):03757         ; WHETHER OR NOT THE ARGUMENT SQUARED IS > OR < 1.0                      
                      (../MS Extended BA):03758                                        
                      (../MS Extended BA):03759         ; IF X**2<1 THEN ATN=X-(X**3)/3+(X**5)/5-(X**7)/7. . .                      
                      (../MS Extended BA):03760         ; IF X**2>=1 THEN ATN=PI/2-(1/X-1/((X**3)*3)+(1/((X**5)*5)-. . .)                      
                      (../MS Extended BA):03761                                        
2788 9654             (../MS Extended BA):03762         ATN       LDA  FP0SGN         * GET THE SIGN OF THE MANTISSA AND 
278A 3402             (../MS Extended BA):03763                   PSHS A              * SAVE IT ON THE STACK 
278C 2A02             (../MS Extended BA):03764                   BPL  L83B8          BRANCH IF POSITIVE MANTISSA 
278E 8D24             (../MS Extended BA):03765                   BSR  L83DC          CHANGE SIGN OF FPA0 
2790 964F             (../MS Extended BA):03766         L83B8     LDA  FP0EXP         * GET EXPONENT OF FPA0 AND 
2792 3402             (../MS Extended BA):03767                   PSHS A              * SAVE IT ON THE STACK 
2794 8181             (../MS Extended BA):03768                   CMPA #$81           IS FPAO < 1.0? 
2796 2505             (../MS Extended BA):03769                   BLO  L83C5          YES 
2798 8E2229           (../MS Extended BA):03770                   LDX  #LBAC5         POINT X TO FP CONSTANT 1.0 
279B 8DDE             (../MS Extended BA):03771                   BSR  L83A3          GET RECIPROCAL OF FPA0 
279D 8E27B8           (../MS Extended BA):03772         L83C5     LDX  #L83E0         POINT (X) TO TAYLOR SERIES COEFFICIENTS 
27A0 BD2654           (../MS Extended BA):03773                   JSR  LBEF0          EXPAND POLYNOMIAL 
27A3 3502             (../MS Extended BA):03774                   PULS A              GET EXPONENT OF ARGUMENT 
27A5 8181             (../MS Extended BA):03775                   CMPA #$81           WAS ARGUMENT < 1.0? 
27A7 2506             (../MS Extended BA):03776                   BLO  L83D7          YES 
27A9 8E2783           (../MS Extended BA):03777                   LDX  #L83AB         POINT (X) TO FP NUMBER (PI/2) 
27AC BD211D           (../MS Extended BA):03778                   JSR  LB9B9          SUBTRACT FPA0 FROM (PI/2) 
27AF 3502             (../MS Extended BA):03779         L83D7     PULS A              * GET SIGN OF INITIAL ARGUMENT MANTISSA 
27B1 4D               (../MS Extended BA):03780                   TSTA                * AND SET FLAGS ACCORDING TO IT 
27B2 2A03             (../MS Extended BA):03781                   BPL  L83DF          RETURN IF ARGUMENT WAS POSITIVE 
27B4 7E264D           (../MS Extended BA):03782         L83DC     JMP  LBEE9          CHANGE MANTISSA SIGN OF FPA0 
27B7 39               (../MS Extended BA):03783         L83DF     RTS                  
                      (../MS Extended BA):03784         ;                              
                      (../MS Extended BA):03785         ; TCHEBYSHEV MODIFIED TAYLOR SERIES COEFFICIENTS FOR ARCTANGENT                      
27B8 0B               (../MS Extended BA):03786         L83E0     FCB  $0B            TWELVE COEFFICIENTS 
27B9 76B383BDD3       (../MS Extended BA):03787         L83E1     FCB  $76,$B3,$83,$BD,$D3 -6.84793912E-04 1/23 
27BE 791EF4A6F5       (../MS Extended BA):03788         L83E6     FCB  $79,$1E,$F4,$A6,$F5 +4.85094216E-03 1/21 
27C3 7B83FCB010       (../MS Extended BA):03789         L83EB     FCB  $7B,$83,$FC,$B0,$10 -0.0161117018 
27C8 7C0C1F67CA       (../MS Extended BA):03790         L83F0     FCB  $7C,$0C,$1F,$67,$CA 0.0342096381 
27CD 7CDE53CBC1       (../MS Extended BA):03791         L83F5     FCB  $7C,$DE,$53,$CB,$C1 -0.0542791328 
27D2 7D1464704C       (../MS Extended BA):03792         L83FA     FCB  $7D,$14,$64,$70,$4C 0.0724571965 
27D7 7DB7EA517A       (../MS Extended BA):03793         L83FF     FCB  $7D,$B7,$EA,$51,$7A -0.0898023954 
27DC 7D6330887E       (../MS Extended BA):03794         L8404     FCB  $7D,$63,$30,$88,$7E 0.110932413 
27E1 7E9244993A       (../MS Extended BA):03795         L8409     FCB  $7E,$92,$44,$99,$3A -0.142839808 
27E6 7E4CCC91C7       (../MS Extended BA):03796         L840E     FCB  $7E,$4C,$CC,$91,$C7 0.199999121 
27EB 7FAAAAAA13       (../MS Extended BA):03797         L8413     FCB  $7F,$AA,$AA,$AA,$13 -0.333333316 
27F0 8100000000       (../MS Extended BA):03798         L8418     FCB  $81,$00,$00,$00,$00 1 
                      (../MS Extended BA):03799         ;                              
                      (../MS Extended BA):03800         ;* TCHEBYSHEV MODIFIED TAYLOR SERIES COEFFICIENTS FOR LN(X)                      
                      (../MS Extended BA):03801         ;                              
27F5 03               (../MS Extended BA):03802         L841D     FCB  3              FOUR COEFFICIENTS 
27F6 7F5E56CB79       (../MS Extended BA):03803         L841E     FCB  $7F,$5E,$56,$CB,$79 0.434255942 
27FB 80139B0B64       (../MS Extended BA):03804         L8423     FCB  $80,$13,$9B,$0B,$64 0.576584541 
2800 8076389316       (../MS Extended BA):03805         L8428     FCB  $80,$76,$38,$93,$16 0.961800759 
2805 8238AA3B20       (../MS Extended BA):03806         L842D     FCB  $82,$38,$AA,$3B,$20 2.88539007 
                      (../MS Extended BA):03807                                        
280A 803504F334       (../MS Extended BA):03808         L8432     FCB  $80,$35,$04,$F3,$34 1/SQR(2) 
                      (../MS Extended BA):03809                                        
280F 813504F334       (../MS Extended BA):03810         L8437     FCB  $81,$35,$04,$F3,$34 SQR(2) 
                      (../MS Extended BA):03811                                        
2814 8080000000       (../MS Extended BA):03812         L843C     FCB  $80,$80,$00,$00,$00 -0.5 
                      (../MS Extended BA):03813                                        
2819 80317217F8       (../MS Extended BA):03814         L8441     FCB  $80,$31,$72,$17,$F8 LN(2) 
                      (../MS Extended BA):03815         ;                              
                      (../MS Extended BA):03816         ; LOG - NATURAL LOGARITHM (LN)                      
                      (../MS Extended BA):03817                                        
                      (../MS Extended BA):03818         ; THE NATURAL OR NAPERIAN LOGARITHM IS CALCULATED USING                      
                      (../MS Extended BA):03819         ; MATHEMATICAL IDENTITIES. FPA0 IS OF THE FORM FPA0=A*(2**B) (SCIENTIFIC                      
                      (../MS Extended BA):03820         ; NOTATION). THEREFORE, THE LOG ROUTINE DETERMINES THE VALUE OF                      
                      (../MS Extended BA):03821         ; LN(A*(2**B)). A SERIES OF MATHEMATICAL IDENTITIES WILL EXPAND THIS                      
                      (../MS Extended BA):03822         ; TERM: LN(A*(2**B))=(-1/2+(1/LN(2))*(LN(A*SQR(2)))+B)*LN(2). ALL OF                      
                      (../MS Extended BA):03823         ; THE TERMS OF THE LATTER EXPRESSION ARE CONSTANTS EXCEPT FOR THE                      
                      (../MS Extended BA):03824         ; LN(A*SQR(2)) TERM WHICH IS EVALUATED USING THE TAYLOR SERIES EXPANSION                      
281E BD23D1           (../MS Extended BA):03825         LOG       JSR  LBC6D          CHECK STATUS OF FPA0 
2821 102FF3C4         (../MS Extended BA):03826                   LBLE LB44A          ‘FC’ ERROR IF NEGATIVE OR ZERO 
2825 8E280A           (../MS Extended BA):03827                   LDX  #L8432         POINT (X) TO FP NUMBER (1/SQR(2)) 
2828 964F             (../MS Extended BA):03828                   LDA  FP0EXP         *GET EXPONENT OF ARGUMENT 
282A 8080             (../MS Extended BA):03829                   SUBA #$80           *SUBTRACT OFF THE BIAS AND 
282C 3402             (../MS Extended BA):03830                   PSHS A              *SAVE IT ON THE STACK 
282E 8680             (../MS Extended BA):03831                   LDA  #$80            
2830 974F             (../MS Extended BA):03832                   STA  FP0EXP          
2832 BD2126           (../MS Extended BA):03833                   JSR  LB9C2          ADD FPA0 TO (X) 
2835 8E280F           (../MS Extended BA):03834                   LDX  #L8437         POINT X TO SQR(2) 
2838 BD22F3           (../MS Extended BA):03835                   JSR  LBB8F          DIVIDE SQR(2) BY FPA0 
283B 8E2229           (../MS Extended BA):03836                   LDX  #LBAC5         POINT X TO FP VALUE OF 1.00 
283E BD211D           (../MS Extended BA):03837                   JSR  LB9B9          SUBTRACT FPA0 FROM (X) 
                      (../MS Extended BA):03838         ;         NOW  FPA0 = (1-SQR(2)*X)/(1+SQR(2)*X) WHERE X IS ARGUMENT  
2841 8E27F5           (../MS Extended BA):03839                   LDX  #L841D         POINT X TO TABLE OF COEFFICIENTS 
2844 BD2654           (../MS Extended BA):03840                   JSR  LBEF0          EXPAND POLYNOMIAL 
2847 8E2814           (../MS Extended BA):03841                   LDX  #L843C         POINT X TO FP VALUE OF (-.5) 
284A BD2126           (../MS Extended BA):03842                   JSR  LB9C2          ADD FPA0 TO X 
284D 3504             (../MS Extended BA):03843                   PULS B              GET EXPONENT OF ARGUMENT BACK (WITHOUT BIAS) 
284F BD24FD           (../MS Extended BA):03844                   JSR  LBD99          ADD ACCB TO FPA0 
2852 8E2819           (../MS Extended BA):03845                   LDX  #L8441         POINT X TO LN(2) 
2855 7E222E           (../MS Extended BA):03846                   JMP  LBACA          MULTIPLY FPA0 * LN(2) 
                      (../MS Extended BA):03847                                        
                      (../MS Extended BA):03848         ; SQR                          
2858 BD23C3           (../MS Extended BA):03849         SQR       JSR  LBC5F          MOVE FPA0 TO FPA1 
285B 8E2624           (../MS Extended BA):03850                   LDX  #LBEC0         POINT (X) TO FP NUMBER (.5) 
285E BD2378           (../MS Extended BA):03851                   JSR  LBC14          COPY A PACKED NUMBER FROM (X) TO FPA0 
                      (../MS Extended BA):03852                                        
                      (../MS Extended BA):03853         ; ARITHMETIC OPERATOR FOR EXPONENTIATION JUMPS                      
                      (../MS Extended BA):03854         ; HERE. THE FORMULA USED TO EVALUATE EXPONENTIATION                      
                      (../MS Extended BA):03855         ; IS A**X=E**(X LN A) = E**(FPA0*LN(FPA1)), E=2.7182818                      
2861 2767             (../MS Extended BA):03856         L8489     BEQ  EXP            DO A NATURAL EXPONENTIATION IF EXPONENT = 0 
2863 4D               (../MS Extended BA):03857                   TSTA                *CHECK VALUE BEING EXPONENTIATED 
2864 2603             (../MS Extended BA):03858                   BNE  L8491          *AND BRANCH IF IT IS <> 0 
2866 7E219E           (../MS Extended BA):03859                   JMP  LBA3A          FPA0=0 IF RAISING ZERO TO A POWER 
2869 8E404A           (../MS Extended BA):03860         L8491     LDX  #V4A           * PACK FPA0 AND SAVE 
286C BD2399           (../MS Extended BA):03861                   JSR  LBC35          * IT IN FPA5 (ARGUMENT’S EXPONENT) 
286F 5F               (../MS Extended BA):03862                   CLRB                ACCB=DEFAULT RESULT SIGN FLAG; 0=POSITIVE 
2870 9661             (../MS Extended BA):03863                   LDA  FP1SGN         *CHECK THE SIGN OF ARGUMENT 
2872 2A10             (../MS Extended BA):03864                   BPL  L84AC          *BRANCH IF POSITIVE 
2874 BD2452           (../MS Extended BA):03865                   JSR  INT            CONVERT EXPONENT INTO AN INTEGER 
2877 8E404A           (../MS Extended BA):03866                   LDX  #V4A           POINT X TO FPA5 (ORIGINAL EXPONENT) 
287A 9661             (../MS Extended BA):03867                   LDA  FP1SGN         GET MANTISSA SIGN OF FPA1 (ARGUMENT) 
287C BD2404           (../MS Extended BA):03868                   JSR  LBCA0          *COMPARE FPA0 TO (X) AND 
287F 2603             (../MS Extended BA):03869                   BNE  L84AC          *BRANCH IF NOT EQUAL 
2881 43               (../MS Extended BA):03870                   COMA                TOGGLE FPA1 MANTISSA SIGN - FORCE POSITIVE 
2882 D601             (../MS Extended BA):03871                   LDB  CHARAC         GET LS BYTE OF INTEGER VALUE OF EXPONENT (RESULT SIGN FLAG) 
2884 BD23B0           (../MS Extended BA):03872         L84AC     JSR  LBC4C          COPY FPA1 TO FPA0; ACCA = MANTISSA SIGN 
2887 3404             (../MS Extended BA):03873                   PSHS B              PUT RESULT SIGN FLAG ON THE STACK 
2889 BD281E           (../MS Extended BA):03874                   JSR  LOG             
288C 8E404A           (../MS Extended BA):03875                   LDX  #V4A           POINT (X) TO FPA5 
288F BD222E           (../MS Extended BA):03876                   JSR  LBACA          MULTIPLY FPA0 BY FPA5 
2892 8D36             (../MS Extended BA):03877                   BSR  EXP            CALCULATE E**(FPA0) 
2894 3502             (../MS Extended BA):03878                   PULS A              * GET RESULT SIGN FLAG FROM THE STACK 
2896 46               (../MS Extended BA):03879                   RORA * AND BRANCH IF NEGATIVE  
2897 1025FDB2         (../MS Extended BA):03880                   LBCS LBEE9          CHANGE SIGN OF FPA0 MANTISSA 
289B 39               (../MS Extended BA):03881                   RTS                  
                      (../MS Extended BA):03882                                        
                      (../MS Extended BA):03883         ; CORRECTION FACTOR FOR EXPONENTIAL FUNCTION                      
289C 8138AA3B29       (../MS Extended BA):03884         L84C4     FCB  $81,$38,$AA,$3B,$29 1.44269504 ( CF ) 
                      (../MS Extended BA):03885         ;                              
                      (../MS Extended BA):03886         ; TCHEBYSHEV MODIFIED TAYLOR SERIES COEFFICIENTS FOR E**X                      
                      (../MS Extended BA):03887         ;                              
28A1 07               (../MS Extended BA):03888         L84C9     FCB  7              EIGHT COEFFICIENTS 
28A2 7134583E56       (../MS Extended BA):03889         L84CA     FCB  $71,$34,$58,$3E,$56 2.14987637E-05: 1/(7!*(CF**7)) 
28A7 74167EB31B       (../MS Extended BA):03890         L84CF     FCB  $74,$16,$7E,$B3,$1B 1.4352314E-04 : 1/(6!*(CF**6)) 
28AC 772FEEE385       (../MS Extended BA):03891         L84D4     FCB  $77,$2F,$EE,$E3,$85 1.34226348E-03: 1/(5!*(CF**5)) 
28B1 7A1D841C2A       (../MS Extended BA):03892         L84D9     FCB  $7A,$1D,$84,$1C,$2A 9.61401701E-03: 1/(4!*(CF**4)) 
28B6 7C6359580A       (../MS Extended BA):03893         L84DE     FCB  $7C,$63,$59,$58,$0A 0.0555051269 
28BB 7E75FDE7C6       (../MS Extended BA):03894         L84E3     FCB  $7E,$75,$FD,$E7,$C6 0.240226385 
28C0 8031721810       (../MS Extended BA):03895         L84E8     FCB  $80,$31,$72,$18,$10 0.693147186 
28C5 8100000000       (../MS Extended BA):03896         L84ED     FCB  $81,$00,$00,$00,$00 1 
                      (../MS Extended BA):03897         ;                              
                      (../MS Extended BA):03898         ; EXP ( E**X)                      
                      (../MS Extended BA):03899         ; THE EXPONENTIAL FUNCTION IS EVALUATED BY FIRST MULTIPLYING THE                      
                      (../MS Extended BA):03900         ; ARGUMENT BY A CORRECTION FACTOR (CF). AFTER THIS IS DONE, AN                      
                      (../MS Extended BA):03901         ; ARGUMENT >= 127 WILL YIELD A ZERO RESULT (NO UNDERFLOW) FOR A                      
                      (../MS Extended BA):03902         ; NEGATIVE ARGUMENT OR AN 'OV' (OVERFLOW) ERROR FOR A POSITIVE                      
                      (../MS Extended BA):03903         ; ARGUMENT. THE POLYNOMIAL COEFFICIENTS ARE MODIFIED TO REFLECT                      
                      (../MS Extended BA):03904         ; THE CF MULTIPLICATION AT THE START OF THE EVALUATION PROCESS.                      
                      (../MS Extended BA):03905                                        
28CA 8E289C           (../MS Extended BA):03906         EXP       LDX  #L84C4         POINT X TO THE CORRECTION FACTOR 
28CD BD222E           (../MS Extended BA):03907                   JSR  LBACA          MULTIPLY FPA0 BY (X) 
28D0 BD2393           (../MS Extended BA):03908                   JSR  LBC2F          PACK FPA0 AND STORE IT IN FPA3 
28D3 964F             (../MS Extended BA):03909                   LDA  FP0EXP         *GET EXPONENT OF FPA0 AND 
28D5 8188             (../MS Extended BA):03910                   CMPA #$88           *COMPARE TO THE MAXIMUM VALUE 
28D7 2503             (../MS Extended BA):03911                   BLO  L8504          BRANCH IF FPA0 < 128 
28D9 7E22C0           (../MS Extended BA):03912         L8501     JMP  LBB5C          SET FPA0 = 0 OR ‘OV’ ERROR 
28DC BD2452           (../MS Extended BA):03913         L8504     JSR  INT            CONVERT FPA0 TO INTEGER 
28DF 9601             (../MS Extended BA):03914                   LDA  CHARAC         GET LS BYTE OF INTEGER 
28E1 8B81             (../MS Extended BA):03915                   ADDA #$81           * WAS THE ARGUMENT =127, IF SO 
28E3 27F4             (../MS Extended BA):03916                   BEQ  L8501          * THEN ‘OV’ ERROR; THIS WILL ALSO ADD THE $80 BIAS 
                      (../MS Extended BA):03917         ;              * REQUIRED WHEN THE NEW EXPONENT IS CALCULATED BELOW  
28E5 4A               (../MS Extended BA):03918                   DECA                DECREMENT ONE FROM THE EXPONENT, BECAUSE $81, NOT $80 WAS USED ABOVE 
28E6 3402             (../MS Extended BA):03919                   PSHS A              SAVE EXPONENT OF INTEGER PORTION ON STACK 
28E8 8E4040           (../MS Extended BA):03920                   LDX  #V40           POINT (X) TO FPA3 
28EB BD211D           (../MS Extended BA):03921                   JSR  LB9B9          SUBTRACT FPA0 FROM (X) - GET FRACTIONAL PART OF ARGUMENT 
28EE 8E28A1           (../MS Extended BA):03922                   LDX  #L84C9         POINT X TO COEFFICIENTS 
28F1 BD2663           (../MS Extended BA):03923                   JSR  LBEFF          EVALUATE POLYNOMIAL FOR FRACTIONAL PART 
28F4 0F62             (../MS Extended BA):03924                   CLR  RESSGN         FORCE THE MANTISSA TO BE POSITIVE 
28F6 3502             (../MS Extended BA):03925                   PULS A              GET INTEGER EXPONENT FROM STACK 
28F8 BD22AC           (../MS Extended BA):03926                   JSR  LBB48          * CALCULATE EXPONENT OF NEW FPA0 BY ADDING THE EXPONENTS OF THE 
                      (../MS Extended BA):03927         ;              * INTEGER AND FRACTIONAL PARTS  
28FB 39               (../MS Extended BA):03928                   RTS                  
                      (../MS Extended BA):03929                                        
                      (../MS Extended BA):03930         ; FIX                          
28FC BD23D1           (../MS Extended BA):03931         FIX       JSR  LBC6D          CHECK STATUS OF FPA0 
28FF 2B03             (../MS Extended BA):03932                   BMI  L852C          BRANCH IF FPA0 = NEGATIVE 
2901 7E2452           (../MS Extended BA):03933         L8529     JMP  INT            CONVERT FPA0 TO INTEGER 
2904 0354             (../MS Extended BA):03934         L852C     COM  FP0SGN         TOGGLE SIGN OF FPA0 MANTISSA 
2906 8DF9             (../MS Extended BA):03935                   BSR  L8529          CONVERT FPA0 TO INTEGER 
2908 7E264D           (../MS Extended BA):03936                   JMP  LBEE9          TOGGLE SIGN OF FPA0 
                      (../MS Extended BA):03937                                        
                      (../MS Extended BA):03938         ; EDIT                         
290B BD2D39           (../MS Extended BA):03939         EDIT      JSR  L89AE          GET LINE NUMBER FROM BASIC 
290E 3262             (../MS Extended BA):03940                   LEAS $02,S PURGE RETURN ADDRESS OFF OF THE STACK  
2910 8601             (../MS Extended BA):03941         L8538     LDA  #$01           ‘LIST’ FLAG 
2912 9798             (../MS Extended BA):03942                   STA  VD8            SET FLAG TO LIST LINE 
2914 BD14BD           (../MS Extended BA):03943                   JSR  LAD01          GO FIND THE LINE NUMBER IN PROGRAM 
2917 1025ED7F         (../MS Extended BA):03944                   LBCS LAED2 ERROR #7 ‘UNDEFINED LINE #'  
291B BD1F56           (../MS Extended BA):03945                   JSR  LB7C2          GO UNCRUNCH LINE INTO BUFFER AT LINBUF+1 
291E 1F20             (../MS Extended BA):03946                   TFR  Y,D            PUT ABSOLUTE ADDRESS OF END OF LINE TO ACCD 
2920 8340E3           (../MS Extended BA):03947                   SUBD #LINBUF+2 SUBTRACT OUT THE START OF LINE  
2923 D797             (../MS Extended BA):03948                   STB  VD7            SAVE LENGTH OF LINE 
2925 DC2B             (../MS Extended BA):03949         L854D     LDD  BINVAL         GET THE HEX VALUE OF LINE NUMBER 
2927 BD2530           (../MS Extended BA):03950                   JSR  LBDCC          LIST THE LINE NUMBER ON THE SCREEN 
292A BD2110           (../MS Extended BA):03951                   JSR  LB9AC          PRINT A SPACE 
292D 8E40E2           (../MS Extended BA):03952                   LDX  #LINBUF+1      POINT X TO BUFFER 
2930 D698             (../MS Extended BA):03953                   LDB  VD8            * CHECK TO SEE IF LINE IS TO BE 
2932 2625             (../MS Extended BA):03954                   BNE  L8581          * LISTED TO SCREEN - BRANCH IF IT IS 
2934 5F               (../MS Extended BA):03955         L855C     CLRB                RESET DIGIT ACCUMULATOR - DEFAULT VALUE 
2935 BD2A5F           (../MS Extended BA):03956         L855D     JSR  L8687          GET KEY STROKE 
2938 BD3204           (../MS Extended BA):03957                   JSR  L90AA          SET CARRY IF NOT NUMERIC 
293B 250B             (../MS Extended BA):03958                   BLO  L8570          BRANCH IF NOT NUMERIC 
293D 8030             (../MS Extended BA):03959                   SUBA #'0'           MASK OFF ASCII  
293F 3402             (../MS Extended BA):03960                   PSHS A              SAVE IT ON STACK  
2941 860A             (../MS Extended BA):03961                   LDA  #10            NUMBER BEING CONVERTED IS BASE 10 
2943 3D               (../MS Extended BA):03962                   MUL                 MULTIPLY ACCUMULATED VALUE BY BASE (10)  
2944 EBE0             (../MS Extended BA):03963                   ADDB ,S+            ADD DIGIT TO ACCUMULATED VALUE  
2946 20ED             (../MS Extended BA):03964                   BRA  L855D          CHECK FOR ANOTHER DIGIT 
2948 C001             (../MS Extended BA):03965         L8570     SUBB #$01           REPEAT PARAMETER IN ACCB; IF IT  
294A C901             (../MS Extended BA):03966                   ADCB #$01           IS 0, THEN MAKE IT ‘1’  
294C 8141             (../MS Extended BA):03967                   CMPA #'A'           ABORT?          
294E 2605             (../MS Extended BA):03968                   BNE  L857D          NO 
2950 BD20C0           (../MS Extended BA):03969                   JSR  LB958          PRINT CARRIAGE RETURN TO SCREEN 
2953 20BB             (../MS Extended BA):03970                   BRA  L8538          RESTART EDIT PROCESS - CANCEL ALL CHANGES 
2955 814C             (../MS Extended BA):03971         L857D     CMPA #'L'           LIST?           
2957 260B             (../MS Extended BA):03972                   BNE  L858C          NO 
2959 8D31             (../MS Extended BA):03973         L8581     BSR  L85B4          LIST THE LINE 
295B 0F98             (../MS Extended BA):03974                   CLR  VD8            RESET THE LIST FLAG TO ‘NO LIST’ 
295D BD20C0           (../MS Extended BA):03975                   JSR  LB958          PRINT CARRIAGE RETURN 
2960 20C3             (../MS Extended BA):03976                   BRA  L854D          GO INTERPRET ANOTHER EDIT COMMAND 
2962 3262             (../MS Extended BA):03977         L858A     LEAS $02,S          PURGE RETURN ADDRESS OFF OF THE STACK  
2964 810D             (../MS Extended BA):03978         L858C     CMPA #CR            ENTER KEY?      
2966 260D             (../MS Extended BA):03979                   BNE  L859D          NO 
2968 8D22             (../MS Extended BA):03980                   BSR  L85B4          ECHO THE LINE TO THE SCREEN 
296A BD20C0           (../MS Extended BA):03981         L8592     JSR  LB958          PRINT CARRIAGE RETURN 
296D 8E40E2           (../MS Extended BA):03982                   LDX  #LINBUF+1      * RESET BASIC’S INPUT POINTER 
2970 9F83             (../MS Extended BA):03983                   STX  CHARAD         * TO THE LINE INPUT BUFFER 
2972 7E1466           (../MS Extended BA):03984                   JMP  LACA8          GO PUT LINE BACK IN PROGRAM 
2975 8145             (../MS Extended BA):03985         L859D     CMPA #'E'           EXIT?           
2977 27F1             (../MS Extended BA):03986                   BEQ  L8592          YES - SAME AS ENTER EXCEPT NO ECHO 
2979 8151             (../MS Extended BA):03987                   CMPA #'Q'           QUIT?           
297B 2606             (../MS Extended BA):03988                   BNE  L85AB          NO 
297D BD20C0           (../MS Extended BA):03989                   JSR  LB958          PRINT CARRIAGE RETURN TO SCREEN 
2980 7E143D           (../MS Extended BA):03990                   JMP  LAC73          GO TO COMMAND LEVEL - MAKE NO CHANGES 
2983 8D02             (../MS Extended BA):03991         L85AB     BSR  L85AF          INTERPRET THE REMAINING COMMANDS AS SUBROUTINES 
2985 20AD             (../MS Extended BA):03992                   BRA  L855C          GO INTERPRET ANOTHER EDIT COMMAND 
2987 8120             (../MS Extended BA):03993         L85AF     CMPA #SPACE         SPACE BAR?      
2989 2610             (../MS Extended BA):03994                   BNE  L85C3          NO 
298B 8C               (../MS Extended BA):03995         L85B3     FCB  SKP2           SKIP TWO BYTES 
                      (../MS Extended BA):03996         ; DISPLAY THE NEXT ACCB BYTES OF THE LINE IN THE BUFFER TO THE SCREEN                      
                      (../MS Extended BA):03997         ;                              
298C C6F9             (../MS Extended BA):03998         L85B4     LDB  #LBUFMX-1      250 BYTES MAX IN BUFFER 
298E A684             (../MS Extended BA):03999         L85B6     LDA  ,X             GET A CHARACTER FROM BUFFER 
2990 2708             (../MS Extended BA):04000                   BEQ  L85C2          EXIT IF IT’S A 0 
2992 BD3435           (../MS Extended BA):04001                   JSR  PUTCHR         SEND CHAR TO CONSOLE OUT 
2995 3001             (../MS Extended BA):04002                   LEAX $01,X          MOVE POINTER UP ONE  
2997 5A               (../MS Extended BA):04003                   DECB                DECREMENT CHARACTER COUNTER  
2998 26F4             (../MS Extended BA):04004                   BNE  L85B6          LOOP IF NOT DONE 
299A 39               (../MS Extended BA):04005         L85C2     RTS                  
299B 8144             (../MS Extended BA):04006         L85C3     CMPA #'D'           DELETE?         
299D 2648             (../MS Extended BA):04007                   BNE  L860F          NO 
299F 6D84             (../MS Extended BA):04008         L85C7     TST  ,X             * CHECK FOR END OF LINE 
29A1 27F7             (../MS Extended BA):04009                   BEQ  L85C2          * AND BRANCH IF SO 
29A3 8D04             (../MS Extended BA):04010                   BSR  L85D1          REMOVE A CHARACTER 
29A5 5A               (../MS Extended BA):04011                   DECB                DECREMENT REPEAT PARAMETER  
29A6 26F7             (../MS Extended BA):04012                   BNE  L85C7          BRANCH IF NOT DONE 
29A8 39               (../MS Extended BA):04013                   RTS                  
                      (../MS Extended BA):04014         ; REMOVE ONE CHARACTER FROM BUFFER                      
29A9 0A97             (../MS Extended BA):04015         L85D1     DEC  VD7            DECREMENT LENGTH OF BUFFER 
29AB 311F             (../MS Extended BA):04016                   LEAY $-01,X         POINT Y TO ONE BEFORE CURRENT BUFFER POINTER  
29AD 3121             (../MS Extended BA):04017         L85D5     LEAY $01,Y          INCREMENT TEMPORARY BUFFER POINTER  
29AF A621             (../MS Extended BA):04018                   LDA  $01,Y          GET NEXT CHARACTER 
29B1 A7A4             (../MS Extended BA):04019                   STA  ,Y             PUT IT IN CURRENT POSITION 
29B3 26F8             (../MS Extended BA):04020                   BNE  L85D5          BRANCH IF NOT END OF LINE 
29B5 39               (../MS Extended BA):04021                   RTS                  
29B6 8149             (../MS Extended BA):04022         L85DE     CMPA #'I' INSERT?         
29B8 2713             (../MS Extended BA):04023                   BEQ  L85F5          YES 
29BA 8158             (../MS Extended BA):04024                   CMPA #'X' EXTEND?         
29BC 270D             (../MS Extended BA):04025                   BEQ  L85F3          YES 
29BE 8148             (../MS Extended BA):04026                   CMPA #'H' HACK?           
29C0 265C             (../MS Extended BA):04027                   BNE  L8646          NO 
29C2 6F84             (../MS Extended BA):04028                   CLR  ,X             TURN CURRENT BUFFER POINTER INTO END OF LINE FLAG 
29C4 1F10             (../MS Extended BA):04029                   TFR  X,D            PUT CURRENT BUFFER POINTER IN ACCD 
29C6 8340E3           (../MS Extended BA):04030                   SUBD #LINBUF+2      SUBTRACT INITIAL POINTER POSITION  
29C9 D797             (../MS Extended BA):04031                   STB  VD7            SAVE NEW BUFFER LENGTH 
29CB 8DBF             (../MS Extended BA):04032         L85F3     BSR  L85B4          DISPLAY THE LINE ON THE SCREEN 
29CD BD2A5F           (../MS Extended BA):04033         L85F5     JSR  L8687          GET A KEYSTROKE 
29D0 810D             (../MS Extended BA):04034                   CMPA #CR            ENTER KEY?      
29D2 278E             (../MS Extended BA):04035                   BEQ  L858A          YES - INTERPRET ANOTHER COMMAND - PRINT LINE 
29D4 811B             (../MS Extended BA):04036                   CMPA #ESC           ESCAPE?         
29D6 2725             (../MS Extended BA):04037                   BEQ  L8625          YES - RETURN TO COMMAND LEVEL - DON’T PRINT LINE 
29D8 8108             (../MS Extended BA):04038                   CMPA #BS            BACK SPACE?     
29DA 2622             (../MS Extended BA):04039                   BNE  L8626          NO 
29DC 8C40E2           (../MS Extended BA):04040                   CMPX #LINBUF+1      COMPARE POINTER TO START OF BUFFER  
29DF 27EC             (../MS Extended BA):04041                   BEQ  L85F5          DO NOT ALLOW BS IF AT START 
29E1 8D45             (../MS Extended BA):04042                   BSR  L8650          MOVE POINTER BACK ONE, BS TO SCREEN 
29E3 8DC4             (../MS Extended BA):04043                   BSR  L85D1          REMOVE ONE CHARACTER FROM BUFFER 
29E5 20E6             (../MS Extended BA):04044                   BRA  L85F5          GET INSERT SUB COMMAND 
29E7 8143             (../MS Extended BA):04045         L860F     CMPA #'C'           CHANGE?         
29E9 26CB             (../MS Extended BA):04046                   BNE  L85DE          NO 
29EB 6D84             (../MS Extended BA):04047         L8613     TST  ,X             CHECK CURRENT BUFFER CHARACTER 
29ED 270E             (../MS Extended BA):04048                   BEQ  L8625          BRANCH IF END OF LINE 
29EF BD2A5F           (../MS Extended BA):04049                   JSR  L8687          GET A KEYSTROKE 
29F2 2502             (../MS Extended BA):04050                   BLO  L861E          BRANCH IF LEGITIMATE KEY 
29F4 20F5             (../MS Extended BA):04051                   BRA  L8613          TRY AGAIN IF ILLEGAL KEY 
29F6 A780             (../MS Extended BA):04052         L861E     STA  ,X+            INSERT NEW CHARACTER INTO BUFFER 
29F8 8D37             (../MS Extended BA):04053                   BSR  L8659          SEND NEW CHARACTER TO SCREEN 
29FA 5A               (../MS Extended BA):04054                   DECB                DECREMENT REPEAT PARAMETER  
29FB 26EE             (../MS Extended BA):04055                   BNE  L8613          BRANCH IF NOT DONE 
29FD 39               (../MS Extended BA):04056         L8625     RTS                  
29FE D697             (../MS Extended BA):04057         L8626     LDB  VD7            GET LENGTH OF LINE 
2A00 C1F9             (../MS Extended BA):04058                   CMPB #LBUFMX-1      COMPARE TO MAXIMUM LENGTH  
2A02 2602             (../MS Extended BA):04059                   BNE  L862E          BRANCH IF NOT AT MAXIMUM 
2A04 20C7             (../MS Extended BA):04060                   BRA  L85F5          IGNORE INPUT IF LINE AT MAXIMUM LENGTH 
2A06 3410             (../MS Extended BA):04061         L862E     PSHS X              SAVE CURRENT BUFFER POINTER  
2A08 6D80             (../MS Extended BA):04062         L8630     TST  ,X+            * SCAN THE LINE UNTIL END OF 
2A0A 26FC             (../MS Extended BA):04063                   BNE  L8630          * LINE (0) IS FOUND 
2A0C E682             (../MS Extended BA):04064         L8634     LDB  ,-X            DECR TEMP LINE POINTER AND GET A CHARACTER 
2A0E E701             (../MS Extended BA):04065                   STB  $01,X          PUT CHARACTER BACK DOWN ONE SPOT 
2A10 ACE4             (../MS Extended BA):04066                   CMPX ,S             HAVE WE REACHED STARTING POINT?  
2A12 26F8             (../MS Extended BA):04067                   BNE  L8634          NO - KEEP GOING 
2A14 3262             (../MS Extended BA):04068                   LEAS $02,S          PURGE BUFFER POINTER FROM STACK  
2A16 A780             (../MS Extended BA):04069                   STA  ,X+            INSERT NEW CHARACTER INTO THE LINE 
2A18 8D17             (../MS Extended BA):04070                   BSR  L8659          SEND A CHARACTER TO CONSOLE OUT 
2A1A 0C97             (../MS Extended BA):04071                   INC  VD7            ADD ONE TO BUFFER LENGTH 
2A1C 20AF             (../MS Extended BA):04072                   BRA  L85F5          GET INSERT SUB COMMAND 
2A1E 8108             (../MS Extended BA):04073         L8646     CMPA #BS            BACKSPACE?      
2A20 2612             (../MS Extended BA):04074                   BNE  L865C          NO 
2A22 8D04             (../MS Extended BA):04075         L864A     BSR  L8650          MOVE POINTER BACK 1, SEND BS TO SCREEN 
2A24 5A               (../MS Extended BA):04076                   DECB                DECREMENT REPEAT PARAMETER  
2A25 26FB             (../MS Extended BA):04077                   BNE  L864A          LOOP UNTIL DONE 
2A27 39               (../MS Extended BA):04078                   RTS                  
2A28 8C40E2           (../MS Extended BA):04079         L8650     CMPX #LINBUF+1      COMPARE POINTER TO START OF BUFFER  
2A2B 27D0             (../MS Extended BA):04080                   BEQ  L8625          DO NOT ALLOW BS IF AT START 
2A2D 301F             (../MS Extended BA):04081                   LEAX $-01,X         MOVE POINTER BACK ONE  
2A2F 8608             (../MS Extended BA):04082                   LDA  #BS            BACK SPACE 
2A31 7E3435           (../MS Extended BA):04083         L8659     JMP  PUTCHR         SEND TO CONSOLE OUT 
2A34 814B             (../MS Extended BA):04084         L865C     CMPA #'K'           KILL?           
2A36 2705             (../MS Extended BA):04085                   BEQ  L8665          YES 
2A38 8053             (../MS Extended BA):04086                   SUBA #'S'           SEARCH?         
2A3A 2701             (../MS Extended BA):04087                   BEQ  L8665          YES 
2A3C 39               (../MS Extended BA):04088                   RTS                  
2A3D 3402             (../MS Extended BA):04089         L8665     PSHS A              SAVE KILL/SEARCH FLAG ON STACK  
2A3F 8D1E             (../MS Extended BA):04090                   BSR  L8687          * GET A KEYSTROKE (TARGET CHARACTER) 
2A41 3402             (../MS Extended BA):04091                   PSHS A              * AND SAVE IT ON STACK  
2A43 A684             (../MS Extended BA):04092         L866B     LDA  ,X             GET CURRENT BUFFER CHARACTER 
2A45 2716             (../MS Extended BA):04093                   BEQ  L8685          AND RETURN IF END OF LINE 
2A47 6D61             (../MS Extended BA):04094                   TST  $01,S          CHECK KILL/SEARCH FLAG 
2A49 2606             (../MS Extended BA):04095                   BNE  L8679          BRANCH IF KILL 
2A4B 8DE4             (../MS Extended BA):04096                   BSR  L8659          SEND A CHARACTER TO CONSOLE OUT 
2A4D 3001             (../MS Extended BA):04097                   LEAX $01,X          INCREMENT BUFFER POINTER  
2A4F 2003             (../MS Extended BA):04098                   BRA  L867C          CHECK NEXT INPUT CHARACTER 
2A51 BD29A9           (../MS Extended BA):04099         L8679     JSR  L85D1          REMOVE ONE CHARACTER FROM BUFFER 
2A54 A684             (../MS Extended BA):04100         L867C     LDA  ,X             GET CURRENT INPUT CHARACTER 
2A56 A1E4             (../MS Extended BA):04101                   CMPA ,S             COMPARE TO TARGET CHARACTER  
2A58 26E9             (../MS Extended BA):04102                   BNE  L866B          BRANCH IF NO MATCH 
2A5A 5A               (../MS Extended BA):04103                   DECB                DECREMENT REPEAT PARAMETER  
2A5B 26E6             (../MS Extended BA):04104                   BNE  L866B          BRANCH IF NOT DONE 
2A5D 35A0             (../MS Extended BA):04105         L8685     PULS Y,PC           THE Y PULL WILL CLEAN UP THE STACK FOR THE 2 PSHS A  
                      (../MS Extended BA):04106         ;                              
                      (../MS Extended BA):04107         ; GET A KEYSTRKE                      
2A5F BD3453           (../MS Extended BA):04108         L8687     JSR  KEYWAIT        CALL CONSOLE IN : DEV NBR=SCREEN 
2A62 817F             (../MS Extended BA):04109                   CMPA #$7F           GRAPHIC CHARACTER?  
2A64 24F9             (../MS Extended BA):04110                   BCC  L8687          YES - GET ANOTHER CHAR 
2A66 815F             (../MS Extended BA):04111                   CMPA #$5F           SHIFT UP ARROW (QUIT INSERT)  
2A68 2602             (../MS Extended BA):04112                   BNE  L8694          NO 
2A6A 861B             (../MS Extended BA):04113                   LDA  #ESC           REPLACE W/ESCAPE CODE 
2A6C 810D             (../MS Extended BA):04114         L8694     CMPA #CR            ENTER KEY       
2A6E 270E             (../MS Extended BA):04115                   BEQ  L86A6          YES 
2A70 811B             (../MS Extended BA):04116                   CMPA #ESC           ESCAPE?         
2A72 270A             (../MS Extended BA):04117                   BEQ  L86A6          YES 
2A74 8108             (../MS Extended BA):04118                   CMPA #BS            BACKSPACE?      
2A76 2706             (../MS Extended BA):04119                   BEQ  L86A6          YES 
2A78 8120             (../MS Extended BA):04120                   CMPA #SPACE         SPACE           
2A7A 25E3             (../MS Extended BA):04121                   BLO  L8687          GET ANOTHER CHAR IF CONTROL CHAR 
2A7C 1A01             (../MS Extended BA):04122                   ORCC #$01           SET CARRY       
2A7E 39               (../MS Extended BA):04123         L86A6     RTS                  
                      (../MS Extended BA):04124                                        
                      (../MS Extended BA):04125         ; TRON                         
2A7F 86               (../MS Extended BA):04126         TRON      FCB  SKP1LD         SKIP ONE BYTE AND LDA #$4F 
                      (../MS Extended BA):04127                                        
                      (../MS Extended BA):04128         ; TROFF                        
2A80 4F               (../MS Extended BA):04129         TROFF     CLRA                TROFF FLAG 
2A81 978C             (../MS Extended BA):04130                   STA  TRCFLG         TRON/TROFF FLAG:0=TROFF, <> 0=TRON 
2A83 39               (../MS Extended BA):04131                   RTS                  
                      (../MS Extended BA):04132                                        
                      (../MS Extended BA):04133         ; POS                          
2A84 8600             (../MS Extended BA):04134         POS       LDA  #0             GET DEVICE NUMBER 
2A86 D679             (../MS Extended BA):04135                   LDB  LPTPOS         GET PRINT POSITION 
2A88 1D               (../MS Extended BA):04136         LA5E8     SEX                 CONVERT ACCB TO 2 DIGIT SIGNED INTEGER 
2A89 7E1C93           (../MS Extended BA):04137                   JMP  GIVABF         CONVERT ACCD TO FLOATING POINT 
                      (../MS Extended BA):04138                                        
                      (../MS Extended BA):04139         ; VARPTR                       
2A8C BD1A0E           (../MS Extended BA):04140         VARPT     JSR  LB26A          SYNTAX CHECK FOR ‘(‘ 
2A8F DC1F             (../MS Extended BA):04141                   LDD  ARYEND         GET ADDR OF END OF ARRAYS 
2A91 3406             (../MS Extended BA):04142                   PSHS B,A            SAVE IT ON STACK 
2A93 BD1AF6           (../MS Extended BA):04143                   JSR  LB357          GET VARIABLE DESCRIPTOR 
2A96 BD1A0B           (../MS Extended BA):04144                   JSR  LB267          SYNTAX CHECK FOR ‘)‘ 
2A99 3506             (../MS Extended BA):04145                   PULS A,B            GET END OF ARRAYS ADDR BACK 
2A9B 1E10             (../MS Extended BA):04146                   EXG  X,D            SWAP END OF ARRAYS AND VARIABLE DESCRIPTOR 
2A9D 9C1F             (../MS Extended BA):04147                   CMPX ARYEND         COMPARE TO NEW END OF ARRAYS 
2A9F 2651             (../MS Extended BA):04148                   BNE  L8724          ‘FC’ ERROR IF VARIABLE WAS NOT DEFINED PRIOR TO CALLING VARPTR 
2AA1 7E1C93           (../MS Extended BA):04149                   JMP  GIVABF         CONVERT VARIABLE DESCRIPTOR INTO A FP NUMBER 
                      (../MS Extended BA):04150                                        
                      (../MS Extended BA):04151         ; MID$(OLDSTRING,POSITION,LENGTH)=REPLACEMENT                      
2AA4 9D7C             (../MS Extended BA):04152         L86D6     JSR  GETNCH         GET INPUT CHAR FROM BASIC 
2AA6 BD1A0E           (../MS Extended BA):04153                   JSR  LB26A          SYNTAX CHECK FOR ‘(‘ 
2AA9 BD1AF6           (../MS Extended BA):04154                   JSR  LB357          * GET VARIABLE DESCRIPTOR ADDRESS AND 
2AAC 3410             (../MS Extended BA):04155                   PSHS X              * SAVE IT ON THE STACK 
2AAE EC02             (../MS Extended BA):04156                   LDD  $02,X          POINT ACCD TO START OF OLDSTRING 
2AB0 109321           (../MS Extended BA):04157                   CMPD FRETOP         COMPARE TO START OF CLEARED SPACE 
2AB3 2304             (../MS Extended BA):04158                   BLS  L86EB          BRANCH IF <= 
2AB5 9327             (../MS Extended BA):04159                   SUBD MEMSIZ         SUBTRACT OUT TOP OF CLEARED SPACE 
2AB7 2312             (../MS Extended BA):04160                   BLS  L86FD          BRANCH IF STRING IN STRING SPACE 
2AB9 E684             (../MS Extended BA):04161         L86EB     LDB  ,X             GET LENGTH OF OLDSTRING 
2ABB BD1D0C           (../MS Extended BA):04162                   JSR  LB56D          RESERVE ACCB BYTES IN STRING SPACE 
2ABE 3410             (../MS Extended BA):04163                   PSHS X              SAVE RESERVED SPACE STRING ADDRESS ON STACK 
2AC0 AE62             (../MS Extended BA):04164                   LDX  $02,S          POINT X TO OLDSTRING DESCRIPTOR 
2AC2 BD1DE2           (../MS Extended BA):04165                   JSR  LB643          MOVE OLDSTRING INTO STRING SPACE 
2AC5 3550             (../MS Extended BA):04166                   PULS X,U            * GET OLDSTRING DESCRIPTOR ADDRESS AND RESERVED STRING 
2AC7 AF42             (../MS Extended BA):04167                   STX  $02,U          * ADDRESS AND SAVE RESERVED ADDRESS AS OLDSTRING ADDRESS 
2AC9 3440             (../MS Extended BA):04168                   PSHS U              SAVE OLDSTRING DESCRIPTOR ADDRESS 
2ACB BD1ED7           (../MS Extended BA):04169         L86FD     JSR  LB738          SYNTAX CHECK FOR COMMA AND EVALUATE LENGTH EXPRESSION 
2ACE 3404             (../MS Extended BA):04170                   PSHS B              SAVE POSITION PARAMETER ON STACK 
2AD0 5D               (../MS Extended BA):04171                   TSTB * CHECK POSITION PARAMETER AND BRANCH  
2AD1 271F             (../MS Extended BA):04172                   BEQ  L8724          * IF START OF STRING 
2AD3 C6FF             (../MS Extended BA):04173                   LDB  #$FF           DEFAULT REPLACEMENT LENGTH = $FF 
2AD5 8129             (../MS Extended BA):04174                   CMPA #')'           * CHECK FOR END OF MID$ STATEMENT AND 
2AD7 2703             (../MS Extended BA):04175                   BEQ  L870E          * BRANCH IF AT END OF STATEMENT 
2AD9 BD1ED7           (../MS Extended BA):04176                   JSR  LB738          SYNTAX CHECK FOR COMMA AND EVALUATE LENGTH EXPRESSION 
2ADC 3404             (../MS Extended BA):04177         L870E     PSHS B              SAVE LENGTH PARAMETER ON STACK 
2ADE BD1A0B           (../MS Extended BA):04178                   JSR  LB267          SYNTAX CHECK FOR ‘)‘ 
2AE1 C6AE             (../MS Extended BA):04179                   LDB  #TOK_EQUALS    TOKEN FOR = 
2AE3 BD1A13           (../MS Extended BA):04180                   JSR  LB26F          SYNTAX CHECK FOR “=‘ 
2AE6 8D2E             (../MS Extended BA):04181                   BSR  L8748          EVALUATE REPLACEMENT STRING 
2AE8 1F13             (../MS Extended BA):04182                   TFR  X,U            SAVE REPLACEMENT STRING ADDRESS IN U 
2AEA AE62             (../MS Extended BA):04183                   LDX  $02,S          POINT X TO OLOSTRING DESCRIPTOR ADDRESS 
2AEC A684             (../MS Extended BA):04184                   LDA  ,X             GET LENGTH OF OLDSTRING 
2AEE A061             (../MS Extended BA):04185                   SUBA $01,S          SUBTRACT POSITION PARAMETER 
2AF0 2403             (../MS Extended BA):04186                   BCC  L8727          INSERT REPLACEMENT STRING INTO OLDSTRING 
2AF2 7E1BE9           (../MS Extended BA):04187         L8724     JMP  LB44A          ‘FC’ ERROR IF POSITION > LENGTH OF OLDSTRING 
2AF5 4C               (../MS Extended BA):04188         L8727     INCA                * NOW ACCA = NUMBER OF CHARACTERS TO THE RIGHT 
                      (../MS Extended BA):04189         ;                             * (INCLUSIVE) OF THE POSITION PARAMETER 
2AF6 A1E4             (../MS Extended BA):04190                   CMPA ,S              
2AF8 2402             (../MS Extended BA):04191                   BCC  L872E          BRANCH IF NEW STRING WILL FIT IN OLDSTRING 
2AFA A7E4             (../MS Extended BA):04192                   STA  ,S             IF NOT, USE AS MUCH OF LENGTH PARAMETER AS WILL FIT 
2AFC A661             (../MS Extended BA):04193         L872E     LDA  $01,S          GET POSITION PARAMETER 
2AFE 1E89             (../MS Extended BA):04194                   EXG  A,B            ACCA=LENGTH OF REPL STRING, ACCB=POSITION PARAMETER 
2B00 AE02             (../MS Extended BA):04195                   LDX  $02,X          POINT X TO OLDSTRING ADDRESS 
2B02 5A               (../MS Extended BA):04196                   DECB                * BASIC’S POSITION PARAMETER STARTS AT 1; THIS ROUTINE 
                      (../MS Extended BA):04197         ;                             * WANTS IT TO START AT ZERO 
2B03 3A               (../MS Extended BA):04198                   ABX                 POINT X TO POSITION IN OLDSTRING WHERE THE REPLACEMENT WILL GO 
2B04 4D               (../MS Extended BA):04199                   TSTA                * IF THE LENGTH OF THE REPLACEMENT STRING IS ZERO 
2B05 270D             (../MS Extended BA):04200                   BEQ  L8746          * THEN RETURN 
2B07 A1E4             (../MS Extended BA):04201                   CMPA ,S              
2B09 2302             (../MS Extended BA):04202                   BLS  L873F          ADJUSTED LENGTH PARAMETER, THEN BRANCH 
2B0B A6E4             (../MS Extended BA):04203                   LDA  ,S             OTHERWISE USE AS MUCH ROOM AS IS AVAILABLE 
2B0D 1F89             (../MS Extended BA):04204         L873F     TFR  A,B            SAVE NUMBER OF BYTES TO MOVE IN ACCB 
2B0F 1E31             (../MS Extended BA):04205                   EXG  U,X            SWAP SOURCE AND DESTINATION POINTERS 
2B11 BD11CA           (../MS Extended BA):04206                   JSR  LA59A          MOVE (B) BYTES FROM (X) TO (U) 
2B14 3596             (../MS Extended BA):04207         L8746     PULS A,B,X,PC        
2B16 BD18FA           (../MS Extended BA):04208         L8748     JSR  LB156          EVALUATE EXPRESSION 
2B19 7E1DF3           (../MS Extended BA):04209                   JMP  LB654          *‘TM’ ERROR IF NUMERIC; RETURN WITH X POINTING 
                      (../MS Extended BA):04210         ;                             *TO STRING, ACCB = LENGTH 
                      (../MS Extended BA):04211                                        
                      (../MS Extended BA):04212         ; STRING                       
2B1C BD1A0E           (../MS Extended BA):04213         STRING    JSR  LB26A          SYNTAX CHECK FOR ‘(’ 
2B1F BD1EAA           (../MS Extended BA):04214                   JSR  LB70B          EVALUATE EXPRESSION; ERROR IF > 255 
2B22 3404             (../MS Extended BA):04215                   PSHS B              SAVE LENGTH OF STRING 
2B24 BD1A11           (../MS Extended BA):04216                   JSR  LB26D          SYNTAX CHECK FOR COMMA 
2B27 BD18FA           (../MS Extended BA):04217                   JSR  LB156          EVALUATE EXPRESSION 
2B2A BD1A0B           (../MS Extended BA):04218                   JSR  LB267          SYNTAX CHECK FOR ‘)‘ 
2B2D 9606             (../MS Extended BA):04219                   LDA  VALTYP         GET VARIABLE TYPE 
2B2F 2605             (../MS Extended BA):04220                   BNE  L8768          BRANCH IF STRING 
2B31 BD1EAD           (../MS Extended BA):04221                   JSR  LB70E          CONVERT FPA0 INTO AN INTEGER IN ACCB 
2B34 2003             (../MS Extended BA):04222                   BRA  L876B          SAVE THE STRING IN STRING SPACE 
2B36 BD1E43           (../MS Extended BA):04223         L8768     JSR  LB6A4          GET FIRST BYTE OF STRING 
2B39 3404             (../MS Extended BA):04224         L876B     PSHS B              SAVE FIRST BYTE OF EXPRESSION 
2B3B E661             (../MS Extended BA):04225                   LDB  $01,S          GET LENGTH OF STRING 
2B3D BD1CAE           (../MS Extended BA):04226                   JSR  LB50F          RESERVE ACCB BYTES IN STRING SPACE 
2B40 3506             (../MS Extended BA):04227                   PULS A,B            GET LENGTH OF STRING AND CHARACTER 
2B42 2705             (../MS Extended BA):04228                   BEQ  L877B          BRANCH IF NULL STRING 
2B44 A780             (../MS Extended BA):04229         L8776     STA  ,X+            SAVE A CHARACTER IN STRING SPACE 
2B46 5A               (../MS Extended BA):04230                   DECB                DECREMENT LENGTH 
2B47 26FB             (../MS Extended BA):04231                   BNE  L8776          BRANCH IF NOT DONE 
2B49 7E1E3A           (../MS Extended BA):04232         L877B     JMP  LB69B          PUT STRING DESCRIPTOR ONTO STRING STACK 
                      (../MS Extended BA):04233                                        
                      (../MS Extended BA):04234         ; INSTR                        
2B4C BD1A0E           (../MS Extended BA):04235         INSTR     JSR  LB26A          SYNTAX CHECK FOR ‘(‘ 
2B4F BD18FA           (../MS Extended BA):04236                   JSR  LB156          EVALUATE EXPRESSION 
2B52 C601             (../MS Extended BA):04237                   LDB  #$01           DEFAULT POSITION = 1 (SEARCH START) 
2B54 3404             (../MS Extended BA):04238                   PSHS B              SAVE START 
2B56 9606             (../MS Extended BA):04239                   LDA  VALTYP         GET VARIABLE TYPE 
2B58 2610             (../MS Extended BA):04240                   BNE  L879C          BRANCH IF STRING 
2B5A BD1EAD           (../MS Extended BA):04241                   JSR  LB70E          CONVERT FPA0 TO INTEGER IN ACCB 
2B5D E7E4             (../MS Extended BA):04242                   STB  ,S             SAVE START SEARCH VALUE 
2B5F 2791             (../MS Extended BA):04243                   BEQ  L8724          BRANCH IF START SEARCH AT ZERO 
2B61 BD1A11           (../MS Extended BA):04244                   JSR  LB26D          SYNTAX CHECK FOR COMMA 
2B64 BD18FA           (../MS Extended BA):04245                   JSR  LB156          EVALUATE EXPRESSION - SEARCH STRING 
2B67 BD18EA           (../MS Extended BA):04246                   JSR  LB146          ‘TM’ ERROR IF NUMERIC 
2B6A 9E52             (../MS Extended BA):04247         L879C     LDX  FPA0+2         SEARCH STRING DESCRIPTOR ADDRESS 
2B6C 3410             (../MS Extended BA):04248                   PSHS X              SAVE ON THE STACK 
2B6E BD1A11           (../MS Extended BA):04249                   JSR  LB26D          SYNTAX CHECK FOR COMMA 
2B71 BD2B16           (../MS Extended BA):04250                   JSR  L8748          EVALUATE TARGET STRING EXPRESSION 
2B74 3414             (../MS Extended BA):04251                   PSHS X,B            SAVE ADDRESS AND LENGTH ON STACK 
2B76 BD1A0B           (../MS Extended BA):04252                   JSR  LB267          SYNTAX CHECK FOR ')' 
2B79 AE63             (../MS Extended BA):04253                   LDX  $03,S          * LOAD X WITH SEARCH STRING DESCRIPTOR ADDRESS 
2B7B BD1DF8           (../MS Extended BA):04254                   JSR  LB659          * AND GET THE LENGTH ANDADDRESS OF SEARCH STRING 
2B7E 3404             (../MS Extended BA):04255                   PSHS B              SAVE LENGTH ON STACK 
                      (../MS Extended BA):04256         ;                              
                      (../MS Extended BA):04257         ; AT THIS POINT THE STACK HAS THE FOLLOWING INFORMATION                      
                      (../MS Extended BA):04258         ; ON IT: 0,S-SEARCH LENGTH; 1,S-TARGET LENGTH; 2 3,S-TARGET                      
                      (../MS Extended BA):04259         ; ADDRESS; 4 5,S-SEARCH DESCRIPTOR ADDRESS; 6,S-SEARCH POSITION                      
2B80 E166             (../MS Extended BA):04260                   CMPB $06,S          COMPARE LENGTH OF SEARCH STRING TO START 
2B82 2523             (../MS Extended BA):04261                   BLO  L87D9          POSITION; RETURN 0 IF LENGTH < START 
2B84 A661             (../MS Extended BA):04262                   LDA  $01,S          GET LENGTH OF TARGET STRING 
2B86 271C             (../MS Extended BA):04263                   BEQ  L87D6          BRANCH IF TARGET STRING = NULL 
2B88 E666             (../MS Extended BA):04264                   LDB  $06,S          GET START POSITION 
2B8A 5A               (../MS Extended BA):04265                   DECB                MOVE BACK ONE 
2B8B 3A               (../MS Extended BA):04266                   ABX  POINT X TO POSITION IN SEARCH STRING WHERE SEARCHING WILL START  
2B8C 3184             (../MS Extended BA):04267         L87BE     LEAY ,X             POINT Y TO SEARCH POSITION 
2B8E EE62             (../MS Extended BA):04268                   LDU  $02,S          POINT U TO START OF TARGET 
2B90 E661             (../MS Extended BA):04269                   LDB  $01,S          LOAD ACCB WITH LENGTH OF TARGET 
2B92 A6E4             (../MS Extended BA):04270                   LDA  ,S             LOAD ACCA WITH LENGTH OF SEARCH 
2B94 A066             (../MS Extended BA):04271                   SUBA $06,S          SUBTRACT SEARCH POSITION FROM SEARCH LENGTH 
2B96 4C               (../MS Extended BA):04272                   INCA                ADD ONE 
2B97 A161             (../MS Extended BA):04273                   CMPA $01,S          COMPARE TO TARGET LENGTH 
2B99 250C             (../MS Extended BA):04274                   BLO  L87D9          RETURN 0 IF TARGET LENGTH > WHAT’S LEFT OF SEARCH STRING 
2B9B A680             (../MS Extended BA):04275         L87CD     LDA  ,X+            GET A CHARACTER FROM SEARCH STRING 
2B9D A1C0             (../MS Extended BA):04276                   CMPA ,U+            COMPARE IT TO TARGET STRING 
2B9F 260C             (../MS Extended BA):04277                   BNE  L87DF          BRANCH IF NO MATCH 
2BA1 5A               (../MS Extended BA):04278                   DECB                DECREMENT TARGET LENGTH 
2BA2 26F7             (../MS Extended BA):04279                   BNE  L87CD          CHECK ANOTHER CHARACTER 
2BA4 E666             (../MS Extended BA):04280         L87D6     LDB  $06,S          GET MATCH POSITION 
2BA6 21               (../MS Extended BA):04281         L87D8     FCB  SKP1           SKIP NEXT BYTE 
2BA7 5F               (../MS Extended BA):04282         L87D9     CLRB                MATCH ADDRESS = 0 
2BA8 3267             (../MS Extended BA):04283                   LEAS $07,S          CLEAN UP THE STACK 
2BAA 7E1C92           (../MS Extended BA):04284                   JMP  LB4F3          CONVERT ACCB TO FP NUMBER 
2BAD 6C66             (../MS Extended BA):04285         L87DF     INC  $06,S          INCREMENT SEARCH POSITION 
2BAF 3021             (../MS Extended BA):04286                   LEAX $01,Y          MOVE X TO NEXT SEARCH POSITION 
2BB1 20D9             (../MS Extended BA):04287                   BRA  L87BE          KEEP LOOKING FOR A MATCH 
                      (../MS Extended BA):04288                                        
                      (../MS Extended BA):04289         ; EXTENDED BASIC RVEC19 HOOK CODE                      
2BB3 8126             (../MS Extended BA):04290         XVEC19    CMPA #'&'           * 
2BB5 265C             (../MS Extended BA):04291                   BNE  L8845          * RETURN IF NOT HEX OR OCTAL VARIABLE 
2BB7 3262             (../MS Extended BA):04292                   LEAS $02,S          PURGE RETURN ADDRESS FROM STACK 
                      (../MS Extended BA):04293         ; PROCESS A VARIABLE PRECEEDED BY A ‘&‘ (&H,&O)                      
2BB9 0F52             (../MS Extended BA):04294         L87EB     CLR  FPA0+2         * CLEAR BOTTOM TWO 
2BBB 0F53             (../MS Extended BA):04295                   CLR  FPA0+3         * BYTES OF FPA0 
2BBD 8E4052           (../MS Extended BA):04296                   LDX  #FPA0+2        BYTES 2,3 OF FPA0 = (TEMPORARY ACCUMULATOR) 
2BC0 9D7C             (../MS Extended BA):04297                   JSR  GETNCH         GET A CHARACTER FROM BASIC 
2BC2 814F             (../MS Extended BA):04298                   CMPA #'O'            
2BC4 2712             (../MS Extended BA):04299                   BEQ  L880A          YES 
2BC6 8148             (../MS Extended BA):04300                   CMPA #'H'            
2BC8 2723             (../MS Extended BA):04301                   BEQ  L881F          YES 
2BCA 9D82             (../MS Extended BA):04302                   JSR  GETCCH         GET CURRENT INPUT CHARACTER 
2BCC 200C             (../MS Extended BA):04303                   BRA  L880C          DEFAULT TO OCTAL (&O) 
2BCE 8138             (../MS Extended BA):04304         L8800     CMPA #'8'            
2BD0 1022EE47         (../MS Extended BA):04305                   LBHI LB277           
2BD4 C603             (../MS Extended BA):04306                   LDB  #$03           BASE 8 MULTIPLIER 
2BD6 8D2A             (../MS Extended BA):04307                   BSR  L8834          ADD DIGIT TO TEMPORARY ACCUMULATOR 
                      (../MS Extended BA):04308         ; EVALUATE AN &O VARIABLE                      
2BD8 9D7C             (../MS Extended BA):04309         L880A     JSR  GETNCH         GET A CHARACTER FROM BASIC 
2BDA 25F2             (../MS Extended BA):04310         L880C     BLO  L8800          BRANCH IF NUMERIC 
2BDC 0F50             (../MS Extended BA):04311         L880E     CLR  FPA0           * CLEAR 2 HIGH ORDER 
2BDE 0F51             (../MS Extended BA):04312                   CLR  FPA0+1         * BYTES OF FPA0 
2BE0 0F06             (../MS Extended BA):04313                   CLR  VALTYP         SET VARXABLE TYPE TO NUMERIC 
2BE2 0F63             (../MS Extended BA):04314                   CLR  FPSBYT         ZERO OUT SUB BYTE OF FPA0 
2BE4 0F54             (../MS Extended BA):04315                   CLR  FP0SGN         ZERO OUT MANTISSA SIGN OF FPA0 
2BE6 C6A0             (../MS Extended BA):04316                   LDB  #$A0           * SET EXPONENT OF FPA0 
2BE8 D74F             (../MS Extended BA):04317                   STB  FP0EXP         * 
2BEA 7E2180           (../MS Extended BA):04318                   JMP  LBA1C          GO NORMALIZE FPA0 
                      (../MS Extended BA):04319         ; EVALUATE AN &H VARIABLE                      
2BED 9D7C             (../MS Extended BA):04320         L881F     JSR  GETNCH         GET A CHARACTER FROM BASIC 
2BEF 250B             (../MS Extended BA):04321                   BLO  L882E          BRANCH IF NUMERIC 
2BF1 BD1B41           (../MS Extended BA):04322                   JSR  LB3A2          SET CARRY IF NOT ALPHA 
2BF4 25E6             (../MS Extended BA):04323                   BLO  L880E          BRANCH IF NOT ALPHA OR NUMERIC 
2BF6 8147             (../MS Extended BA):04324                   CMPA #'G'           CHECK FOR LETTERS A-F 
2BF8 24E2             (../MS Extended BA):04325                   BCC  L880E          BRANCH IF >= G (ILLEGAL HEX LETTER) 
2BFA 8007             (../MS Extended BA):04326                   SUBA #7             SUBTRACT ASCII DIFFERENCE BETWEEN A AND 9 
2BFC C604             (../MS Extended BA):04327         L882E     LDB  #$04           BASE 16 DIGIT MULTIPLIER = 2**4 
2BFE 8D02             (../MS Extended BA):04328                   BSR  L8834          ADD DIGIT TO TEMPORARY ACCUMULATOR 
2C00 20EB             (../MS Extended BA):04329                   BRA  L881F          KEEP EVALUATING VARIABLE 
2C02 6801             (../MS Extended BA):04330         L8834     ASL  $01,X          * MULTIPLY TEMPORARY 
2C04 6984             (../MS Extended BA):04331                   ROL  ,X             * ACCUMULATOR BY TWO 
2C06 1025F5EC         (../MS Extended BA):04332                   LBCS LBA92          ‘OV' OVERFLOW ERROR 
2C0A 5A               (../MS Extended BA):04333                   DECB                DECREMENT SHIFT COUNTER 
2C0B 26F5             (../MS Extended BA):04334                   BNE  L8834          MULTIPLY TEMPORARY ACCUMULATOR AGAIN 
2C0D 8030             (../MS Extended BA):04335                   SUBA #'0'           MASK OFF ASCII 
2C0F AB01             (../MS Extended BA):04336                   ADDA $01,X          * ADD DIGIT TO TEMPORARY 
2C11 A701             (../MS Extended BA):04337                   STA  $01,X          * ACCUMULATOR AND SAVE IT 
2C13 39               (../MS Extended BA):04338         L8845     RTS                  
                      (../MS Extended BA):04339                                        
2C14 3540             (../MS Extended BA):04340         XVEC15    PULS U              PULL RETURN ADDRESS AND SAVE IN U REGISTER 
2C16 0F06             (../MS Extended BA):04341                   CLR  VALTYP         SET VARIABLE TYPE TO NUMERIC 
2C18 9E83             (../MS Extended BA):04342                   LDX  CHARAD         CURRENT INPUT POINTER TO X 
2C1A 9D7C             (../MS Extended BA):04343                   JSR  GETNCH         GET CHARACTER FROM BASIC 
2C1C 8126             (../MS Extended BA):04344                   CMPA #'&'           HEX AND OCTAL VARIABLES ARE PRECEEDED BY & 
2C1E 2799             (../MS Extended BA):04345                   BEQ  L87EB          PROCESS A ‘&‘ VARIABLE 
2C20 81B0             (../MS Extended BA):04346                   CMPA #TOK_FN        TOKEN FOR FN 
2C22 275E             (../MS Extended BA):04347                   BEQ  L88B4          PROCESS FN CALL 
2C24 81FF             (../MS Extended BA):04348                   CMPA #$FF           CHECK FOR SECONDARY TOKEN 
2C26 2608             (../MS Extended BA):04349                   BNE  L8862          NOT SECONDARY 
2C28 9D7C             (../MS Extended BA):04350                   JSR  GETNCH         GET CHARACTER FROM BASIC 
2C2A 8183             (../MS Extended BA):04351                   CMPA #TOK_USR       TOKEN FOR USR 
2C2C 102700AB         (../MS Extended BA):04352                   LBEQ L892C          PROCESS USR CALL 
2C30 9F83             (../MS Extended BA):04353         L8862     STX  CHARAD         RESTORE BASIC’S INPUT POINTER 
2C32 6EC4             (../MS Extended BA):04354                   JMP  ,U             RETURN TO CALLING ROUTINE 
2C34 9E68             (../MS Extended BA):04355         L8866     LDX  CURLIN         GET CURRENT LINE NUMBER 
2C36 3001             (../MS Extended BA):04356                   LEAX $01,X          IN DIRECT MODE? 
2C38 26D9             (../MS Extended BA):04357                   BNE  L8845          RETURN IF NOT IN DIRECT MODE 
2C3A C616             (../MS Extended BA):04358                   LDB  #2*11          ‘ILLEGAL DIRECT STATEMENT’ ERROR 
2C3C 7E141E           (../MS Extended BA):04359         L886E     JMP  LAC46          PROCESS ERROR 
                      (../MS Extended BA):04360                                        
2C3F AE9F4083         (../MS Extended BA):04361         DEF       LDX  [CHARAD]       GET TWO INPUT CHARS 
2C43 8CFF83           (../MS Extended BA):04362                   CMPX #TOK_FF_USR    TOKEN FOR USR 
2C46 10270074         (../MS Extended BA):04363                   LBEQ L890F          BRANCH IF DEF USR 
2C4A 8D23             (../MS Extended BA):04364                   BSR  L88A1          GET DESCRIPTOR ADDRESS FOR FN VARIABLE NAME 
2C4C 8DE6             (../MS Extended BA):04365                   BSR  L8866          DON’T ALLOW DEF FN IF IN DIRECT MODE 
2C4E BD1A0E           (../MS Extended BA):04366                   JSR  LB26A          SYNTAX CHECK FOR ‘(‘ 
2C51 C680             (../MS Extended BA):04367                   LDB  #$80           * GET THE FLAG TO INDICATE ARRAY VARIABLE SEARCH DISABLE 
2C53 D708             (../MS Extended BA):04368                   STB  ARYDIS         * AND SAVE IT IN THE ARRAY DISABLE FLAG 
2C55 BD1AF6           (../MS Extended BA):04369                   JSR  LB357          GET VARIABLE DESCRIPTOR 
2C58 8D25             (../MS Extended BA):04370                   BSR  L88B1          ‘TM’ ERROR IF STRING 
2C5A BD1A0B           (../MS Extended BA):04371                   JSR  LB267          SYNTAX CHECK FOR ‘)‘ 
2C5D C6AE             (../MS Extended BA):04372                   LDB  #TOK_EQUALS    TOKEN FOR ‘=‘ 
2C5F BD1A13           (../MS Extended BA):04373                   JSR  LB26F          DO A SYNTAX CHECK FOR = 
2C62 9E4B             (../MS Extended BA):04374                   LDX  V4B            GET THE ADDRESS OF THE FN NAME DESCRIPTOR 
2C64 DC83             (../MS Extended BA):04375                   LDD  CHARAD         * GET THE CURRENT INPUT POINTER ADDRESS AND 
2C66 ED84             (../MS Extended BA):04376                   STD  ,X             * SAVE IT IN FIRST 2 BYTES OF THE DESCRIPTOR 
2C68 DC39             (../MS Extended BA):04377                   LDD  VARPTR         = GET THE DESCRIPTOR ADDRESS OF THE ARGUMENT 
2C6A ED02             (../MS Extended BA):04378                   STD  $02,X          = VARIABLE AND SAVE IT IN THE DESCRIPTOR OF THE FN NAME 
2C6C 7E16A8           (../MS Extended BA):04379                   JMP  DATA           MOVE INPUT POINTER TO END OF LINE OR SUBLINE 
2C6F C6B0             (../MS Extended BA):04380         L88A1     LDB  #TOK_FN        TOKEN FOR FN 
2C71 BD1A13           (../MS Extended BA):04381                   JSR  LB26F          DO A SYNTAX CHECK FOR FN 
2C74 C680             (../MS Extended BA):04382                   LDB  #$80           * GET THE FLAG TO INDICATE ARRAY VARIABLE SEARCH DISABLE FLAG 
2C76 D708             (../MS Extended BA):04383                   STB  ARYDIS         * AND SAVE IT IN ARRAY VARIABLE FLAG 
2C78 8A80             (../MS Extended BA):04384                   ORA  #$80           SET BIT 7 OF CURRENT INPUT CHARACTER TO INDICATE AN FN VARIABLE 
2C7A BD1AFB           (../MS Extended BA):04385                   JSR  LB35C          * GET THE DESCRIPTOR ADDRESS OF THIS 
2C7D 9F4B             (../MS Extended BA):04386                   STX  V4B            * VARIABLE AND SAVE IT IN V4B 
2C7F 7E18E7           (../MS Extended BA):04387         L88B1     JMP  LB143          ‘TM’ ERROR IF STRING VARIABLE 
                      (../MS Extended BA):04388         ; EVALUATE AN FN CALL                      
2C82 8DEB             (../MS Extended BA):04389         L88B4     BSR  L88A1          * GET THE DESCRIPTOR OF THE FN NAME 
2C84 3410             (../MS Extended BA):04390                   PSHS X              * VARIABLE AND SAVE IT ON THE STACK 
2C86 BD1A06           (../MS Extended BA):04391                   JSR  LB262          SYNTAX CHECK FOR ‘(‘ & EVALUATE EXPR 
2C89 8DF4             (../MS Extended BA):04392                   BSR  L88B1          ‘TM’ ERROR IF STRING VARIABLE 
2C8B 3540             (../MS Extended BA):04393                   PULS U              POINT U TO FN NAME DESCRIPTOR 
2C8D C632             (../MS Extended BA):04394                   LDB  #2*25          ‘UNDEFINED FUNCTION CALL’ ERROR 
2C8F AE42             (../MS Extended BA):04395                   LDX  $02,U          POINT X TO ARGUMENT VARIABLE DESCRIPTOR 
2C91 27A9             (../MS Extended BA):04396                   BEQ  L886E          BRANCH TO ERROR HANDLER 
2C93 109E83           (../MS Extended BA):04397                   LDY  CHARAD         SAVE CURRENT INPUT POINTER IN Y 
2C96 EEC4             (../MS Extended BA):04398                   LDU  ,U             * POINT U TO START OF FN FORMULA AND 
2C98 DF83             (../MS Extended BA):04399                   STU  CHARAD         * SAVE IT IN INPUT POINTER 
2C9A A604             (../MS Extended BA):04400                   LDA  $04,X          = GET FP VALUE OF 
2C9C 3402             (../MS Extended BA):04401                   PSHS A              = ARGUMENT VARIABLE, CURRENT INPUT 
2C9E EC84             (../MS Extended BA):04402                   LDD  ,X             = POINTER, AND ADDRESS OF START 
2CA0 EE02             (../MS Extended BA):04403                   LDU  $02,X          = OF FN FORMULA AND SAVE 
2CA2 3476             (../MS Extended BA):04404                   PSHS U,Y,X,B,A      = THEM ON THE STACK 
2CA4 BD2399           (../MS Extended BA):04405                   JSR  LBC35          PACK FPA0 AND SAVE IT IN (X) 
2CA7 BD18E5           (../MS Extended BA):04406         L88D9     JSR  LB141          EVALUATE FN EXPRESSION 
2CAA 3576             (../MS Extended BA):04407                   PULS A,B,X,Y,U      RESTORE REGISTERS 
2CAC ED84             (../MS Extended BA):04408                   STD  ,X             * GET THE FP 
2CAE EF02             (../MS Extended BA):04409                   STU  $02,X          * VALUE OF THE ARGUMENT 
2CB0 3502             (../MS Extended BA):04410                   PULS A              * VARIABLE OFF OF THE 
2CB2 A704             (../MS Extended BA):04411                   STA  $04,X          * STACK AND RE-SAVE IT 
2CB4 9D82             (../MS Extended BA):04412                   JSR  GETCCH         GET FINAL CHARACTER OF THE FN FORMULA 
2CB6 1026ED61         (../MS Extended BA):04413                   LBNE LB277          ‘SYNTAX’ ERROR IF NOT END OF LINE 
2CBA 109F83           (../MS Extended BA):04414                   STY  CHARAD         RESTORE INPUT POINTER 
2CBD 39               (../MS Extended BA):04415         L88EF     RTS                  
                      (../MS Extended BA):04416                                        
                      (../MS Extended BA):04417                                        
                      (../MS Extended BA):04418                                        
                      (../MS Extended BA):04419         ; DEF USR                      
2CBE 9D7C             (../MS Extended BA):04420         L890F     JSR  GETNCH         SKIP PAST SECOND BYTE OF DEF USR TOKEN 
2CC0 8D09             (../MS Extended BA):04421                   BSR  L891C          GET FN NUMBER 
2CC2 3410             (../MS Extended BA):04422                   PSHS X              SAVE FN EXEC ADDRESS STORAGE LOC 
2CC4 8D2D             (../MS Extended BA):04423                   BSR  L8944          CALCULATE EXEC ADDRESS 
2CC6 3540             (../MS Extended BA):04424                   PULS U              GET FN EXEC ADDRESS STORAGE LOC 
2CC8 AFC4             (../MS Extended BA):04425                   STX  ,U             SAVE EXEC ADDRESS 
2CCA 39               (../MS Extended BA):04426                   RTS                  
2CCB 5F               (../MS Extended BA):04427         L891C     CLRB                DEFAULT TO USR0 IF NO ARGUMENT 
2CCC 9D7C             (../MS Extended BA):04428                   JSR  GETNCH         GET A CHARACTER FROM BASIC 
2CCE 2406             (../MS Extended BA):04429                   BCC  L8927          BRANCH IF NOT NUMERIC 
2CD0 8030             (../MS Extended BA):04430                   SUBA #'0'           MASK OFF ASCII 
2CD2 1F89             (../MS Extended BA):04431                   TFR  A,B            SAVE USR NUMBER IN ACCB 
2CD4 9D7C             (../MS Extended BA):04432                   JSR  GETNCH         GET A CHARACTER FROM BASIC 
2CD6 9E8D             (../MS Extended BA):04433         L8927     LDX  USRADR         GET ADDRESS OF STORAGE LOCs FOR USR ADDRESS 
2CD8 58               (../MS Extended BA):04434                   ASLB                X2 - 2 BYTES/USR ADDRESS 
2CD9 3A               (../MS Extended BA):04435                   ABX                 ADD OFFSET TO START ADDRESS OF STORAGE LOCs 
2CDA 39               (../MS Extended BA):04436                   RTS                  
                      (../MS Extended BA):04437         ; PROCESS A USR CALL                      
2CDB 8DEE             (../MS Extended BA):04438         L892C     BSR  L891C          GET STORAGE LOC OF EXEC ADDRESS FOR USR N 
2CDD AE84             (../MS Extended BA):04439                   LDX  ,X             * GET EXEC ADDRESS AND 
2CDF 3410             (../MS Extended BA):04440                   PSHS X              * PUSH IT ONTO STACK 
2CE1 BD1A06           (../MS Extended BA):04441                   JSR  LB262          SYNTAX CHECK FOR ‘(‘ & EVALUATE EXPR 
2CE4 8E404F           (../MS Extended BA):04442                   LDX  #FP0EXP        POINT X TO FPA0 
2CE7 9606             (../MS Extended BA):04443                   LDA  VALTYP         GET VARIABLE TYPE 
2CE9 2707             (../MS Extended BA):04444                   BEQ  L8943          BRANCH IF NUMERIC, STRING IF <> 0 
2CEB BD1DF6           (../MS Extended BA):04445                   JSR  LB657          GET LENGTH & ADDRESS OF STRING VARIABLE 
2CEE 9E52             (../MS Extended BA):04446                   LDX  FPA0+2         GET POINTER TO STRING DESCRIPTOR 
2CF0 9606             (../MS Extended BA):04447                   LDA  VALTYP         GET VARIABLE TYPE 
2CF2 39               (../MS Extended BA):04448         L8943     RTS                 JUMP TO USR ROUTINE (PSHS X ABOVE) 
2CF3 C6AE             (../MS Extended BA):04449         L8944     LDB  #TOK_EQUALS    TOKEN FOR ‘=‘ 
2CF5 BD1A13           (../MS Extended BA):04450                   JSR  LB26F          DO A SYNTAX CHECK FOR = 
2CF8 7E1EDC           (../MS Extended BA):04451                   JMP  LB73D          EVALUATE EXPRESSION, RETURN VALUE IN X 
                      (../MS Extended BA):04452         ; DEL                          
2CFB 1027EEEA         (../MS Extended BA):04453         DEL       LBEQ LB44A          FC’ ERROR IF NO ARGUMENT 
2CFF BD172F           (../MS Extended BA):04454                   JSR  LAF67          CONVERT A DECIMAL BASIC NUMBER TO BINARY 
2D02 BD14BD           (../MS Extended BA):04455                   JSR  LAD01          FIND RAM ADDRESS OF START OF A BASIC LINE 
2D05 9F93             (../MS Extended BA):04456                   STX  VD3            SAVE RAM ADDRESS OF STARTING LINE NUMBER 
2D07 9D82             (../MS Extended BA):04457                   JSR  GETCCH         GET CURRENT INPUT CHARACTER 
2D09 2710             (../MS Extended BA):04458                   BEQ  L8990          BRANCH IF END OF LINE 
2D0B 81A7             (../MS Extended BA):04459                   CMPA #TOK_MINUS     TOKEN FOR '-' 
2D0D 263B             (../MS Extended BA):04460                   BNE  L89BF          TERMINATE COMMAND IF LINE NUMBER NOT FOLLOWED BY '-' 
2D0F 9D7C             (../MS Extended BA):04461                   JSR  GETNCH         GET A CHARACTER FROM BASIC 
2D11 2704             (../MS Extended BA):04462                   BEQ  L898C          IF END OF LINE, USE DEFAULT ENDING LINE NUMBER 
2D13 8D24             (../MS Extended BA):04463                   BSR  L89AE          * CONVERT ENDING LINE NUMBER TO BINARY 
2D15 2004             (../MS Extended BA):04464                   BRA  L8990          * AND SAVE IT IN BINVAL 
2D17 86FF             (../MS Extended BA):04465         L898C     LDA  #$FF           = USE $FFXX AS DEFAULT ENDING 
2D19 972B             (../MS Extended BA):04466                   STA  BINVAL         = LINE NUMBER - SAVE IT IN BINVAL 
2D1B DE93             (../MS Extended BA):04467         L8990     LDU  VD3            POINT U TO STARTING LINE NUMBER ADDRESS 
2D1D 8C               (../MS Extended BA):04468         L8992     FCB  SKP2           SKIP TWO BYTES 
2D1E EEC4             (../MS Extended BA):04469         L8993     LDU  ,U             POINT U TO START OF NEXT LINE 
2D20 ECC4             (../MS Extended BA):04470                   LDD  ,U             CHECK FOR END OF PROGRAM 
2D22 2706             (../MS Extended BA):04471                   BEQ  L899F          BRANCH IF END OF PROGRAM 
2D24 EC42             (../MS Extended BA):04472                   LDD  $02,U          LOAD ACCD WITH THIS LINE’S NUMBER 
2D26 932B             (../MS Extended BA):04473                   SUBD BINVAL         SUBTRACT ENDING LINE NUMBER ADDRESS 
2D28 23F4             (../MS Extended BA):04474                   BLS  L8993          BRANCH IF = < ENDING LINE NUMBER 
2D2A 9E93             (../MS Extended BA):04475         L899F     LDX  VD3            GET STARTING LINE NUMBER 
2D2C 8D15             (../MS Extended BA):04476                   BSR  L89B8          MOVE (U) TO (X) UNTIL END OF PROGRAM 
2D2E BD14DD           (../MS Extended BA):04477                   JSR  LAD21          RESET BASIC’S INPUT POINTER AND ERASE VARIABLES 
2D31 9E93             (../MS Extended BA):04478                   LDX  VD3            GET STARTING LINE NUMBER ADDRESS 
2D33 BD14AD           (../MS Extended BA):04479                   JSR  LACF1          RECOMPUTE START OF NEXT LINE ADDRESSES 
2D36 7E143D           (../MS Extended BA):04480                   JMP  LAC73          JUMP TO BASIC’S MAIN COMMAND LOOP 
2D39 BD172F           (../MS Extended BA):04481         L89AE     JSR  LAF67          GO GET LINE NUMBER CONVERTED TO BINARY 
2D3C 7E11D3           (../MS Extended BA):04482                   JMP  LA5C7          MAKE SURE THERE’S NO MORE ON THIS LINE 
2D3F A6C0             (../MS Extended BA):04483         L89B4     LDA  ,U+            GET A BYTE FROM (U) 
2D41 A780             (../MS Extended BA):04484                   STA  ,X+            MOVE THE BYTE TO (X) 
2D43 11931B           (../MS Extended BA):04485         L89B8     CMPU VARTAB         COMPARE TO END OF BASIC 
2D46 26F7             (../MS Extended BA):04486                   BNE  L89B4          BRANCH IF NOT AT END 
2D48 9F1B             (../MS Extended BA):04487                   STX  VARTAB         SAVE (X) AS NEW END OF BASIC 
2D4A 39               (../MS Extended BA):04488         L89BF     RTS                  
                      (../MS Extended BA):04489                                        
                      (../MS Extended BA):04490                                        
2D4B BD2C34           (../MS Extended BA):04491         L89C0     JSR  L8866          ‘BS’ ERROR IF IN DIRECT MODE 
2D4E 9D7C             (../MS Extended BA):04492                   JSR  GETNCH         GET A CHAR FROM BASIC 
2D50 8122             (../MS Extended BA):04493         L89D2     CMPA #'"'           CHECK FOR PROMPT STRING 
2D52 260B             (../MS Extended BA):04494                   BNE  L89E1          BRANCH IF NO PROMPT STRING 
2D54 BD19E8           (../MS Extended BA):04495                   JSR  LB244          STRIP OFF PROMPT STRING & PUT IT ON STRING STACK 
2D57 C63B             (../MS Extended BA):04496                   LDB  #';'           * 
2D59 BD1A13           (../MS Extended BA):04497                   JSR  LB26F          * DO A SYNTAX CHECK FOR; 
2D5C BD2103           (../MS Extended BA):04498                   JSR  LB99F          REMOVE PROMPT STRING FROM STRING STACK & SEND TO CONSOLE OUT 
2D5F 327E             (../MS Extended BA):04499         L89E1     LEAS $-02,S         RESERVE TWO STORAGE SLOTS ON STACK 
2D61 BD17E4           (../MS Extended BA):04500                   JSR  LB035          INPUT A LINE FROM CURRENT INPUT DEVICE 
2D64 3262             (../MS Extended BA):04501                   LEAS $02,S          CLEAN UP THE STACK 
2D66 BD1AF6           (../MS Extended BA):04502                   JSR  LB357          SEARCH FOR A VARIABLE 
2D69 9F3B             (../MS Extended BA):04503                   STX  VARDES         SAVE POINTER TO VARIABLE DESCRIPTOR 
2D6B BD18EA           (../MS Extended BA):04504                   JSR  LB146          ‘TM’ ERROR IF VARIABLE TYPE = NUMERIC 
2D6E 8E40E1           (../MS Extended BA):04505                   LDX  #LINBUF        POINT X TO THE STRING BUFFER WHERE THE INPUT STRING WAS STORED 
2D71 4F               (../MS Extended BA):04506                   CLRA                TERMINATOR CHARACTER 0 (END OF LINE) 
2D72 BD1CBB           (../MS Extended BA):04507                   JSR  LB51A          PARSE THE INPUT STRING AND STORE IT IN THE STRING SPACE 
2D75 7E176C           (../MS Extended BA):04508                   JMP  LAFA4          REMOVE DESCRIPTOR FROM STRING STACK 
2D78 BD172F           (../MS Extended BA):04509         L89FC     JSR  LAF67          STRIP A DECIMAL NUMBER FROM BASIC INPUT LINE 
2D7B 9E2B             (../MS Extended BA):04510                   LDX  BINVAL         GET BINARY VALUE 
2D7D 39               (../MS Extended BA):04511                   RTS                  
2D7E 9E91             (../MS Extended BA):04512         L8A02     LDX  VD1            GET CURRENT OLD NUMBER BEING RENUMBERED 
2D80 9F2B             (../MS Extended BA):04513         L8A04     STX  BINVAL         SAVE THE LINE NUMBER BEING SEARCHED FOR 
2D82 7E14BD           (../MS Extended BA):04514                   JMP  LAD01          GO FIND THE LINE NUMBER IN BASIC PROGRAM 
                      (../MS Extended BA):04515                                        
                      (../MS Extended BA):04516         ; RENUM                        
2D85 BD14E2           (../MS Extended BA):04517         RENUM     JSR  LAD26          ERASE VARIABLES 
2D88 CC000A           (../MS Extended BA):04518                   LDD  #10            DEFAULT LINE NUMBER INTERVAL 
2D8B DD95             (../MS Extended BA):04519                   STD  VD5            SAVE DEFAULT RENUMBER START LINE NUMBER 
2D8D DD8F             (../MS Extended BA):04520                   STD  VCF            SAVE DEFAULT INTERVAL 
2D8F 5F               (../MS Extended BA):04521                   CLRB                NOW ACCD = 0 
2D90 DD91             (../MS Extended BA):04522                   STD  VD1            DEFAULT LINE NUMBER OF WHERE TO START RENUMBERING 
2D92 9D82             (../MS Extended BA):04523                   JSR  GETCCH         GET CURRENT INPUT CHARACTER 
2D94 2406             (../MS Extended BA):04524                   BCC  L8A20          BRANCH IF NOT NUMERIC 
2D96 8DE0             (../MS Extended BA):04525                   BSR  L89FC          CONVERT DECIMAL NUMBER IN BASIC PROGRAM TO BINARY 
2D98 9F95             (../MS Extended BA):04526                   STX  VD5            SAVE LINE NUMBER WHERE RENUMBERING STARTS 
2D9A 9D82             (../MS Extended BA):04527                   JSR  GETCCH         GET CURRENT INPUT CHARACTER 
2D9C 271B             (../MS Extended BA):04528         L8A20     BEQ  L8A3D          BRANCH IF END OF LINE 
2D9E BD1A11           (../MS Extended BA):04529                   JSR  LB26D          SYNTAX CHECK FOR COMMA 
2DA1 2406             (../MS Extended BA):04530                   BCC  L8A2D          BRANCH IF NEXT CHARACTER NOT NUMERIC 
2DA3 8DD3             (../MS Extended BA):04531                   BSR  L89FC          CONVERT DECIMAL NUMBER IN BASIC PROGRAM TO BINARY 
2DA5 9F91             (../MS Extended BA):04532                   STX  VD1            SAVE NEW RENUMBER LINE 
2DA7 9D82             (../MS Extended BA):04533                   JSR  GETCCH         GET CURRENT INPUT CHARACTER 
2DA9 270E             (../MS Extended BA):04534         L8A2D     BEQ  L8A3D          BRANCH IF END OF LINE 
2DAB BD1A11           (../MS Extended BA):04535                   JSR  LB26D          SYNTAX CHECK FOR COMMA 
2DAE 2406             (../MS Extended BA):04536                   BCC  L8A3A          BRANCH IF NEXT CHARACTER NOT NUMERIC 
2DB0 8DC6             (../MS Extended BA):04537                   BSR  L89FC          CONVERT DECIMAL NUMBER IN BASIC PROGRAM TO BINARY 
2DB2 9F8F             (../MS Extended BA):04538                   STX  VCF            SAVE NEW INTERVAL 
2DB4 2749             (../MS Extended BA):04539                   BEQ  L8A83          ‘FC' ERROR 
2DB6 BD11D3           (../MS Extended BA):04540         L8A3A     JSR  LA5C7          CHECK FOR MORE CHARACTERS ON LINE - ‘SYNTAX’ ERROR IF ANY 
2DB9 8DC3             (../MS Extended BA):04541         L8A3D     BSR  L8A02          GO GET ADDRESS OF OLD NUMBER BEING RENUMBERED 
2DBB 9F93             (../MS Extended BA):04542                   STX  VD3            SAVE ADDRESS 
2DBD 9E95             (../MS Extended BA):04543                   LDX  VD5            GET NEXT RENUMBERED LINE NUMBER TO USE 
2DBF 8DBF             (../MS Extended BA):04544                   BSR  L8A04          FIND THE LINE NUMBER IN THE BASIC PROGRAM 
2DC1 9C93             (../MS Extended BA):04545                   CMPX VD3            COMPARE TO ADDRESS OF OLD LINE NUMBER 
2DC3 253A             (../MS Extended BA):04546                   BLO  L8A83          ‘FC’ ERROR IF NEW ADDRESS < OLD ADDRESS 
2DC5 8D1C             (../MS Extended BA):04547                   BSR  L8A67          MAKE SURE RENUMBERED LINE NUMBERS WILL BE IN RANGE 
2DC7 BD2E59           (../MS Extended BA):04548                   JSR  L8ADD          CONVERT ASCII LINE NUMBERS TO ‘EXPANDED’ BINARY 
2DCA BD14AB           (../MS Extended BA):04549                   JSR  LACEF          RECALCULATE NEXT LINE RAM ADDRESSES 
2DCD 8DAF             (../MS Extended BA):04550                   BSR  L8A02          GET RAM ADDRESS OF FIRST LINE TO BE RENUMBERED 
2DCF 9F93             (../MS Extended BA):04551                   STX  VD3            SAVE IT 
2DD1 8D3A             (../MS Extended BA):04552                   BSR  L8A91          MAKE SURE LINE NUMBERS EXIST 
2DD3 8D0F             (../MS Extended BA):04553                   BSR  L8A68          INSERT NEW LINE NUMBERS IN LINE HEADERS 
2DD5 8D36             (../MS Extended BA):04554                   BSR  L8A91          INSERT NEW LINE NUMBERS IN PROGRAM STATEMENTS 
2DD7 BD2EF4           (../MS Extended BA):04555                   JSR  L8B7B          CONVERT PACKED BINARY LINE NUMBERS TO ASCII 
2DDA BD14E2           (../MS Extended BA):04556                   JSR  LAD26          ERASE VARIABLES 
2DDD BD14AB           (../MS Extended BA):04557                   JSR  LACEF          RECALCULATE NEXT LINE RAM ADDRESS 
2DE0 7E143D           (../MS Extended BA):04558                   JMP  LAC73          GO BACK TO BASIC’S MAIN LOOP 
2DE3 86               (../MS Extended BA):04559         L8A67     FCB  SKP1LD         SKIP ONE BYTE - LDA #$4F 
2DE4 4F               (../MS Extended BA):04560         L8A68     CLRA                NEW LINE NUMBER FLAG - 0; INSERT NEW LINE NUMBERS 
2DE5 9798             (../MS Extended BA):04561                   STA  VD8            SAVE NEW LINE NUMBER FLAG; 0 = INSERT NEW NUMBERS 
2DE7 9E93             (../MS Extended BA):04562                   LDX  VD3            GET ADDRESS OF OLD LINE NUMBER BEING RENUMBERED 
2DE9 DC95             (../MS Extended BA):04563                   LDD  VD5            GET THE CURRENT RENUMBERED LINE NUMBER 
2DEB 8D15             (../MS Extended BA):04564                   BSR  L8A86          RETURN IF END OF PROGRAM 
2DED 0D98             (../MS Extended BA):04565         L8A71     TST  VD8            CHECK NEW LINE NUMBER FLAG 
2DEF 2602             (../MS Extended BA):04566                   BNE  L8A77          BRANCH IF NOT INSERTING NEW LINE NUMBERS 
2DF1 ED02             (../MS Extended BA):04567                   STD  $02,X          STORE THE NEW LINE NUMBER IN THE BASIC PROGRAM 
2DF3 AE84             (../MS Extended BA):04568         L8A77     LDX  ,X             POINT X TO THE NEXT LINE IN BASIC 
2DF5 8D0B             (../MS Extended BA):04569                   BSR  L8A86          RETURN IF END OF PROGRAM 
2DF7 D38F             (../MS Extended BA):04570                   ADDD VCF            ADD INTERVAL TO CURRENT RENUMBERED LINE NUMBER 
2DF9 2504             (../MS Extended BA):04571                   BLO  L8A83          ‘FC’ ERROR IF LINE NUMBER > $FFFF 
2DFB 81FA             (../MS Extended BA):04572                   CMPA #MAXLIN        LARGEST LINE NUMBER = $F9FF 
2DFD 25EE             (../MS Extended BA):04573                   BLO  L8A71          BRANCH IF LEGAL LINE NUMBER 
2DFF 7E1BE9           (../MS Extended BA):04574         L8A83     JMP  LB44A          ‘FC’ ERROR IF LINE NUMBER MS BYTE > $F9 
                      (../MS Extended BA):04575         ; TEST THE TWO BYTES POINTED TO BY (X).                      
                      (../MS Extended BA):04576         ; NORMAL RETURN IF <> 0. IF = 0 (END OF                      
                      (../MS Extended BA):04577         ; PROGRAM) RETURN IS PULLED OFF STACK AND                      
                      (../MS Extended BA):04578         ; YOU RETURN TO PREVIOUS SUBROUTINE CALL.                      
2E02 3406             (../MS Extended BA):04579         L8A86     PSHS B,A            SAVE ACCD 
2E04 EC84             (../MS Extended BA):04580                   LDD  ,X             TEST THE 2 BYTES POINTED TO BY X 
2E06 3506             (../MS Extended BA):04581                   PULS A,B            RESTORE ACCD 
2E08 2602             (../MS Extended BA):04582                   BNE  L8A90          BRANCH IF NOT END OF PROGRAM 
2E0A 3262             (../MS Extended BA):04583                   LEAS $02,S          PURGE RETURN ADDRESS FROM STACK 
2E0C 39               (../MS Extended BA):04584         L8A90     RTS                  
2E0D 9E19             (../MS Extended BA):04585         L8A91     LDX  TXTTAB         GET START OF BASIC PROGRAM 
2E0F 301F             (../MS Extended BA):04586                   LEAX $-01,X         MOVE POINTER BACK ONE 
2E11 3001             (../MS Extended BA):04587         L8A95     LEAX $01,X          MOVE POINTER UP ONE 
2E13 8DED             (../MS Extended BA):04588                   BSR  L8A86          RETURN IF END OF PROGRAM 
2E15 3003             (../MS Extended BA):04589         L8A99     LEAX $03,X          SKIP OVER NEXT LINE ADDRESS AND LINE NUMBER 
2E17 3001             (../MS Extended BA):04590         L8A9B     LEAX $01,X          MOVE POINTER TO NEXT CHARACTER 
2E19 A684             (../MS Extended BA):04591                   LDA  ,X             CHECK CURRENT CHARACTER 
2E1B 27F4             (../MS Extended BA):04592                   BEQ  L8A95          BRANCH IF END OF LINE 
2E1D 9F0F             (../MS Extended BA):04593                   STX  TEMPTR         SAVE CURRENT POINTER 
2E1F 4A               (../MS Extended BA):04594                   DECA                = 
2E20 270C             (../MS Extended BA):04595                   BEQ  L8AB2          =BRANCH IF START OF PACKED NUMERIC LINE 
2E22 4A               (../MS Extended BA):04596                   DECA                * 
2E23 272A             (../MS Extended BA):04597                   BEQ  L8AD3          *BRANCH IF LINE NUMBER EXISTS 
2E25 4A               (../MS Extended BA):04598                   DECA                = 
2E26 26EF             (../MS Extended BA):04599                   BNE  L8A9B          =MOVE TO NEXT CHARACTER IF > 3 
2E28 8603             (../MS Extended BA):04600         L8AAC     LDA  #$03           * SET 1ST BYTE = 3 TO INDICATE LINE 
2E2A A780             (../MS Extended BA):04601                   STA  ,X+            * NUMBER DOESN’T CURRENTLY EXIST 
2E2C 20E7             (../MS Extended BA):04602                   BRA  L8A99          GO GET ANOTHER CHARACTER 
2E2E EC01             (../MS Extended BA):04603         L8AB2     LDD  $01,X          GET MS BYTE OF LINE NUMBER 
2E30 6A02             (../MS Extended BA):04604                   DEC  $02,X          DECREMENT ZERO CHECK BYTE 
2E32 2701             (../MS Extended BA):04605                   BEQ  L8AB9          BRANCH IF MS BYTE <> 0 
2E34 4F               (../MS Extended BA):04606                   CLRA                CLEAR MS BYTE 
2E35 E603             (../MS Extended BA):04607         L8AB9     LDB  $03,X          GET LS BYTE OF LINE NUMBER 
2E37 6A04             (../MS Extended BA):04608                   DEC  $04,X          DECREMENT ZERO CHECK FLAG 
2E39 2701             (../MS Extended BA):04609                   BEQ  L8AC0          BRANCH IF IS BYTE <> 0 
2E3B 5F               (../MS Extended BA):04610                   CLRB                CLEAR LS BYTE 
2E3C ED01             (../MS Extended BA):04611         L8AC0     STD  $01,X          SAVE BINARY LINE NUMBER 
2E3E DD2B             (../MS Extended BA):04612                   STD  BINVAL         SAVE TRIAL LINE NUMBER 
2E40 BD14BD           (../MS Extended BA):04613                   JSR  LAD01          FIND RAM ADDRESS OF A BASIC LINE NUMBER 
2E43 9E0F             (../MS Extended BA):04614         L8AC7     LDX  TEMPTR         GET BACK POINTER TO START OF PACKED LINE NUMBER 
2E45 25E1             (../MS Extended BA):04615                   BLO  L8AAC          BRANCH IF NO LINE NUMBER MATCH FOUND 
2E47 DC47             (../MS Extended BA):04616                   LDD  V47            GET START ADDRESS OF LINE NUMBER 
2E49 6C80             (../MS Extended BA):04617                   INC  ,X+            * SET 1ST BYTE = 2, TO INDICATE LINE NUMBER EXISTS IF CHECKING FOR 
                      (../MS Extended BA):04618         ;                             * EXISTENCE OF LINE NUMBER, SET IT = 1 IF INSERTING LINE NUMBERS  
2E4B ED84             (../MS Extended BA):04619                   STD  ,X             SAVE RAM ADDRESS OF CORRECT LINE NUMBER 
2E4D 20C6             (../MS Extended BA):04620                   BRA  L8A99          GO GET ANOTHER CHARACTER 
2E4F 6F84             (../MS Extended BA):04621         L8AD3     CLR  ,X             CLEAR CARRY FLAG AND 1ST BYTE 
2E51 AE01             (../MS Extended BA):04622                   LDX  $01,X          POINT X TO RAM ADDRESS OF CORRECT LINE NUMBER 
2E53 AE02             (../MS Extended BA):04623                   LDX  $02,X          PUT CORRECT LINE NUMBER INTO (X) 
2E55 9F47             (../MS Extended BA):04624                   STX  V47            SAVE IT TEMPORARILY 
2E57 20EA             (../MS Extended BA):04625                   BRA  L8AC7          GO INSERT IT INTO BASIC LINE 
2E59 9E19             (../MS Extended BA):04626         L8ADD     LDX  TXTTAB         GET BEGINNING OF BASIC PROGRAM 
2E5B 2004             (../MS Extended BA):04627                   BRA  L8AE5           
2E5D 9E83             (../MS Extended BA):04628         L8AE1     LDX  CHARAD         *GET CURRENT INPUT POINTER 
2E5F 3001             (../MS Extended BA):04629                   LEAX $01,X          *AND BUMP IT ONE 
2E61 8D9F             (../MS Extended BA):04630         L8AE5     BSR  L8A86          RETURN IF END OF PROGRAM 
2E63 3002             (../MS Extended BA):04631                   LEAX $02,X          SKIP PAST NEXT LINE ADDRESS 
2E65 3001             (../MS Extended BA):04632         L8AE9     LEAX $01,X          ADVANCE POINTER BY ONE 
2E67 9F83             (../MS Extended BA):04633         L8AEB     STX  CHARAD         SAVE NEW BASIC INPUT POINTER 
2E69 9D7C             (../MS Extended BA):04634         L8AED     JSR  GETNCH         GET NEXT CHARACTER FROM BASIC 
2E6B 4D               (../MS Extended BA):04635         L8AEF     TSTA                CHECK THE CHARACTER 
2E6C 27EF             (../MS Extended BA):04636                   BEQ  L8AE1          BRANCH IF END OF LINE 
2E6E 2AF9             (../MS Extended BA):04637                   BPL  L8AED          BRANCH IF NOT A TOKEN 
2E70 9E83             (../MS Extended BA):04638                   LDX  CHARAD         GET CURRENT INPUT POINTER 
2E72 81FF             (../MS Extended BA):04639                   CMPA #$FF           IS THIS A SECONDARY TOKEN? 
2E74 27EF             (../MS Extended BA):04640                   BEQ  L8AE9          YES - IGNORE IT 
2E76 81A2             (../MS Extended BA):04641                   CMPA #TOK_THEN      TOKEN FOR THEN? 
2E78 2712             (../MS Extended BA):04642                   BEQ  L8B13          YES 
2E7A 8184             (../MS Extended BA):04643                   CMPA #TOK_ELSE      TOKEN FOR ELSE? 
2E7C 270E             (../MS Extended BA):04644                   BEQ  L8B13          YES 
2E7E 8181             (../MS Extended BA):04645                   CMPA #TOK_GO        TOKEN FOR GO? 
2E80 26E7             (../MS Extended BA):04646                   BNE  L8AED          NO 
2E82 9D7C             (../MS Extended BA):04647                   JSR  GETNCH         GET A CHARACTER FROM BASIC 
2E84 81A0             (../MS Extended BA):04648                   CMPA #TOK_TO        TOKEN FOR TO? 
2E86 2704             (../MS Extended BA):04649                   BEQ  L8B13          YES 
2E88 81A1             (../MS Extended BA):04650                   CMPA #TOK_SUB       TOKEN FOR SUB? 
2E8A 26DB             (../MS Extended BA):04651                   BNE  L8AEB          NO 
2E8C 9D7C             (../MS Extended BA):04652         L8B13     JSR  GETNCH         GET A CHARACTER FROM BASIC 
2E8E 2504             (../MS Extended BA):04653                   BLO  L8B1B          BRANCH IF NUMERIC 
2E90 9D82             (../MS Extended BA):04654         L8B17     JSR  GETCCH         GET CURRENT BASIC INPUT CHARRACTER 
2E92 20D7             (../MS Extended BA):04655                   BRA  L8AEF          KEEP CHECKING THE LINE 
2E94 9E83             (../MS Extended BA):04656         L8B1B     LDX  CHARAD         GET CURRENT INPUT ADDRESS 
2E96 3410             (../MS Extended BA):04657                   PSHS X              SAVE IT ON THE STACK 
2E98 BD172F           (../MS Extended BA):04658                   JSR  LAF67          CONVERT DECIMAL BASIC NUMBER TO BINARY 
2E9B 9E83             (../MS Extended BA):04659                   LDX  CHARAD         GET CURRENT INPUT POINTER 
2E9D A682             (../MS Extended BA):04660         L8B24     LDA  ,-X            GET PREVIOUS INPUT CHARACTER 
2E9F BD3204           (../MS Extended BA):04661                   JSR  L90AA          CLEAR CARRY IF NUMERIC INPUT VALUE 
2EA2 25F9             (../MS Extended BA):04662                   BLO  L8B24          BRANCH IF NON-NUMERIC 
2EA4 3001             (../MS Extended BA):04663                   LEAX $01,X          MOVE POINTER UP ONE 
2EA6 1F10             (../MS Extended BA):04664                   TFR  X,D            NOW ACCD POINTS TO ONE PAST END OF LINE NUMBER 
2EA8 E061             (../MS Extended BA):04665                   SUBB $01,S          SUBTRACT PRE-NUMERIC POINTER LS BYTE 
2EAA C005             (../MS Extended BA):04666                   SUBB #$05           MAKE SURE THERE ARE AT LEAST 5 CHARACTERS IN THE NUMERIC LINE 
                      (../MS Extended BA):04667         ;                              
2EAC 2720             (../MS Extended BA):04668                   BEQ  L8B55          BRANCH IF EXACTLY 5 
2EAE 250A             (../MS Extended BA):04669                   BLO  L8B41          BRANCH IF < 5 
2EB0 3384             (../MS Extended BA):04670                   LEAU ,X             TRANSFER X TO U 
2EB2 50               (../MS Extended BA):04671                   NEGB                NEGATE B 
2EB3 3085             (../MS Extended BA):04672                   LEAX B,X            MOVE X BACK B BYTES 
2EB5 BD2D43           (../MS Extended BA):04673                   JSR  L89B8          *MOVE BYTES FROM (U) TO (X) UNTIL 
                      (../MS Extended BA):04674         ;                             *U = END OF BASIC; (I) = NEW END OF BASIC  
2EB8 2014             (../MS Extended BA):04675                   BRA  L8B55           
                      (../MS Extended BA):04676         ; FORCE FIVE BYTES OF SPACE FOR THE LINE NUMBER                      
2EBA 9F47             (../MS Extended BA):04677         L8B41     STX  V47            SAVE END OF NUMERIC VALUE 
2EBC 9E1B             (../MS Extended BA):04678                   LDX  VARTAB         GET END OF BASIC PROGRAM 
2EBE 9F43             (../MS Extended BA):04679                   STX  V43            SAVE IT 
2EC0 50               (../MS Extended BA):04680                   NEGB                NEGATE B 
2EC1 3085             (../MS Extended BA):04681                   LEAX B,X            ADD IT TO END OF NUMERIC POiNTER 
2EC3 9F41             (../MS Extended BA):04682                   STX  V41            SAVE POINTER 
2EC5 9F1B             (../MS Extended BA):04683                   STX  VARTAB         STORE END OF BASIC PROGRAM 
2EC7 BD13F6           (../MS Extended BA):04684                   JSR  LAC1E          ACCD = TOP OF ARRAYS - CHECK FOR ENOUGH ROOM 
2ECA 9E45             (../MS Extended BA):04685                   LDX  V45            * GET AND SAVE THE 
2ECC 9F83             (../MS Extended BA):04686                   STX  CHARAD         * NEW CURRENT INPUT POINTER 
2ECE 3510             (../MS Extended BA):04687         L8B55     PULS X              RESTORE POINTER TO START OF NUMERIC VALUE 
2ED0 8601             (../MS Extended BA):04688                   LDA  #$01           NEW LINE NUMBER FLAG 
2ED2 A784             (../MS Extended BA):04689                   STA  ,X             * SAVE NEW LINE FLAG 
2ED4 A702             (../MS Extended BA):04690                   STA  $02,X          * 
2ED6 A704             (../MS Extended BA):04691                   STA  $04,X          * 
2ED8 D62B             (../MS Extended BA):04692                   LDB  BINVAL         GET MS BYTE OF BINARY LINE NUMBER 
2EDA 2604             (../MS Extended BA):04693                   BNE  L8B67          BRANCH IF IT IS NOT ZERO 
2EDC C601             (../MS Extended BA):04694                   LDB  #$01           SAVE A 1 IF BYTE IS 0; OTHERWISE, BASIC WILL 
                      (../MS Extended BA):04695         ;                             THINK IT IS THE END OF A LINE  
2EDE 6C02             (../MS Extended BA):04696                   INC  $02,X          IF 2,X = 2, THEN PREVIOUS BYTE WAS A ZERO 
2EE0 E701             (../MS Extended BA):04697         L8B67     STB  $01,X          SAVE MS BYTE OF BINARY LINE NUMBER 
2EE2 D62C             (../MS Extended BA):04698                   LDB  BINVAL+1       GET IS BYTE OF BINARY LINE NUMBER 
2EE4 2604             (../MS Extended BA):04699                   BNE  L8B71          BRANCH IF NOT A ZERO BYTE 
2EE6 C601             (../MS Extended BA):04700                   LDB  #$01           SAVE A 1 IF BYTE IS A 0 
2EE8 6C04             (../MS Extended BA):04701                   INC  $04,X          IF 4,X = 2, THEN PREVIOUS BYTE WAS A 0 
2EEA E703             (../MS Extended BA):04702         L8B71     STB  $03,X          SAVE LS BYTE OF BINARY LINE NUMBER 
2EEC 9D82             (../MS Extended BA):04703                   JSR  GETCCH         GET CURRENT INPUT CHARACTER 
2EEE 812C             (../MS Extended BA):04704                   CMPA #','           IS IT A COMMA? 
2EF0 279A             (../MS Extended BA):04705                   BEQ  L8B13          YES - PROCESS ANOTHER NUMERIC VALUE 
2EF2 209C             (../MS Extended BA):04706                   BRA  L8B17          NO - GO GET AND PROCESS AN INPUT CHARACTER 
2EF4 9E19             (../MS Extended BA):04707         L8B7B     LDX  TXTTAB         POINT X TO START OF BASIC PROGRAM 
2EF6 301F             (../MS Extended BA):04708                   LEAX $-01,X         MOVE POINTER BACK ONE 
2EF8 3001             (../MS Extended BA):04709         L8B7F     LEAX $01,X          MOVE POINTER UP ONE 
2EFA EC02             (../MS Extended BA):04710                   LDD  $02,X          GET ADDRESS OF NEXT LINE 
2EFC DD68             (../MS Extended BA):04711                   STD  CURLIN         SAVE IT IN CURLIN 
2EFE BD2E02           (../MS Extended BA):04712                   JSR  L8A86          RETURN IF END OF PROGRAM 
2F01 3003             (../MS Extended BA):04713                   LEAX $03,X          SKIP OVER ADDRESS OF NEXT LINE AND 1ST BYTE OF LINE NUMBER 
2F03 3001             (../MS Extended BA):04714         L8B8A     LEAX $01,X          MOVE POINTER UP ONE 
2F05 A684             (../MS Extended BA):04715         L8B8C     LDA  ,X             GET CURRENT CHARACTER 
2F07 27EF             (../MS Extended BA):04716                   BEQ  L8B7F          BRANCH IF END OF LINE 
2F09 4A               (../MS Extended BA):04717                   DECA                INPUT CHARACTER = 1? - VALID LINE NUMBER 
2F0A 271B             (../MS Extended BA):04718                   BEQ  L8BAE          YES 
2F0C 8002             (../MS Extended BA):04719                   SUBA #$02           INPUT CHARACTER 3? - UL LINE NUMBER 
2F0E 26F3             (../MS Extended BA):04720                   BNE  L8B8A          NO 
2F10 3410             (../MS Extended BA):04721                   PSHS X              SAVE CURRENT POSITION OF INPUT POINTER 
2F12 8E2F51           (../MS Extended BA):04722                   LDX  #L8BD9-1       POINT X TO ‘UL’ MESSAGE 
2F15 BD2100           (../MS Extended BA):04723                   JSR  LB99C          PRINT STRING TO THE SCREEN 
2F18 AEE4             (../MS Extended BA):04724                   LDX  ,S             GET INPUT POINTER 
2F1A EC01             (../MS Extended BA):04725                   LDD  $01,X          GET THE UNDEFINED LINE NUMBER 
2F1C BD2530           (../MS Extended BA):04726                   JSR  LBDCC          CONVERT NUMBER IN ACCD TO DECIMAL AND DISPLAY IT 
2F1F BD2529           (../MS Extended BA):04727                   JSR  LBDC5          PRINT ‘IN XXXX’ XXXX = CURRENT LINE NUMBER 
2F22 BD20C0           (../MS Extended BA):04728                   JSR  LB958          SEND A CR TO CONSOLE OUT 
2F25 3510             (../MS Extended BA):04729                   PULS X              GET INPUT POINTER BACK 
2F27 3410             (../MS Extended BA):04730         L8BAE     PSHS X              SAVE CURRENT POSITION OF INPUT POINTER 
2F29 EC01             (../MS Extended BA):04731                   LDD  $01,X          LOAD ACCD WITH BINARY VALUE OF LINE NUMBER 
2F2B DD52             (../MS Extended BA):04732                   STD  FPA0+2         SAVE IN BOTTOM 2 BYTES OF FPA0 
2F2D BD2BDC           (../MS Extended BA):04733                   JSR  L880E          ADJUST REST OF FPA0 AS AN INTEGER 
2F30 BD253D           (../MS Extended BA):04734                   JSR  LBDD9          CONVERT FPA0 TO ASCII, STORE IN LINE NUMBER 
2F33 3540             (../MS Extended BA):04735                   PULS U              LOAD U WITH PREVIOUS ADDRESS OF INPUT POINTER 
2F35 C605             (../MS Extended BA):04736                   LDB  #$05           EACH EXPANDED LINE NUMBER USES 5 BYTES 
2F37 3001             (../MS Extended BA):04737         L8BBE     LEAX $01,X          MOVE POINTER FORWARD ONE 
2F39 A684             (../MS Extended BA):04738                   LDA  ,X             GET AN ASCII BYTE 
2F3B 2705             (../MS Extended BA):04739                   BEQ  L8BC9          BRANCH IF END OF NUMBER 
2F3D 5A               (../MS Extended BA):04740                   DECB                DECREMENT BYTE COUNTER 
2F3E A7C0             (../MS Extended BA):04741                   STA  ,U+            STORE ASCII NUMBER IN BASIC LINE 
2F40 20F5             (../MS Extended BA):04742                   BRA  L8BBE          CHECK FOR ANOTHER DIGIT 
2F42 30C4             (../MS Extended BA):04743         L8BC9     LEAX ,U             TRANSFER NEW LINE POINTER TO (X) 
2F44 5D               (../MS Extended BA):04744                   TSTB DOES THE NEW LINE NUMBER REQUIRE 5 BYTES?  
2F45 27BE             (../MS Extended BA):04745                   BEQ  L8B8C          YES - GO GET ANOTHER INPUT CHARACTER 
2F47 31C4             (../MS Extended BA):04746                   LEAY ,U             SAVE NEW LINE POINTER IN Y 
2F49 33C5             (../MS Extended BA):04747                   LEAU B,U            POINT U TO END OF 5 BYTE PACKED LINE NUMBER BLOCK 
2F4B BD2D43           (../MS Extended BA):04748                   JSR  L89B8          MOVE BYTES FROM (U) TO (X) UNTIL END OF PROGRAM 
2F4E 30A4             (../MS Extended BA):04749                   LEAX ,Y             LOAD (X) WITH NEW LINE POINTER 
2F50 20B3             (../MS Extended BA):04750                   BRA  L8B8C          GO GET ANOTHER INPUT CHARACTER 
                      (../MS Extended BA):04751                                        
2F52 554C20           (../MS Extended BA):04752         L8BD9     FCC  "UL "          UNKNOWN LINE NUMBER MESSAGE 
2F55 00               (../MS Extended BA):04753                   FCB  0               
                      (../MS Extended BA):04754                                        
                      (../MS Extended BA):04755                                        
2F56 BD1EDF           (../MS Extended BA):04756         HEXDOL    JSR  LB740          CONVERT FPA0 INTO A POSITIVE 2 BYTE INTEGER 
2F59 8E41DE           (../MS Extended BA):04757                   LDX  #STRBUF+2      POINT TO TEMPORARY BUFFER 
2F5C C604             (../MS Extended BA):04758                   LDB  #$04           CONVERT 4 NIBBLES 
2F5E 3404             (../MS Extended BA):04759         L8BE5     PSHS B              SAVE NIBBLE COUNTER 
2F60 5F               (../MS Extended BA):04760                   CLRB                CLEAR CARRY FLAG 
2F61 8604             (../MS Extended BA):04761                   LDA  #$04           4 SHIFTS 
2F63 0853             (../MS Extended BA):04762         L8BEA     ASL  FPA0+3         * SHIFT BOTTOM TWO BYTES OF 
2F65 0952             (../MS Extended BA):04763                   ROL  FPA0+2         * FPA0 LEFT ONE BIT (X2) 
2F67 59               (../MS Extended BA):04764                   ROLB                IF OVERFLOW, ACCB <> 0 
2F68 4A               (../MS Extended BA):04765                   DECA                * DECREMENT SHIFT COUNTER AND 
2F69 26F8             (../MS Extended BA):04766                   BNE  L8BEA          * BRANCH IF NOT DONE 
2F6B 5D               (../MS Extended BA):04767                   TSTB CHECK FOR OVERFLOW  
2F6C 260A             (../MS Extended BA):04768                   BNE  L8BFF          BRANCH IF OVERFLOW 
2F6E A6E4             (../MS Extended BA):04769                   LDA  ,S             * GET NIBBLE COUNTER, 
2F70 4A               (../MS Extended BA):04770                   DECA                * DECREMENT IT AND 
2F71 2705             (../MS Extended BA):04771                   BEQ  L8BFF          * BRANCH IF DONE 
2F73 8C41DE           (../MS Extended BA):04772                   CMPX #STRBUF+2      DO NOT DO A CONVERSION UNTIL A NON-ZERO 
2F76 270C             (../MS Extended BA):04773                   BEQ  L8C0B          BYTE IS FOUND - LEADING ZERO SUPPRESSION 
2F78 CB30             (../MS Extended BA):04774         L8BFF     ADDB #'0'           ADD IN ASCII ZERO 
2F7A C139             (../MS Extended BA):04775                   CMPB #'9'           COMPARE TO ASCII 9 
2F7C 2302             (../MS Extended BA):04776                   BLS  L8C07          BRANCH IF < 9 
2F7E CB07             (../MS Extended BA):04777                   ADDB #7             ADD ASCII OFFSET IF HEX LETTER 
2F80 E780             (../MS Extended BA):04778         L8C07     STB  ,X+            STORE HEX VALUE AND ADVANCE POINTER 
2F82 6F84             (../MS Extended BA):04779                   CLR  ,X             CLEAR NEXT BYTE - END OF STRING FLAG 
2F84 3504             (../MS Extended BA):04780         L8C0B     PULS B              * GET NIBBLE COUNTER, 
2F86 5A               (../MS Extended BA):04781                   DECB                * DECREMENT IT AND 
2F87 26D5             (../MS Extended BA):04782                   BNE  L8BE5          * BRANCH IF NOT DONE 
2F89 3262             (../MS Extended BA):04783                   LEAS $02,S          PURGE RETURN ADDRESS OFF OF STACK 
2F8B 8E41DD           (../MS Extended BA):04784                   LDX  #STRBUF+1      RESET POINTER 
2F8E 7E1CB7           (../MS Extended BA):04785                   JMP  LB518          SAVE STRING ON STRING STACK 
                      (../MS Extended BA):04786         ; PROCESS EXCLAMATION POINT                      
2F91 8601             (../MS Extended BA):04787         L8E37     LDA  #$01           * SET SPACES 
2F93 9799             (../MS Extended BA):04788                   STA  VD9            * COUNTER = 1 
                      (../MS Extended BA):04789         ; PROCESS STRING ITEM - LIST                      
2F95 5A               (../MS Extended BA):04790         L8E3B     DECB                DECREMENT FORMAT STRING LENGTH COUNTER 
2F96 BD3132           (../MS Extended BA):04791                   JSR  L8FD8          SEND A '+' TO CONSOLE OUT IF VDA <>0 
2F99 9D82             (../MS Extended BA):04792                   JSR  GETCCH         GET CURRENT INPUT CHARACTER 
2F9B 10270093         (../MS Extended BA):04793                   LBEQ L8ED8          EXIT PRINT USING IF END OF LINE 
2F9F D793             (../MS Extended BA):04794                   STB  VD3            SAVE REMAINDER FORMAT STRING LENGTH 
2FA1 BD18FA           (../MS Extended BA):04795                   JSR  LB156          EVALUATE EXPRESSION 
2FA4 BD18EA           (../MS Extended BA):04796                   JSR  LB146          ‘TM’ ERROR IF NUMERIC VARIABLE 
2FA7 9E52             (../MS Extended BA):04797                   LDX  FPA0+2         * GET ITEM - LIST DESCRIPTOR ADDRESS 
2FA9 9F4D             (../MS Extended BA):04798                   STX  V4D            * AND SAVE IT IN V4D 
2FAB D699             (../MS Extended BA):04799                   LDB  VD9            GET SPACES COUNTER 
2FAD BD1E4C           (../MS Extended BA):04800                   JSR  LB6AD          PUT ACCB BYTES INTO STRING SPACE & PUT DESCRIPTOR ON STRING STACK 
2FB0 BD2103           (../MS Extended BA):04801                   JSR  LB99F          PRINT THE FORMATTED STRING TO CONSOLE OUT 
                      (../MS Extended BA):04802         ; PAD FORMAT STRING WITH SPACES IF ITEM - LIST STRING < FORMAT STRING LENGTH                      
2FB3 9E52             (../MS Extended BA):04803                   LDX  FPA0+2         POINT X TO FORMATTED STRING DESCRIPTOR ADDRESS 
2FB5 D699             (../MS Extended BA):04804                   LDB  VD9            GET SPACES COUNTER 
2FB7 E084             (../MS Extended BA):04805                   SUBB ,X             SUBTRACT LENGTH OF FORMATTED STRING 
2FB9 5A               (../MS Extended BA):04806         L8E5F     DECB                DECREMENT DIFFERENCE 
2FBA 102B014F         (../MS Extended BA):04807                   LBMI L8FB3          GO INTERPRET ANOTHER ITEM - LIST 
2FBE BD2110           (../MS Extended BA):04808                   JSR  LB9AC          PAD FORMAT STRING WITH A SPACE 
2FC1 20F6             (../MS Extended BA):04809                   BRA  L8E5F          KEEP PADDING 
                      (../MS Extended BA):04810         ; PERCENT SIGN - PROCESS A %SPACES% COMMAND                      
2FC3 D793             (../MS Extended BA):04811         L8E69     STB  VD3            * SAVE THE CURRENT FORMAT STRING 
2FC5 9F0F             (../MS Extended BA):04812                   STX  TEMPTR         * COUNTER AND POINTER 
2FC7 8602             (../MS Extended BA):04813                   LDA  #$02           INITIAL SPACES COUNTER = 2 
2FC9 9799             (../MS Extended BA):04814                   STA  VD9            SAVE IN SPACES COUNTER 
2FCB A684             (../MS Extended BA):04815         L8E71     LDA  ,X             GET A CHARACTER FROM FORMAT STRING 
2FCD 8125             (../MS Extended BA):04816                   CMPA #'%'           COMPARE TO TERMINATOR CHARACTER 
2FCF 27C4             (../MS Extended BA):04817                   BEQ  L8E3B          BRANCH IF END OF SPACES COMMAND 
2FD1 8120             (../MS Extended BA):04818                   CMPA #' '           BLANK 
2FD3 2607             (../MS Extended BA):04819                   BNE  L8E82          BRANCH IF ILLEGAL CHARACTER 
2FD5 0C99             (../MS Extended BA):04820                   INC  VD9            ADD ONE TO SPACES COUNTER 
2FD7 3001             (../MS Extended BA):04821                   LEAX $01,X          MOVE FORMAT POINTER UP ONE 
2FD9 5A               (../MS Extended BA):04822                   DECB                DECREMENT LENGTH COUNTER 
2FDA 26EF             (../MS Extended BA):04823                   BNE  L8E71          BRANCH IF NOT END OF FORMAT STRING 
2FDC 9E0F             (../MS Extended BA):04824         L8E82     LDX  TEMPTR         * RESTORE CURRENT FORMAT STRING COUNTER 
2FDE D693             (../MS Extended BA):04825                   LDB  VD3            * AND POINTER TO POSITION BEFORE SPACES COMMAND 
2FE0 8625             (../MS Extended BA):04826                   LDA  #'%'           SEND A ‘%’ TO CONSOLE OUT AS A DEBUGGING AID 
                      (../MS Extended BA):04827         ; ERROR PROCESSOR - ILLEGAL CHARACTER OR BAD SYNTAX IN FORMAT STRING                      
2FE2 BD3132           (../MS Extended BA):04828         L8E88     JSR  L8FD8          SEND A '+' TO CONSOLE OUT IF VDA <> 0 
2FE5 BD3435           (../MS Extended BA):04829                   JSR  PUTCHR         SEND CHARACTER TO CONSOLE OUT 
2FE8 2029             (../MS Extended BA):04830                   BRA  L8EB9          GET NEXT CHARACTER IN FORMAT STRING 
                      (../MS Extended BA):04831                                        
                      (../MS Extended BA):04832         ; PRINT RAM HOOK                      
2FEA 81B1             (../MS Extended BA):04833         XVEC9     CMPA #TOK_USING     USING TOKEN 
2FEC 2701             (../MS Extended BA):04834                   BEQ  L8E95          BRANCH IF PRINT USING 
2FEE 39               (../MS Extended BA):04835                   RTS                  
                      (../MS Extended BA):04836                                        
                      (../MS Extended BA):04837         ; PRINT USING                      
                      (../MS Extended BA):04838         ; VDA IS USED AS A STATUS BYTE: BIT 6 = COMMA FORCE                      
                      (../MS Extended BA):04839         ; BIT 5=LEADING ASTERISK FORCE; BIT 4 = FLOATING $ FORCE                      
                      (../MS Extended BA):04840         ; BIT 3 = PRE SIGN FORCE; BIT 2 = POST SIGN FORCE; BIT 0 = EXPONENTIAL FORCE                      
2FEF 3262             (../MS Extended BA):04841         L8E95     LEAS $02,S          PURGE RETURN ADDRESS OFF THE STACK 
2FF1 BD18FC           (../MS Extended BA):04842                   JSR  LB158          EVALUATE FORMAT STRING 
2FF4 BD18EA           (../MS Extended BA):04843                   JSR  LB146          ‘TM’ ERROR IF VARIABLE TYPE = NUMERIC 
2FF7 C63B             (../MS Extended BA):04844                   LDB  #';'           CHECK FOR ITEM LIST SEPARATOR 
2FF9 BD1A13           (../MS Extended BA):04845                   JSR  LB26F          SYNTAX CHECK FOR ; 
2FFC 9E52             (../MS Extended BA):04846                   LDX  FPA0+2         * GET FORMAT STRING DESCRIPTOR ADDRESS 
2FFE 9F95             (../MS Extended BA):04847                   STX  VD5            * AND SAVE IT IN VD5 
3000 2006             (../MS Extended BA):04848                   BRA  L8EAE          GO PROCESS FORMAT STRING 
3002 9697             (../MS Extended BA):04849         L8EA8     LDA  VD7            *CHECK NEXT PRINT ITEM FLAG AND 
3004 2708             (../MS Extended BA):04850                   BEQ  L8EB4          *‘FC’ ERROR IF NO FURTHER PRINT ITEMS 
3006 9E95             (../MS Extended BA):04851                   LDX  VD5            RESET FORMAT STRING POINTER TO START OF STRING 
3008 0F97             (../MS Extended BA):04852         L8EAE     CLR  VD7            RESET NEXT PRINT ITEM FLAG 
300A E684             (../MS Extended BA):04853                   LDB  ,X             GET LENGTH OF FORMAT STRING 
300C 2603             (../MS Extended BA):04854                   BNE  L8EB7          INTERPRET FORMAT STRING IF LENGTH > 0 
300E 7E1BE9           (../MS Extended BA):04855         L8EB4     JMP  LB44A          ‘FC’ ERROR IF FORMAT STRING = NULL 
3011 AE02             (../MS Extended BA):04856         L8EB7     LDX  $02,X          POINT X TO START OF FORMAT STRING 
                      (../MS Extended BA):04857         ; INTERPRET THE FORMAT STRING                      
3013 0F9A             (../MS Extended BA):04858         L8EB9     CLR  VDA            CLEAR THE STATUS BYTE 
3015 0F99             (../MS Extended BA):04859         L8EBB     CLR  VD9            CLEAR LEFT DIGIT COUNTER 
3017 A680             (../MS Extended BA):04860                   LDA  ,X+            GET A CHARACTER FROM FORMAT STRING 
3019 8121             (../MS Extended BA):04861                   CMPA #'!'           EXCLAMATION POINT? 
301B 1027FF72         (../MS Extended BA):04862                   LBEQ L8E37          YES - STRING TYPE FORMAT 
301F 8123             (../MS Extended BA):04863                   CMPA #'#'           NUMBER SIGN? (DIGIT LOCATOR) 
3021 275B             (../MS Extended BA):04864                   BEQ  L8F24          YES - NUMERIC TYPE FORMAT 
3023 5A               (../MS Extended BA):04865                   DECB                DECREMENT FORMAT STRING LENGTH 
3024 2616             (../MS Extended BA):04866                   BNE  L8EE2          BRANCH IF NOT DONE 
3026 BD3132           (../MS Extended BA):04867                   JSR  L8FD8          SEND A ‘+‘ TO CONSOLE OUT IF VDA <> 0 
3029 BD3435           (../MS Extended BA):04868                   JSR  PUTCHR         SEND CHARACTER TO CONSOLE OUT 
302C 9D82             (../MS Extended BA):04869         L8ED2     JSR  GETCCH         GET CURRENT CHARACTER FROM BASIC 
302E 26D2             (../MS Extended BA):04870                   BNE  L8EA8          BRANCH IF NOT END OF LINE 
3030 9697             (../MS Extended BA):04871                   LDA  VD7            GET NEXT PRINT ITEM FLAG 
3032 2603             (../MS Extended BA):04872         L8ED8     BNE  L8EDD          BRANCH IF MORE PRINT ITEMS 
3034 BD20C0           (../MS Extended BA):04873                   JSR  LB958          SEND A CARRIAGE RETURN TO CONSOLE OUT 
3037 9E95             (../MS Extended BA):04874         L8EDD     LDX  VD5            POINT X TO FORMAT STRING DESCRIPTOR 
3039 7E1DF8           (../MS Extended BA):04875                   JMP  LB659          RETURN ADDRESS AND LENGTH OF FORMAT STRING - EXIT PRINT USING 
303C 812B             (../MS Extended BA):04876         L8EE2     CMPA #'+'           CHECK FOR ‘+‘ (PRE-SIGN FORCE) 
303E 2609             (../MS Extended BA):04877                   BNE  L8EEF          NO PLUS 
3040 BD3132           (../MS Extended BA):04878                   JSR  L8FD8          SEND A ‘+' TO CONSOLE OUT IF VDA <> 0 
3043 8608             (../MS Extended BA):04879                   LDA  #$08           * LOAD THE STATUS BYTE WITH 8; 
3045 979A             (../MS Extended BA):04880                   STA  VDA            * PRE-SIGN FORCE FLAG 
3047 20CC             (../MS Extended BA):04881                   BRA  L8EBB          INTERPRET THE REST OF THE FORMAT STRING 
3049 812E             (../MS Extended BA):04882         L8EEF     CMPA #'.'           DECIMAL POINT? 
304B 274E             (../MS Extended BA):04883                   BEQ  L8F41          YES 
304D 8125             (../MS Extended BA):04884                   CMPA #'%'           PERCENT SIGN? 
304F 1027FF70         (../MS Extended BA):04885                   LBEQ L8E69          YES 
3053 A184             (../MS Extended BA):04886                   CMPA ,X             COMPARE THE PRESENT FORMAT STRING INPUT 
                      (../MS Extended BA):04887         ;                                CHARACTER TO THE NEXT ONE IN THE STRING  
3055 268B             (../MS Extended BA):04888         L8EFB     BNE  L8E88          NO MATCH - ILLEGAL CHARACTER 
                      (../MS Extended BA):04889         ; TWO CONSECUTIVE EQUAL CHARACTERS IN FORMAT STRING                      
3057 8124             (../MS Extended BA):04890                   CMPA #'$'           DOLLAR SIGN? 
3059 2719             (../MS Extended BA):04891                   BEQ  L8F1A          YES - MAKE THE DOLLAR SIGN FLOAT 
305B 812A             (../MS Extended BA):04892                   CMPA #'*'           ASTERISK? 
305D 26F6             (../MS Extended BA):04893                   BNE  L8EFB          NO - ILLEGAL CHARACTER 
305F 969A             (../MS Extended BA):04894                   LDA  VDA            * GRAB THE STATUS BYTE AND BET BIT 5 
3061 8A20             (../MS Extended BA):04895                   ORA  #$20           * TO INDICATE THAT THE OUTPUT WILL 
3063 979A             (../MS Extended BA):04896                   STA  VDA            * BE LEFT PADDED WITH ASTERISKS 
3065 C102             (../MS Extended BA):04897                   CMPB #2             * CHECK TO SEE IF THE $$ ARE THE LAST TWO 
3067 2511             (../MS Extended BA):04898                   BLO  L8F20          * CHARACTERS IN THE FORMAT STRING AND BRANCH IF SO 
3069 A601             (../MS Extended BA):04899                   LDA  $01,X          GET THE NEXT CHARACTER AFTER ** 
306B 8124             (../MS Extended BA):04900                   CMPA #'$'           CHECK FOR **$ 
306D 260B             (../MS Extended BA):04901                   BNE  L8F20          CHECK FOR MORE CHARACTERS 
306F 5A               (../MS Extended BA):04902                   DECB                DECREMENT STRING LENGTH COUNTER 
3070 3001             (../MS Extended BA):04903                   LEAX $01,X          MOVE FORMAT STRING POINTER UP ONE 
3072 0C99             (../MS Extended BA):04904                   INC  VD9            ADD ONE TO LEFT DIGIT COUNTER - FOR ASTERISK PAD AND 
                      (../MS Extended BA):04905         ;                             FLOATING DOLLAR SIGN COMBINATION  
3074 969A             (../MS Extended BA):04906         L8F1A     LDA  VDA            * GET THE STATUS BYTE AND SET 
3076 8A10             (../MS Extended BA):04907                   ORA  #$10           * BIT 4 TO INDICATE A 
3078 979A             (../MS Extended BA):04908                   STA  VDA            * FLOATING DOLLAR SIGN 
307A 3001             (../MS Extended BA):04909         L8F20     LEAX $01,X          MOVE FORMAT STRING POINTER UP ONE 
307C 0C99             (../MS Extended BA):04910                   INC  VD9            ADD ONE TO LEFT DIGIT (FLOATING $ OR ASTERISK PAD) 
                      (../MS Extended BA):04911         ; PROCESS CHARACTERS TO THE LEFT OF THE DECIMAL POINT IN THE FORMAT STRING                      
307E 0F98             (../MS Extended BA):04912         L8F24     CLR  VD8            CLEAR THE RIGHT DIGIT COUNTER 
3080 0C99             (../MS Extended BA):04913         L8F26     INC  VD9            ADD ONE TO LEFT DIGIT COUNTER 
3082 5A               (../MS Extended BA):04914                   DECB                DECREMENT FORMAT STRING LENGTH COUNTER 
3083 2749             (../MS Extended BA):04915                   BEQ  L8F74          BRANCH IF END OF FORMAT STRING 
3085 A680             (../MS Extended BA):04916                   LDA  ,X+            GET THE NEXT FORMAT CHARACTER 
3087 812E             (../MS Extended BA):04917                   CMPA #'.'           DECIMAL POINT? 
3089 271E             (../MS Extended BA):04918                   BEQ  L8F4F          YES 
308B 8123             (../MS Extended BA):04919                   CMPA #'#'           NUMBER SIGN? 
308D 27F1             (../MS Extended BA):04920                   BEQ  L8F26          YES 
308F 812C             (../MS Extended BA):04921                   CMPA #','           COMMA? 
3091 2621             (../MS Extended BA):04922                   BNE  L8F5A          NO 
3093 969A             (../MS Extended BA):04923                   LDA  VDA            * GET THE STATUS BYTE 
3095 8A40             (../MS Extended BA):04924                   ORA  #$40           * AND SET BIT 6 WHICH IS THE 
3097 979A             (../MS Extended BA):04925                   STA  VDA            * COMMA SEPARATOR FLAG 
3099 20E5             (../MS Extended BA):04926                   BRA  L8F26          PROCESS MORE CHARACTERS TO LEFT OF DECIMAL POINT 
                      (../MS Extended BA):04927         ; PROCESS DECIMAL POINT IF NO DIGITS TO LEFT OF IT                      
309B A684             (../MS Extended BA):04928         L8F41     LDA  ,X             GET NEXT FORMAT CHARACTER 
309D 8123             (../MS Extended BA):04929                   CMPA #'#'           IS IT A NUMBER SIGN? 
309F 1026FF3F         (../MS Extended BA):04930                   LBNE L8E88          NO 
30A3 8601             (../MS Extended BA):04931                   LDA  #1             * SET THE RIGHT DIGIT COUNTER TO 1 - 
30A5 9798             (../MS Extended BA):04932                   STA  VD8            * ALLOW ONE SPOT FOR DECIMAL POINT 
30A7 3001             (../MS Extended BA):04933                   LEAX $01,X          MOVE FORMAT POINTER UP ONE 
                      (../MS Extended BA):04934         ; PROCESS DIGITS TO RIGHT OF DECIMAL POINT                      
30A9 0C98             (../MS Extended BA):04935         L8F4F     INC  VD8            ADD ONE TO RIGHT DIGIT COUNTER 
30AB 5A               (../MS Extended BA):04936                   DECB                DECREMENT FORMAT LENGTH COUNTER 
30AC 2720             (../MS Extended BA):04937                   BEQ  L8F74          BRANCH IF END OF FORMAT STRING 
30AE A680             (../MS Extended BA):04938                   LDA  ,X+            GET A CHARACTER FROM FORMAT STRING 
30B0 8123             (../MS Extended BA):04939                   CMPA #'#'           IS IT NUMBER SIGN? 
30B2 27F5             (../MS Extended BA):04940                   BEQ  L8F4F          YES - KEEP CHECKING 
                      (../MS Extended BA):04941         ; CHECK FOR EXPONENTIAL FORCE                      
30B4 815E             (../MS Extended BA):04942         L8F5A     CMPA #$5E           CHECK FOR UP ARROW 
30B6 2616             (../MS Extended BA):04943                   BNE  L8F74          NO UP ARROW 
30B8 A184             (../MS Extended BA):04944                   CMPA ,X             IS THE NEXT CHARACTER AN UP ARROW? 
30BA 2612             (../MS Extended BA):04945                   BNE  L8F74          NO 
30BC A101             (../MS Extended BA):04946                   CMPA $01,X          AND THE NEXT CHARACTER? 
30BE 260E             (../MS Extended BA):04947                   BNE  L8F74          NO 
30C0 A102             (../MS Extended BA):04948                   CMPA $02,X          HOW ABOUT THE 4TH CHARACTER? 
30C2 260A             (../MS Extended BA):04949                   BNE  L8F74          NO, ALSO 
30C4 C104             (../MS Extended BA):04950                   CMPB #4             * CHECK TO SEE IF THE 4 UP ARROWS ARE IN THE 
30C6 2506             (../MS Extended BA):04951                   BLO  L8F74          * FORMAT STRING AND BRANCH IF NOT 
30C8 C004             (../MS Extended BA):04952                   SUBB #4             * MOVE POINTER UP 4 AND SUBTRACT 
30CA 3004             (../MS Extended BA):04953                   LEAX $04,X          * FOUR FROM LENGTH 
30CC 0C9A             (../MS Extended BA):04954                   INC  VDA INCREMENT STATUS BYTE - EXPONENTIAL FORM  
                      (../MS Extended BA):04955                                        
                      (../MS Extended BA):04956         ; CHECK FOR A PRE OR POST - SIGN FORCE AT END OF FORMAT STRING                      
30CE 301F             (../MS Extended BA):04957         L8F74     LEAX $-01,X         MOVE POINTER BACK ONE 
30D0 0C99             (../MS Extended BA):04958                   INC  VD9            ADD ONE TO LEFT DIGIT COUNTER FOR PRE-SIGN FORCE 
30D2 969A             (../MS Extended BA):04959                   LDA  VDA            * PRE-SIGN 
30D4 8508             (../MS Extended BA):04960                   BITA #$08           * FORCE AND 
30D6 2618             (../MS Extended BA):04961                   BNE  L8F96          * BRANCH IF SET 
30D8 0A99             (../MS Extended BA):04962                   DEC  VD9            DECREMENT LEFT DIGIT — NO PRE-SIGN FORCE 
30DA 5D               (../MS Extended BA):04963                   TSTB * CHECK LENGTH COUNTER AND BRANCH  
30DB 2713             (../MS Extended BA):04964                   BEQ  L8F96          * IF END OF FORMAT STRING 
30DD A684             (../MS Extended BA):04965                   LDA  ,X             GET NEXT FORMAT STRING CHARACTER 
30DF 802D             (../MS Extended BA):04966                   SUBA #'-'           CHECK FOR MINUS SIGN 
30E1 2706             (../MS Extended BA):04967                   BEQ  L8F8F          BRANCH IF MINUS SIGN 
30E3 81FE             (../MS Extended BA):04968                   CMPA #$FE           * WAS CMPA #('+')-('-') 
30E5 2609             (../MS Extended BA):04969                   BNE  L8F96          BRANCH IF NO PLUS SIGN 
30E7 8608             (../MS Extended BA):04970                   LDA  #$08           GET THE PRE-SIGN FORCE FLAG 
30E9 8A04             (../MS Extended BA):04971         L8F8F     ORA  #$04           ‘OR’ IN POST-SIGN FORCE FLAG 
30EB 9A9A             (../MS Extended BA):04972                   ORA  VDA            ‘OR’ IN THE STATUS BYTE 
30ED 979A             (../MS Extended BA):04973                   STA  VDA            SAVE THE STATUS BYTE 
30EF 5A               (../MS Extended BA):04974                   DECB                DECREMENT FORMAT STRING LENGTH 
                      (../MS Extended BA):04975                                        
                      (../MS Extended BA):04976         ; EVALUATE NUMERIC ITEM-LIST                      
30F0 9D82             (../MS Extended BA):04977         L8F96     JSR  GETCCH         GET CURRENT CHARACTER 
30F2 1027FF3C         (../MS Extended BA):04978                   LBEQ L8ED8          BRANCH IF END OF LINE 
30F6 D793             (../MS Extended BA):04979                   STB  VD3            SAVE FORMAT STRING LENGTH WHEN FORMAT EVALUATION ENDED 
30F8 BD18E5           (../MS Extended BA):04980                   JSR  LB141          EVALUATE EXPRESSION 
30FB 9699             (../MS Extended BA):04981                   LDA  VD9            GET THE LEFT DIGIT COUNTER 
30FD 9B98             (../MS Extended BA):04982                   ADDA VD8            ADD IT TO THE RIGHT DIGIT COUNTER 
30FF 8111             (../MS Extended BA):04983                   CMPA #17            * 
3101 1022EAE4         (../MS Extended BA):04984                   LBHI LB44A          *‘FC’ ERROR IF MORE THAN 16 DIGITS AND DECIMAL POiNT 
3105 BD313F           (../MS Extended BA):04985                   JSR  L8FE5          CONVERT ITEM-LIST TO FORMATTED ASCII STRING 
3108 301F             (../MS Extended BA):04986                   LEAX $-01,X         MOVE BUFFER POINTER BACK ONE 
310A BD2100           (../MS Extended BA):04987                   JSR  LB99C          DISPLAY THE FORMATTED STRING TO CONSOLE OUT 
310D 0F97             (../MS Extended BA):04988         L8FB3     CLR  VD7            RESET NEXT PRINT ITEM FLAG 
310F 9D82             (../MS Extended BA):04989                   JSR  GETCCH         GET CURRENT INPUT CHARACTER 
3111 270D             (../MS Extended BA):04990                   BEQ  L8FC6          BRANCH IF END OF LINE 
3113 9797             (../MS Extended BA):04991                   STA  VD7            SAVE CURRENT CHARACTER (<>0) IN NEXT PRINT ITEM FLAG 
3115 813B             (../MS Extended BA):04992                   CMPA #';'           * CHECK FOR ; - ITEM-LIST SEPARATOR AND 
3117 2705             (../MS Extended BA):04993                   BEQ  L8FC4          * BRANCH IF SEMICOLON 
3119 BD1A11           (../MS Extended BA):04994                   JSR  LB26D          SYNTAX CHECK FOR COMMA 
311C 2002             (../MS Extended BA):04995                   BRA  L8FC6          PROCESS NEXT PRINT ITEM 
311E 9D7C             (../MS Extended BA):04996         L8FC4     JSR  GETNCH         GET NEXT INPUT CHARACTER 
3120 9E95             (../MS Extended BA):04997         L8FC6     LDX  VD5            GET FORMAT STRING DESCRIPTOR ADDRESS 
3122 E684             (../MS Extended BA):04998                   LDB  ,X             GET LENGTH OF FORMAT STRING 
3124 D093             (../MS Extended BA):04999                   SUBB VD3            SUBTRACT AMOUNT OF FORMAT STRING LEFT AFTER LAST PRINT ITEM 
3126 AE02             (../MS Extended BA):05000                   LDX  $02,X          *GET FORMAT STRING START ADDRESS AND ADVANCE 
3128 3A               (../MS Extended BA):05001                   ABX  *POINTER TO START OF UNUSED FORMAT STRING  
3129 D693             (../MS Extended BA):05002                   LDB  VD3            * GET AMOUNT OF UNUSED FORMAT STRING 
312B 1026FEE4         (../MS Extended BA):05003                   LBNE L8EB9          * REINTERPRET FORMAT STRING FROM THAT POINT 
312F 7E302C           (../MS Extended BA):05004                   JMP  L8ED2          REINTERPRET FORMAT STRING FROM THE START IF ENTIRELY 
                      (../MS Extended BA):05005         ;         USED ON LAST PRINT ITEM  
                      (../MS Extended BA):05006                                        
                      (../MS Extended BA):05007         ; PRINT A ‘+‘ TO CONSOLE OUT IF THE STATUS BYTE <> 0                      
3132 3402             (../MS Extended BA):05008         L8FD8     PSHS A              RESTORE ACCA AND RETURN 
3134 862B             (../MS Extended BA):05009                   LDA  #'+'           GET ASCII PLUS SIGN 
3136 0D9A             (../MS Extended BA):05010                   TST  VDA            * CHECK THE STATUS BYTE AND 
3138 2703             (../MS Extended BA):05011                   BEQ  L8FE3          * RETURN IF = 0 
313A BD3435           (../MS Extended BA):05012                   JSR  PUTCHR         SEND A CHARACTER TO CONSOLE OUT 
313D 3582             (../MS Extended BA):05013         L8FE3     PULS A,PC           RETURN ACCA AND RETURN 
                      (../MS Extended BA):05014                                        
                      (../MS Extended BA):05015         ; CONVERT ITEM-LIST TO DECIMAL ASCII STRING                      
313F CE41E0           (../MS Extended BA):05016         L8FE5     LDU  #STRBUF+4      POINT U TO STRING BUFFER 
3142 C620             (../MS Extended BA):05017                   LDB  #SPACE         BLANK 
3144 969A             (../MS Extended BA):05018                   LDA  VDA            * GET THE STATUS FLAG AND 
3146 8508             (../MS Extended BA):05019                   BITA #$08           * CHECK FOR A PRE-SIGN FORCE 
3148 2702             (../MS Extended BA):05020                   BEQ  L8FF2          * BRANCH IF NO PRE-SIGN FORCE 
314A C62B             (../MS Extended BA):05021                   LDB  #'+'           PLUS SIGN 
314C 0D54             (../MS Extended BA):05022         L8FF2     TST  FP0SGN         CHECK THE SIGN OF FPA0 
314E 2A04             (../MS Extended BA):05023                   BPL  L8FFA          BRANCH IF POSITIVE 
3150 0F54             (../MS Extended BA):05024                   CLR  FP0SGN         FORCE FPA0 SIGN TO BE POSITIVE 
3152 C62D             (../MS Extended BA):05025                   LDB  #'-'           MINUS SIGN 
3154 E7C0             (../MS Extended BA):05026         L8FFA     STB  ,U+            SAVE THE SIGN IN BUFFER 
3156 C630             (../MS Extended BA):05027                   LDB  #'0'           * PUT A ZERO INTO THE BUFFER 
3158 E7C0             (../MS Extended BA):05028                   STB  ,U+            * 
315A 8401             (../MS Extended BA):05029                   ANDA #$01           * CHECK THE EXPONENTIAL FORCE FLAG IN 
315C 10260107         (../MS Extended BA):05030                   LBNE L910D          * THE STATUS BYTE - BRANCH IF ACTIVE 
3160 8E2524           (../MS Extended BA):05031                   LDX  #LBDC0         POINT X TO FLOATING POINT 1E + 09 
3163 BD2404           (../MS Extended BA):05032                   JSR  LBCA0          COMPARE FPA0 TO (X) 
3166 2B15             (../MS Extended BA):05033                   BMI  L9023          BRANCH IF FPA0 < 1E+09 
3168 BD253D           (../MS Extended BA):05034                   JSR  LBDD9          CONVERT FP NUMBER TO ASCII STRING 
316B A680             (../MS Extended BA):05035         L9011     LDA  ,X+            * ADVANCE POINTER TO END OF 
316D 26FC             (../MS Extended BA):05036                   BNE  L9011          * ASCII STRING (ZERO BYTE) 
316F A682             (../MS Extended BA):05037         L9015     LDA  ,-X            MOVE THE 
3171 A701             (../MS Extended BA):05038                   STA  $01,X          ENTIRE STRING 
3173 8C41DF           (../MS Extended BA):05039                   CMPX #STRBUF+3      UP ONE 
3176 26F7             (../MS Extended BA):05040                   BNE  L9015          BYTE 
3178 8625             (../MS Extended BA):05041                   LDA  #'%'           * INSERT A % SIGN AT START OF 
317A A784             (../MS Extended BA):05042                   STA  ,X             * STRING - OVERFLOW ERROR 
317C 39               (../MS Extended BA):05043                   RTS                  
                      (../MS Extended BA):05044                                        
317D 964F             (../MS Extended BA):05045         L9023     LDA  FP0EXP         GET EXPONENT OF FPA0 
317F 9747             (../MS Extended BA):05046                   STA  V47            AND SAVE IT IN V74 
3181 2703             (../MS Extended BA):05047                   BEQ  L902C          BRANCH IF FPA0 = 0 
3183 BD3327           (../MS Extended BA):05048                   JSR  L91CD          CONVERT FPA0 TO NUMBER WITH 9 SIGNIFICANT 
                      (../MS Extended BA):05049         ;              PLACES TO LEFT OF DECIMAL POINT  
3186 9647             (../MS Extended BA):05050         L902C     LDA  V47            GET BASE 10 EXPONENT OFFSET 
3188 102B0081         (../MS Extended BA):05051                   LBMI L90B3          BRANCH IF FPA0 < 100,000,000 
318C 40               (../MS Extended BA):05052                   NEGA                * CALCULATE THE NUMBER OF LEADING ZEROES TO INSERT - 
318D 9B99             (../MS Extended BA):05053                   ADDA VD9            * SUBTRACT BASE 10 EXPONENT OFFSET AND 9 (FPA0 HAS 
318F 8009             (../MS Extended BA):05054                   SUBA #$09           * 9 PLACES TO LEFT OF EXPONENT) FROM LEFT DIGIT COUNTER 
3191 BD3244           (../MS Extended BA):05055                   JSR  L90EA          PUT ACCA ZEROES IN STRING BUFFER 
3194 BD33BD           (../MS Extended BA):05056                   JSR  L9263          INITIALIZE DECIMAL POINT AND COMMA COUNTERS 
3197 BD335C           (../MS Extended BA):05057                   JSR  L9202          CONVERT FPA0 TO DECIMAL ASCII IN THE STRING BUFFER 
319A 9647             (../MS Extended BA):05058                   LDA  V47            * GET BASE 10 EXPONENT AND PUT THAT MANY 
319C BD33DB           (../MS Extended BA):05059                   JSR  L9281          * ZEROES IN STRING BUFFER - STOP AT DECIMAL POINT 
319F 9647             (../MS Extended BA):05060                   LDA  V47            WASTED INSTRUCTION - SERVES NO PURPOSE 
31A1 BD33A3           (../MS Extended BA):05061                   JSR  L9249          CHECK FOR DECIMAL POINT 
31A4 9698             (../MS Extended BA):05062                   LDA  VD8            GET THE RIGHT DIGIT COUNTER 
31A6 2602             (../MS Extended BA):05063                   BNE  L9050          BRANCH IF RIGHT DIGlT COUNTER <> 0 
31A8 335F             (../MS Extended BA):05064                   LEAU $-01,U         * MOVE BUFFER POINTER BACK ONE - DELETE 
                      (../MS Extended BA):05065         ;              * DECIMAL POINT IF NO RIGHT DIGITS SPECiFIED  
31AA 4A               (../MS Extended BA):05066         L9050     DECA                SUBTRACT ONE (DECIMAL POINT) 
31AB BD3244           (../MS Extended BA):05067                   JSR  L90EA          PUT ACCA ZEROES INTO BUFFER (TRAILING ZEROES) 
31AE BD32DF           (../MS Extended BA):05068         L9054     JSR  L9185          INSERT ASTERISK PADDING, FLOATING $, AND POST-SIGN 
31B1 4D               (../MS Extended BA):05069                   TSTA                WAS THERE A POST-SIGN? 
31B2 2706             (../MS Extended BA):05070                   BEQ  L9060          NO 
31B4 C12A             (../MS Extended BA):05071                   CMPB #'*'           IS THE FIRST CHARACTER AN $? 
31B6 2702             (../MS Extended BA):05072                   BEQ  L9060          YES 
31B8 E7C0             (../MS Extended BA):05073                   STB  ,U+            STORE THE POST-SIGN 
31BA 6FC4             (../MS Extended BA):05074         L9060     CLR  ,U             CLEAR THE LAST CHARACTER IN THE BUFFER 
                      (../MS Extended BA):05075         ;                              
                      (../MS Extended BA):05076         ; REMOVE ANY EXTRA BLANKS OR ASTERISKS FROM THE                      
                      (../MS Extended BA):05077         ; STRING BUFFER TO THE LEFT OF THE DECIMAL POINT                      
31BC 8E41DF           (../MS Extended BA):05078                   LDX  #STRBUF+3 POINT X TO THE START OF THE BUFFER  
31BF 3001             (../MS Extended BA):05079         L9065     LEAX $01,X          MOVE BUFFER POINTER UP ONE 
31C1 9F0F             (../MS Extended BA):05080                   STX  TEMPTR         SAVE BUFFER POINTER IN TEMPTR 
31C3 963A             (../MS Extended BA):05081                   LDA  VARPTR+1       * GET ADDRESS OF DECIMAL POINT IN BUFFER, SUBTRACT 
31C5 9010             (../MS Extended BA):05082                   SUBA TEMPTR+1       * CURRENT POSITION AND SUBTRACT LEFT DIGIT COUNTER - 
31C7 9099             (../MS Extended BA):05083                   SUBA VD9            * THE RESULT WILL BE ZERO WHEN TEMPTR+1 IS POINTING 
                      (../MS Extended BA):05084         ;              * TO THE FIRST DIGIT OF THE FORMAT STRING  
31C9 2738             (../MS Extended BA):05085                   BEQ  L90A9          RETURN IF NO DIGITS TO LEFT OF THE DECiMAL POINT 
31CB A684             (../MS Extended BA):05086                   LDA  ,X             GET THE CURRENT BUFFER CHARACTER 
31CD 8120             (../MS Extended BA):05087                   CMPA #SPACE         SPACE? 
31CF 27EE             (../MS Extended BA):05088                   BEQ  L9065          YES - ADVANCE POINTER 
31D1 812A             (../MS Extended BA):05089                   CMPA #'*'           ASTERISK? 
31D3 27EA             (../MS Extended BA):05090                   BEQ  L9065          YES - ADVANCE POINTER 
31D5 4F               (../MS Extended BA):05091                   CLRA                A ZERO ON THE STACK IS END OF DATA POINTER 
31D6 3402             (../MS Extended BA):05092         L907C     PSHS A              PUSH A CHARACTER ONTO THE STACK 
31D8 A680             (../MS Extended BA):05093                   LDA  ,X+            GET NEXT CHARACTER FROM BUFFER 
31DA 812D             (../MS Extended BA):05094                   CMPA #'-'           MINUS SIGN? 
31DC 27F8             (../MS Extended BA):05095                   BEQ  L907C          YES 
31DE 812B             (../MS Extended BA):05096                   CMPA #'+'           PLUS SIGN? 
31E0 27F4             (../MS Extended BA):05097                   BEQ  L907C          YES 
                      (../MS Extended BA):05098         ;          CMPA $'$'          ; DOLLAR SIGN?  - source from Ext Basic unravelled book
31E2 8124             (../MS Extended BA):05099                    CMPA #'$'          ; DOLLAR SIGN?  - this is what it should be (opcodes match Ext Basic unravelled)
                      (../MS Extended BA):05100         ;          FCB  $91,$00       ; this is what the HEX file from grant's site shows
31E4 27F0             (../MS Extended BA):05101                   BEQ  L907C          YES 
31E6 8130             (../MS Extended BA):05102                   CMPA #'0'           ZERO? 
31E8 260E             (../MS Extended BA):05103                   BNE  L909E          NO - ERROR 
31EA A601             (../MS Extended BA):05104                   LDA  $01,X          GET CHARACTER FOLLOWING ZERO 
31EC 8D16             (../MS Extended BA):05105                   BSR  L90AA          CLEAR CARRY IF NUMERIC 
31EE 2508             (../MS Extended BA):05106                   BLO  L909E          BRANCH IF NOT A NUMERIC CHARACTER - ERROR 
31F0 3502             (../MS Extended BA):05107         L9096     PULS A              * PULL A CHARACTER OFF OF THE STACK 
31F2 A782             (../MS Extended BA):05108                   STA  ,-X            * AND PUT IT BACK IN THE STRING BUFFER 
31F4 26FA             (../MS Extended BA):05109                   BNE  L9096          * KEEP GOING UNTIL ZERO FLAG 
31F6 20C7             (../MS Extended BA):05110                   BRA  L9065          KEEP CLEANING UP THE INPUT BUFFER 
31F8 3502             (../MS Extended BA):05111         L909E     PULS A               
31FA 4D               (../MS Extended BA):05112                   TSTA                * THE STACK AND EXIT WHEN 
31FB 26FB             (../MS Extended BA):05113                   BNE  L909E          * ZERO FLAG FOUND 
31FD 9E0F             (../MS Extended BA):05114                   LDX  TEMPTR         GET THE STRING BUFFER START POINTER 
31FF 8625             (../MS Extended BA):05115                   LDA  #'%'           * PUT A % SIGN BEFORE THE ERROR POSITION TO 
3201 A782             (../MS Extended BA):05116                   STA  ,-X            * INDICATE AN ERROR 
3203 39               (../MS Extended BA):05117         L90A9     RTS                  
                      (../MS Extended BA):05118         ;                              
                      (../MS Extended BA):05119         ; CLEAR CARRY IF NUMERIC                      
3204 8130             (../MS Extended BA):05120         L90AA     CMPA #'0'           ASCII ZERO 
3206 2504             (../MS Extended BA):05121                   BLO  L90B2          RETURN IF ACCA < ASCII 0 
3208 803A             (../MS Extended BA):05122                   SUBA #$3A           *  #'9'+1 
320A 80C6             (../MS Extended BA):05123                   SUBA #$C6           * #-('9'+1)  CARRY CLEAR IF NUMERIC 
320C 39               (../MS Extended BA):05124         L90B2     RTS                  
                      (../MS Extended BA):05125         ;                              
                      (../MS Extended BA):05126         ; PROCESS AN ITEM-LIST WHICH IS < 100,000,000                      
320D 9698             (../MS Extended BA):05127         L90B3     LDA  VD8            GET RIGHT DIGIT COUNTER 
320F 2701             (../MS Extended BA):05128                   BEQ  L90B8          BRANCH IF NO FORMATTED DIGITS TO THE RIGHT OF DECIMAL PT 
3211 4A               (../MS Extended BA):05129                   DECA                SUBTRACT ONE FOR DECIMAL POINT 
3212 9B47             (../MS Extended BA):05130         L90B8     ADDA V47            *ADD THE BASE 10 EXPONENT OFFSET - ACCA CONTAINS THE 
                      (../MS Extended BA):05131         ;         *NUMBER OF SHIFTS REQUIRED TO ADJUST FPA0 TO THE SPECIFIED  
                      (../MS Extended BA):05132         ;         *NUMBER OF DlGITS TO THE RIGHT OF THE DECIMAL POINT  
3214 2B01             (../MS Extended BA):05133                   BMI  L90BD          IF ACCA >= 0 THEN NO SHIFTS ARE REQUIRED 
3216 4F               (../MS Extended BA):05134                   CLRA                FORCE SHIFT COUNTER = 0 
3217 3402             (../MS Extended BA):05135         L90BD     PSHS A              SAVE INITIAL SHIFT COUNTER ON THE STACK 
3219 2A0A             (../MS Extended BA):05136         L90BF     BPL  L90CB          EXIT ROUTINE IF POSITIVE 
321B 3402             (../MS Extended BA):05137                   PSHS A              SAVE SHIFT COUNTER ON STACK 
321D BD22E6           (../MS Extended BA):05138                   JSR  LBB82          DIVIDE FPA0 BY 10 - SHIFT ONE DIGIT TO RIGHT 
3220 3502             (../MS Extended BA):05139                   PULS A              GET SHIFT COUNTER FROM THE STACK 
3222 4C               (../MS Extended BA):05140                   INCA                BUMP SHIFT COUNTER UP BY ONE 
3223 20F4             (../MS Extended BA):05141                   BRA  L90BF          CHECK FOR FURTHER DIVISION 
3225 9647             (../MS Extended BA):05142         L90CB     LDA  V47            * GET BASE 10 EXPONENT OFFSET, ADD INITIAL SHIFT COUNTER 
3227 A0E0             (../MS Extended BA):05143                   SUBA ,S+            * AND SAVE NEW BASE 10 EXPONENT OFFSET - BECAUSE 
3229 9747             (../MS Extended BA):05144                   STA  V47            * FPA0 WAS SHIFTED ABOVE 
322B 8B09             (../MS Extended BA):05145                   ADDA #$09           * ADD NINE (SIGNIFICANT PLACES) AND BRANCH IF THERE ARE NO 
322D 2B19             (../MS Extended BA):05146                   BMI  L90EE          * ZEROES TO THE LEFT OF THE DECIMAL POINT IN THIS PRINT ITEM 
322F 9699             (../MS Extended BA):05147                   LDA  VD9            *DETERMINE HOW MANY FILLER ZEROES TO THE LEFT OF THE DECIMAL 
3231 8009             (../MS Extended BA):05148                   SUBA #$09           *POINT. GET THE NUMBER OF FORMAT PLACES TO LEFT OF DECIMAL 
3233 9047             (../MS Extended BA):05149                   SUBA V47            *POINT, SUBTRACT THE BASE 10 EXPONENT OFFSET AND THE CONSTANT 9 
3235 8D0D             (../MS Extended BA):05150                   BSR  L90EA          *(UNNORMALIZATION)-THEN OUTPUT THAT MANY ZEROES TO THE BUFFER 
3237 BD33BD           (../MS Extended BA):05151                   JSR  L9263          INITIALIZE DECIMAL POINT AND COMMA COUNTERS 
323A 201D             (../MS Extended BA):05152                   BRA  L90FF          PROCESS THE REMAINDER OF THE PRINT ITEM 
                      (../MS Extended BA):05153         ;                              
                      (../MS Extended BA):05154         ; PUT (ACCA+1) ASCII ZEROES IN BUFFER                      
323C 3402             (../MS Extended BA):05155         L90E2     PSHS A              SAVE ZERO COUNTER 
323E 8630             (../MS Extended BA):05156                   LDA  #'0'           * INSERT A ZERO INTO 
3240 A7C0             (../MS Extended BA):05157                   STA  ,U+            * THE BUFFER 
3242 3502             (../MS Extended BA):05158                   PULS A              RESTORE ZERO COUNTER 
                      (../MS Extended BA):05159                                        
                      (../MS Extended BA):05160         ; PUT ACCA ASCII ZEROES INTO THE BUFFER                      
3244 4A               (../MS Extended BA):05161         L90EA     DECA                DECREMENT ZERO COUNTER 
3245 2AF5             (../MS Extended BA):05162                   BPL  L90E2          BRANCH IF NOT DONE 
3247 39               (../MS Extended BA):05163                   RTS                  
                      (../MS Extended BA):05164                                        
3248 9699             (../MS Extended BA):05165         L90EE     LDA  VD9            * GET THE LEFT DIGIT COUNTER AND PUT 
324A 8DF8             (../MS Extended BA):05166                   BSR  L90EA          * THAT MANY ZEROES IN THE STRiNG BUFFER 
324C BD33A7           (../MS Extended BA):05167                   JSR  L924D          PUT THE DECIMAL POINT IN THE STRING BUFFER 
324F 86F7             (../MS Extended BA):05168                   LDA  #-9            *DETERMINE HOW MANY FILLER ZEROES BETWEEN THE DECIMAL POINT 
3251 9047             (../MS Extended BA):05169                   SUBA V47            *AND SIGNIFICANT DATA. SUBTRACT BASE 10 EXPONENT FROM -9 
3253 8DEF             (../MS Extended BA):05170                   BSR  L90EA          *(UNNORMALIZATION) AND OUTPUT THAT MANY ZEROES TO BUFFER 
3255 0F45             (../MS Extended BA):05171                   CLR  V45            CLEAR THE DECIMAL POINT COUNTER - SUPPRESS THE DECIMAL POINT 
3257 0F97             (../MS Extended BA):05172                   CLR  VD7            CLEAR THE COMMA COUNTER - SUPPRESS COMMAS 
3259 BD335C           (../MS Extended BA):05173         L90FF     JSR  L9202          DECODE FPA0 INTO A DECIMAL ASCII STRING 
325C 9698             (../MS Extended BA):05174                   LDA  VD8            GET THE RIGHT DIGIT COUNTER 
325E 2602             (../MS Extended BA):05175                   BNE  L9108          BRANCH IF RIGHT DIGIT COUNTER <> 0 
3260 DE39             (../MS Extended BA):05176                   LDU  VARPTR         RESET BUFFER PTR TO THE DECIMAL POINT IF NO DIGITS TO RIGHT 
3262 9B47             (../MS Extended BA):05177         L9108     ADDA V47            *ADD BASE 10 EXPONENT - A POSITIVE ACCA WILL CAUSE THAT MANY 
                      (../MS Extended BA):05178         ; *FILLER ZEROES TO BE OUTPUT TO THE RIGHT OF LAST SIGNIFICANT DATA                      
3264 16FF43           (../MS Extended BA):05179                   LBRA L9050          INSERT LEADING ASTERISKS, FLOATING DOLLAR SIGN, ETC 
                      (../MS Extended BA):05180         ;                              
                      (../MS Extended BA):05181         ; FORCE THE NUMERIC OUTPUT FORMAT TO BE EXPONENTIAL FORMAT                      
3267 964F             (../MS Extended BA):05182         L910D     LDA  FP0EXP         * GET EXPONENT OF FPA0 AND 
3269 3402             (../MS Extended BA):05183                   PSHS A              * SAVE IT ON THE STACK 
326B 2703             (../MS Extended BA):05184                   BEQ  L9116          BRANCH IF FPA0 = 0 
326D BD3327           (../MS Extended BA):05185                   JSR  L91CD          *CONVERT FPA0 INTO A NUMBER WITH 9 SIGNIFICANT 
                      (../MS Extended BA):05186         ;                                 DIGITS TO THE LEFT OF THE DECIMAL POINT  
3270 9698             (../MS Extended BA):05187         L9116     LDA  VD8            GET THE RIGHT DIGIT COUNTER 
3272 2701             (../MS Extended BA):05188                   BEQ  L911B          BRANCH IF NO FORMATTED DIGITS TO THE RIGHT 
3274 4A               (../MS Extended BA):05189                   DECA                SUBTRACT ONE FOR THE DECIMAL POINT 
3275 9B99             (../MS Extended BA):05190         L911B     ADDA VD9            ADD TO THE LEFT DIGIT COUNTER 
3277 7F41DF           (../MS Extended BA):05191                   CLR  STRBUF+3       CLEAR BUFFER BYTE AS TEMPORARY STORAGE LOCATION 
327A D69A             (../MS Extended BA):05192                   LDB  VDA            * GET THE STATUS BYTE FOR A 
327C C404             (../MS Extended BA):05193                   ANDB #$04           * POST-BYTE FORCE; BRANCH IF 
327E 2603             (../MS Extended BA):05194                   BNE  L9129          * A POST-BYTE FORCE 
3280 7341DF           (../MS Extended BA):05195                   COM  STRBUF+3       TOGGLE BUFFER BYTE TO -1 IF NO POST-BYTE FORCE 
3283 BB41DF           (../MS Extended BA):05196         L9129     ADDA STRBUF+3       SUBTRACT 1 IF NO POST BYTE FORCE 
3286 8009             (../MS Extended BA):05197                   SUBA #$09           *SUBTRACT 9 (DUE TO THE CONVERSION TO 9 
                      (../MS Extended BA):05198         ;                                 SIGNIFICANT DIGITS TO LEFT OF DECIMAL POINT)  
3288 3402             (../MS Extended BA):05199                   PSHS A              * SAVE SHIFT COUNTER ON THE STACK - ACCA CONTAINS THE NUMBER 
                      (../MS Extended BA):05200         ;                                 OF SHIFTS REQUIRED TO ADJUST FPA0 FOR THE NUMBER OF  
                      (../MS Extended BA):05201         ;                                 FORMATTED PLACES TO THE RIGHT OF THE DECIMAL POINT.  
328A 2A0A             (../MS Extended BA):05202         L9130     BPL  L913C          NO MORE SHIFTS WHEN ACCA >= 0 
328C 3402             (../MS Extended BA):05203                   PSHS A              SAVE SHIFT COUNTER 
328E BD22E6           (../MS Extended BA):05204                   JSR  LBB82          DIVIDE FPA0 BY 10 - SHIFT TO RIGHT ONE 
3291 3502             (../MS Extended BA):05205                   PULS A              RESTORE THE SHIFT COUNTER 
3293 4C               (../MS Extended BA):05206                   INCA                ADD 1 TO SHIFT COUNTER 
3294 20F4             (../MS Extended BA):05207                   BRA  L9130          CHECK FOR FURTHER SHIFTING (DIVISION) 
3296 A6E4             (../MS Extended BA):05208         L913C     LDA  ,S             *GET THE INITIAL VALUE OF THE SHIFT COUNTER 
3298 2B01             (../MS Extended BA):05209                   BMI  L9141          *AND BRANCH IF SHIFTING HAS TAKEN PLACE 
329A 4F               (../MS Extended BA):05210                   CLRA                RESET ACCA IF NO SHIFTING HAS TAKEN PLACE 
329B 40               (../MS Extended BA):05211         L9141     NEGA                *CALCULATE THE POSITION OF THE DECIMAL POINT BY 
329C 9B99             (../MS Extended BA):05212                   ADDA VD9            *NEGATING SHIFT COUNTER, ADDING THE LEFT DIGIT COUNTER 
329E 4C               (../MS Extended BA):05213                   INCA                *PLUS ONE AND THE POST-BYTE POSlTION, IF USED 
329F BB41DF           (../MS Extended BA):05214                   ADDA STRBUF+3       * 
32A2 9745             (../MS Extended BA):05215                   STA  V45            SAVE DECIMAL POINT COUNTER 
32A4 0F97             (../MS Extended BA):05216                   CLR  VD7            CLEAR COMMA COUNTER - NO COMMAS INSERTED 
32A6 BD335C           (../MS Extended BA):05217                   JSR  L9202          CONVERT FPA0 INTO ASCII DECIMAL STRING 
32A9 3502             (../MS Extended BA):05218                   PULS A              * GET THE INITIAL VALUE OF SHIFT COUNTER AND 
32AB BD33DB           (../MS Extended BA):05219                   JSR  L9281          * INSERT THAT MANY ZEROES INTO THE BUFFER 
32AE 9698             (../MS Extended BA):05220                   LDA  VD8            *GET THE RIGHT DIGIT COUNTER AND BRANCH 
32B0 2602             (../MS Extended BA):05221                   BNE  L915A          *IF NOT ZERO 
32B2 335F             (../MS Extended BA):05222                   LEAU $-01,U         MOVE BUFFER POINTER BACK ONE 
                      (../MS Extended BA):05223                                        
                      (../MS Extended BA):05224         ; CALCULATE VALUE OF EXPONENT AND PUT IN STRING BUFFER                      
32B4 E6E0             (../MS Extended BA):05225         L915A     LDB  ,S+            GET ORIGINAL EXPONENT OF FPA0 
32B6 2709             (../MS Extended BA):05226                   BEQ  L9167          BRANCH IF EXPONENT = 0 
32B8 D647             (../MS Extended BA):05227                   LDB  V47            GET BASE 10 EXPONENT 
32BA CB09             (../MS Extended BA):05228                   ADDB #$09           ADD 9 FOR 9 SIGNIFICANT DIGIT CONVERSION 
32BC D099             (../MS Extended BA):05229                   SUBB VD9            SUBTRACT LEFT DIGIT COUNTER 
32BE F041DF           (../MS Extended BA):05230                   SUBB STRBUF+3       ADD ONE TO EXPONENT IF POST-SIGN FORCE 
32C1 862B             (../MS Extended BA):05231         L9167     LDA  #'+'           PLUS SIGN 
32C3 5D               (../MS Extended BA):05232                   TSTB TEST EXPONENT   
32C4 2A03             (../MS Extended BA):05233                   BPL  L916F          BRANCH IF POSITIVE EXPONENT 
32C6 862D             (../MS Extended BA):05234                   LDA  #'-'           MINUS SIGN 
32C8 50               (../MS Extended BA):05235                   NEGB                CONVERT EXPONENT TO POSITIVE NUMBER 
32C9 A741             (../MS Extended BA):05236         L916F     STA  $01,U          PUT SIGN OF EXPONENT IN STRING BUFFER 
32CB 8645             (../MS Extended BA):05237                   LDA  #'E'           * PUT AN ‘E’ (EXPONENTIATION FLAG) IN 
32CD A7C1             (../MS Extended BA):05238                   STA  ,U++           * BUFFER AND SKIP OVER THE SIGN 
32CF 862F             (../MS Extended BA):05239                   LDA  #$2F           * WAS LDA #'0'-1 
                      (../MS Extended BA):05240         ;CONVERT BINARY EXPONENT IN ACCB TO ASCII VALUE IN ACCA                      
32D1 4C               (../MS Extended BA):05241         L9177     INCA                ADD ONE TO TENS DIGIT COUNTER 
32D2 C00A             (../MS Extended BA):05242                   SUBB #10            *SUBTRACT 10 FROM EXPONENT AND ADD ONE TO TENS 
32D4 24FB             (../MS Extended BA):05243                   BCC  L9177          * DIGIT IF NO CARRY. TENS DIGIT DONE IF THERE IS A CARRY 
32D6 CB3A             (../MS Extended BA):05244                   ADDB #$3A           WAS ADDB #'9'+1 
32D8 EDC1             (../MS Extended BA):05245                   STD  ,U++           SAVE EXPONENT IN BUFFER 
32DA 6FC4             (../MS Extended BA):05246                   CLR  ,U             CLEAR FINAL BYTE IN BUFFER - PRINT TERMINATOR 
32DC 7E31AE           (../MS Extended BA):05247                   JMP  L9054          INSERT ASTERISK PADDING, FLOATING DOLLAR SIGN, ETC. 
                      (../MS Extended BA):05248                                        
                      (../MS Extended BA):05249         ; INSERT ASTERISK PADDING, FLOATING $ AND PRE-SIGN                      
32DF 8E41E0           (../MS Extended BA):05250         L9185     LDX  #STRBUF+4      POINT X TO START OF PRINT ITEM BUFFER 
32E2 E684             (../MS Extended BA):05251                   LDB  ,X             * GET SIGN BYTE OF ITEM-LIST BUFFER 
32E4 3404             (../MS Extended BA):05252                   PSHS B              * AND SAVE IT ON THE STACK 
32E6 8620             (../MS Extended BA):05253                   LDA  #SPACE         DEFAULT PAD WITH BLANKS 
32E8 D69A             (../MS Extended BA):05254                   LDB  VDA            * GET STATUS BYTE AND CHECK FOR 
32EA C520             (../MS Extended BA):05255                   BITB #$20           * ASTERISK LEFT PADDING 
32EC 3504             (../MS Extended BA):05256                   PULS B              GET SIGN BYTE AGAIN 
32EE 2708             (../MS Extended BA):05257                   BEQ  L919E          BRANCH IF NO PADDING 
32F0 862A             (../MS Extended BA):05258                   LDA  #'*'           PAD WITH ASTERISK 
32F2 C120             (../MS Extended BA):05259                   CMPB #SPACE         WAS THE FIRST BYTE A BLANK (POSITIVE)? 
32F4 2602             (../MS Extended BA):05260                   BNE  L919E          NO 
32F6 1F89             (../MS Extended BA):05261                   TFR  A,B            TRANSFER PAD CHARACTER TO ACCB 
32F8 3404             (../MS Extended BA):05262         L919E     PSHS B              SAVE FIRST CHARACTER ON STACK 
32FA A780             (../MS Extended BA):05263         L91A0     STA  ,X+            STORE PAD CHARACTER IN BUFFER 
32FC E684             (../MS Extended BA):05264                   LDB  ,X             GET NEXT CHARACTER IN BUFFER 
32FE 2710             (../MS Extended BA):05265                   BEQ  L91B6          INSERT A ZERO IF END OF BUFFER 
3300 C145             (../MS Extended BA):05266                   CMPB #'E'           * CHECK FOR AN ‘E’ AND 
3302 270C             (../MS Extended BA):05267                   BEQ  L91B6          * PUT A ZERO BEFORE IT 
3304 C130             (../MS Extended BA):05268                   CMPB #'0'           * REPLACE LEADING ZEROES WITH 
3306 27F2             (../MS Extended BA):05269                   BEQ  L91A0          * PAD CHARACTERS 
3308 C12C             (../MS Extended BA):05270                   CMPB #','           * REPLACE LEADING COMMAS 
330A 27EE             (../MS Extended BA):05271                   BEQ  L91A0          * WITH PAD CHARACTERS 
330C C12E             (../MS Extended BA):05272                   CMPB #'.'           * CHECK FOR DECIMAL POINT 
330E 2604             (../MS Extended BA):05273                   BNE  L91BA          * AND DON’T PUT A ZERO BEFORE IT 
3310 8630             (../MS Extended BA):05274         L91B6     LDA  #'0'           * REPLACE PREVIOUS CHARACTER 
3312 A782             (../MS Extended BA):05275                   STA  ,-X            * WITH A ZERO 
3314 969A             (../MS Extended BA):05276         L91BA     LDA  VDA            * GET STATUS BYTE, CHECK 
3316 8510             (../MS Extended BA):05277                   BITA #$10           * FOR FLOATING $ 
3318 2704             (../MS Extended BA):05278                   BEQ  L91C4          * BRANCH IF NO FLOATING $ 
331A C624             (../MS Extended BA):05279                   LDB  #'$'           * STORE A $ IN 
331C E782             (../MS Extended BA):05280                   STB  ,-X            * BUFFER 
331E 8404             (../MS Extended BA):05281         L91C4     ANDA #$04           CHECK PRE-SIGN FLAG 
3320 3504             (../MS Extended BA):05282                   PULS B              GET SIGN CHARACTER 
3322 2602             (../MS Extended BA):05283                   BNE  L91CC          RETURN IF POST-SIGN REQUIRED 
3324 E782             (../MS Extended BA):05284                   STB  ,-X            STORE FIRST CHARACTER 
3326 39               (../MS Extended BA):05285         L91CC     RTS                  
                      (../MS Extended BA):05286         ;                              
                      (../MS Extended BA):05287         ; CONVERT FPA0 INTO A NUMBER OF THE FORM - NNN,NNN,NNN X 10**M.                      
                      (../MS Extended BA):05288         ; THE EXPONENT M WILL BE RETURNED IN V47 (BASE 10 EXPONENT).                      
3327 3440             (../MS Extended BA):05289         L91CD     PSHS U              SAVE BUFFER POINTER 
3329 4F               (../MS Extended BA):05290                   CLRA                INITIAL EXPONENT OFFSET = 0 
332A 9747             (../MS Extended BA):05291         L91D0     STA  V47            SAVE EXPONENT OFFSET 
332C D64F             (../MS Extended BA):05292                   LDB  FP0EXP         GET EXPONENT OF FPA0 
332E C180             (../MS Extended BA):05293                   CMPB #$80           * COMPARE TO EXPONENT OF .5 
3330 2211             (../MS Extended BA):05294                   BHI  L91E9          * AND BRANCH IF FPA0 > = 1.0 
                      (../MS Extended BA):05295                                        
                      (../MS Extended BA):05296         ; IF FPA0 < 1.0, MULTIPLY IT BY 1E+09 UNTIL IT IS >= 1                      
3332 8E2524           (../MS Extended BA):05297                   LDX  #LBDC0         POINT X TO FP NUMBER (1E+09) 
3335 BD222E           (../MS Extended BA):05298                   JSR  LBACA          MULTIPLY FPA0 BY 1E+09 
3338 9647             (../MS Extended BA):05299                   LDA  V47            GET EXPONENT OFFSET 
333A 8009             (../MS Extended BA):05300                   SUBA #$09           SUBTRACT 9 (BECAUSE WE MULTIPLIED BY 1E+09 ABOVE) 
333C 20EC             (../MS Extended BA):05301                   BRA  L91D0          CHECK TO SEE IF > 1.0 
333E BD22E6           (../MS Extended BA):05302         L91E4     JSR  LBB82          DIVIDE FPA0 BY 10 
3341 0C47             (../MS Extended BA):05303                   INC  V47            INCREMENT EXPONENT OFFSET 
3343 8E251F           (../MS Extended BA):05304         L91E9     LDX  #LBDBB         POINT X TO FP NUMBER (999,999,999) 
3346 BD2404           (../MS Extended BA):05305                   JSR  LBCA0          COMPARE FPA0 TO X 
3349 2EF3             (../MS Extended BA):05306                   BGT  L91E4          BRANCH IF FPA0 > 999,999,999 
334B 8E251A           (../MS Extended BA):05307         L91F1     LDX  #LBDB6         POINT X TO FP NUMBER (99,999,999.9) 
334E BD2404           (../MS Extended BA):05308                   JSR  LBCA0          COMPARE FPA0 TO X 
3351 2E07             (../MS Extended BA):05309                   BGT  L9200          RETURN IF 999,999,999 > FPA0 > 99,999,999.9 
3353 BD22CE           (../MS Extended BA):05310                   JSR  LBB6A          MULTIPLY FPA0 BY 10 
3356 0A47             (../MS Extended BA):05311                   DEC  V47            DECREMENT EXPONENT OFFSET 
3358 20F1             (../MS Extended BA):05312                   BRA  L91F1          KEEP UNNORMALIZING 
335A 35C0             (../MS Extended BA):05313         L9200     PULS U,PC           RESTORE BUFFER POINTER AND RETURN 
                      (../MS Extended BA):05314         ;                              
                      (../MS Extended BA):05315         ; CONVERT FPA0 INTO AN INTEGER, THEN DECODE IT                      
                      (../MS Extended BA):05316         ; INTO A DECIMAL ASCII STRING IN THE BUFFER                      
335C 3440             (../MS Extended BA):05317         L9202     PSHS U              SAVE BUFFER POINTER 
335E BD2118           (../MS Extended BA):05318                   JSR  LB9B4          ADD .5 TO FPA0 (ROUND OFF) 
3361 BD242C           (../MS Extended BA):05319                   JSR  LBCC8          CONVERT FPA0 TO INTEGER FORMAT 
3364 3540             (../MS Extended BA):05320                   PULS U              RESTORE BUFFER POINTER 
                      (../MS Extended BA):05321         ;                              
                      (../MS Extended BA):05322         ; CONVERT FPA0 INTO A DECIMAL ASCII STRING                      
3366 8E2629           (../MS Extended BA):05323                   LDX  #LBEC5         POINT X TO UNNORMALIZED POWERS OF 10 
3369 C680             (../MS Extended BA):05324                   LDB  #$80           INITIALIZE DIGIT COUNTER TO 0 + $80. 
                      (../MS Extended BA):05325         ; BIT 7 SET IS USED TO INDICATE THAT THE POWER OF 10 MANTISSA                      
                      (../MS Extended BA):05326         ; IS NEGATIVE. WHEN YOU ‘ADD’ A NEGATIVE MANTISSA, IT IS                      
                      (../MS Extended BA):05327         ; THE SAME AS SUBTRACTING A POSITIVE ONE AND BIT 7 OF ACCB                      
                      (../MS Extended BA):05328         ; IS HOW THIS ROUTINE KNOWS THAT A ‘SUBTRACTION’ IS OCCURRING.                      
336B 8D36             (../MS Extended BA):05329         L9211     BSR  L9249          CHECK FOR COMMA INSERTION 
336D 9653             (../MS Extended BA):05330         L9213     LDA  FPA0+3         * ‘ADD’ A POWER OF 10 MANTISSA TO FPA0. 
336F AB03             (../MS Extended BA):05331                   ADDA $03,X          * IF THE MANTISSA IS NEGATIVE, A SUBTRACTION 
3371 9753             (../MS Extended BA):05332                   STA  FPA0+3         * WILL BE WHAT REALLY TAKES PLACE. 
3373 9652             (../MS Extended BA):05333                   LDA  FPA0+2         * 
3375 A902             (../MS Extended BA):05334                   ADCA $02,X          * 
3377 9752             (../MS Extended BA):05335                   STA  FPA0+2         * 
3379 9651             (../MS Extended BA):05336                   LDA  FPA0+1         * 
337B A901             (../MS Extended BA):05337                   ADCA $01,X          * 
337D 9751             (../MS Extended BA):05338                   STA  FPA0+1         * 
337F 9650             (../MS Extended BA):05339                   LDA  FPA0           * 
3381 A984             (../MS Extended BA):05340                   ADCA ,X             * 
3383 9750             (../MS Extended BA):05341                   STA  FPA0           * 
3385 5C               (../MS Extended BA):05342                   INCB                ADD ONE TO DIGIT COUNTER 
3386 56               (../MS Extended BA):05343                   RORB ROTATE CARRY INTO BIT 7  
3387 59               (../MS Extended BA):05344                   ROLB                * SET OVERFLOW FLAG - BRANCH IF CARRY SET AND 
3388 28E3             (../MS Extended BA):05345                   BVC  L9213          * ADDING MANTISSA OR CARRY CLEAR AND SUBTRACTING MANTISSA 
338A 2403             (../MS Extended BA):05346                   BCC  L9235          BRANCH IF SUBTRACTING MANTISSA 
338C C00B             (../MS Extended BA):05347                   SUBB #10+1          WAS SUBB #10+1 
338E 50               (../MS Extended BA):05348                   NEGB                * IF ADDING MANTISSA 
338F CB2F             (../MS Extended BA):05349         L9235     ADDB #$2F           WAS ADDB #'0'-1 
3391 3004             (../MS Extended BA):05350                   LEAX $04,X          MOVE TO NEXT POWER OF 10 MANTISSA 
3393 1F98             (../MS Extended BA):05351                   TFR  B,A            SAVE DIGIT IN ACCA 
3395 847F             (../MS Extended BA):05352                   ANDA #$7F           MASK OFF ADD/SUBTRACT FLAG (BIT 7) 
3397 A7C0             (../MS Extended BA):05353                   STA  ,U+            STORE DIGIT IN BUFFER 
3399 53               (../MS Extended BA):05354                   COMB                TOGGLE ADD/SUBTRACT FLAG 
339A C480             (../MS Extended BA):05355                   ANDB #$80           MASK OFF EVERYTHING BUT ADD/SUB FLAG 
339C 8C264D           (../MS Extended BA):05356                   CMPX #LBEE9         COMPARE TO END OF UNNORMALIZED POWERS OF 10 
339F 26CA             (../MS Extended BA):05357                   BNE  L9211          BRANCH IF NOT DONE 
33A1 6FC4             (../MS Extended BA):05358                   CLR  ,U             PUT A ZERO AT END OF INTEGER 
                      (../MS Extended BA):05359                                        
                      (../MS Extended BA):05360         ; DECREMENT DECIMAL POINT COUNTER AND CHECK FOR COMMA INSERTION                      
33A3 0A45             (../MS Extended BA):05361         L9249     DEC  V45            DECREMENT DECIMAL POINT COUNTER 
33A5 2609             (../MS Extended BA):05362                   BNE  L9256          NOT TIME FOR DECIMAL POINT 
33A7 DF39             (../MS Extended BA):05363         L924D     STU  VARPTR         SAVE BUFFER POINTER-POSITION OF THE DECIMAL POINT 
33A9 862E             (../MS Extended BA):05364                   LDA  #'.'           * STORE A DECIMAL 
33AB A7C0             (../MS Extended BA):05365                   STA  ,U+            * POINT IN THE OUTPUT BUFFER 
33AD 0F97             (../MS Extended BA):05366                   CLR  VD7            * CLEAR COMMA COUNTER - NOW IT WILL TAKE 255 
                      (../MS Extended BA):05367         ;                             * DECREMENTS BEFORE ANOTHER COMMA WILL BE INSERTED 
33AF 39               (../MS Extended BA):05368                   RTS                  
33B0 0A97             (../MS Extended BA):05369         L9256     DEC  VD7            DECREMENT COMMA COUNTER 
33B2 2608             (../MS Extended BA):05370                   BNE  L9262          RETURN IF NOT TIME FOR COMMA 
33B4 8603             (../MS Extended BA):05371                   LDA  #$03           * RESET COMMA COUNTER TO 3; THREE 
33B6 9797             (../MS Extended BA):05372                   STA  VD7            * DIGITS BETWEEN COMMAS 
33B8 862C             (../MS Extended BA):05373                   LDA  #','           * PUT A COMMA INTO 
33BA A7C0             (../MS Extended BA):05374                   STA  ,U+            * THE BUFFER 
33BC 39               (../MS Extended BA):05375         L9262     RTS                  
                      (../MS Extended BA):05376                                        
                      (../MS Extended BA):05377         ; INITIALIZE DECIMAL POINT AND COMMA COUNTERS                      
33BD 9647             (../MS Extended BA):05378         L9263     LDA  V47            GET THE BASE 10 EXPONENT OFFSET 
33BF 8B0A             (../MS Extended BA):05379                   ADDA #10            * ADD 10 (FPA0 WAS ‘NORMALIZED’ TO 9 PLACES LEFT 
33C1 9745             (../MS Extended BA):05380                   STA  V45            * OF DECIMAL POINT) - SAVE IN DECIMAL POINT COUNTER 
33C3 4C               (../MS Extended BA):05381                   INCA                ADD ONE FOR THE DECIMAL POINT 
33C4 8003             (../MS Extended BA):05382         L926A     SUBA #$03           * DIVIDE DECIMAL POINT COUNTER BY 3; LEAVE 
33C6 24FC             (../MS Extended BA):05383                   BCC  L926A          * THE REMAINDER IN ACCA 
33C8 8B05             (../MS Extended BA):05384                   ADDA #$05           CONVERT REMAINDER INTO A NUMBER FROM 1-3 
33CA 9797             (../MS Extended BA):05385                   STA  VD7            SAVE COMMA COUNTER 
33CC 969A             (../MS Extended BA):05386                   LDA  VDA            GET STATUS BYTE 
33CE 8440             (../MS Extended BA):05387                   ANDA #$40           CHECK FOR COMMA FLAG 
33D0 2602             (../MS Extended BA):05388                   BNE  L927A          BRANCH IF COMMA FLAG ACTIVE 
33D2 9797             (../MS Extended BA):05389                   STA  VD7            CLEAR COMMA COUNTER - 255 DIGITS OUTPUT BEFORE A COMMA 
33D4 39               (../MS Extended BA):05390         L927A     RTS                  
                      (../MS Extended BA):05391         ;                              
                      (../MS Extended BA):05392         ; INSERT ACCA ZEROES INTO THE BUFFER                      
33D5 3402             (../MS Extended BA):05393         L927B     PSHS A              SAVE ZEROES COUNTER 
33D7 8DCA             (../MS Extended BA):05394                   BSR  L9249          CHECK FOR DECIMAL POINT 
33D9 3502             (../MS Extended BA):05395                   PULS A              RESTORE ZEROES COUNTER 
33DB 4A               (../MS Extended BA):05396         L9281     DECA                * DECREMENT ZEROES COUNTER AND 
33DC 2B0A             (../MS Extended BA):05397                   BMI  L928E          * RETURN IF < 0 
33DE 3402             (../MS Extended BA):05398                   PSHS A              SAVE ZEROES COUNTER 
33E0 8630             (../MS Extended BA):05399                   LDA  #'0'           * PUT A ZERO INTO 
33E2 A7C0             (../MS Extended BA):05400                   STA  ,U+            * THE BUFFER 
33E4 A6E0             (../MS Extended BA):05401                   LDA  ,S+            RESTORE THE ZEROES COUNTER 
33E6 26ED             (../MS Extended BA):05402                   BNE  L927B          BRANCH IF NOT DONE 
33E8 39               (../MS Extended BA):05403         L928E     RTS                  
                      (../MS Extended BA):05404         
                      (../MS Extended BA):05405         
                      (../MS Extended BA):05406         ;
                      (../MS Extended BA):05407         ; "LINE INPUT" is stupid, so the LINE token is prime takeover target
                      (../MS Extended BA):05408         ; if a command needs to be added!
                      (../MS Extended BA):05409         ;
                      (../MS Extended BA):05410                                        
                      (../MS Extended BA):05411         ; LINE                         
33E9 8189             (../MS Extended BA):05412         LINE      CMPA #TOK_INPUT     ‘INPUT’ TOKEN 
33EB 1027F95C         (../MS Extended BA):05413                   LBEQ L89C0          GO DO ‘LINE INPUT’ COMMAND 
33EF 7E1A1B           (../MS Extended BA):05414                   JMP  LB277          ‘SYNTAX ERROR’ IF NOT "LINE INPUT" 
                      (../MS Extended BA):05415         
                      (../MS Extended BA):05416         ; Information about build
33F2 00               (../MS Extended BA):05417                   FCB  0
33F3 4D4943524F534F46 (../MS Extended BA):05418                   FCC  "MICROSOFT BASIC FOR PUGPUTER-6309 BUILT DEC 11 2022"
     5420424153494320
     464F522050554750
     555445522D363330
     39204255494C5420
     4445432031312032
     303232
3426 00               (../MS Extended BA):05419                   FCB  0
                      (../MS Extended BA):05420         
                      (../MS Extended BA):05421         ; END OF EXTENDED BASIC. The bootloader owns IO space and interrupt vectors.
                      (../MS Extended BA):05422         
                      (../MS Extended BA):05423         
                      (../MS Extended BA):05424         
                      (       gbasic.asm):00010         
                      (       gbasic.asm):00011         ; BIOS routines use bootloader state on direct page $00.
3427                  (       gbasic.asm):00012         GBASIC_KEYIN
3427 3408             (       gbasic.asm):00013                     PSHS DP
3429 8600             (       gbasic.asm):00014                     LDA  #$00
342B 1F8B             (       gbasic.asm):00015                     TFR  A,DP
342D BDFEA3           (       gbasic.asm):00016                     JSR  BF_UT_GETC
3430 847F             (       gbasic.asm):00017                     ANDA #$7F
3432 3508             (       gbasic.asm):00018                     PULS DP
3434 39               (       gbasic.asm):00019                     RTS
                      (       gbasic.asm):00020         
3435                  (       gbasic.asm):00021         GBASIC_PUTCHR
3435 810D             (       gbasic.asm):00022                     CMPA #CR
3437 2708             (       gbasic.asm):00023                     BEQ  GBASIC_PUTCHR_CR
3439 0C79             (       gbasic.asm):00024                     INC  LPTPOS
343B 9679             (       gbasic.asm):00025                     LDA  LPTPOS
343D 9178             (       gbasic.asm):00026                     CMPA LPTWID
343F 2502             (       gbasic.asm):00027                     BLO  GBASIC_PUTCHR_SEND
3441                  (       gbasic.asm):00028         GBASIC_PUTCHR_CR
3441 0F79             (       gbasic.asm):00029                     CLR  LPTPOS
3443                  (       gbasic.asm):00030         GBASIC_PUTCHR_SEND
3443 3402             (       gbasic.asm):00031                     PSHS A
3445 3408             (       gbasic.asm):00032                     PSHS DP
3447 8600             (       gbasic.asm):00033                     LDA  #$00
3449 1F8B             (       gbasic.asm):00034                     TFR  A,DP
344B 3502             (       gbasic.asm):00035                     PULS A
344D BDFEA9           (       gbasic.asm):00036                     JSR  BF_UT_PUTC
3450 3508             (       gbasic.asm):00037                     PULS DP
3452 39               (       gbasic.asm):00038                     RTS
                      (       gbasic.asm):00039         
3453                  (       gbasic.asm):00040         GBASIC_KEYWAIT
3453 BD3427           (       gbasic.asm):00041                     JSR  GBASIC_KEYIN
3456 27FB             (       gbasic.asm):00042                     BEQ  GBASIC_KEYWAIT
3458 39               (       gbasic.asm):00043                     RTS
