                      (SCROLLING_MANA_TI):00001         ;------------------------------------------------------------------------------
                      (SCROLLING_MANA_TI):00002         ; PROJECT: MANA 
                      (SCROLLING_MANA_TI):00003         ; VERSION: 0.0.1
                      (SCROLLING_MANA_TI):00004         ;    FILE: MANA.ASM
                      (SCROLLING_MANA_TI):00005         ;  AUTHOR: CRAIG IANNELLO, PUGBUTT.COM
                      (SCROLLING_MANA_TI):00006         ;
                      (SCROLLING_MANA_TI):00007         ; DESCRIPTION: 
                      (SCROLLING_MANA_TI):00008         ;   DRAWS A TILEMAP FROM SQUARESOFT'S SNES TITLE: "SEIKEN DENSETSU 3".
                      (SCROLLING_MANA_TI):00009         ;   REQUIRES AN HD6309 CPU IN NATIVE MODE AND A V9958 VIDEO DISPLAY PROCESSOR.
                      (SCROLLING_MANA_TI):00010         ;
                      (SCROLLING_MANA_TI):00011         ; THERE IS A COMBINATION COARSE/SMOOTH SCROLLER HAPPENING. THE WHOLE BITMAP 
                      (SCROLLING_MANA_TI):00012         ; IS REDRAWN EVERY EIGHT FRAMES, SCROLLED BY 8 PIXELS. FOR THE INTERIM FRAMES,
                      (SCROLLING_MANA_TI):00013         ; THE POS ADJUST REGISTER IS USED TO SMOOTH THE TRANSITION. THERE'S SOME 
                      (SCROLLING_MANA_TI):00014         ; VISUAL GLITCHES SINCE WE'RE NOT YET WAITING FOR VBLANK BEFORE PAGE-FLIPPING,
                      (SCROLLING_MANA_TI):00015         ; ETC.
                      (SCROLLING_MANA_TI):00016         ;
                      (SCROLLING_MANA_TI):00017         ;------------------------------------------------------------------------------
                      (SCROLLING_MANA_TI):00018             INCLUDE BIOS_FUNC_TAB.D     ; BIOS FCN JUMP TABLE AND CONSTANTS
                      (  BIOS_FUNC_TAB.D):00001         ;------------------------------------------------------------------------------
                      (  BIOS_FUNC_TAB.D):00002         ; BIOS BIOS FUNCTION JUMP TABLE ADDRESSES
                      (  BIOS_FUNC_TAB.D):00003         ;------------------------------------------------------------------------------
     FEA0             (  BIOS_FUNC_TAB.D):00004         FUNC_BASE       EQU  $FEA0          ; SEE 6309/BOOT/MAIN.ASM FOR DEFS
                      (  BIOS_FUNC_TAB.D):00005         ;------------------------------------------------------------------------------
     FEA0             (  BIOS_FUNC_TAB.D):00006         BF_V_RESET      EQU  FUNC_BASE+0
     FEA3             (  BIOS_FUNC_TAB.D):00007         BF_UT_GETC      EQU  FUNC_BASE+3
     FEA6             (  BIOS_FUNC_TAB.D):00008         BF_UT_GETS      EQU  FUNC_BASE+6
     FEA9             (  BIOS_FUNC_TAB.D):00009         BF_UT_PUTC      EQU  FUNC_BASE+9    ;
     FEAC             (  BIOS_FUNC_TAB.D):00010         BF_UT_PUTS      EQU  FUNC_BASE+12
     FEAF             (  BIOS_FUNC_TAB.D):00011         BF_UT_WAITTX    EQU  FUNC_BASE+15
     FEB2             (  BIOS_FUNC_TAB.D):00012         BF_UT_CLRSCR    EQU  FUNC_BASE+18
     FEB5             (  BIOS_FUNC_TAB.D):00013         BF_S_HEXA       EQU  FUNC_BASE+21   ; CONVERT REG A TO HEX OCTET AT X, X+=2
     FEB8             (  BIOS_FUNC_TAB.D):00014         BF_S_EOL        EQU  FUNC_BASE+24   ; PUT CR, LF, $00 AT X, X+=3
     FEBB             (  BIOS_FUNC_TAB.D):00015         BF_S_LEN        EQU  FUNC_BASE+27   ; PUT LEN OF STRING AT X INTO REG B
     FEBE             (  BIOS_FUNC_TAB.D):00016         BF_S_CPY        EQU  FUNC_BASE+30   ; COPY STRING AT Y TO MEM AT X. X+=?
     FEC1             (  BIOS_FUNC_TAB.D):00017         BF_RTC_GETTIX   EQU  FUNC_BASE+33   ; GET CURRENT SYSTEM TICKS TO I64 AT X.
     FEC4             (  BIOS_FUNC_TAB.D):00018         BF_S_TOUPPER    EQU  FUNC_BASE+36   ; MAKE A UPPERCASE IF IT IS LOWERCASE
     FEC7             (  BIOS_FUNC_TAB.D):00019         BF_S_INTD       EQU  FUNC_BASE+39   ; CONVERT REG D TO STRING AT X, X+=?
     FECA             (  BIOS_FUNC_TAB.D):00020         BF_RTC_SETTIX   EQU  FUNC_BASE+42   ; SET CURRENT SYSTEM TICKS FROM I64 AT X.
                      (  BIOS_FUNC_TAB.D):00021         ;------------------------------------------------------------------------------
                      (  BIOS_FUNC_TAB.D):00022         ; EOF
                      (  BIOS_FUNC_TAB.D):00023         ;------------------------------------------------------------------------------
                      (SCROLLING_MANA_TI):00019             INCLUDE DEFINES.D
                      (        DEFINES.D):00001         ; -----------------------------------------------------------------------------
                      (        DEFINES.D):00002         ; IO DEVICE BASE ADDRESSES
                      (        DEFINES.D):00003         ; -----------------------------------------------------------------------------
                      (        DEFINES.D):00004         
     FFEC             (        DEFINES.D):00005         BANK_BASE   EQU  $FFEC      : FFEC - FFEF: MEMORY BANK REGS 0...3 (BUILT-IN)
     FFE8             (        DEFINES.D):00006         ACIA_BASE   EQU  $FFE8      ; FFE8 - FFEB: SERIAL UART R65C51P2 (BUILT-IN)
     FFE4             (        DEFINES.D):00007         VDP_BASE    EQU  $FFE4      ; FFE4 - FFE7: VIDEO CHIP V9958
     FFE0             (        DEFINES.D):00008         OPL3_BASE   EQU  $FFE0      ; FFE0 - FFE3: MUSIC CHIP YMF262 (OPL3)
     FFB0             (        DEFINES.D):00009         VIA_BASE    EQU  $FFB0      ; FFB0 - FFBF: W65C22 VIA (SD CARD, SPI, KB, GPIO)
                      (        DEFINES.D):00010         
                      (        DEFINES.D):00011         ; V9958 VDP REGISTERS
     FFE4             (        DEFINES.D):00012         VDAT        EQU  VDP_BASE+0 ; PORT 0: VRAM DATA (R/W)
     FFE5             (        DEFINES.D):00013         VREG        EQU  VDP_BASE+1 ; PORT 1: STATUS REG (R), REGISTER/SETUP (W), VRAM ADDR (W)
     FFE6             (        DEFINES.D):00014         VPAL        EQU  VDP_BASE+2 ; PORT 2: PALETTE REGISTERS (W)
     FFE7             (        DEFINES.D):00015         VIND        EQU  VDP_BASE+3 ; PORT 3: REGISTER-INDIRECT ADDRESSING (W)
                      (        DEFINES.D):00016         
                      (        DEFINES.D):00017         ; MEMORY BANK REGISTERS 0..3 (BASE ADDRESS IN DEFINES.D)
                      (        DEFINES.D):00018         ; THESE ARE WRITE-ONLY, SO WE KEEP COPIES OF 1 THROUGH 3 IN 
                      (        DEFINES.D):00019         ; VARS IN MAIN.ASM: SBANK_1...SBANK_3
                      (        DEFINES.D):00020         
     FFEC             (        DEFINES.D):00021         MBANK_0     EQU  BANK_BASE+0
     FFED             (        DEFINES.D):00022         MBANK_1     EQU  BANK_BASE+1
     FFEE             (        DEFINES.D):00023         MBANK_2     EQU  BANK_BASE+2
     FFEF             (        DEFINES.D):00024         MBANK_3     EQU  BANK_BASE+3
                      (        DEFINES.D):00025         ;------------------------------------------------------------------------------
                      (        DEFINES.D):00026         ; COMMON DEFINITIONS
                      (        DEFINES.D):00027         ;------------------------------------------------------------------------------
                      (        DEFINES.D):00028         ; ASCII CODES
     001B             (        DEFINES.D):00029         ESC         EQU  $1B    ; ESCAPE
     000A             (        DEFINES.D):00030         LF          EQU  $0A    ; LINE FEED
     000D             (        DEFINES.D):00031         CR          EQU  $0D    ; CARRIAGE RETURN
     0000             (        DEFINES.D):00032         NUL         EQU  $00    ; NULL
     0020             (        DEFINES.D):00033         SPACE       EQU  $20
     007E             (        DEFINES.D):00034         TILDE       EQU  $7E
                      (        DEFINES.D):00035         ;------------------------------------------------------------------------------
                      (        DEFINES.D):00036         _DATE       STRUCT
0000s                 (        DEFINES.D):00037         YEAR        RMB  2      ; DATE AS INTEGERS
0002s                 (        DEFINES.D):00038         DAYYR       RMB  2
0004s                 (        DEFINES.D):00039         MON         RMB  1
0005s                 (        DEFINES.D):00040         DAYMON      RMB  1
0006s                 (        DEFINES.D):00041         HOUR        RMB  1
0007s                 (        DEFINES.D):00042         MIN         RMB  1
0008s                 (        DEFINES.D):00043         SEC         RMB  1
0009s                 (        DEFINES.D):00044         HUND        RMB  1
000As                 (        DEFINES.D):00045         YEARBCD     RMB  2      ; DATE AS BCD
000Cs                 (        DEFINES.D):00046         DAYYRBCD    RMB  2
000Es                 (        DEFINES.D):00047         MONBCD      RMB  1
000Fs                 (        DEFINES.D):00048         DAYMONBCD   RMB  1
0010s                 (        DEFINES.D):00049         HOURBCD     RMB  1
0011s                 (        DEFINES.D):00050         MINBCD      RMB  1
0012s                 (        DEFINES.D):00051         SECBCD      RMB  1
0013s                 (        DEFINES.D):00052         HUNDBCD     RMB  1
0014s                 (        DEFINES.D):00053                     ENDS
                      (        DEFINES.D):00054         ;------------------------------------------------------------------------------
                      (        DEFINES.D):00055         ; EOF
                      (        DEFINES.D):00056         ;------------------------------------------------------------------------------
                      (SCROLLING_MANA_TI):00020         ;------------------------------------------------------------------------------
     0023             (SCROLLING_MANA_TI):00021         JT_FIRQ EQU  $0023
                      (SCROLLING_MANA_TI):00022         
                      (SCROLLING_MANA_TI):00023                     ORG     $1000   ; VARS
                      (SCROLLING_MANA_TI):00024         ; -----------------------------------------------------------------------------
                      (SCROLLING_MANA_TI):00025         ; PROGRAM ENTRYPOINT
                      (SCROLLING_MANA_TI):00026         ; -----------------------------------------------------------------------------
1000                  (SCROLLING_MANA_TI):00027         ENTRYPOINT  
1000 8E113C           (SCROLLING_MANA_TI):00028             LDX  #VDP_G4_SEQ            ; SET MODE GRAPHICS4
1003                  (SCROLLING_MANA_TI):00029         VDP_INIT    
1003 A680             (SCROLLING_MANA_TI):00030             LDA  ,X+
1005 B7FFE5           (SCROLLING_MANA_TI):00031             STA  VREG
1008 8C114C           (SCROLLING_MANA_TI):00032             CMPX #(VDP_G4_SEQ+VDP_G4_SZ)
100B 25F6             (SCROLLING_MANA_TI):00033             BLO  VDP_INIT
100D 8E1554           (SCROLLING_MANA_TI):00034             LDX  #PALETTE               ; SET 16-COLOR PALETTE
1010 8600             (SCROLLING_MANA_TI):00035             LDA  #0
1012 B7FFE5           (SCROLLING_MANA_TI):00036             STA  VREG
1015 8690             (SCROLLING_MANA_TI):00037             LDA  #$90
1017 B7FFE5           (SCROLLING_MANA_TI):00038             STA  VREG
101A                  (SCROLLING_MANA_TI):00039         SET_PAL
101A A680             (SCROLLING_MANA_TI):00040             LDA  ,X+
101C B7FFE6           (SCROLLING_MANA_TI):00041             STA  VPAL
101F A680             (SCROLLING_MANA_TI):00042             LDA  ,X+
1021 B7FFE6           (SCROLLING_MANA_TI):00043             STA  VPAL
1024 8C1574           (SCROLLING_MANA_TI):00044             CMPX #END_PAL
1027 25F1             (SCROLLING_MANA_TI):00045             BLO  SET_PAL
1029 9E24             (SCROLLING_MANA_TI):00046             LDX  JT_FIRQ+1              ; PRESERVE DEFAULT FIRQ ISR ADDRESS,
102B BF1552           (SCROLLING_MANA_TI):00047             STX  VSNEXTISR              ; FOR USE WHEN A NON-VDP FIRQ HAPPENS.
102E 8E1124           (SCROLLING_MANA_TI):00048             LDX  #VDP_FIRQ              ; GET ADDRESS OF OUR ISR,
1031 9F24             (SCROLLING_MANA_TI):00049             STX  JT_FIRQ+1              ; AND INSERT IT IN FIRQ JUMP TABLE.
1033 CC0000           (SCROLLING_MANA_TI):00050             LDD  #0
1036 FD154C           (SCROLLING_MANA_TI):00051             STD  SCROLL_POS             ; INITIAL SMOOTH SCROLL POS 0
1039 7F154E           (SCROLLING_MANA_TI):00052             CLR  VID_PAGE               ; INITIAL GFX PAGE 0
103C                  (SCROLLING_MANA_TI):00053         DRAWLOOP    
103C 8600             (SCROLLING_MANA_TI):00054             LDA  #0         ; INITIAL SMOOTH SCROLL POS IS ZERO
103E B7154F           (SCROLLING_MANA_TI):00055             STA  SSH
1041 B7FFE5           (SCROLLING_MANA_TI):00056             STA  VREG
1044 8692             (SCROLLING_MANA_TI):00057             LDA  #$92
1046 B7FFE5           (SCROLLING_MANA_TI):00058             STA  VREG
1049 8603             (SCROLLING_MANA_TI):00059             LDA  #3         ; RESET SMOOTHSCROLLER'S 3-ROW COUNTDOWN
104B B71550           (SCROLLING_MANA_TI):00060             STA  SCD
104E B6154E           (SCROLLING_MANA_TI):00061             LDA  VID_PAGE   ; CHECK WHICH GFX PAGES WE WANT TO SHOW/UPDATE
1051 2626             (SCROLLING_MANA_TI):00062             BNE  DO_PAGE1
1053                  (SCROLLING_MANA_TI):00063         DO_PAGE0
1053 863F             (SCROLLING_MANA_TI):00064             LDA  #$3F       ; SELECT GRAPHIC PAGE 2/4 (MID 2 BYTES OF TOP NYBBLE)
1055 B7FFE5           (SCROLLING_MANA_TI):00065             STA  VREG
1058 8682             (SCROLLING_MANA_TI):00066             LDA  #$82
105A B7FFE5           (SCROLLING_MANA_TI):00067             STA  VREG
                      (SCROLLING_MANA_TI):00068             ; 1 101010 0000 0000
                      (SCROLLING_MANA_TI):00069             ; x   x   x   x   x   A16 A15 A14
105D 8600             (SCROLLING_MANA_TI):00070             LDA  #$00       ; SET VRAM WRITE ADRS TO $0000 (PAGE 1/4 )
105F B7FFE5           (SCROLLING_MANA_TI):00071             STA  VREG
1062 868E             (SCROLLING_MANA_TI):00072             LDA  #$8E
1064 B7FFE5           (SCROLLING_MANA_TI):00073             STA  VREG
                      (SCROLLING_MANA_TI):00074             ; A7  A6  A5  A4  A3  A2  A1  A0
1067 8600             (SCROLLING_MANA_TI):00075             LDA  #$00
1069 B7FFE5           (SCROLLING_MANA_TI):00076             STA  VREG
                      (SCROLLING_MANA_TI):00077             ; 0   /RD A13 A12 A11 A10 A9  A8
106C 8640             (SCROLLING_MANA_TI):00078             LDA  #$40   ; $40 pg 1
106E B7FFE5           (SCROLLING_MANA_TI):00079             STA  VREG
1071 8601             (SCROLLING_MANA_TI):00080             LDA  #1
1073 B7154E           (SCROLLING_MANA_TI):00081             STA  VID_PAGE
1076 7E109C           (SCROLLING_MANA_TI):00082             JMP  START_SCROLL
1079                  (SCROLLING_MANA_TI):00083         DO_PAGE1
1079 861F             (SCROLLING_MANA_TI):00084             LDA  #$1F       ; SELECT GRAPHIC PAGE 1/4 (MID 2 BYTES OF TOP NYBBLE)
107B B7FFE5           (SCROLLING_MANA_TI):00085             STA  VREG
107E 8682             (SCROLLING_MANA_TI):00086             LDA  #$82
1080 B7FFE5           (SCROLLING_MANA_TI):00087             STA  VREG
                      (SCROLLING_MANA_TI):00088             ; 1 101010 0000 0000
                      (SCROLLING_MANA_TI):00089             ; x   x   x   x   x   A16 A15 A14
1083 8602             (SCROLLING_MANA_TI):00090             LDA  #$02       ; SET VRAM WRITE ADRS TO $8000 (PAGE 2/4)
1085 B7FFE5           (SCROLLING_MANA_TI):00091             STA  VREG
1088 868E             (SCROLLING_MANA_TI):00092             LDA  #$8E
108A B7FFE5           (SCROLLING_MANA_TI):00093             STA  VREG
                      (SCROLLING_MANA_TI):00094             ; A7  A6  A5  A4  A3  A2  A1  A0
108D 8600             (SCROLLING_MANA_TI):00095             LDA  #$00
108F B7FFE5           (SCROLLING_MANA_TI):00096             STA  VREG
                      (SCROLLING_MANA_TI):00097             ; 0   /RD A13 A12 A11 A10 A9  A8
1092 8640             (SCROLLING_MANA_TI):00098             LDA  #$40   ; $40 pg 1
1094 B7FFE5           (SCROLLING_MANA_TI):00099             STA  VREG
1097 8600             (SCROLLING_MANA_TI):00100             LDA  #0
1099 B7154E           (SCROLLING_MANA_TI):00101             STA  VID_PAGE
109C                  (SCROLLING_MANA_TI):00102         START_SCROLL
109C CC5634           (SCROLLING_MANA_TI):00103             LDD  #TILEMAP   ; POINTER TO TILEMAP (ARRAY OF TILE ADDRESSES)
109F F3154C           (SCROLLING_MANA_TI):00104             ADDD SCROLL_POS
10A2 1F03             (SCROLLING_MANA_TI):00105             TFR  D,U
10A4 FC154C           (SCROLLING_MANA_TI):00106             LDD  SCROLL_POS
10A7 C30002           (SCROLLING_MANA_TI):00107             ADDD #2         ; COARSE SCROLL TILEMAP LEFT 1 TILE
10AA FD154C           (SCROLLING_MANA_TI):00108             STD  SCROLL_POS
10AD 10830360         (SCROLLING_MANA_TI):00109             CMPD #864       ; IF CANT COARSE SCROLL ANYMORE,
10B1 2C68             (SCROLLING_MANA_TI):00110             BGE  RESET_SCROLL ; RESET SCROLL POS.
10B3                  (SCROLLING_MANA_TI):00111         DONESCROLL            
10B3 C618             (SCROLLING_MANA_TI):00112             LDB  #24         ; TILE ROW COUNTER
10B5                  (SCROLLING_MANA_TI):00113         MAP_ROWS    
10B5 11C620           (SCROLLING_MANA_TI):00114             LDF  #32        ; TILE COLUMN COUNTER
10B8 108E114C         (SCROLLING_MANA_TI):00115             LDY  #TILEBUF   ; 1 KB DEST BUFFER FOR RENDERED TILES
10BC                  (SCROLLING_MANA_TI):00116         MAP_ROW     
10BC AEC1             (SCROLLING_MANA_TI):00117             LDX  ,U++       ; GET NEXT TILE ADDRESS FROM TILEMAP
10BE 118608           (SCROLLING_MANA_TI):00118             LDE  #8         ; TILE PIXEL ROW COUNTER
10C1                  (SCROLLING_MANA_TI):00119         TILE_DRAW
10C1 A680             (SCROLLING_MANA_TI):00120             LDA  ,X+        ; RENDER AN 8-PIXEL ROW OF TILE
10C3 A7A0             (SCROLLING_MANA_TI):00121             STA  ,Y+
10C5 A680             (SCROLLING_MANA_TI):00122             LDA  ,X+
10C7 A7A0             (SCROLLING_MANA_TI):00123             STA  ,Y+
10C9 A680             (SCROLLING_MANA_TI):00124             LDA  ,X+
10CB A7A0             (SCROLLING_MANA_TI):00125             STA  ,Y+
10CD A680             (SCROLLING_MANA_TI):00126             LDA  ,X+
10CF A7A0             (SCROLLING_MANA_TI):00127             STA  ,Y+
10D1 31A87C           (SCROLLING_MANA_TI):00128             LEAY 124,Y      ; STRIDE TO NEXT PIXEL ROW OF DEST BUFFER
10D4 114A             (SCROLLING_MANA_TI):00129             DECE
10D6 26E9             (SCROLLING_MANA_TI):00130             BNE  TILE_DRAW
10D8 31A9FC04         (SCROLLING_MANA_TI):00131             LEAY -1020,Y    ; RESET DEST BUF ADRS TO NEXT TILE POS.
10DC 115A             (SCROLLING_MANA_TI):00132             DECF 
10DE 26DC             (SCROLLING_MANA_TI):00133             BNE  MAP_ROW    ; LOOP TO RENDER ALL TILES OF THE MAP ROW
10E0 8E114C           (SCROLLING_MANA_TI):00134             LDX  #TILEBUF
10E3                  (SCROLLING_MANA_TI):00135         VDP_COPY
10E3 A680             (SCROLLING_MANA_TI):00136             LDA  ,X+        ; COPY RENDERED TILEROW TO VDP
10E5 B7FFE4           (SCROLLING_MANA_TI):00137             STA  VDAT
10E8 8C154C           (SCROLLING_MANA_TI):00138             CMPX #(TILEBUF+1024)
10EB 25F6             (SCROLLING_MANA_TI):00139             BLO  VDP_COPY
10ED 33C90098         (SCROLLING_MANA_TI):00140             LEAU ((TILEMAP_W-32)*2),U  ; STRIDE TO NEXT TILEMAP ROW
                      (SCROLLING_MANA_TI):00141             ; EVERY THREE TILE ROWS, SMOOTH-SCROLL BY ONE PIXEL
                      (SCROLLING_MANA_TI):00142             ; $VH,$92   H= (LEFTMOST) 7 .. 1 ,(CENTER) 0, H=15..8 (RIGHTMOST)
                      (SCROLLING_MANA_TI):00143             ; V=8..15 (BOTTOM), 1..7 (TOP)
10F1 7A1550           (SCROLLING_MANA_TI):00144             DEC  SCD
10F4 2613             (SCROLLING_MANA_TI):00145             BNE  SKIPSS
10F6 7C154F           (SCROLLING_MANA_TI):00146             INC  SSH
10F9 B6154F           (SCROLLING_MANA_TI):00147             LDA  SSH
10FC B7FFE5           (SCROLLING_MANA_TI):00148             STA  VREG
10FF 8692             (SCROLLING_MANA_TI):00149             LDA  #$92
1101 B7FFE5           (SCROLLING_MANA_TI):00150             STA  VREG
1104 8603             (SCROLLING_MANA_TI):00151             LDA  #3         ; RESET 3-ROW COUNTDOWN
1106 B71550           (SCROLLING_MANA_TI):00152             STA  SCD
1109                  (SCROLLING_MANA_TI):00153         SKIPSS
1109 5A               (SCROLLING_MANA_TI):00154             DECB
110A 26A9             (SCROLLING_MANA_TI):00155             BNE  MAP_ROWS   ; LOOP UNTIL ALL MAP ROWS ARE DRAWN.
110C                  (SCROLLING_MANA_TI):00156         LOOPEND
110C BDFEA3           (SCROLLING_MANA_TI):00157             JSR  BF_UT_GETC ; PRESS ESCAPE TO EXIT DEMO,
110F 811B             (SCROLLING_MANA_TI):00158             CMPA #$1B
1111 1026FF27         (SCROLLING_MANA_TI):00159             LBNE DRAWLOOP   ; OR WE'LL KEEP REDRAWING.
1115 BE1552           (SCROLLING_MANA_TI):00160             LDX  VSNEXTISR  ; REMOVE OUR JUMP TABLE ENTRY
1118 9F24             (SCROLLING_MANA_TI):00161             STX  JT_FIRQ+1  ; (REPLACE WITH ORIG VALUE)
111A 39               (SCROLLING_MANA_TI):00162             RTS             ; ALL DONE.
                      (SCROLLING_MANA_TI):00163         
111B                  (SCROLLING_MANA_TI):00164         RESET_SCROLL
111B CC0000           (SCROLLING_MANA_TI):00165             LDD  #0
111E FD154C           (SCROLLING_MANA_TI):00166             STD  SCROLL_POS            
1121 7E10B3           (SCROLLING_MANA_TI):00167             JMP  DONESCROLL
                      (SCROLLING_MANA_TI):00168         ; -----------------------------------------------------------------------------
                      (SCROLLING_MANA_TI):00169         ; FIRQ  - can be called by the VDP for VBLANK, HBLANK, scanline, sprite, etc.
                      (SCROLLING_MANA_TI):00170         ; -----------------------------------------------------------------------------
1124                  (SCROLLING_MANA_TI):00171         VDP_FIRQ:    
1124 3476             (SCROLLING_MANA_TI):00172             PSHS A,B,X,Y,U
1126 1038             (SCROLLING_MANA_TI):00173             PSHSW     ; PUSH W ALSO
                      (SCROLLING_MANA_TI):00174         
                      (SCROLLING_MANA_TI):00175             ; ALSO TODO: MAKE THE VDP VBLANK STUFF IN HERE ONLY HAPPEN IF IT THE
                      (SCROLLING_MANA_TI):00176             ; FIRQ WAS REALLY CAUSED BY A VBLANK AND NOT SOMETHING ELSE LIKE HBLANK
                      (SCROLLING_MANA_TI):00177             ; OR A NON-VDP FIRQ.
                      (SCROLLING_MANA_TI):00178         
1128 4F               (SCROLLING_MANA_TI):00179             CLRA        ; GET VDP STATUS REGISTER S#0 TO DETERMINE INTERRUPT SOURCE
1129 B7FFE5           (SCROLLING_MANA_TI):00180             STA VREG    ; AND CLEAR THE INTERRUPT.
112C 868F             (SCROLLING_MANA_TI):00181             LDA #143
112E B7FFE5           (SCROLLING_MANA_TI):00182             STA VREG
1131 B6FFE5           (SCROLLING_MANA_TI):00183             LDA VREG
1134 B71551           (SCROLLING_MANA_TI):00184             STA VDP_INTRRUPT_REASON ; NOTE REASON TODO: NON-VBLANK HANDLERS
                      (SCROLLING_MANA_TI):00185         
                      (SCROLLING_MANA_TI):00186             ;TIM #1,VDP_CURS_STYLE   ; TEST CURSOR VISIBILITY,
                      (SCROLLING_MANA_TI):00187             ;BEQ CURSOR_UPDATE_DONE  ; IF CURSOR DISABLED, SKIP CURSOR STUFF
                      (SCROLLING_MANA_TI):00188         
1137                  (SCROLLING_MANA_TI):00189         FIRQ_DONE:
1137 1039             (SCROLLING_MANA_TI):00190             PULSW                   ; POP W TOO
1139 3576             (SCROLLING_MANA_TI):00191             PULS A,B,X,Y,U
113B 3B               (SCROLLING_MANA_TI):00192             RTI     
                      (SCROLLING_MANA_TI):00193         ; -----------------------------------------------------------------------------
     0010             (SCROLLING_MANA_TI):00194         VDP_G4_SZ   EQU     16      ; INIT SEQ FOR VDP MODE GRAPHICS4 (256 X 192 X 16)
                      (SCROLLING_MANA_TI):00195         ; $80, $89 - 212 lines
                      (SCROLLING_MANA_TI):00196         ; $00, $89 - 192 lines
113C 0099068040810A88 (SCROLLING_MANA_TI):00197         VDP_G4_SEQ  FCB     $00,$99,$06,$80,$40,$81,$0A,$88,$00,$89,$1F,$82,$00,$8E,$00,$40
     00891F82008E0040
114C                  (SCROLLING_MANA_TI):00198         TILEBUF                 RMB 1024    ; FOR RASTERIZING ONE ROW OF TILES
154C                  (SCROLLING_MANA_TI):00199         SCROLL_POS              RMB 2       ; FOR COARSE SCROLLING
154E                  (SCROLLING_MANA_TI):00200         VID_PAGE                RMB 1       ; FOR PAGE-FLIPPPING
154F                  (SCROLLING_MANA_TI):00201         SSH                     RMB 1
1550                  (SCROLLING_MANA_TI):00202         SCD                     RMB 1
1551                  (SCROLLING_MANA_TI):00203         VDP_INTRRUPT_REASON     RMB 1
1552                  (SCROLLING_MANA_TI):00204         VSNEXTISR               RMB 2
                      (SCROLLING_MANA_TI):00205         ; -----------------------------------------------------------------------------
                      (SCROLLING_MANA_TI):00206         ; PALETTE, TILE MAP, TILES, AND RELATED DEFS.
                      (SCROLLING_MANA_TI):00207         ;
                      (SCROLLING_MANA_TI):00208         ; TO MAKE THIS DATA, I FOUND ONLINE A FAN-MADE PNG IMAGE OF THE MAP AND WROTE
                      (SCROLLING_MANA_TI):00209         ; A PYTHON SCRIPT WHICH LOADS THIS FILE AND EXAMINE THE IMAGE AS A SERIES 
                      (SCROLLING_MANA_TI):00210         ; OF 8X8 PIXEL TILES:
                      (SCROLLING_MANA_TI):00211         ;
                      (SCROLLING_MANA_TI):00212         ; FOR EACH TILE, THE SCRIPT CHECKS IF IT HAS BEEN SEEN BEFORE, AND IF NOT, 
                      (SCROLLING_MANA_TI):00213         ; IT IS ADDED TO A TABLE OF UNIQUE TILES' GRAPHICS CALLED 'TILES'. WE NOW KNOW
                      (SCROLLING_MANA_TI):00214         ; WHICH TILE INDEX BELONGS IN THAT SQUARE OF THE MAP, SO THAT IS ADDED TO A 
                      (SCROLLING_MANA_TI):00215         ; TABLE CALLED 'TILEMAP'.
                      (SCROLLING_MANA_TI):00216         ;
                      (SCROLLING_MANA_TI):00217         ; IDEALLY, THERE WILL BE SEVERAL DUPLICATE TILES USED IN THE IMAGE, AND SINCE
                      (SCROLLING_MANA_TI):00218         ; WE ONLY NEED TO KEEP ONE COPY OF EACH UNIQUE TILE, THE FINAL FILE SIZE
                      (SCROLLING_MANA_TI):00219         ; SHOULD OCCUPY MUCH LESS SPACE THAN THE ORIGINAL IMAGE.
                      (SCROLLING_MANA_TI):00220         ;
                      (SCROLLING_MANA_TI):00221         ; -----------------------------------------------------------------------------
     006C             (SCROLLING_MANA_TI):00222         TILEMAP_W   EQU 108         ; MAP WIDTH IN TILES
     0024             (SCROLLING_MANA_TI):00223         TILEMAP_H   EQU  36         ; MAP HEIGHT IN TILES
     0206             (SCROLLING_MANA_TI):00224         NUM_TILES   EQU 518         ; NUM TILES IN TILESET
                      (SCROLLING_MANA_TI):00225         
1554                  (SCROLLING_MANA_TI):00226         PALETTE                     ; 16-COLOR PALETTE %.RRR.BBB %.....GGG
1554 2005010201041101 (SCROLLING_MANA_TI):00227             FDB $2005,$0102,$0104,$1101,$5106,$1101,$1201,$2102,$2102,$4204,$3004,$2103,$4304,$2001,$5103,$4002
     5106110112012102
     2102420430042103
     4304200151034002
1574                  (SCROLLING_MANA_TI):00228         END_PAL
1574                  (SCROLLING_MANA_TI):00229         TILES:                      ; TILE GRAPHICS. 64 PIXELS/TILE, 2 PIXELS/BYTE
1574 0110002022002020 (SCROLLING_MANA_TI):00230             FCB $01,$10,$00,$20,$22,$00,$20,$20,$21,$11,$04,$33,$02,$21,$00,$13,$40,$02,$21,$11,$40,$44,$02,$22,$02,$44,$02,$12,$02,$21,$22,$33
     2111043302210013
     4002211140440222
     0244021202212233
1594 0211222000122020 (SCROLLING_MANA_TI):00231             FCB $02,$11,$22,$20,$00,$12,$20,$20,$22,$11,$22,$11,$13,$12,$02,$11,$32,$21,$00,$22,$30,$21,$21,$00,$30,$12,$02,$11,$33,$10,$02,$22
     2211221113120211
     3221002230212100
     3012021133100222
15B4 1131242233102202 (SCROLLING_MANA_TI):00232             FCB $11,$31,$24,$22,$33,$10,$22,$02,$33,$00,$24,$40,$31,$24,$44,$04,$20,$04,$02,$44,$00,$24,$20,$20,$40,$22,$04,$04,$40,$22,$44,$00
     3300244031244404
     2004024400242020
     4022040440224400
15D4 4201101202111112 (SCROLLING_MANA_TI):00233             FCB $42,$01,$10,$12,$02,$11,$11,$12,$04,$01,$22,$20,$44,$40,$20,$20,$44,$01,$20,$00,$40,$41,$12,$00,$42,$12,$00,$40,$40,$22,$04,$44
     0401222044402020
     4401200040411200
     4212004040220444
15F4 2210220255100212 (SCROLLING_MANA_TI):00234             FCB $22,$10,$22,$02,$55,$10,$02,$12,$55,$15,$01,$20,$52,$21,$51,$04,$12,$33,$22,$11,$55,$52,$02,$10,$13,$52,$21,$04,$13,$31,$15,$01
     5515012052215104
     1233221155520210
     1352210413311501
1614 0002101220211112 (SCROLLING_MANA_TI):00235             FCB $00,$02,$10,$12,$20,$21,$11,$12,$04,$01,$22,$20,$40,$40,$20,$20,$20,$44,$24,$40,$00,$04,$00,$00,$02,$20,$00,$40,$12,$22,$04,$44
     0401222040402020
     2044244000040000
     0220004012220444
1634 3113002232110302 (SCROLLING_MANA_TI):00236             FCB $31,$13,$00,$22,$32,$11,$03,$02,$20,$21,$33,$00,$22,$31,$13,$01,$11,$32,$11,$12,$21,$11,$22,$20,$22,$33,$22,$30,$32,$33,$23,$30
     2021330022311301
     1132111221112220
     2233223032332330
1654 4505500225553512 (SCROLLING_MANA_TI):00237             FCB $45,$05,$50,$02,$25,$55,$35,$12,$11,$33,$11,$22,$12,$13,$12,$20,$22,$21,$20,$00,$01,$21,$22,$02,$01,$10,$02,$20,$11,$12,$02,$40
     1133112212131220
     2221200001212202
     0110022011120240
1674 2005505421535552 (SCROLLING_MANA_TI):00238             FCB $20,$05,$50,$54,$21,$53,$55,$52,$22,$11,$33,$11,$02,$21,$31,$21,$00,$02,$12,$22,$20,$22,$12,$10,$02,$20,$01,$10,$04,$20,$21,$11
     2211331102213121
     0002122220221210
     0220011004202111
1694 2200311320301123 (SCROLLING_MANA_TI):00239             FCB $22,$00,$31,$13,$20,$30,$11,$23,$00,$33,$12,$02,$10,$31,$13,$22,$21,$11,$23,$11,$02,$22,$11,$12,$03,$22,$33,$22,$03,$32,$33,$23
     0033120210311322
     2111231102221112
     0322332203323323
16B4 5555512555125515 (SCROLLING_MANA_TI):00240             FCB $55,$55,$51,$25,$55,$12,$55,$15,$25,$11,$22,$55,$01,$21,$22,$11,$02,$02,$13,$11,$22,$21,$11,$32,$02,$15,$12,$55,$22,$25,$55,$56
     2511225501212211
     0202131122211132
     0215125522255556
16D4 5556111655566165 (SCROLLING_MANA_TI):00241             FCB $55,$56,$11,$16,$55,$56,$61,$65,$55,$56,$56,$55,$55,$65,$55,$51,$55,$55,$55,$51,$55,$55,$66,$65,$55,$55,$66,$65,$55,$66,$55,$55
     5556565555655551
     5555555155556665
     5555666555665555
16F4 2121100322211015 (SCROLLING_MANA_TI):00242             FCB $21,$21,$10,$03,$22,$21,$10,$15,$00,$01,$11,$25,$00,$11,$22,$11,$20,$12,$00,$01,$22,$20,$00,$12,$00,$20,$21,$12,$02,$22,$02,$00
     0001112500112211
     2012000122200012
     0020211202220200
1714 0031155211331555 (SCROLLING_MANA_TI):00243             FCB $00,$31,$15,$52,$11,$33,$15,$55,$12,$21,$53,$31,$22,$11,$22,$11,$00,$31,$21,$20,$55,$31,$10,$00,$51,$12,$00,$20,$52,$10,$02,$12
     1221533122112211
     0031212055311000
     5112002052100212
1734 5565555556555655 (SCROLLING_MANA_TI):00244             FCB $55,$65,$55,$55,$56,$55,$56,$55,$66,$56,$66,$55,$65,$55,$65,$52,$55,$55,$55,$21,$55,$56,$52,$21,$55,$65,$02,$22,$55,$55,$00,$22
     6656665565556552
     5555552155565221
     5565022255550022
1754 5555551155511122 (SCROLLING_MANA_TI):00245             FCB $55,$55,$55,$11,$55,$51,$11,$22,$52,$11,$12,$42,$10,$02,$20,$02,$10,$02,$00,$00,$12,$24,$04,$40,$40,$00,$24,$40,$00,$10,$24,$24
     5211124210022002
     1002000012240440
     4000244000102424
1774 4021133342031231 (SCROLLING_MANA_TI):00246             FCB $40,$21,$13,$33,$42,$03,$12,$31,$21,$33,$22,$01,$20,$31,$10,$01,$00,$11,$15,$02,$12,$21,$21,$22,$22,$02,$02,$20,$00,$21,$00,$20
     2133220120311001
     0011150212212122
     2202022000210020
1794 1330120013312020 (SCROLLING_MANA_TI):00247             FCB $13,$30,$12,$00,$13,$31,$20,$20,$21,$13,$00,$20,$02,$13,$00,$32,$12,$21,$21,$31,$00,$01,$21,$11,$00,$22,$02,$21,$40,$02,$02,$21
     2113002002130032
     1221213100012111
     0022022140020221
17B4 0200400200400040 (SCROLLING_MANA_TI):00248             FCB $02,$00,$40,$02,$00,$40,$00,$40,$00,$44,$02,$44,$00,$44,$04,$22,$14,$00,$44,$14,$14,$20,$02,$22,$11,$10,$22,$20,$11,$12,$20,$00
     0044024400440422
     1400441414200222
     1110222011122000
17D4 0020040000000004 (SCROLLING_MANA_TI):00249             FCB $00,$20,$04,$00,$00,$00,$00,$04,$20,$24,$22,$02,$04,$34,$02,$00,$40,$30,$00,$12,$23,$33,$00,$31,$21,$11,$33,$31,$02,$11,$11,$25
     2024220204340200
     4030001223330031
     2111333102111125
17F4 1213555521311333 (SCROLLING_MANA_TI):00250             FCB $12,$13,$55,$55,$21,$31,$13,$33,$55,$22,$11,$13,$55,$51,$22,$11,$53,$35,$02,$15,$53,$35,$55,$15,$11,$35,$51,$23,$21,$55,$32,$21
     5522111355512211
     5335021553355515
     1135512321553221
1814 0022040000000004 (SCROLLING_MANA_TI):00251             FCB $00,$22,$04,$00,$00,$00,$00,$04,$10,$04,$42,$02,$04,$54,$42,$00,$42,$50,$02,$52,$25,$52,$05,$55,$31,$35,$25,$31,$22,$31,$11,$25
     1004420204544200
     4250025225520555
     3135253122311125
1834 1533513111313112 (SCROLLING_MANA_TI):00252             FCB $15,$33,$51,$31,$11,$31,$31,$12,$25,$35,$23,$22,$55,$13,$25,$52,$55,$11,$55,$55,$55,$15,$55,$51,$55,$55,$55,$65,$55,$55,$15,$66
     2535232255132552
     5511555555155551
     5555556555551566
1854 1122104415531001 (SCROLLING_MANA_TI):00253             FCB $11,$22,$10,$44,$15,$53,$10,$01,$11,$55,$30,$21,$51,$55,$12,$55,$55,$55,$15,$55,$55,$65,$55,$55,$55,$66,$65,$65,$55,$55,$66,$55
     1155302151551255
     5555155555655555
     5566656555556655
1874 4401221110013551 (SCROLLING_MANA_TI):00254             FCB $44,$01,$22,$11,$10,$01,$35,$51,$12,$03,$55,$11,$55,$21,$55,$15,$55,$51,$55,$55,$55,$55,$56,$55,$56,$56,$66,$55,$55,$66,$55,$55
     1203551155215515
     5551555555555655
     5656665555665555
1894 1315335121131311 (SCROLLING_MANA_TI):00255             FCB $13,$15,$33,$51,$21,$13,$13,$11,$22,$32,$53,$52,$25,$52,$31,$55,$55,$55,$11,$55,$15,$55,$51,$55,$56,$55,$55,$55,$66,$51,$55,$55
     2232535225523155
     5555115515555155
     5655555566515555
18B4 3205656131361155 (SCROLLING_MANA_TI):00256             FCB $32,$05,$65,$61,$31,$36,$11,$55,$51,$33,$12,$55,$11,$13,$35,$55,$15,$11,$55,$55,$25,$55,$55,$55,$15,$55,$55,$56,$55,$55,$55,$55
     5133125511133555
     1511555525555555
     1555555655555555
18D4 5566655156655565 (SCROLLING_MANA_TI):00257             FCB $55,$66,$65,$51,$56,$65,$55,$65,$55,$65,$55,$61,$55,$56,$56,$66,$55,$56,$66,$61,$56,$56,$66,$57,$66,$65,$66,$67,$66,$65,$66,$67
     5565556155565666
     5556666156566657
     6665666766656667
18F4 4220011502331123 (SCROLLING_MANA_TI):00258             FCB $42,$20,$01,$15,$02,$33,$11,$23,$20,$05,$53,$33,$11,$03,$11,$11,$12,$31,$13,$32,$22,$15,$55,$12,$15,$55,$55,$11,$55,$55,$55,$55
     2005533311031111
     1231133222155512
     1555551155555555
1914 3221112213321122 (SCROLLING_MANA_TI):00259             FCB $32,$21,$11,$22,$13,$32,$11,$22,$11,$12,$23,$15,$11,$33,$25,$31,$11,$25,$53,$13,$51,$15,$53,$31,$55,$53,$33,$52,$55,$33,$35,$55
     1112231511332531
     1125531351155331
     5553335255333555
1934 5551322155512001 (SCROLLING_MANA_TI):00260             FCB $55,$51,$32,$21,$55,$51,$20,$01,$55,$55,$13,$02,$55,$63,$33,$31,$52,$23,$21,$32,$52,$13,$12,$14,$55,$11,$20,$14,$01,$51,$00,$44
     5555130255633331
     5223213252131214
     5511201401510044
1954 1332122421333004 (SCROLLING_MANA_TI):00261             FCB $13,$32,$12,$24,$21,$33,$30,$04,$22,$33,$44,$00,$22,$13,$40,$44,$21,$13,$31,$44,$01,$11,$12,$41,$42,$21,$22,$22,$20,$02,$20,$02
     2233440022134044
     2113314401111241
     4221222220022002
1974 5555666556555665 (SCROLLING_MANA_TI):00262             FCB $55,$55,$66,$65,$56,$55,$56,$65,$65,$66,$55,$55,$66,$66,$56,$56,$66,$66,$65,$66,$56,$66,$66,$66,$55,$56,$66,$65,$55,$66,$66,$66
     6566555566665656
     6666656656666666
     5556666555666666
1994 5655666356566665 (SCROLLING_MANA_TI):00263             FCB $56,$55,$66,$63,$56,$56,$66,$65,$66,$66,$66,$35,$66,$66,$66,$35,$66,$66,$55,$55,$55,$63,$53,$33,$56,$65,$55,$53,$66,$65,$33,$55
     6666663566666635
     6666555555635333
     5665555366653355
19B4 3551135535851555 (SCROLLING_MANA_TI):00264             FCB $35,$51,$13,$55,$35,$85,$15,$55,$35,$58,$55,$85,$55,$55,$88,$88,$53,$35,$58,$88,$33,$55,$55,$38,$55,$33,$33,$55,$35,$55,$33,$35
     3558558555558888
     5335588833555538
     5533335535553335
19D4 5555331155131221 (SCROLLING_MANA_TI):00265             FCB $55,$55,$33,$11,$55,$13,$12,$21,$55,$22,$13,$25,$55,$52,$31,$15,$88,$55,$32,$25,$55,$55,$52,$55,$35,$55,$55,$55,$33,$85,$58,$85
     5522132555523115
     8855322555555255
     3555555533855885
19F4 1255555522555885 (SCROLLING_MANA_TI):00266             FCB $12,$55,$55,$55,$22,$55,$58,$85,$55,$55,$55,$88,$58,$85,$55,$88,$58,$88,$58,$88,$55,$98,$88,$96,$55,$58,$99,$86,$55,$55,$98,$56
     5555558858855588
     5888588855988896
     5558998655559856
1A14 5555515555511115 (SCROLLING_MANA_TI):00267             FCB $55,$55,$51,$55,$55,$51,$11,$15,$55,$82,$25,$12,$88,$85,$25,$22,$88,$66,$55,$65,$66,$65,$55,$66,$65,$55,$55,$66,$58,$55,$55,$86
     5582251288852522
     8866556566655566
     6555556658555586
1A34 5155665512515555 (SCROLLING_MANA_TI):00268             FCB $51,$55,$66,$55,$12,$51,$55,$55,$55,$11,$51,$55,$55,$55,$11,$55,$55,$56,$15,$56,$56,$66,$55,$56,$66,$65,$55,$55,$66,$55,$53,$35
     5511515555551155
     5556155656665556
     6665555566555335
1A54 5555655355555535 (SCROLLING_MANA_TI):00269             FCB $55,$55,$65,$53,$55,$55,$55,$35,$56,$55,$55,$35,$66,$65,$55,$35,$68,$83,$55,$55,$88,$33,$53,$33,$33,$55,$55,$53,$33,$55,$33,$55
     5655553566655535
     6883555588335333
     3355555333553355
1A74 5513331355113233 (SCROLLING_MANA_TI):00270             FCB $55,$13,$33,$13,$55,$11,$32,$33,$35,$15,$51,$13,$55,$55,$55,$11,$55,$55,$35,$25,$35,$53,$35,$55,$55,$35,$53,$35,$35,$55,$33,$35
     3515511355555511
     5555352535533555
     5535533535553335
1A94 0212111325522313 (SCROLLING_MANA_TI):00271             FCB $02,$12,$11,$13,$25,$52,$23,$13,$33,$33,$25,$33,$11,$31,$31,$13,$11,$32,$11,$23,$15,$32,$32,$21,$55,$13,$32,$23,$55,$11,$55,$53
     3333253311313113
     1132112315323221
     5513322355115553
1AB4 5555355553533355 (SCROLLING_MANA_TI):00272             FCB $55,$55,$35,$55,$53,$53,$33,$55,$11,$55,$33,$55,$12,$35,$55,$65,$55,$53,$55,$66,$55,$55,$56,$66,$55,$55,$65,$66,$55,$65,$66,$55
     1155335512355565
     5553556655555666
     5555656655656655
1AD4 5566666666655666 (SCROLLING_MANA_TI):00273             FCB $55,$66,$66,$66,$66,$65,$56,$66,$66,$66,$66,$65,$65,$66,$66,$63,$66,$66,$66,$53,$66,$65,$33,$55,$66,$63,$53,$35,$55,$53,$35,$55
     6666666565666663
     6666665366653355
     6663533555533555
1AF4 6633533553355555 (SCROLLING_MANA_TI):00274             FCB $66,$33,$53,$35,$53,$35,$55,$55,$53,$35,$55,$53,$53,$55,$33,$55,$35,$53,$33,$53,$35,$55,$55,$33,$55,$33,$55,$53,$55,$35,$55,$55
     5335555353553355
     3553335335555533
     5533555355355555
1B14 3355553355533353 (SCROLLING_MANA_TI):00275             FCB $33,$55,$55,$33,$55,$53,$33,$53,$35,$33,$55,$55,$35,$35,$53,$33,$33,$55,$55,$53,$55,$55,$33,$55,$35,$33,$53,$35,$55,$53,$35,$55
     3533555535355333
     3355555355553355
     3533533555533555
1B34 5538558853385588 (SCROLLING_MANA_TI):00276             FCB $55,$38,$55,$88,$53,$38,$55,$88,$53,$35,$85,$88,$53,$55,$85,$88,$35,$58,$88,$88,$35,$58,$88,$59,$58,$88,$88,$59,$55,$89,$88,$58
     5335858853558588
     3558888835588859
     5888885955898858
1B54 5555856655585666 (SCROLLING_MANA_TI):00277             FCB $55,$55,$85,$66,$55,$58,$56,$66,$55,$88,$86,$55,$88,$88,$65,$55,$88,$88,$66,$55,$88,$85,$56,$55,$98,$88,$55,$58,$99,$88,$58,$88
     5588865588886555
     8888665588855655
     9888555899885888
1B74 8885586658888866 (SCROLLING_MANA_TI):00278             FCB $88,$85,$58,$66,$58,$88,$88,$66,$58,$88,$66,$65,$58,$86,$65,$55,$58,$88,$65,$56,$88,$88,$65,$56,$88,$88,$65,$66,$88,$88,$66,$66
     5888666558866555
     5888655688886556
     8888656688886666
1B94 6556553355663353 (SCROLLING_MANA_TI):00279             FCB $65,$56,$55,$33,$55,$66,$33,$53,$55,$66,$55,$55,$55,$56,$53,$33,$56,$56,$66,$53,$56,$66,$66,$65,$55,$66,$66,$55,$56,$66,$65,$55
     5566555555565333
     5656665356666665
     5566665556666555
1BB4 5533533553355555 (SCROLLING_MANA_TI):00280             FCB $55,$33,$53,$35,$53,$35,$55,$55,$53,$35,$55,$53,$53,$55,$33,$55,$35,$53,$33,$53,$35,$55,$55,$33,$55,$33,$55,$53,$55,$35,$55,$55
     5335555353553355
     3553335335555533
     5533555355355555
1BD4 3355555555533555 (SCROLLING_MANA_TI):00281             FCB $33,$55,$55,$55,$55,$53,$35,$55,$35,$33,$55,$55,$35,$35,$53,$33,$33,$55,$55,$53,$55,$55,$33,$55,$35,$33,$53,$35,$55,$53,$35,$55
     3533555535355333
     3355555355553355
     3533533555533555
1BF4 5551355565555555 (SCROLLING_MANA_TI):00282             FCB $55,$51,$35,$55,$65,$55,$55,$55,$66,$65,$55,$52,$56,$55,$56,$55,$55,$53,$56,$65,$35,$55,$55,$55,$55,$35,$55,$55,$55,$35,$55,$55
     6665555256555655
     5553566535555555
     5535555555355555
1C14 5666665555665556 (SCROLLING_MANA_TI):00283             FCB $56,$66,$66,$55,$55,$66,$55,$56,$56,$66,$55,$56,$56,$55,$56,$66,$55,$55,$55,$65,$65,$55,$55,$56,$66,$55,$65,$66,$66,$56,$66,$65
     5666555656555666
     5555556565555556
     6655656666566665
1C34 7355535575555535 (SCROLLING_MANA_TI):00284             FCB $73,$55,$53,$55,$75,$55,$55,$35,$35,$53,$88,$55,$55,$55,$8B,$B3,$53,$35,$5B,$D5,$33,$DD,$5D,$D5,$55,$D5,$55,$55,$35,$55,$88,$85
     3553885555558BB3
     53355BD533DD5DD5
     55D5555535558885
1C54 588355738DB85575 (SCROLLING_MANA_TI):00285             FCB $58,$83,$55,$73,$8D,$B8,$55,$75,$BD,$D8,$35,$75,$5B,$85,$55,$35,$53,$55,$55,$55,$55,$38,$8C,$3B,$55,$5C,$DB,$CB,$55,$5C,$CE,$C5
     BDD835755B855535
     5355555555388C3B
     555CDBCB555CCEC5
1C74 AB778998A7783389 (SCROLLING_MANA_TI):00286             FCB $AB,$77,$89,$98,$A7,$78,$33,$89,$B7,$7B,$A3,$33,$77,$77,$77,$73,$7B,$B7,$73,$33,$BB,$33,$73,$33,$77,$B3,$77,$33,$B7,$73,$33,$89
     B77BA33377777773
     7BB77333BB337333
     77B37733B7733389
1C94 8998858899888888 (SCROLLING_MANA_TI):00287             FCB $89,$98,$85,$88,$99,$88,$88,$88,$38,$88,$99,$88,$35,$55,$99,$88,$33,$38,$88,$55,$77,$99,$88,$55,$38,$98,$88,$88,$99,$88,$33,$88
     3888998835559988
     3338885577998855
     3898888899883388
1CB4 8998858889998588 (SCROLLING_MANA_TI):00288             FCB $89,$98,$85,$88,$89,$99,$85,$88,$89,$99,$88,$89,$59,$99,$98,$88,$58,$99,$99,$98,$58,$99,$99,$99,$88,$88,$99,$99,$89,$88,$89,$99
     8999888959999888
     5899999858999999
     8888999989888999
1CD4 8885666698855665 (SCROLLING_MANA_TI):00289             FCB $88,$85,$66,$66,$98,$85,$56,$65,$98,$85,$58,$65,$88,$88,$88,$65,$88,$88,$88,$66,$88,$89,$86,$56,$99,$99,$85,$56,$99,$98,$85,$55
     9885586588888865
     8888886688898656
     9999855699988555
1CF4 5566666656666663 (SCROLLING_MANA_TI):00290             FCB $55,$66,$66,$66,$56,$66,$66,$63,$55,$55,$66,$88,$55,$55,$65,$65,$68,$56,$65,$35,$68,$88,$88,$33,$66,$88,$98,$83,$66,$68,$99,$88
     5555668855556565
     6856653568888833
     6688988366689988
1D14 6633333368668533 (SCROLLING_MANA_TI):00291             FCB $66,$33,$33,$33,$68,$66,$85,$33,$85,$55,$33,$37,$53,$57,$73,$B7,$77,$3B,$73,$37,$33,$33,$33,$B7,$33,$BB,$3B,$37,$73,$AB,$33,$7B
     85553337535773B7
     773B7337333333B7
     33BB3B3773AB337B
1D34 73555355A7555535 (SCROLLING_MANA_TI):00292             FCB $73,$55,$53,$55,$A7,$55,$55,$35,$B7,$7B,$CC,$77,$77,$77,$C4,$4B,$7B,$B7,$74,$E7,$BB,$EE,$7E,$E5,$77,$E5,$55,$75,$B7,$55,$CC,$C5
     B77BCC777777C44B
     7BB774E7BBEE7EE5
     77E55575B755CCC5
1D54 5CC35573CDBC55A7 (SCROLLING_MANA_TI):00293             FCB $5C,$C3,$55,$73,$CD,$BC,$55,$A7,$4E,$EC,$B7,$A7,$74,$C7,$77,$B7,$7B,$77,$77,$77,$75,$BC,$CC,$BB,$75,$5C,$E4,$CB,$35,$5C,$CE,$C5
     4EECB7A774C777B7
     7B77777775BCCCBB
     755CE4CB355CCEC5
1D74 B551135577851555 (SCROLLING_MANA_TI):00294             FCB $B5,$51,$13,$55,$77,$85,$15,$55,$7A,$B8,$55,$85,$AB,$73,$88,$88,$77,$33,$58,$88,$7B,$B7,$75,$38,$BB,$75,$33,$55,$77,$77,$53,$35
     7AB85585AB738888
     773358887BB77538
     BB75335577775335
1D94 5655666156566661 (SCROLLING_MANA_TI):00295             FCB $56,$55,$66,$61,$56,$56,$66,$61,$66,$66,$66,$25,$66,$66,$66,$15,$66,$66,$32,$25,$55,$65,$52,$55,$56,$65,$55,$55,$66,$65,$58,$85
     6666662566666615
     6666322555655255
     5665555566655885
1DB4 5513331355113233 (SCROLLING_MANA_TI):00296             FCB $55,$13,$33,$13,$55,$11,$32,$33,$55,$15,$51,$13,$58,$55,$55,$11,$55,$55,$35,$25,$55,$53,$35,$55,$55,$55,$53,$35,$55,$55,$93,$35
     5515511358555511
     5555352555533555
     5555533555559335
1DD4 7B38BDBCB358BDDC (SCROLLING_MANA_TI):00297             FCB $7B,$38,$BD,$BC,$B3,$58,$BD,$DC,$55,$55,$88,$85,$35,$B3,$55,$55,$33,$B3,$35,$55,$5B,$3B,$BB,$55,$3B,$BB,$55,$B7,$55,$55,$B7,$77
     5555888535B35555
     33B335555B3BBB55
     3BBB55B75555B777
1DF4 5535CCC75DB5B3B7 (SCROLLING_MANA_TI):00298             FCB $55,$35,$CC,$C7,$5D,$B5,$B3,$B7,$5D,$DB,$4B,$4B,$55,$B5,$B4,$44,$B3,$BB,$55,$54,$44,$B4,$55,$55,$54,$44,$45,$7B,$75,$5B,$47,$77
     5DDB4B4B55B5B444
     B3BB555444B45555
     5444457B755B4777
1E14 AB37998873BB8733 (SCROLLING_MANA_TI):00299             FCB $AB,$37,$99,$88,$73,$BB,$87,$33,$B7,$37,$33,$38,$B7,$B3,$B3,$78,$BB,$73,$33,$7B,$77,$77,$BB,$3B,$B7,$77,$7B,$3B,$77,$7B,$77,$77
     B7373338B7B3B378
     BB73337B7777BB3B
     B7777B3B777B7777
1E34 9983338889737899 (SCROLLING_MANA_TI):00300             FCB $99,$83,$33,$88,$89,$73,$78,$99,$98,$37,$88,$99,$33,$3B,$39,$98,$37,$3B,$B9,$93,$77,$BB,$99,$99,$B7,$79,$93,$B9,$B9,$99,$B7,$7B
     98378899333B3998
     373BB99377BB9999
     B77993B9B999B77B
1E54 9988899999988B99 (SCROLLING_MANA_TI):00301             FCB $99,$88,$89,$99,$99,$98,$8B,$99,$98,$88,$89,$99,$33,$88,$89,$99,$33,$88,$B9,$99,$B7,$79,$99,$B9,$3A,$79,$9B,$79,$3B,$99,$87,$7B
     9888899933888999
     3388B999B77999B9
     3A799B793B99877B
1E74 9998855899998555 (SCROLLING_MANA_TI):00302             FCB $99,$98,$85,$58,$99,$99,$85,$55,$B9,$B9,$98,$85,$9B,$89,$8B,$99,$97,$88,$B9,$B9,$9B,$78,$B8,$B8,$99,$AB,$B7,$7B,$99,$7A,$B7,$7B
     B9B998859B898B99
     9788B9B99B78B8B8
     99ABB77B997AB77B
1E94 5568988958B88888 (SCROLLING_MANA_TI):00303             FCB $55,$68,$98,$89,$58,$B8,$88,$88,$BB,$55,$85,$BB,$7B,$58,$5B,$73,$97,$57,$37,$AB,$99,$88,$3A,$B7,$B9,$99,$8A,$77,$88,$88,$AB,$77
     BB5585BB7B585B73
     975737AB99883AB7
     B9998A778888AB77
1EB4 988337BB88887B77 (SCROLLING_MANA_TI):00304             FCB $98,$83,$37,$BB,$88,$88,$7B,$77,$58,$A8,$88,$BB,$8A,$B3,$37,$7B,$7A,$77,$B7,$A7,$7B,$7A,$A7,$BA,$77,$7A,$B7,$7A,$BA,$B7,$7B,$A7
     58A888BB8AB3377B
     7A77B7A77B7AA7BA
     777AB77ABAB77BA7
1ED4 A4BC4E4C4B7C4EEC (SCROLLING_MANA_TI):00305             FCB $A4,$BC,$4E,$4C,$4B,$7C,$4E,$EC,$55,$55,$CC,$C5,$B7,$4B,$35,$55,$BB,$4B,$B3,$33,$74,$B4,$44,$55,$B4,$44,$55,$B7,$75,$55,$B7,$77
     5555CCC5B74B3555
     BB4BB33374B44455
     B44455B77555B777
1EF4 35B5CCC75E45B3B7 (SCROLLING_MANA_TI):00306             FCB $35,$B5,$CC,$C7,$5E,$45,$B3,$B7,$5E,$EB,$4B,$4B,$55,$B5,$B4,$44,$B3,$BB,$55,$54,$44,$B4,$55,$55,$54,$44,$45,$7B,$75,$5B,$47,$77
     5EEB4B4B55B5B444
     B3BB555444B45555
     5444457B755B4777
1F14 777BB733B7AB7BB7 (SCROLLING_MANA_TI):00307             FCB $77,$7B,$B7,$33,$B7,$AB,$7B,$B7,$77,$B7,$7B,$73,$77,$77,$B7,$35,$B7,$AB,$7B,$73,$BA,$73,$33,$57,$B7,$BB,$73,$55,$7A,$B3,$35,$35
     77B77B737777B735
     B7AB7B73BA733357
     B7BB73557AB33535
1F34 6633558853355588 (SCROLLING_MANA_TI):00308             FCB $66,$33,$55,$88,$53,$35,$55,$88,$53,$35,$85,$88,$53,$55,$85,$88,$35,$58,$88,$88,$35,$58,$88,$59,$55,$38,$88,$59,$58,$88,$88,$58
     5335858853558588
     3558888835588859
     5538885958888858
1F54 5555855555585555 (SCROLLING_MANA_TI):00309             FCB $55,$55,$85,$55,$55,$58,$55,$55,$55,$88,$85,$55,$88,$88,$65,$55,$88,$88,$66,$55,$88,$85,$56,$55,$98,$88,$55,$58,$99,$88,$58,$88
     5588855588886555
     8888665588855655
     9888555899885888
1F74 5551355565555555 (SCROLLING_MANA_TI):00310             FCB $55,$51,$35,$55,$65,$55,$55,$55,$66,$65,$55,$52,$56,$56,$56,$55,$55,$88,$56,$65,$88,$85,$55,$55,$88,$85,$55,$55,$88,$88,$66,$65
     6665555256565655
     5588566588855555
     8885555588886665
1F94 5333537757355555 (SCROLLING_MANA_TI):00311             FCB $53,$33,$53,$77,$57,$35,$55,$55,$55,$55,$33,$35,$53,$53,$55,$35,$33,$55,$55,$55,$55,$55,$55,$55,$55,$57,$35,$33,$55,$73,$53,$55
     5555333553535535
     3355555555555555
     5557353355735355
1FB4 3555353573553355 (SCROLLING_MANA_TI):00312             FCB $35,$55,$35,$35,$73,$55,$33,$55,$53,$55,$55,$55,$55,$57,$75,$35,$33,$53,$75,$53,$55,$55,$53,$77,$55,$73,$57,$A7,$55,$77,$77,$77
     5355555555577535
     3353755355555377
     557357A755777777
1FD4 7BBB7BAA7AB77777 (SCROLLING_MANA_TI):00313             FCB $7B,$BB,$7B,$AA,$7A,$B7,$77,$77,$77,$77,$BB,$B7,$7B,$7B,$77,$B7,$BB,$77,$77,$77,$77,$77,$77,$77,$77,$7A,$B7,$BB,$77,$AB,$7B,$77
     7777BBB77B7B77B7
     BB77777777777777
     777AB7BB77AB7B77
1FF4 B777B7B7AB77BB77 (SCROLLING_MANA_TI):00314             FCB $B7,$77,$B7,$B7,$AB,$77,$BB,$77,$7B,$77,$77,$77,$77,$7A,$A7,$B7,$BB,$7B,$A7,$7B,$77,$77,$7B,$A7,$77,$AB,$7A,$A7,$77,$AA,$77,$77
     7B777777777AA7B7
     BB7BA77B77777BA7
     77AB7AA777AA7777
2014 AB777B77A77777B7 (SCROLLING_MANA_TI):00315             FCB $AB,$77,$7B,$77,$A7,$77,$77,$B7,$B7,$7B,$AA,$77,$77,$77,$7A,$AB,$7B,$B7,$7B,$A7,$BB,$77,$77,$B7,$77,$BB,$AA,$77,$B7,$77,$BB,$A7
     B77BAA7777777AAB
     7BB77BA7BB7777B7
     77BBAA77B777BBA7
2034 77AB77AB77B777A7 (SCROLLING_MANA_TI):00316             FCB $77,$AB,$77,$AB,$77,$B7,$77,$A7,$77,$77,$B7,$A7,$B7,$77,$77,$B7,$B7,$BB,$77,$77,$77,$BB,$7B,$BB,$BB,$77,$77,$7B,$BB,$77,$BB,$77
     7777B7A7B77777B7
     B7BB777777BB7BBB
     BB77777BBB77BB77
2054 77BA77777B7B777B (SCROLLING_MANA_TI):00317             FCB $77,$BA,$77,$77,$7B,$7B,$77,$7B,$77,$7B,$7B,$A7,$B7,$77,$77,$BA,$BB,$77,$77,$7A,$77,$BB,$AA,$7B,$7B,$77,$BA,$A7,$77,$77,$7B,$A7
     777B7BA7B77777BA
     BB77777A77BBAA7B
     7B77BAA777777BA7
2074 BB7BBB7BBB7777BB (SCROLLING_MANA_TI):00318             FCB $BB,$7B,$BB,$7B,$BB,$77,$77,$BB,$77,$B7,$BB,$7B,$77,$AA,$7B,$77,$7A,$B7,$77,$77,$7B,$77,$77,$77,$B7,$AA,$BB,$7B,$BA,$B7,$77,$77
     77B7BB7B77AA7B77
     7AB777777B777777
     B7AABB7BBAB77777
2094 777BB7777777B7B7 (SCROLLING_MANA_TI):00319             FCB $77,$7B,$B7,$77,$77,$77,$B7,$B7,$77,$B7,$7B,$B7,$7B,$BB,$77,$77,$77,$77,$B7,$7B,$77,$7B,$B7,$77,$BA,$A7,$77,$BB,$7B,$BA,$77,$77
     77B77BB77BBB7777
     7777B77B777BB777
     BAA777BB7BBA7777
20B4 B7BB77B77BAAB7BB (SCROLLING_MANA_TI):00320             FCB $B7,$BB,$77,$B7,$7B,$AA,$B7,$BB,$B7,$77,$B7,$BB,$BB,$7B,$B7,$7B,$BB,$77,$77,$7B,$77,$77,$AA,$77,$AA,$77,$7B,$B7,$BB,$B7,$BA,$AB
     B777B7BBBB7BB77B
     BB77777B7777AA77
     AA777BB7BBB7BAAB
20D4 553755557B555355 (SCROLLING_MANA_TI):00321             FCB $55,$37,$55,$55,$7B,$55,$53,$55,$77,$77,$BB,$8C,$B7,$7B,$88,$CC,$B3,$7C,$CC,$CC,$73,$8C,$CC,$CC,$3B,$B8,$88,$CC,$33,$B8,$88,$8C
     7777BB8CB77B88CC
     B37CCCCC738CCCCC
     3BB888CC33B8888C
20F4 33533353855555BB (SCROLLING_MANA_TI):00322             FCB $33,$53,$33,$53,$85,$55,$55,$BB,$C8,$83,$3B,$7B,$CC,$88,$33,$77,$C8,$88,$33,$37,$CC,$C8,$33,$77,$CC,$83,$33,$7B,$CC,$83,$33,$37
     C8833B7BCC883377
     C8883337CCC83377
     CC83337BCC833337
2114 7355588575555558 (SCROLLING_MANA_TI):00323             FCB $73,$55,$58,$85,$75,$55,$55,$58,$35,$53,$75,$55,$55,$55,$55,$55,$53,$35,$55,$55,$33,$55,$55,$55,$55,$35,$55,$55,$35,$55,$55,$58
     3553755555555555
     5335555533555555
     5535555535555558
2134 5885555588555555 (SCROLLING_MANA_TI):00324             FCB $58,$85,$55,$55,$88,$55,$55,$55,$55,$55,$88,$55,$55,$55,$88,$55,$55,$55,$55,$66,$55,$88,$55,$65,$55,$85,$55,$88,$88,$55,$33,$88
     5555885555558855
     5555556655885565
     5585558888553388
2154 5551135556851555 (SCROLLING_MANA_TI):00325             FCB $55,$51,$13,$55,$56,$85,$15,$55,$55,$58,$55,$85,$55,$55,$88,$88,$68,$56,$68,$88,$68,$88,$88,$38,$66,$88,$98,$83,$66,$68,$99,$88
     5558558555558888
     6856688868888838
     6688988366689988
2174 5555331155131221 (SCROLLING_MANA_TI):00326             FCB $55,$55,$33,$11,$55,$13,$12,$21,$55,$22,$13,$25,$55,$52,$31,$15,$88,$55,$32,$25,$55,$55,$52,$55,$35,$55,$55,$55,$73,$85,$58,$85
     5522132555523115
     8855322555555255
     3555555573855885
2194 8998858889998588 (SCROLLING_MANA_TI):00327             FCB $89,$98,$85,$88,$89,$99,$85,$88,$89,$99,$88,$89,$59,$99,$98,$82,$58,$99,$99,$21,$58,$99,$92,$21,$88,$88,$02,$22,$89,$88,$00,$22
     8999888959999882
     5899992158999221
     8888022289880022
21B4 8885661198811122 (SCROLLING_MANA_TI):00328             FCB $88,$85,$66,$11,$98,$81,$11,$22,$92,$11,$12,$42,$10,$02,$20,$02,$10,$02,$00,$00,$12,$24,$04,$40,$40,$00,$24,$40,$00,$10,$24,$24
     9211124210022002
     1002000012240440
     4000244000102424
21D4 1221B777201213B1 (SCROLLING_MANA_TI):00329             FCB $12,$21,$B7,$77,$20,$12,$13,$B1,$02,$20,$23,$32,$04,$11,$20,$42,$44,$02,$04,$00,$00,$22,$44,$40,$44,$02,$22,$44,$44,$00,$02,$44
     0220233204112042
     4402040000224440
     4402224444000244
21F4 211B711204011302 (SCROLLING_MANA_TI):00330             FCB $21,$1B,$71,$12,$04,$01,$13,$02,$24,$40,$10,$44,$20,$24,$40,$44,$22,$44,$04,$02,$02,$44,$24,$43,$00,$02,$24,$43,$04,$40,$22,$04
     2440104420244044
     2244040202442443
     0002244304402204
2214 2125512512055515 (SCROLLING_MANA_TI):00331             FCB $21,$25,$51,$25,$12,$05,$55,$15,$21,$55,$33,$35,$00,$15,$32,$01,$00,$01,$13,$05,$22,$12,$13,$35,$01,$20,$11,$15,$21,$12,$12,$53
     2155333500153201
     0001130522121335
     0120111521121253
2234 5555555555555555 (SCROLLING_MANA_TI):00332             FCB $55,$55,$55,$55,$55,$55,$55,$55,$11,$55,$55,$55,$12,$55,$55,$65,$35,$55,$55,$66,$66,$55,$56,$66,$66,$55,$65,$66,$55,$65,$66,$55
     1155555512555565
     3555556666555666
     6655656655656655
2254 5565555556555655 (SCROLLING_MANA_TI):00333             FCB $55,$65,$55,$55,$56,$55,$56,$55,$66,$56,$66,$55,$65,$55,$65,$55,$55,$55,$55,$56,$55,$56,$55,$55,$55,$65,$55,$55,$55,$55,$55,$55
     6656665565556555
     5555555655565555
     5565555555555555
2274 5555555555556555 (SCROLLING_MANA_TI):00334             FCB $55,$55,$55,$55,$55,$55,$65,$55,$55,$56,$16,$55,$56,$55,$11,$65,$66,$55,$55,$66,$65,$55,$56,$66,$55,$55,$65,$66,$55,$65,$66,$55
     5556165556551165
     6655556665555666
     5555656655656655
2294 5335557735355333 (SCROLLING_MANA_TI):00335             FCB $53,$35,$55,$77,$35,$35,$53,$33,$35,$77,$73,$55,$57,$77,$35,$55,$37,$35,$37,$35,$73,$33,$35,$5B,$57,$75,$55,$B7,$53,$77,$7B,$BB
     3577735557773555
     373537357333355B
     577555B753777BBB
22B4 7355777B5557BB77 (SCROLLING_MANA_TI):00336             FCB $73,$55,$77,$7B,$55,$57,$BB,$77,$55,$57,$7B,$7B,$33,$AA,$77,$77,$7B,$B7,$B7,$B7,$B7,$7B,$B7,$BB,$B7,$BA,$B7,$7B,$77,$77,$7B,$77
     55577B7B33AA7777
     7BB7B7B7B77BB7BB
     B7BAB77B77777B77
22D4 7BB777AAB7B77BBB (SCROLLING_MANA_TI):00337             FCB $7B,$B7,$77,$AA,$B7,$B7,$7B,$BB,$B7,$AA,$AB,$77,$7A,$AA,$B7,$77,$BA,$B7,$BA,$B7,$AB,$BB,$B7,$7B,$7A,$A7,$77,$B7,$7B,$AA,$7B,$BB
     B7AAAB777AAAB777
     BAB7BAB7ABBBB77B
     7AA777B77BAA7BBB
22F4 AB77777B7777BB77 (SCROLLING_MANA_TI):00338             FCB $AB,$77,$77,$7B,$77,$77,$BB,$77,$77,$77,$7B,$7B,$BB,$AA,$77,$77,$7B,$B7,$B7,$B7,$B7,$7B,$B7,$BB,$B7,$BA,$B7,$7B,$77,$77,$7B,$77
     77777B7BBBAA7777
     7BB7B7B7B77BB7BB
     B7BAB77B77777B77
2314 AB7777BB777AAB7B (SCROLLING_MANA_TI):00339             FCB $AB,$77,$77,$BB,$77,$7A,$AB,$7B,$B7,$AB,$77,$77,$B7,$B7,$7B,$AA,$BB,$77,$77,$7B,$77,$77,$BB,$77,$B7,$BB,$7B,$B7,$77,$7B,$B7,$77
     B7AB7777B7B77BAA
     BB77777B7777BB77
     B7BB7BB7777BB777
2334 77AB7BB77AB77777 (SCROLLING_MANA_TI):00340             FCB $77,$AB,$7B,$B7,$7A,$B7,$77,$77,$7A,$B7,$77,$7B,$7B,$77,$BB,$77,$A7,$7B,$BB,$7B,$B7,$77,$77,$BB,$77,$BB,$77,$7B,$77,$B7,$77,$77
     7AB7777B7B77BB77
     A77BBB7BB77777BB
     77BB777B77B77777
2354 7AAB77B7AB77BAAB (SCROLLING_MANA_TI):00341             FCB $7A,$AB,$77,$B7,$AB,$77,$BA,$AB,$B7,$7B,$BB,$77,$77,$77,$77,$77,$77,$77,$7A,$B7,$B7,$77,$AB,$7A,$B7,$77,$A7,$7B,$B7,$77,$77,$7B
     B77BBB7777777777
     77777AB7B777AB7A
     B777A77BB777777B
2374 7B777BAABAAAB7BA (SCROLLING_MANA_TI):00342             FCB $7B,$77,$7B,$AA,$BA,$AA,$B7,$BA,$AB,$B7,$7B,$77,$7A,$AA,$B7,$7B,$AA,$B7,$77,$BB,$B7,$7A,$AB,$77,$B7,$AB,$77,$77,$77,$B7,$77,$BB
     ABB77B777AAAB77B
     AAB777BBB77AAB77
     B7AB777777B777BB
2394 777BB777B7BBAAA7 (SCROLLING_MANA_TI):00343             FCB $77,$7B,$B7,$77,$B7,$BB,$AA,$A7,$BB,$77,$7B,$BA,$7B,$77,$77,$77,$B7,$77,$BB,$AA,$B7,$BB,$77,$BB,$77,$7B,$B7,$77,$7A,$BB,$77,$77
     BB777BBA7B777777
     B777BBAAB7BB77BB
     777BB7777ABB7777
23B4 777B7BAA77AAB77A (SCROLLING_MANA_TI):00344             FCB $77,$7B,$7B,$AA,$77,$AA,$B7,$7A,$B7,$7B,$BB,$77,$B7,$BA,$AA,$AB,$AB,$77,$7B,$AA,$7A,$B7,$77,$7B,$77,$B7,$AA,$BB,$77,$7A,$AB,$BA
     B77BBB77B7BAAAAB
     AB777BAA7AB7777B
     77B7AABB777AABBA
23D4 773B8888AB3A88B8 (SCROLLING_MANA_TI):00345             FCB $77,$3B,$88,$88,$AB,$3A,$88,$B8,$B7,$33,$B8,$8B,$77,$37,$77,$3B,$77,$7A,$A3,$37,$B7,$77,$AA,$33,$B7,$77,$BB,$B3,$B7,$77,$77,$AB
     B733B88B7737773B
     777AA337B777AA33
     B777BBB3B77777AB
23F4 C836367AC8363377 (SCROLLING_MANA_TI):00346             FCB $C8,$36,$36,$7A,$C8,$36,$33,$77,$88,$36,$33,$37,$83,$33,$B7,$3B,$B3,$B7,$77,$BB,$B7,$7A,$AB,$77,$37,$AB,$77,$77,$77,$B7,$77,$BB
     883633378333B73B
     B3B777BBB77AAB77
     37AB777777B777BB
2414 7355885555335555 (SCROLLING_MANA_TI):00347             FCB $73,$55,$88,$55,$55,$33,$55,$55,$35,$55,$55,$55,$35,$35,$35,$55,$33,$55,$55,$53,$55,$55,$33,$5B,$35,$55,$53,$3B,$55,$53,$77,$77
     3555555535353555
     335555535555335B
     3555533B55537777
2434 8855338858537899 (SCROLLING_MANA_TI):00348             FCB $88,$55,$33,$88,$58,$53,$78,$99,$85,$57,$88,$99,$55,$3B,$39,$98,$37,$3B,$B9,$93,$77,$BB,$99,$99,$B7,$79,$93,$B9,$B9,$99,$B7,$7B
     85578899553B3998
     373BB99377BB9999
     B77993B9B999B77B
2454 9888558888885588 (SCROLLING_MANA_TI):00349             FCB $98,$88,$55,$88,$88,$88,$55,$88,$58,$A8,$85,$88,$8A,$B3,$85,$88,$7A,$78,$88,$88,$7B,$78,$88,$59,$78,$88,$88,$59,$BA,$89,$88,$58
     58A885888AB38588
     7A7888887B788859
     78888859BA898858
2474 9988499999988499 (SCROLLING_MANA_TI):00350             FCB $99,$88,$49,$99,$99,$98,$84,$99,$98,$88,$89,$49,$33,$88,$89,$44,$33,$44,$01,$04,$B4,$70,$40,$24,$3A,$79,$44,$10,$31,$21,$24,$12
     9888894933888944
     33440104B4704024
     3A79441031212412
2494 9998855899440055 (SCROLLING_MANA_TI):00351             FCB $99,$98,$85,$58,$99,$44,$00,$55,$B4,$49,$98,$85,$94,$19,$8B,$99,$01,$84,$40,$B9,$01,$40,$22,$08,$21,$02,$B7,$7B,$11,$21,$22,$7B
     B449988594198B99
     018440B901402208
     2102B77B1121227B
24B4 9981522199912001 (SCROLLING_MANA_TI):00352             FCB $99,$81,$52,$21,$99,$91,$20,$01,$98,$85,$13,$02,$33,$88,$53,$31,$32,$25,$21,$32,$B2,$15,$12,$14,$35,$11,$20,$14,$05,$33,$00,$44
     9885130233885331
     32252132B2151214
     3511201405330044
24D4 4224404222044000 (SCROLLING_MANA_TI):00353             FCB $42,$24,$40,$42,$22,$04,$40,$00,$02,$44,$14,$42,$00,$21,$14,$42,$20,$02,$24,$00,$04,$00,$44,$44,$44,$22,$44,$24,$00,$10,$22,$24
     0244144200211442
     2002240004004444
     4422442400102224
24F4 4404004444244100 (SCROLLING_MANA_TI):00354             FCB $44,$04,$00,$44,$44,$24,$41,$00,$41,$20,$41,$20,$21,$00,$11,$11,$02,$00,$22,$21,$42,$02,$20,$22,$40,$00,$12,$05,$00,$04,$11,$15
     4120412021001111
     0200222142022022
     4000120500041115
2514 0033122520311555 (SCROLLING_MANA_TI):00355             FCB $00,$33,$12,$25,$20,$31,$15,$55,$53,$11,$21,$55,$33,$11,$22,$53,$33,$33,$22,$53,$12,$15,$33,$56,$52,$25,$53,$35,$55,$55,$33,$35
     5311215533112253
     3333225312153356
     5225533555553335
2534 5666665566665556 (SCROLLING_MANA_TI):00356             FCB $56,$66,$66,$55,$66,$66,$55,$56,$55,$66,$55,$56,$52,$05,$56,$66,$12,$16,$55,$65,$61,$61,$12,$56,$56,$12,$00,$26,$56,$61,$20,$11
     5566555652055666
     1216556561611256
     5612002656612011
2554 5555655555561155 (SCROLLING_MANA_TI):00357             FCB $55,$55,$65,$55,$55,$56,$11,$55,$55,$55,$15,$55,$55,$65,$55,$55,$55,$66,$55,$55,$56,$65,$55,$55,$55,$55,$56,$56,$55,$55,$66,$55
     5555155555655555
     5566555556655555
     5555565655556655
2574 5666665555665556 (SCROLLING_MANA_TI):00358             FCB $56,$66,$66,$55,$55,$66,$55,$56,$56,$66,$55,$56,$56,$66,$56,$66,$55,$55,$55,$65,$65,$55,$55,$56,$66,$55,$65,$66,$66,$56,$66,$65
     5666555656665666
     5555556565555556
     6655656666566665
2594 5553355555553535 (SCROLLING_MANA_TI):00359             FCB $55,$53,$35,$55,$55,$55,$35,$35,$55,$35,$53,$35,$53,$33,$55,$55,$55,$55,$35,$53,$55,$53,$35,$55,$37,$75,$55,$33,$53,$37,$55,$55
     5535533553335555
     5555355355533555
     3775553353375555
25B4 353355355377353B (SCROLLING_MANA_TI):00360             FCB $35,$33,$55,$35,$53,$77,$35,$3B,$35,$55,$35,$33,$33,$53,$35,$5B,$33,$55,$55,$7B,$55,$55,$77,$57,$77,$55,$53,$37,$33,$35,$37,$73
     355535333353355B
     3355557B55557757
     7755533733353773
25D4 B7BB77047BAAB7B0 (SCROLLING_MANA_TI):00361             FCB $B7,$BB,$77,$04,$7B,$AA,$B7,$B0,$B7,$77,$B7,$07,$04,$7B,$70,$27,$B0,$47,$02,$B7,$7B,$02,$02,$77,$7B,$02,$22,$37,$B7,$27,$72,$72
     B777B707047B7027
     B04702B77B020277
     7B022237B7277272
25F4 7723327237022233 (SCROLLING_MANA_TI):00362             FCB $77,$23,$32,$72,$37,$02,$22,$33,$37,$42,$02,$37,$30,$43,$02,$33,$04,$23,$40,$23,$73,$03,$34,$43,$72,$03,$33,$30,$02,$20,$B3,$04
     3742023730430233
     0423402373033443
     720333300220B304
2614 033B377700273277 (SCROLLING_MANA_TI):00363             FCB $03,$3B,$37,$77,$00,$27,$32,$77,$24,$00,$20,$27,$22,$33,$30,$22,$20,$32,$20,$00,$00,$32,$20,$07,$43,$30,$23,$00,$33,$34,$23,$34
     2400202722333022
     2032200000322007
     4330230033342334
2634 0B777B772077BBB7 (SCROLLING_MANA_TI):00364             FCB $0B,$77,$7B,$77,$20,$77,$BB,$B7,$30,$37,$B7,$77,$32,$B7,$7B,$7B,$3B,$74,$07,$77,$3B,$40,$3B,$B7,$30,$0B,$7B,$B7,$30,$23,$B3,$37
     3037B77732B77B7B
     3B7407773B403BB7
     300B7BB73023B337
2654 07B3332020700033 (SCROLLING_MANA_TI):00365             FCB $07,$B3,$33,$20,$20,$70,$00,$33,$30,$73,$20,$07,$32,$33,$32,$00,$33,$30,$02,$20,$73,$00,$37,$20,$70,$03,$33,$22,$70,$27,$B3,$32
     3073200732333200
     3330022073003720
     700333227027B332
2674 003B377720073027 (SCROLLING_MANA_TI):00366             FCB $00,$3B,$37,$77,$20,$07,$30,$27,$32,$03,$02,$37,$32,$03,$03,$77,$33,$23,$23,$73,$33,$33,$74,$02,$33,$37,$40,$37,$33,$34,$02,$33
     3203023732030377
     3323237333337402
     3337403733340233
2694 AB777B77A77777B7 (SCROLLING_MANA_TI):00367             FCB $AB,$77,$7B,$77,$A7,$77,$77,$B7,$B7,$7B,$AA,$77,$77,$77,$72,$11,$70,$40,$24,$92,$04,$02,$29,$91,$51,$02,$15,$11,$B5,$12,$21,$44
     B77BAA7777777211
     7040249204022991
     51021511B5122144
26B4 77AB77AB77B777A7 (SCROLLING_MANA_TI):00368             FCB $77,$AB,$77,$AB,$77,$B7,$77,$A7,$24,$40,$27,$A7,$02,$00,$57,$B7,$21,$25,$77,$77,$44,$15,$7B,$BB,$94,$20,$77,$7B,$11,$20,$4B,$70
     244027A7020057B7
     2125777744157BBB
     9420777B11204B70
26D4 AB777B77A77777B7 (SCROLLING_MANA_TI):00369             FCB $AB,$77,$7B,$77,$A7,$77,$77,$B7,$B7,$7B,$CC,$77,$77,$77,$C4,$4B,$7B,$B7,$74,$E7,$BB,$EE,$7E,$E5,$77,$E5,$55,$75,$B7,$55,$CC,$C5
     B77BCC777777C44B
     7BB774E7BBEE7EE5
     77E55575B755CCC5
26F4 7CCB77ABCE4C77A7 (SCROLLING_MANA_TI):00370             FCB $7C,$CB,$77,$AB,$CE,$4C,$77,$A7,$4E,$EC,$B7,$A7,$74,$C7,$77,$B7,$7B,$77,$77,$77,$75,$BC,$CC,$BB,$75,$5C,$E4,$CB,$35,$5C,$CE,$C5
     4EECB7A774C777B7
     7B77777775BCCCBB
     755CE4CB355CCEC5
2714 AB777B77A77777B7 (SCROLLING_MANA_TI):00371             FCB $AB,$77,$7B,$77,$A7,$77,$77,$B7,$B7,$7B,$AA,$77,$77,$77,$7A,$AB,$74,$97,$7B,$A7,$79,$97,$77,$B7,$77,$BB,$AA,$77,$B7,$77,$BB,$A7
     B77BAA7777777AAB
     74977BA7799777B7
     77BBAA77B777BBA7
2734 77AB77AB77B777A7 (SCROLLING_MANA_TI):00372             FCB $77,$AB,$77,$AB,$77,$B7,$77,$A7,$77,$77,$B7,$A7,$B7,$7B,$B7,$B7,$B4,$47,$77,$77,$44,$44,$7B,$BB,$4B,$44,$77,$44,$94,$47,$BB,$94
     7777B7A7B77BB7B7
     B447777744447BBB
     4B4477449447BB94
2754 77BA77787B777B88 (SCROLLING_MANA_TI):00373             FCB $77,$BA,$77,$78,$7B,$77,$7B,$88,$77,$77,$BB,$8C,$B7,$7B,$88,$CC,$B3,$7C,$CC,$CC,$73,$8C,$CC,$CC,$3B,$B8,$88,$CC,$33,$B8,$88,$8C
     7777BB8CB77B88CC
     B37CCCCC738CCCCC
     3BB888CC33B8888C
2774 CB3BBB7BC83377BB (SCROLLING_MANA_TI):00374             FCB $CB,$3B,$BB,$7B,$C8,$33,$77,$BB,$C8,$83,$3B,$7B,$CC,$88,$33,$77,$C8,$88,$33,$37,$CC,$C8,$33,$77,$CC,$83,$33,$7B,$CC,$83,$33,$37
     C8833B7BCC883377
     C8883337CCC83377
     CC83337BCC833337
2794 AB121012A7440254 (SCROLLING_MANA_TI):00375             FCB $AB,$12,$10,$12,$A7,$44,$02,$54,$B4,$55,$32,$14,$77,$75,$01,$10,$7B,$50,$25,$12,$B2,$10,$55,$51,$02,$15,$55,$33,$00,$21,$51,$13
     B455321477750110
     7B502512B2105551
     0215553300215113
27B4 440157AB455017A7 (SCROLLING_MANA_TI):00376             FCB $44,$01,$57,$AB,$45,$50,$17,$A7,$55,$55,$11,$A7,$55,$10,$40,$17,$51,$05,$57,$77,$31,$55,$5B,$BB,$55,$51,$00,$7B,$35,$10,$44,$47
     555511A755104017
     5105577731555BBB
     5551007B35104447
27D4 7BBB7BAA7AB77777 (SCROLLING_MANA_TI):00377             FCB $7B,$BB,$7B,$AA,$7A,$B7,$77,$77,$77,$77,$BB,$B7,$7B,$7B,$77,$B2,$BB,$77,$77,$21,$77,$77,$72,$21,$77,$7A,$02,$22,$77,$AB,$00,$22
     7777BBB77B7B77B2
     BB77772177777221
     777A022277AB0022
27F4 B777B711AB711122 (SCROLLING_MANA_TI):00378             FCB $B7,$77,$B7,$11,$AB,$71,$11,$22,$72,$11,$12,$42,$10,$02,$20,$02,$10,$02,$00,$00,$12,$24,$04,$40,$40,$00,$24,$40,$00,$10,$24,$24
     7211124210022002
     1002000012240440
     4000244000102424
2814 1553132223115312 (SCROLLING_MANA_TI):00379             FCB $15,$53,$13,$22,$23,$11,$53,$12,$33,$00,$51,$13,$13,$01,$33,$22,$11,$33,$21,$12,$10,$12,$22,$02,$20,$01,$20,$44,$00,$11,$10,$40
     3300511313013322
     1133211210122202
     2001204400111040
2834 5621200053100200 (SCROLLING_MANA_TI):00380             FCB $56,$21,$20,$00,$53,$10,$02,$00,$31,$20,$01,$12,$21,$12,$10,$11,$00,$02,$20,$02,$20,$22,$22,$00,$22,$00,$24,$40,$20,$40,$00,$40
     3120011221121011
     0002200220222200
     2200244020400040
2854 5553355535337775 (SCROLLING_MANA_TI):00381             FCB $55,$53,$35,$55,$35,$33,$77,$75,$33,$55,$53,$37,$53,$55,$55,$55,$35,$55,$33,$77,$35,$33,$55,$33,$55,$53,$35,$55,$57,$33,$55,$55
     3355533753555555
     3555337735335533
     5553355557335555
2874 555353775577355A (SCROLLING_MANA_TI):00382             FCB $55,$53,$53,$77,$55,$77,$35,$5A,$35,$53,$33,$57,$35,$37,$77,$AB,$73,$55,$53,$7A,$57,$35,$55,$53,$55,$35,$77,$3B,$55,$57,$73,$37
     35533357353777AB
     7355537A57355553
     5535773B55577337
2894 337423B443302700 (SCROLLING_MANA_TI):00383             FCB $33,$74,$23,$B4,$43,$30,$27,$00,$00,$B2,$20,$03,$20,$72,$20,$00,$22,$37,$30,$22,$24,$00,$20,$27,$00,$23,$32,$77,$03,$33,$B3,$77
     00B2200320722000
     2237302224002027
     002332770333B377
28B4 3023773230033322 (SCROLLING_MANA_TI):00384             FCB $30,$23,$77,$32,$30,$03,$33,$22,$B3,$00,$33,$20,$7B,$30,$02,$20,$72,$33,$32,$00,$30,$73,$20,$07,$20,$70,$00,$37,$07,$77,$33,$20
     B30033207B300220
     7233320030732007
     2070003707773320
28D4 337402B333334073 (SCROLLING_MANA_TI):00385             FCB $33,$74,$02,$B3,$33,$33,$40,$73,$33,$B3,$34,$02,$33,$27,$23,$7B,$32,$07,$03,$B7,$32,$03,$02,$77,$20,$03,$30,$27,$00,$33,$B3,$77
     33B334023327237B
     320703B732030277
     200330270033B377
28F4 0220770432033370 (SCROLLING_MANA_TI):00386             FCB $02,$20,$77,$04,$32,$03,$33,$70,$B3,$07,$34,$43,$04,$23,$40,$23,$70,$43,$02,$B3,$37,$42,$02,$77,$77,$02,$22,$37,$77,$27,$32,$72
     B307344304234023
     704302B337420277
     7702223777273272
2914 AB40114974004025 (SCROLLING_MANA_TI):00387             FCB $AB,$40,$11,$49,$74,$00,$40,$25,$B4,$44,$05,$53,$B4,$55,$53,$AA,$BB,$72,$27,$7B,$77,$77,$BB,$77,$B7,$BB,$7B,$B7,$77,$7B,$B7,$77
     B4440553B45553AA
     BB72277B7777BB77
     B7BB7BB7777BB777
2934 22044BB550444140 (SCROLLING_MANA_TI):00388             FCB $22,$04,$4B,$B5,$50,$44,$41,$40,$33,$11,$42,$02,$74,$40,$22,$15,$35,$00,$20,$1B,$B7,$55,$04,$5B,$77,$B5,$44,$5B,$77,$B7,$55,$77
     3311420274402215
     3500201BB755045B
     77B5445B77B75577
2954 77AA7BB77AB77777 (SCROLLING_MANA_TI):00389             FCB $77,$AA,$7B,$B7,$7A,$B7,$77,$77,$7A,$B7,$77,$7B,$7B,$77,$BB,$77,$77,$74,$47,$7B,$77,$4B,$44,$BB,$B7,$74,$47,$7B,$77,$77,$BB,$77
     7AB7777B7B77BB77
     7774477B774B44BB
     B774477B7777BB77
2974 5521021175554022 (SCROLLING_MANA_TI):00390             FCB $55,$21,$02,$11,$75,$55,$40,$22,$B0,$11,$40,$05,$00,$21,$00,$31,$00,$02,$05,$20,$25,$55,$55,$04,$55,$BB,$55,$52,$77,$7B,$B7,$55
     B011400500210031
     0002052025555504
     55BB5552777BB755
2994 3521555731155557 (SCROLLING_MANA_TI):00391             FCB $35,$21,$55,$57,$31,$15,$55,$57,$15,$31,$12,$53,$20,$12,$22,$07,$24,$51,$00,$0B,$00,$55,$55,$0B,$42,$51,$75,$5B,$05,$B1,$17,$77
     1531125320122207
     2451000B0055550B
     4251755B05B11777
29B4 7BB15221B7B12001 (SCROLLING_MANA_TI):00392             FCB $7B,$B1,$52,$21,$B7,$B1,$20,$01,$B7,$A5,$13,$02,$7A,$AA,$53,$31,$B2,$25,$21,$32,$A2,$15,$12,$14,$75,$11,$20,$14,$05,$33,$00,$44
     B7A513027AAA5331
     B2252132A2151214
     7511201405330044
29D4 0001440204044440 (SCROLLING_MANA_TI):00393             FCB $00,$01,$44,$02,$04,$04,$44,$40,$42,$24,$00,$44,$02,$00,$20,$44,$02,$11,$00,$20,$20,$22,$00,$20,$00,$01,$21,$11,$22,$01,$11,$21
     4224004402002044
     0211002020220020
     0001211122011121
29F4 0440020200010012 (SCROLLING_MANA_TI):00394             FCB $04,$40,$02,$02,$00,$01,$00,$12,$22,$01,$11,$25,$01,$12,$22,$01,$20,$01,$20,$00,$12,$01,$22,$00,$12,$12,$01,$11,$22,$10,$01,$12
     2201112501122201
     2001200012012200
     1212011122100112
2A14 3533553553773533 (SCROLLING_MANA_TI):00395             FCB $35,$33,$55,$35,$53,$77,$35,$33,$35,$55,$35,$33,$33,$53,$35,$53,$33,$55,$55,$53,$55,$55,$77,$57,$77,$55,$53,$B7,$33,$35,$BA,$AB
     3555353333533553
     3355555355557757
     775553B73335BAAB
2A34 07333320203044B3 (SCROLLING_MANA_TI):00396             FCB $07,$33,$33,$20,$20,$30,$44,$B3,$70,$B3,$20,$43,$72,$B7,$32,$00,$77,$77,$72,$20,$77,$7B,$B3,$20,$BA,$A7,$77,$22,$7B,$BA,$77,$72
     70B3204372B73200
     77777220777BB320
     BAA777227BBA7772
2A54 5513331355113233 (SCROLLING_MANA_TI):00397             FCB $55,$13,$33,$13,$55,$11,$32,$33,$55,$15,$51,$13,$53,$55,$55,$11,$55,$55,$35,$25,$35,$53,$35,$55,$35,$55,$53,$35,$55,$35,$53,$35
     5515511353555511
     5555352535533555
     3555533555355335
2A74 5553355535337775 (SCROLLING_MANA_TI):00398             FCB $55,$53,$35,$55,$35,$33,$77,$75,$33,$55,$53,$37,$53,$55,$55,$55,$35,$55,$33,$77,$35,$33,$55,$3B,$55,$53,$35,$77,$57,$33,$77,$77
     3355533753555555
     355533773533553B
     5553357757337777
2A94 55537BAA557AB77A (SCROLLING_MANA_TI):00399             FCB $55,$53,$7B,$AA,$55,$7A,$B7,$7A,$35,$5B,$BB,$77,$35,$BA,$AA,$AB,$AB,$77,$7B,$AA,$7A,$B7,$77,$7B,$77,$B7,$AA,$BB,$77,$7A,$AB,$BA
     355BBB7735BAAAAB
     AB777BAA7AB7777B
     77B7AABB777AABBA
2AB4 5335355555555555 (SCROLLING_MANA_TI):00400             FCB $53,$35,$35,$55,$55,$55,$55,$55,$35,$55,$55,$35,$55,$33,$55,$35,$35,$33,$35,$53,$33,$55,$55,$53,$35,$55,$33,$55,$55,$55,$53,$55
     3555553555335535
     3533355333555553
     3555335555555355
2AD4 5551355565555555 (SCROLLING_MANA_TI):00401             FCB $55,$51,$35,$55,$65,$55,$55,$55,$66,$65,$55,$52,$56,$55,$56,$55,$55,$55,$56,$65,$55,$35,$55,$55,$53,$35,$53,$55,$55,$53,$35,$55
     6665555256555655
     5555566555355555
     5335535555533555
2AF4 0220B73B3203377B (SCROLLING_MANA_TI):00402             FCB $02,$20,$B7,$3B,$32,$03,$37,$7B,$7B,$03,$33,$77,$04,$23,$7B,$AA,$30,$03,$37,$7B,$37,$03,$BB,$77,$77,$2B,$7B,$B7,$BB,$7B,$B7,$77
     7B03337704237BAA
     3003377B3703BB77
     772B7BB7BB7BB777
2B14 777BB7777777B7B7 (SCROLLING_MANA_TI):00403             FCB $77,$7B,$B7,$77,$77,$77,$B7,$B7,$77,$B7,$7B,$B7,$7B,$BB,$77,$77,$77,$77,$B7,$BB,$77,$7B,$B7,$BB,$BA,$A7,$78,$8B,$7B,$BA,$88,$87
     77B77BB77BBB7777
     7777B7BB777BB7BB
     BAA7788B7BBA8887
2B34 B7BB77B77BAAB7BB (SCROLLING_MANA_TI):00404             FCB $B7,$BB,$77,$B7,$7B,$AA,$B7,$BB,$B7,$77,$B7,$BB,$BB,$8B,$B8,$8B,$7B,$87,$88,$88,$77,$7B,$AA,$88,$AA,$77,$7B,$B8,$77,$B8,$88,$B8
     B777B7BBBB8BB88B
     7B878888777BAA88
     AA777BB877B888B8
2B54 77BA77887B7B778B (SCROLLING_MANA_TI):00405             FCB $77,$BA,$77,$88,$7B,$7B,$77,$8B,$77,$7B,$8B,$A7,$88,$88,$87,$BA,$88,$87,$AA,$7A,$88,$8A,$BB,$BB,$88,$A7,$88,$B7,$88,$88,$88,$87
     777B8BA7888887BA
     8887AA7A888ABBBB
     88A788B788888887
2B74 B88BBB7BBB7777BB (SCROLLING_MANA_TI):00406             FCB $B8,$8B,$BB,$7B,$BB,$77,$77,$BB,$78,$B7,$BB,$7B,$88,$AA,$7B,$77,$8A,$B7,$87,$77,$7B,$78,$88,$77,$B7,$AA,$AB,$7B,$8A,$B8,$87,$77
     78B7BB7B88AA7B77
     8AB787777B788877
     B7AAAB7B8AB88777
2B94 77AB77AF77B777F9 (SCROLLING_MANA_TI):00407             FCB $77,$AB,$77,$AF,$77,$B7,$77,$F9,$77,$7F,$FF,$9E,$B7,$F9,$9E,$EE,$B7,$FE,$AA,$EF,$7F,$EF,$DB,$A7,$F9,$9E,$FD,$B7,$F9,$9E,$FA,$AB
     777FFF9EB7F99EEE
     B7FEAAEF7FEFDBA7
     F99EFDB7F99EFAAB
2BB4 FFFBB777999FB7B7 (SCROLLING_MANA_TI):00408             FCB $FF,$FB,$B7,$77,$99,$9F,$B7,$B7,$99,$EA,$FF,$B7,$EE,$AF,$9E,$FF,$7A,$BF,$E9,$FE,$7A,$DD,$AA,$E9,$BB,$DA,$BD,$AB,$77,$AB,$DB,$7D
     99EAFFB7EEAF9EFF
     7ABFE9FE7ADDAAE9
     BBDABDAB77ABDB7D
2BD4 B7BB7FFF7BAAF999 (SCROLLING_MANA_TI):00409             FCB $B7,$BB,$7F,$FF,$7B,$AA,$F9,$99,$B7,$7F,$E9,$99,$FF,$FF,$E9,$EE,$99,$EB,$A7,$7B,$9E,$FD,$7B,$A7,$BD,$AB,$DA,$A7,$FF,$DA,$77,$77
     B77FE999FFFFE9EE
     99EBA77B9EFD7BA7
     BDABDAA7FFDA7777
2BF4 FA77BA77EFFFFB77 (SCROLLING_MANA_TI):00410             FCB $FA,$77,$BA,$77,$EF,$FF,$FB,$77,$FB,$79,$9F,$77,$B7,$F9,$9E,$FB,$B7,$DF,$EE,$FB,$7B,$B7,$DF,$FD,$BD,$FE,$9D,$D5,$7D,$DD,$EF,$D5
     FB799F77B7F99EFB
     B7DFEEFB7BB7DFFD
     BDFE9DD57DDDEFD5
2C14 77B777BA7B77777A (SCROLLING_MANA_TI):00411             FCB $77,$B7,$77,$BA,$7B,$77,$77,$7A,$77,$AA,$B7,$7B,$BA,$A7,$77,$77,$7A,$B7,$7B,$B7,$7B,$77,$77,$BB,$77,$AA,$BB,$77,$7A,$BB,$77,$7B
     77AAB77BBAA77777
     7AB77BB77B7777BB
     77AABB777ABB777B
2C34 12217B77201213B1 (SCROLLING_MANA_TI):00412             FCB $12,$21,$7B,$77,$20,$12,$13,$B1,$02,$20,$23,$32,$04,$11,$20,$42,$44,$02,$04,$00,$00,$22,$44,$40,$44,$02,$22,$44,$44,$00,$02,$44
     0220233204112042
     4402040000224440
     4402224444000244
2C54 3533553553773533 (SCROLLING_MANA_TI):00413             FCB $35,$33,$55,$35,$53,$77,$35,$33,$35,$55,$35,$33,$33,$53,$35,$53,$33,$55,$55,$53,$55,$55,$77,$55,$77,$55,$53,$35,$33,$35,$37,$73
     3555353333533553
     3355555355557755
     7755533533353773
2C74 7777777BB77BAA78 (SCROLLING_MANA_TI):00414             FCB $77,$77,$77,$7B,$B7,$7B,$AA,$78,$77,$B7,$BA,$A8,$7B,$BA,$87,$B8,$B7,$AA,$88,$7B,$B8,$BA,$88,$87,$78,$7B,$89,$98,$88,$8B,$99,$89
     77B7BAA87BBA87B8
     B7AA887BB8BA8887
     787B8998888B9989
2C94 A7888999BA888999 (SCROLLING_MANA_TI):00415             FCB $A7,$88,$89,$99,$BA,$88,$89,$99,$8B,$88,$88,$89,$88,$8A,$AB,$79,$88,$AB,$78,$88,$87,$B8,$88,$88,$87,$88,$88,$99,$88,$88,$88,$99
     8B888889888AAB79
     88AB788887B88888
     8788889988888899
2CB4 9899888889998888 (SCROLLING_MANA_TI):00416             FCB $98,$99,$88,$88,$89,$99,$88,$88,$89,$98,$88,$88,$88,$88,$88,$8A,$88,$98,$88,$B8,$99,$99,$88,$88,$99,$89,$99,$88,$98,$89,$88,$88
     899888888888888A
     889888B899998888
     9989998898898888
2CD4 88887BAA8BABB7BA (SCROLLING_MANA_TI):00417             FCB $88,$88,$7B,$AA,$8B,$AB,$B7,$BA,$AA,$B7,$AA,$B7,$B8,$8A,$A7,$7B,$88,$BA,$77,$BB,$88,$B8,$8B,$77,$98,$88,$8B,$88,$89,$98,$78,$8B
     AAB7AAB7B88AA77B
     88BA77BB88B88B77
     98888B888998788B
2CF4 AB7FFFBF77E99EFA (SCROLLING_MANA_TI):00418             FCB $AB,$7F,$FF,$BF,$77,$E9,$9E,$FA,$BF,$99,$9F,$DD,$FE,$9E,$FF,$FF,$FE,$EE,$E7,$BA,$FE,$9E,$7D,$D7,$DF,$AA,$AB,$DD,$DA,$B7,$7B,$B7
     BF999FDDFE9EFFFF
     FEEEE7BAFE9E7DD7
     DFAAABDDDAB77BB7
2D14 9EEFDDAAEEFBBD7A (SCROLLING_MANA_TI):00419             FCB $9E,$EF,$DD,$AA,$EE,$FB,$BD,$7A,$AF,$DD,$7B,$77,$BD,$BB,$AA,$AB,$AB,$77,$7B,$AA,$7B,$B7,$77,$7B,$7A,$AB,$AA,$BB,$AB,$7A,$AB,$BA
     AFDD7B77BDBBAAAB
     AB777BAA7BB7777B
     7AABAABBAB7AABBA
2D34 7AABFE99ABDDBBB9 (SCROLLING_MANA_TI):00420             FCB $7A,$AB,$FE,$99,$AB,$DD,$BB,$B9,$BD,$77,$B7,$FE,$7B,$BD,$7D,$FF,$77,$B7,$7D,$D7,$77,$DD,$AB,$7B,$7B,$BD,$A7,$7B,$B7,$7B,$7A,$BA
     BD77B7FE7BBD7DFF
     77B77DD777DDAB7B
     7BBDA77BB77B7ABA
2D54 FB7777BA9FFFA777 (SCROLLING_MANA_TI):00421             FCB $FB,$77,$77,$BA,$9F,$FF,$A7,$77,$EB,$F9,$9F,$7B,$B7,$7E,$99,$FB,$AA,$B7,$99,$EF,$B7,$DD,$FE,$EF,$7B,$AA,$AF,$ED,$B7,$B7,$BA,$FD
     EBF99F7BB77E99FB
     AAB799EFB7DDFEEF
     7BAAAFEDB7B7BAFD
2D74 5553355535337775 (SCROLLING_MANA_TI):00422             FCB $55,$53,$35,$55,$35,$33,$77,$75,$33,$55,$53,$37,$53,$55,$55,$55,$35,$55,$33,$77,$35,$33,$55,$33,$55,$53,$35,$55,$57,$BB,$75,$77
     3355533753555555
     3555337735335533
     5553355557BB7577
2D94 5553537755773557 (SCROLLING_MANA_TI):00423             FCB $55,$53,$53,$77,$55,$77,$35,$57,$35,$53,$33,$55,$35,$37,$77,$73,$73,$55,$53,$77,$57,$35,$55,$53,$55,$35,$77,$33,$77,$5A,$AB,$37
     3553335535377773
     7355537757355553
     55357733775AAB37
2DB4 FFF88588999F8588 (SCROLLING_MANA_TI):00424             FCB $FF,$F8,$85,$88,$99,$9F,$85,$88,$99,$EA,$FF,$89,$EE,$AF,$9E,$FF,$7A,$BF,$E9,$FE,$7A,$DD,$AA,$E9,$BB,$DA,$BD,$AB,$77,$AB,$DB,$7D
     99EAFF89EEAF9EFF
     7ABFE9FE7ADDAAE9
     BBDABDAB77ABDB7D
2DD4 88856FFF9885F999 (SCROLLING_MANA_TI):00425             FCB $88,$85,$6F,$FF,$98,$85,$F9,$99,$98,$8F,$E9,$99,$FF,$FF,$E9,$EE,$99,$EB,$A7,$7B,$9E,$FD,$7B,$A7,$BD,$AB,$DA,$A7,$FF,$DA,$77,$77
     988FE999FFFFE9EE
     99EBA77B9EFD7BA7
     BDABDAA7FFDA7777
2DF4 F5666666EFFFF663 (SCROLLING_MANA_TI):00426             FCB $F5,$66,$66,$66,$EF,$FF,$F6,$63,$FB,$79,$9F,$88,$B7,$F9,$9E,$F5,$B7,$DF,$EE,$F5,$7B,$B7,$DF,$FD,$BD,$FE,$9D,$D5,$7D,$DD,$EF,$D5
     FB799F88B7F99EF5
     B7DFEEF57BB7DFFD
     BDFE9DD57DDDEFD5
2E14 9988999999899999 (SCROLLING_MANA_TI):00427             FCB $99,$88,$99,$99,$99,$89,$99,$99,$99,$99,$99,$99,$89,$98,$88,$99,$89,$99,$89,$99,$88,$88,$99,$99,$88,$88,$99,$99,$89,$99,$99,$99
     9999999989988899
     8999899988889999
     8888999989999999
2E34 9898999999888888 (SCROLLING_MANA_TI):00428             FCB $98,$98,$99,$99,$99,$88,$88,$88,$89,$98,$89,$99,$99,$99,$99,$98,$99,$99,$99,$98,$99,$99,$99,$88,$99,$99,$99,$99,$99,$88,$99,$99
     8998899999999998
     9999999899999988
     9999999999889999
2E54 8899899999999998 (SCROLLING_MANA_TI):00429             FCB $88,$99,$89,$99,$99,$99,$99,$98,$99,$88,$89,$98,$89,$98,$88,$89,$88,$88,$89,$99,$99,$88,$89,$99,$99,$99,$98,$98,$99,$99,$98,$89
     9988899889988889
     8888899999888999
     9999989899999889
2E74 8999988888999998 (SCROLLING_MANA_TI):00430             FCB $89,$99,$98,$88,$88,$99,$99,$98,$98,$88,$99,$99,$99,$99,$99,$98,$99,$99,$98,$88,$89,$99,$99,$99,$89,$99,$98,$99,$99,$99,$99,$88
     9888999999999998
     9999988889999999
     8999989999999988
2E94 788AAB7788AB77B7 (SCROLLING_MANA_TI):00431             FCB $78,$8A,$AB,$77,$88,$AB,$77,$B7,$8B,$87,$AA,$BA,$88,$8A,$A7,$AB,$88,$8A,$88,$A7,$98,$8B,$88,$B8,$89,$88,$88,$B8,$99,$98,$88,$89
     8B87AABA888AA7AB
     888A88A7988B88B8
     898888B899988889
2EB4 B777A7B7AB7AB7A8 (SCROLLING_MANA_TI):00432             FCB $B7,$77,$A7,$B7,$AB,$7A,$B7,$A8,$7B,$8A,$78,$A8,$78,$8B,$88,$78,$88,$8B,$88,$88,$88,$88,$88,$88,$88,$89,$88,$88,$98,$78,$98,$88
     7B8A78A8788B8878
     888B888888888888
     8889888898789888
2ED4 DDFFAABBDFEAFD77 (SCROLLING_MANA_TI):00433             FCB $DD,$FF,$AA,$BB,$DF,$EA,$FD,$77,$DE,$9F,$DD,$D7,$F9,$9F,$AA,$B7,$F9,$99,$FF,$BA,$FE,$99,$EE,$FB,$DF,$EE,$EE,$E7,$DF,$EF,$FE,$9E
     DE9FDDD7F99FAAB7
     F999FFBAFE99EEFB
     DFEEEEE7DFEFFE9E
2EF4 787AB7BAB78B777A (SCROLLING_MANA_TI):00434             FCB $78,$7A,$B7,$BA,$B7,$8B,$77,$7A,$77,$7A,$AB,$7B,$87,$AB,$B7,$77,$8B,$7B,$77,$BB,$88,$AA,$BB,$B7,$8A,$B7,$7B,$77,$88,$8B,$AA,$77
     777AAB7B87ABB777
     8B7B77BB88AABBB7
     8AB77B77888BAA77
2F14 AB777B77A77777B7 (SCROLLING_MANA_TI):00435             FCB $AB,$77,$7B,$77,$A7,$77,$77,$B7,$B7,$7B,$AA,$77,$77,$77,$7A,$A2,$7B,$B7,$7B,$21,$BB,$77,$72,$21,$77,$BB,$02,$22,$B7,$77,$00,$22
     B77BAA7777777AA2
     7BB77B21BB777221
     77BB0222B7770022
2F34 77AB771177B11122 (SCROLLING_MANA_TI):00436             FCB $77,$AB,$77,$11,$77,$B1,$11,$22,$72,$11,$12,$42,$10,$02,$20,$02,$10,$02,$00,$00,$12,$24,$04,$40,$40,$00,$24,$40,$00,$10,$24,$24
     7211124210022002
     1002000012240440
     4000244000102424
2F54 B7BB78887BA8888C (SCROLLING_MANA_TI):00437             FCB $B7,$BB,$78,$88,$7B,$A8,$88,$8C,$B7,$88,$C8,$CC,$B8,$8C,$CC,$CC,$B8,$8C,$CC,$CC,$88,$88,$CC,$CC,$86,$88,$CC,$CC,$38,$88,$CC,$CC
     B788C8CCB88CCCCC
     B88CCCCC8888CCCC
     8688CCCC3888CCCC
2F74 8CC83BAACCC88377 (SCROLLING_MANA_TI):00438             FCB $8C,$C8,$3B,$AA,$CC,$C8,$83,$77,$CC,$CC,$83,$B7,$CC,$CC,$88,$37,$C8,$C8,$83,$37,$88,$88,$33,$33,$C8,$88,$33,$33,$CC,$88,$33,$36
     CCCC83B7CCCC8837
     C8C8833788883333
     C8883333CC883336
2F94 F88337BB9FFF7B77 (SCROLLING_MANA_TI):00439             FCB $F8,$83,$37,$BB,$9F,$FF,$7B,$77,$EB,$F9,$9F,$BB,$B7,$7E,$99,$FB,$AA,$B7,$99,$EF,$B7,$DD,$FE,$EF,$7B,$AA,$AF,$ED,$B7,$B7,$BA,$FD
     EBF99FBBB77E99FB
     AAB799EFB7DDFEEF
     7BAAAFEDB7B7BAFD
2FB4 9999998999999988 (SCROLLING_MANA_TI):00440             FCB $99,$99,$99,$89,$99,$99,$99,$88,$99,$98,$99,$99,$99,$99,$99,$99,$88,$99,$99,$88,$99,$99,$98,$99,$99,$98,$88,$99,$88,$98,$89,$99
     9998999999999999
     8899998899999899
     9998889988988999
2FD4 9999889989998889 (SCROLLING_MANA_TI):00441             FCB $99,$99,$88,$99,$89,$99,$88,$89,$98,$89,$99,$89,$88,$99,$99,$99,$88,$99,$99,$99,$99,$88,$99,$99,$99,$89,$99,$98,$89,$99,$99,$88
     9889998988999999
     8899999999889999
     9989999889999988
2FF4 9998888999998988 (SCROLLING_MANA_TI):00442             FCB $99,$98,$88,$89,$99,$99,$89,$88,$99,$89,$99,$98,$98,$88,$99,$99,$99,$99,$98,$88,$99,$99,$88,$89,$99,$99,$99,$99,$88,$98,$89,$98
     9989999898889999
     9999988899998889
     9999999988988998
3014 9989998899888899 (SCROLLING_MANA_TI):00443             FCB $99,$89,$99,$88,$99,$88,$88,$99,$99,$99,$89,$99,$99,$99,$99,$89,$99,$99,$88,$89,$99,$99,$99,$88,$99,$99,$99,$89,$88,$99,$98,$89
     9999899999999989
     9999888999999988
     9999998988999889
3034 DFFD999FDFDE99EE (SCROLLING_MANA_TI):00444             FCB $DF,$FD,$99,$9F,$DF,$DE,$99,$EE,$5D,$DF,$EE,$99,$5D,$DF,$FE,$9A,$55,$DD,$FF,$FF,$55,$5D,$FA,$B7,$56,$5F,$AA,$BB,$56,$EE,$F7,$77
     5DDFEE995DDFFE9A
     55DDFFFF555DFAB7
     565FAABB56EEF777
3054 888877AB99AB7777 (SCROLLING_MANA_TI):00445             FCB $88,$88,$77,$AB,$99,$AB,$77,$77,$98,$A8,$87,$77,$A7,$B8,$7B,$B7,$BA,$77,$BB,$B7,$7B,$77,$77,$7B,$77,$7B,$B7,$77,$77,$7B,$77,$77
     98A88777A7B87BB7
     BA77BBB77B77777B
     777BB777777B7777
3074 AB71522177712001 (SCROLLING_MANA_TI):00446             FCB $AB,$71,$52,$21,$77,$71,$20,$01,$B7,$A5,$13,$02,$B7,$B7,$53,$31,$B2,$25,$21,$32,$72,$15,$12,$14,$B5,$11,$20,$14,$05,$33,$00,$44
     B7A51302B7B75331
     B225213272151214
     B511201405330044
3094 777BB773B7BBAAA6 (SCROLLING_MANA_TI):00447             FCB $77,$7B,$B7,$73,$B7,$BB,$AA,$A6,$BB,$77,$7B,$33,$7B,$77,$36,$63,$B7,$73,$66,$76,$B7,$B3,$66,$77,$77,$33,$87,$77,$73,$38,$87,$88
     BB777B337B773663
     B7736676B7B36677
     7733877773388788
30B4 3688CCC86688BBC8 (SCROLLING_MANA_TI):00448             FCB $36,$88,$CC,$C8,$66,$88,$BB,$C8,$68,$8C,$C8,$B8,$88,$8C,$CC,$88,$88,$CC,$CC,$C8,$88,$CC,$CC,$CC,$88,$8C,$CC,$CC,$88,$88,$CC,$CC
     688CC8B8888CCC88
     88CCCCC888CCCCCC
     888CCCCC8888CCCC
30D4 C888333688888336 (SCROLLING_MANA_TI):00449             FCB $C8,$88,$33,$36,$88,$88,$83,$36,$B8,$88,$83,$33,$88,$88,$88,$33,$8C,$C8,$88,$88,$CC,$CC,$CC,$88,$CC,$CC,$CC,$88,$CC,$CC,$C8,$88
     B888833388888833
     8CC88888CCCCCC88
     CCCCCC88CCCCC888
30F4 3B77777B6337BB77 (SCROLLING_MANA_TI):00450             FCB $3B,$77,$77,$7B,$63,$37,$BB,$77,$66,$63,$7B,$7B,$33,$63,$77,$77,$83,$66,$37,$B7,$88,$66,$37,$BB,$88,$36,$63,$7B,$88,$33,$63,$77
     66637B7B33637777
     836637B7886637BB
     8836637B88336377
3114 77AB799FDDB7FEEF (SCROLLING_MANA_TI):00451             FCB $77,$AB,$79,$9F,$DD,$B7,$FE,$EF,$77,$DF,$9F,$FD,$BD,$FE,$99,$DD,$B7,$BE,$99,$DD,$77,$BB,$FE,$FD,$BB,$DD,$DF,$EF,$BB,$D7,$BB,$9F
     77DF9FFDBDFE99DD
     B7BE99DD77BBFEFD
     BBDDDFEFBBD7BB9F
3134 8AABB898AB788888 (SCROLLING_MANA_TI):00452             FCB $8A,$AB,$B8,$98,$AB,$78,$88,$88,$B7,$88,$88,$88,$B7,$AB,$88,$88,$7B,$77,$88,$88,$77,$7B,$B7,$7A,$BA,$A7,$77,$BB,$7B,$BB,$77,$77
     B7888888B7AB8888
     7B778888777BB77A
     BAA777BB7BBB7777
3154 9888998899888889 (SCROLLING_MANA_TI):00453             FCB $98,$88,$99,$88,$99,$88,$88,$89,$89,$98,$88,$88,$99,$99,$99,$88,$89,$99,$99,$98,$AA,$98,$99,$88,$77,$A8,$88,$99,$88,$88,$89,$99
     8998888899999988
     89999998AA989988
     77A8889988888999
3174 9999888888988988 (SCROLLING_MANA_TI):00454             FCB $99,$99,$88,$88,$88,$98,$89,$88,$88,$88,$88,$88,$89,$99,$88,$87,$99,$8B,$AA,$7B,$88,$88,$8B,$A7,$88,$99,$98,$BB,$99,$99,$98,$77
     8888888889998887
     998BAA7B88888BA7
     889998BB99999877
3194 1221777720121371 (SCROLLING_MANA_TI):00455             FCB $12,$21,$77,$77,$20,$12,$13,$71,$02,$20,$23,$32,$04,$11,$20,$42,$44,$02,$04,$00,$00,$22,$44,$40,$44,$02,$22,$44,$44,$00,$02,$44
     0220233204112042
     4402040000224440
     4402224444000244
31B4 211BB11204011302 (SCROLLING_MANA_TI):00456             FCB $21,$1B,$B1,$12,$04,$01,$13,$02,$24,$40,$10,$44,$20,$24,$40,$44,$22,$44,$04,$02,$02,$44,$24,$43,$00,$02,$24,$43,$04,$40,$22,$04
     2440104420244044
     2244040202442443
     0002244304402204
31D4 212BB777120337B7 (SCROLLING_MANA_TI):00457             FCB $21,$2B,$B7,$77,$12,$03,$37,$B7,$21,$53,$33,$B7,$00,$13,$32,$07,$20,$01,$13,$03,$31,$12,$13,$33,$11,$20,$11,$15,$21,$12,$12,$35
     215333B700133207
     2001130331121333
     1120111521121235
31F4 B7BB77B77BAAB7BB (SCROLLING_MANA_TI):00458             FCB $B7,$BB,$77,$B7,$7B,$AA,$B7,$BB,$B7,$77,$B7,$BB,$BB,$7B,$B7,$7B,$BB,$77,$77,$7B,$66,$77,$AA,$77,$66,$77,$7B,$B7,$5B,$B7,$BA,$AB
     B777B7BBBB7BB77B
     BB77777B6677AA77
     66777BB75BB7BAAB
3214 212A77771203377B (SCROLLING_MANA_TI):00459             FCB $21,$2A,$77,$77,$12,$03,$37,$7B,$21,$53,$33,$A7,$00,$13,$32,$0A,$20,$01,$13,$03,$31,$12,$13,$33,$11,$20,$11,$15,$21,$12,$12,$35
     215333A70013320A
     2001130331121333
     1120111521121235
3234 BB7BBB7BBB7777BB (SCROLLING_MANA_TI):00460             FCB $BB,$7B,$BB,$7B,$BB,$77,$77,$BB,$77,$B7,$BB,$7B,$77,$AA,$7B,$77,$7A,$B7,$77,$77,$66,$77,$77,$77,$66,$AA,$BB,$7B,$5A,$B7,$77,$77
     77B7BB7B77AA7B77
     7AB7777766777777
     66AABB7B5AB77777
3254 DDBA7DDA99DDDFAB (SCROLLING_MANA_TI):00461             FCB $DD,$BA,$7D,$DA,$99,$DD,$DF,$AB,$99,$9F,$EB,$BD,$9E,$FF,$99,$EF,$EE,$FD,$99,$EF,$DE,$ED,$DE,$FF,$D5,$FD,$5D,$5F,$5D,$5F,$D5,$FD
     999FEBBD9EFF99EF
     EEFD99EFDEEDDEFF
     D5FD5D5F5D5FD5FD
3274 BB7BBB7BDDD777BB (SCROLLING_MANA_TI):00462             FCB $BB,$7B,$BB,$7B,$DD,$D7,$77,$BB,$D7,$B7,$BB,$7B,$DD,$AA,$7B,$77,$9A,$B7,$DD,$77,$99,$ED,$D7,$77,$E9,$AA,$BB,$7B,$5E,$B7,$77,$77
     D7B7BB7BDDAA7B77
     9AB7DD7799EDD777
     E9AABB7B5EB77777
3294 7BB7AB8BAB77B888 (SCROLLING_MANA_TI):00463             FCB $7B,$B7,$AB,$8B,$AB,$77,$B8,$88,$77,$7B,$BB,$88,$B7,$B7,$7B,$B8,$B7,$77,$88,$88,$77,$78,$88,$99,$77,$AB,$7B,$B7,$7A,$B7,$B7,$88
     777BBB88B7B77BB8
     B777888877788899
     77AB7BB77AB7B788
32B4 A77ADDBDADDBDEEF (SCROLLING_MANA_TI):00464             FCB $A7,$7A,$DD,$BD,$AD,$DB,$DE,$EF,$D7,$FF,$99,$EF,$FE,$E9,$9E,$FD,$9E,$FE,$FF,$FD,$99,$EF,$DD,$F5,$F9,$ED,$DD,$D5,$EE,$EF,$D5,$D5
     D7FF99EFFEE99EFD
     9EFEFFFD99EFDDF5
     F9EDDDD5EEEFD5D5
32D4 553777775353557B (SCROLLING_MANA_TI):00465             FCB $55,$37,$77,$77,$53,$53,$55,$7B,$55,$53,$53,$77,$35,$55,$55,$37,$33,$55,$55,$57,$55,$33,$77,$53,$53,$55,$37,$75,$55,$55,$53,$75
     5553537735555537
     3355555755337753
     5355377555555375
32F4 BB7BBB7BBB7777BB (SCROLLING_MANA_TI):00466             FCB $BB,$7B,$BB,$7B,$BB,$77,$77,$BB,$77,$B7,$BB,$7B,$77,$AA,$7B,$77,$57,$B7,$77,$77,$53,$57,$77,$77,$35,$7A,$BB,$7B,$37,$35,$77,$77
     77B7BB7B77AA7B77
     57B7777753577777
     357ABB7B37357777
3314 1221858820121381 (SCROLLING_MANA_TI):00467             FCB $12,$21,$85,$88,$20,$12,$13,$81,$02,$20,$23,$32,$04,$11,$20,$42,$44,$02,$04,$00,$00,$22,$44,$40,$44,$02,$22,$44,$44,$00,$02,$44
     0220233204112042
     4402040000224440
     4402224444000244
3334 2115611204011302 (SCROLLING_MANA_TI):00468             FCB $21,$15,$61,$12,$04,$01,$13,$02,$24,$40,$10,$44,$20,$24,$40,$44,$22,$44,$04,$02,$02,$44,$24,$43,$00,$02,$24,$43,$04,$40,$22,$04
     2440104420244044
     2244040202442443
     0002244304402204
3354 2126666612033663 (SCROLLING_MANA_TI):00469             FCB $21,$26,$66,$66,$12,$03,$36,$63,$21,$53,$33,$88,$00,$13,$32,$05,$20,$01,$13,$03,$31,$12,$13,$33,$11,$20,$11,$15,$21,$12,$12,$35
     2153338800133205
     2001130331121333
     1120111521121235
3374 6633333368668533 (SCROLLING_MANA_TI):00470             FCB $66,$33,$33,$33,$68,$66,$85,$33,$85,$55,$33,$37,$53,$57,$73,$B7,$77,$3B,$73,$37,$66,$33,$33,$B7,$66,$BB,$3B,$37,$53,$AB,$33,$7B
     85553337535773B7
     773B7337663333B7
     66BB3B3753AB337B
3394 3338888CA37788CC (SCROLLING_MANA_TI):00471             FCB $33,$38,$88,$8C,$A3,$77,$88,$CC,$B3,$77,$8C,$CC,$73,$78,$8C,$CC,$7B,$38,$88,$CC,$BB,$73,$88,$CC,$73,$33,$38,$88,$B7,$83,$88,$B8
     B3778CCC73788CCC
     7B3888CCBB7388CC
     73333888B78388B8
33B4 C888CCCCCC88CCCC (SCROLLING_MANA_TI):00472             FCB $C8,$88,$CC,$CC,$CC,$88,$CC,$CC,$CC,$C8,$CC,$CC,$CC,$C8,$8C,$CC,$CC,$78,$88,$CC,$8B,$77,$88,$88,$BB,$78,$37,$88,$B7,$88,$3B,$7B
     CCC8CCCCCCC88CCC
     CC7888CC8B778888
     BB783788B7883B7B
33D4 8CCC8888CCC8CC88 (SCROLLING_MANA_TI):00473             FCB $8C,$CC,$88,$88,$CC,$C8,$CC,$88,$CC,$CC,$CC,$C8,$CC,$CC,$CC,$88,$CC,$CC,$C8,$88,$CC,$CC,$C8,$88,$CC,$8C,$88,$33,$C8,$88,$88,$83
     CCCCCCC8CCCCCC88
     CCCCC888CCCCC888
     CC8C8833C8888883
33F4 8333633B83366637 (SCROLLING_MANA_TI):00474             FCB $83,$33,$63,$3B,$83,$36,$66,$37,$88,$36,$66,$66,$88,$33,$36,$37,$83,$33,$33,$77,$33,$33,$73,$3B,$33,$33,$37,$77,$33,$37,$33,$77
     8836666688333637
     833333773333733B
     3333377733373377
3414 7AAB777BAB7DD7AA (SCROLLING_MANA_TI):00475             FCB $7A,$AB,$77,$7B,$AB,$7D,$D7,$AA,$B7,$7D,$BA,$BD,$7B,$B7,$77,$DF,$B7,$DB,$FD,$F9,$BB,$BD,$FE,$FE,$DD,$BB,$E9,$9F,$AE,$E7,$99,$9F
     B77DBABD7BB777DF
     B7DBFDF9BBBDFEFE
     DDBBE99FAEE7999F
3434 DDDFF99FB7DDE9EF (SCROLLING_MANA_TI):00476             FCB $DD,$DF,$F9,$9F,$B7,$DD,$E9,$EF,$DD,$7F,$EE,$E5,$9E,$E9,$9E,$DD,$99,$E9,$99,$DD,$E9,$FE,$9E,$75,$EF,$FF,$EF,$65,$DD,$66,$FF,$65
     DD7FEEE59EE99EDD
     99E999DDE9FE9E75
     EFFFEF65DD66FF65
3454 7777AAB7B77AA777 (SCROLLING_MANA_TI):00477             FCB $77,$77,$AA,$B7,$B7,$7A,$A7,$77,$BB,$7A,$B7,$7B,$7B,$7B,$77,$BB,$B7,$77,$7B,$AA,$B7,$BB,$77,$BB,$77,$7B,$B7,$77,$7A,$BB,$77,$77
     BB7AB77B7B7B77BB
     B7777BAAB7BB77BB
     777BB7777ABB7777
3474 78889998AA889988 (SCROLLING_MANA_TI):00478             FCB $78,$88,$99,$98,$AA,$88,$99,$88,$B7,$78,$89,$89,$77,$77,$88,$99,$AB,$78,$88,$89,$7A,$B7,$77,$88,$77,$B7,$A8,$88,$77,$7A,$AB,$B8
     B778898977778899
     AB7888897AB77788
     77B7A888777AABB8
3494 98988989AA889988 (SCROLLING_MANA_TI):00479             FCB $98,$98,$89,$89,$AA,$88,$99,$88,$9B,$A8,$8A,$B7,$88,$B7,$AB,$79,$88,$87,$B8,$88,$98,$BA,$AA,$88,$88,$87,$7B,$A8,$77,$7B,$B7,$78
     9BA88AB788B7AB79
     8887B88898BAAA88
     88877BA8777BB778
34B4 9999899889998889 (SCROLLING_MANA_TI):00480             FCB $99,$99,$89,$98,$89,$99,$88,$89,$88,$88,$88,$88,$88,$88,$AA,$77,$88,$8A,$B8,$88,$BB,$7B,$78,$99,$8B,$B7,$88,$79,$77,$B7,$87,$77
     888888888888AA77
     888AB888BB7B7899
     8BB7887977B78777
34D4 9999998999899998 (SCROLLING_MANA_TI):00481             FCB $99,$99,$99,$89,$99,$89,$99,$98,$88,$88,$99,$88,$99,$88,$87,$88,$99,$8B,$BA,$A8,$88,$77,$7B,$AA,$88,$88,$88,$BA,$8B,$AA,$88,$7B
     8888998899888788
     998BBAA888777BAA
     888888BA8BAA887B
34F4 9999889988999887 (SCROLLING_MANA_TI):00482             FCB $99,$99,$88,$99,$88,$99,$98,$87,$99,$9B,$A8,$99,$99,$88,$8A,$89,$88,$88,$8B,$88,$88,$8A,$AA,$B9,$87,$AA,$B8,$99,$87,$AB,$77,$78
     999BA89999888A89
     88888B88888AAAB9
     87AAB89987AB7778
3514 99988AAB8988AAB7 (SCROLLING_MANA_TI):00483             FCB $99,$98,$8A,$AB,$89,$88,$AA,$B7,$88,$B7,$A7,$88,$8B,$78,$B8,$77,$88,$88,$88,$87,$99,$88,$8A,$AB,$99,$88,$B7,$8B,$88,$98,$88,$87
     88B7A7888B78B877
     8888888799888AAB
     9988B78B88988887
3534 567B7BAA666AB77A (SCROLLING_MANA_TI):00484             FCB $56,$7B,$7B,$AA,$66,$6A,$B7,$7A,$33,$7B,$BB,$77,$32,$0A,$AA,$AB,$12,$16,$7B,$AA,$61,$61,$12,$7B,$56,$12,$00,$2B,$56,$61,$20,$11
     337BBB77320AAAAB
     12167BAA6161127B
     5612002B56612011
3554 56777BAA666AB7BA (SCROLLING_MANA_TI):00485             FCB $56,$77,$7B,$AA,$66,$6A,$B7,$BA,$33,$B7,$7B,$77,$32,$0A,$B7,$7B,$12,$16,$77,$BB,$61,$61,$12,$77,$56,$12,$00,$27,$56,$61,$20,$11
     33B77B77320AB77B
     121677BB61611277
     5612002756612011
3574 555DD555D555D555 (SCROLLING_MANA_TI):00486             FCB $55,$5D,$D5,$55,$D5,$55,$D5,$55,$F5,$55,$D5,$5E,$E5,$5D,$D5,$59,$ED,$5F,$D5,$59,$FD,$FF,$D5,$5E,$7F,$EB,$B5,$5F,$F7,$7B,$57,$55
     F555D55EE55DD559
     ED5FD559FDFFD55E
     7FEBB55FF77B5755
3594 5BAB7BAABAAAB7BA (SCROLLING_MANA_TI):00487             FCB $5B,$AB,$7B,$AA,$BA,$AA,$B7,$BA,$AB,$DD,$7B,$77,$EF,$F7,$B7,$7B,$9E,$FD,$77,$BB,$ED,$DA,$AB,$77,$EF,$AB,$7D,$D7,$D9,$9F,$FD,$BB
     ABDD7B77EFF7B77B
     9EFD77BBEDDAAB77
     EFAB7DD7D99FFDBB
35B4 77BB78887BBAAA7B (SCROLLING_MANA_TI):00488             FCB $77,$BB,$78,$88,$7B,$BA,$AA,$7B,$B7,$77,$BB,$A7,$B7,$78,$87,$AA,$77,$8B,$7A,$BB,$7B,$B7,$7B,$88,$77,$BB,$78,$87,$AB,$B7,$77,$7B
     B777BBA7B77887AA
     778B7ABB7BB77B88
     77BB7887ABB7777B
35D4 EEFFD555DEEF5555 (SCROLLING_MANA_TI):00489             FCB $EE,$FF,$D5,$55,$DE,$EF,$55,$55,$DD,$EF,$D5,$55,$AD,$EE,$EE,$55,$7D,$FE,$99,$E5,$7A,$AF,$E9,$95,$BB,$AA,$7E,$9F,$B7,$DD,$B7,$EF
     DDEFD555ADEEEE55
     7DFE99E57AAFE995
     BBAA7E9FB7DDB7EF
35F4 5773553573553773 (SCROLLING_MANA_TI):00490             FCB $57,$73,$55,$35,$73,$55,$37,$73,$35,$53,$33,$55,$55,$55,$55,$55,$55,$55,$57,$35,$35,$55,$73,$57,$35,$55,$75,$53,$35,$55,$55,$53
     3553335555555555
     5555573535557357
     3555755335555553
3614 53557BAA377735BA (SCROLLING_MANA_TI):00491             FCB $53,$55,$7B,$AA,$37,$77,$35,$BA,$73,$35,$53,$57,$57,$77,$35,$53,$77,$35,$55,$33,$35,$57,$73,$55,$35,$73,$55,$55,$55,$35,$55,$33
     7335535757773553
     7735553335577355
     3573555555355533
3634 568337BB66687B77 (SCROLLING_MANA_TI):00492             FCB $56,$83,$37,$BB,$66,$68,$7B,$77,$33,$A8,$88,$BB,$32,$03,$37,$7B,$12,$16,$B7,$A7,$61,$61,$12,$BA,$56,$12,$00,$2A,$56,$61,$20,$11
     33A888BB3203377B
     1216B7A7616112BA
     5612002A56612011
3654 A83387B878338788 (SCROLLING_MANA_TI):00493             FCB $A8,$33,$87,$B8,$78,$33,$87,$88,$73,$B7,$3B,$78,$7B,$73,$B7,$83,$7B,$77,$77,$33,$77,$77,$BA,$B8,$B7,$BB,$7B,$B8,$77,$7B,$B7,$77
     73B73B787B73B783
     7B7777337777BAB8
     B7BB7BB8777BB777
3674 7778377B88783877 (SCROLLING_MANA_TI):00494             FCB $77,$78,$37,$7B,$88,$78,$38,$77,$78,$83,$38,$87,$78,$33,$33,$87,$87,$73,$83,$38,$87,$78,$87,$78,$77,$BB,$77,$B3,$77,$B7,$77,$BB
     7883388778333387
     8773833887788778
     77BB77B377B777BB
3694 BB888877B8883383 (SCROLLING_MANA_TI):00495             FCB $BB,$88,$88,$77,$B8,$88,$33,$83,$B7,$83,$88,$37,$78,$33,$33,$37,$78,$33,$88,$3B,$83,$33,$87,$7B,$83,$38,$77,$77,$33,$7B,$7B,$B7
     B783883778333337
     7833883B8333877B
     83387777337B7BB7
36B4 3733737A3377777A (SCROLLING_MANA_TI):00496             FCB $37,$33,$73,$7A,$33,$77,$77,$7A,$33,$7B,$7B,$77,$B8,$7B,$B7,$7B,$77,$B7,$77,$BB,$7B,$7A,$AB,$77,$B7,$AB,$77,$77,$77,$B7,$77,$BB
     337B7B77B87BB77B
     77B777BB7B7AAB77
     B7AB777777B777BB
36D4 E99DDE9FFE9FDFEF (SCROLLING_MANA_TI):00497             FCB $E9,$9D,$DE,$9F,$FE,$9F,$DF,$EF,$FF,$ED,$6F,$F6,$FF,$E6,$66,$F6,$DF,$F6,$66,$66,$DF,$66,$66,$66,$D6,$65,$66,$65,$66,$65,$56,$65
     FFED6FF6FFE666F6
     DFF66666DF666666
     D665666566655665
36F4 5666F66656666656 (SCROLLING_MANA_TI):00498             FCB $56,$66,$F6,$66,$56,$66,$66,$56,$56,$66,$66,$56,$56,$56,$56,$D6,$66,$56,$56,$DF,$65,$55,$56,$DF,$65,$56,$56,$DD,$55,$56,$55,$6D
     56666656565656D6
     665656DF655556DF
     655656DD5556556D
3714 5553B777555535B7 (SCROLLING_MANA_TI):00499             FCB $55,$53,$B7,$77,$55,$55,$35,$B7,$55,$35,$53,$37,$53,$33,$55,$55,$55,$55,$35,$53,$55,$53,$35,$55,$37,$75,$55,$33,$53,$37,$55,$55
     5535533753335555
     5555355355533555
     3775553353375555
3734 B7BB77B77BAAB7BB (SCROLLING_MANA_TI):00500             FCB $B7,$BB,$77,$B7,$7B,$AA,$B7,$BB,$B7,$77,$B7,$BB,$BB,$7B,$B7,$7B,$33,$77,$77,$7B,$55,$57,$AA,$77,$77,$57,$7B,$B7,$33,$35,$BA,$AB
     B777B7BBBB7BB77B
     3377777B5557AA77
     77577BB73335BAAB
3754 77BA77777B7B777B (SCROLLING_MANA_TI):00501             FCB $77,$BA,$77,$77,$7B,$7B,$77,$7B,$77,$7B,$7B,$A7,$B7,$77,$77,$B2,$BB,$77,$77,$21,$77,$BB,$A2,$21,$7B,$77,$02,$22,$77,$77,$00,$22
     777B7BA7B77777B2
     BB77772177BBA221
     7B77022277770022
3774 BB7BBB11BB711122 (SCROLLING_MANA_TI):00502             FCB $BB,$7B,$BB,$11,$BB,$71,$11,$22,$72,$11,$12,$42,$10,$02,$20,$02,$10,$02,$00,$00,$12,$24,$04,$40,$40,$00,$24,$40,$00,$10,$24,$24
     7211124210022002
     1002000012240440
     4000244000102424
3794 12217BAA20121371 (SCROLLING_MANA_TI):00503             FCB $12,$21,$7B,$AA,$20,$12,$13,$71,$02,$20,$23,$32,$04,$11,$20,$42,$44,$02,$04,$00,$00,$22,$44,$40,$44,$02,$22,$44,$44,$00,$02,$44
     0220233204112042
     4402040000224440
     4402224444000244
37B4 2117B11204011302 (SCROLLING_MANA_TI):00504             FCB $21,$17,$B1,$12,$04,$01,$13,$02,$24,$40,$10,$44,$20,$24,$40,$44,$22,$44,$04,$02,$02,$44,$24,$43,$00,$02,$24,$43,$04,$40,$22,$04
     2440104420244044
     2244040202442443
     0002244304402204
37D4 21277B77120337B7 (SCROLLING_MANA_TI):00505             FCB $21,$27,$7B,$77,$12,$03,$37,$B7,$21,$53,$33,$77,$00,$13,$32,$0B,$20,$01,$13,$03,$31,$12,$13,$33,$11,$20,$11,$15,$21,$12,$12,$35
     215333770013320B
     2001130331121333
     1120111521121235
37F4 77AB77AB77B777A7 (SCROLLING_MANA_TI):00506             FCB $77,$AB,$77,$AB,$77,$B7,$77,$A7,$77,$77,$B7,$A7,$B7,$77,$77,$B7,$B7,$BB,$77,$77,$66,$BB,$7B,$BB,$66,$77,$77,$7B,$5B,$77,$BB,$77
     7777B7A7B77777B7
     B7BB777766BB7BBB
     6677777B5B77BB77
3814 8888999988889999 (SCROLLING_MANA_TI):00507             FCB $88,$88,$99,$99,$88,$88,$99,$99,$88,$99,$89,$98,$99,$99,$98,$88,$89,$88,$89,$89,$88,$89,$99,$99,$88,$88,$99,$98,$89,$99,$88,$99
     8899899899999888
     8988898988899999
     8888999889998899
3834 9888887B9BAAB88B (SCROLLING_MANA_TI):00508             FCB $98,$88,$88,$7B,$9B,$AA,$B8,$8B,$B7,$7B,$AB,$8B,$78,$88,$7B,$77,$99,$88,$87,$B7,$98,$88,$87,$77,$87,$AA,$B8,$7B,$BA,$77,$B7,$77
     B77BAB8B78887B77
     998887B798888777
     87AAB87BBA77B777
3854 AB77BB55A77777B7 (SCROLLING_MANA_TI):00509             FCB $AB,$77,$BB,$55,$A7,$77,$77,$B7,$B7,$7B,$AA,$75,$77,$77,$5B,$AB,$7B,$B7,$75,$B7,$BB,$77,$77,$75,$77,$BB,$AA,$FD,$B7,$77,$BE,$EF
     B77BAA7577775BAB
     7BB775B7BB777775
     77BBAAFDB777BEEF
3874 5999E7AB559EFFE9 (SCROLLING_MANA_TI):00510             FCB $59,$99,$E7,$AB,$55,$9E,$FF,$E9,$D5,$5E,$FE,$99,$5D,$5D,$ED,$E9,$55,$D5,$FE,$DF,$55,$D5,$DE,$5F,$5D,$D5,$5F,$D5,$DF,$D5,$5F,$D5
     D55EFE995D5DEDE9
     55D5FEDF55D5DE5F
     5DD55FD5DFD55FD5
3894 EFD7EEFDEEED99EE (SCROLLING_MANA_TI):00511             FCB $EF,$D7,$EE,$FD,$EE,$ED,$99,$EE,$F9,$9F,$9E,$99,$DE,$9F,$FE,$99,$5F,$EF,$5F,$E9,$5D,$ED,$55,$F9,$55,$F5,$55,$DE,$D5,$DD,$5D,$5F
     F99F9E99DE9FFE99
     5FEF5FE95DED55F9
     55F555DED5DD5D5F
38B4 7BDD77EEF7FEF7EF (SCROLLING_MANA_TI):00512             FCB $7B,$DD,$77,$EE,$F7,$FE,$F7,$EF,$E7,$E9,$EF,$FD,$9E,$99,$ED,$FD,$9F,$F9,$D5,$DD,$EF,$DE,$D5,$5D,$FD,$5F,$55,$5D,$F5,$5D,$55,$DD
     E7E9EFFD9E99EDFD
     9FF9D5DDEFDED55D
     FD5F555DF55D55DD
38D4 AB777B7DA77DDDBD (SCROLLING_MANA_TI):00513             FCB $AB,$77,$7B,$7D,$A7,$7D,$DD,$BD,$B7,$7B,$AA,$DF,$77,$77,$7A,$AB,$7B,$B7,$DB,$AB,$BB,$7D,$DD,$BF,$77,$BB,$AA,$7D,$B7,$77,$BB,$A5
     B77BAADF77777AAB
     7BB7DBABBB7DDDBF
     77BBAA7DB777BBA5
38F4 D7AB77EFF7BDFE99 (SCROLLING_MANA_TI):00514             FCB $D7,$AB,$77,$EF,$F7,$BD,$FE,$99,$FE,$FF,$E9,$99,$E9,$9F,$DE,$9F,$6E,$9E,$6F,$ED,$6F,$EF,$6D,$ED,$66,$E6,$6D,$F5,$66,$D6,$6D,$65
     FEFFE999E99FDE9F
     6E9E6FED6FEF6DED
     66E66DF566D66D65
3914 5513331355113233 (SCROLLING_MANA_TI):00515             FCB $55,$13,$33,$13,$55,$11,$32,$33,$B5,$15,$51,$13,$77,$55,$55,$11,$75,$55,$35,$25,$B5,$53,$35,$55,$77,$B5,$53,$35,$B7,$75,$B3,$35
     B515511377555511
     75553525B5533555
     77B55335B775B335
3934 21277B77120337B7 (SCROLLING_MANA_TI):00516             FCB $21,$27,$7B,$77,$12,$03,$37,$B7,$21,$53,$33,$77,$00,$13,$32,$01,$20,$01,$13,$03,$31,$12,$13,$33,$11,$20,$11,$15,$21,$12,$12,$35
     2153337700133201
     2001130331121333
     1120111521121235
3954 77AB77AB77B777A7 (SCROLLING_MANA_TI):00517             FCB $77,$AB,$77,$AB,$77,$B7,$77,$A7,$24,$40,$27,$A7,$02,$00,$57,$B7,$21,$25,$77,$77,$66,$15,$7B,$BB,$66,$20,$77,$7B,$51,$20,$4B,$70
     244027A7020057B7
     2125777766157BBB
     6620777B51204B70
3974 6665666566556655 (SCROLLING_MANA_TI):00518             FCB $66,$65,$66,$65,$66,$55,$66,$55,$65,$55,$66,$55,$65,$55,$65,$55,$55,$55,$65,$56,$56,$55,$55,$56,$56,$55,$55,$56,$56,$65,$56,$56
     6555665565556555
     5555655656555556
     5655555656655656
3994 5656655D56566555 (SCROLLING_MANA_TI):00519             FCB $56,$56,$65,$5D,$56,$56,$65,$55,$56,$56,$68,$85,$56,$66,$88,$88,$56,$68,$88,$C8,$55,$68,$8C,$88,$65,$55,$8C,$88,$66,$5D,$D8,$8F
     5656688556668888
     566888C855688C88
     65558C88665DD88F
39B4 55537BAA5577357A (SCROLLING_MANA_TI):00520             FCB $55,$53,$7B,$AA,$55,$77,$35,$7A,$35,$53,$33,$57,$35,$37,$77,$73,$73,$55,$53,$77,$57,$35,$55,$53,$55,$35,$77,$33,$55,$57,$73,$37
     3553335735377773
     7355537757355553
     5535773355577337
39D4 7AA15221AB712001 (SCROLLING_MANA_TI):00521             FCB $7A,$A1,$52,$21,$AB,$71,$20,$01,$B7,$75,$13,$02,$77,$77,$53,$31,$72,$25,$21,$32,$B2,$15,$12,$14,$B5,$11,$20,$14,$05,$33,$00,$44
     B775130277775331
     72252132B2151214
     B511201405330044
39F4 56AB7BB766677777 (SCROLLING_MANA_TI):00522             FCB $56,$AB,$7B,$B7,$66,$67,$77,$77,$33,$B7,$77,$7B,$32,$07,$BB,$77,$12,$16,$BB,$7B,$61,$61,$12,$BB,$56,$12,$00,$2B,$56,$61,$20,$11
     33B7777B3207BB77
     1216BB7B616112BB
     5612002B56612011
3A14 8999989899998888 (SCROLLING_MANA_TI):00523             FCB $89,$99,$98,$98,$99,$99,$88,$88,$99,$99,$98,$87,$99,$88,$87,$88,$88,$88,$7A,$B7,$88,$87,$AB,$7A,$98,$87,$A7,$8B,$BB,$77,$B8,$8B
     9999988799888788
     88887AB78887AB7A
     9887A78BBB77B88B
3A34 78887BAABAAAB7BA (SCROLLING_MANA_TI):00524             FCB $78,$88,$7B,$AA,$BA,$AA,$B7,$BA,$AB,$88,$7B,$77,$7A,$AA,$B7,$7B,$AA,$B7,$77,$BB,$B8,$8A,$AB,$77,$87,$AB,$77,$77,$77,$B7,$77,$BB
     AB887B777AAAB77B
     AAB777BBB88AAB77
     87AB777777B777BB
3A54 AB77E9FD777AABEF (SCROLLING_MANA_TI):00525             FCB $AB,$77,$E9,$FD,$77,$7A,$AB,$EF,$B7,$AB,$7F,$FB,$B7,$B7,$DD,$77,$BB,$77,$77,$7D,$77,$77,$BB,$77,$B7,$BB,$7B,$B7,$77,$7B,$B7,$77
     B7AB7FFBB7B7DD77
     BB77777D7777BB77
     B7BB7BB7777BB777
3A74 FFD55FD5BF55FFD5 (SCROLLING_MANA_TI):00526             FCB $FF,$D5,$5F,$D5,$BF,$55,$FF,$D5,$DD,$55,$EF,$DD,$DB,$5E,$EF,$DD,$D7,$EE,$FD,$DE,$7F,$9E,$F7,$E9,$DF,$EB,$7E,$9E,$7D,$B7,$79,$9D
     DD55EFDDDB5EEFDD
     D7EEFDDE7F9EF7E9
     DFEB7E9E7DB7799D
3A94 D5DF5D5FDDDFDDDF (SCROLLING_MANA_TI):00527             FCB $D5,$DF,$5D,$5F,$DD,$DF,$DD,$DF,$DD,$FF,$DF,$DE,$DF,$EF,$DF,$DE,$FE,$ED,$FE,$FE,$DE,$FA,$EE,$FE,$DF,$BA,$FF,$EE,$77,$AB,$7E,$EE
     DDFFDFDEDFEFDFDE
     FEEDFEFEDEFAEEFE
     DFBAFFEE77AB7EEE
3AB4 D55D55DFD5DD55DF (SCROLLING_MANA_TI):00528             FCB $D5,$5D,$55,$DF,$D5,$DD,$55,$DF,$D5,$DF,$D5,$FF,$FD,$DF,$DD,$FF,$FD,$DE,$FD,$FE,$ED,$DE,$EF,$7B,$EE,$D7,$EF,$B7,$E7,$AA,$7B,$B7
     D5DFD5FFFDDFDDFF
     FDDEFDFEEDDEEF7B
     EED7EFB7E7AA7BB7
3AD4 AB77DDB9777AABDE (SCROLLING_MANA_TI):00529             FCB $AB,$77,$DD,$B9,$77,$7A,$AB,$DE,$B7,$AB,$DD,$FF,$B7,$B7,$DB,$A7,$B7,$77,$BD,$D7,$7A,$AD,$FE,$9E,$B7,$BB,$D9,$99,$77,$77,$BF,$EF
     B7ABDDFFB7B7DBA7
     B777BDD77AADFE9E
     B7BBD9997777BFEF
3AF4 96D6566599665665 (SCROLLING_MANA_TI):00530             FCB $96,$D6,$56,$65,$99,$66,$56,$65,$9E,$66,$56,$55,$EF,$56,$56,$55,$F5,$56,$56,$65,$D5,$55,$56,$65,$E5,$55,$77,$65,$F5,$75,$57,$77
     9E665655EF565655
     F5565665D5555665
     E5557765F5755777
3B14 AB777555777AA555 (SCROLLING_MANA_TI):00531             FCB $AB,$77,$75,$55,$77,$7A,$A5,$55,$B7,$AB,$75,$75,$B7,$B7,$7B,$AA,$BB,$77,$77,$7B,$77,$77,$BB,$77,$B7,$BB,$7B,$B7,$77,$7B,$B7,$77
     B7AB7575B7B77BAA
     BB77777B7777BB77
     B7BB7BB7777BB777
3B34 5551355565555555 (SCROLLING_MANA_TI):00532             FCB $55,$51,$35,$55,$65,$55,$55,$55,$66,$65,$55,$52,$56,$57,$56,$55,$55,$7B,$56,$65,$B7,$75,$55,$55,$77,$B5,$57,$55,$77,$B7,$77,$75
     6665555256575655
     557B5665B7755555
     77B5575577B77775
3B54 56044BB566644140 (SCROLLING_MANA_TI):00533             FCB $56,$04,$4B,$B5,$66,$64,$41,$40,$33,$11,$42,$02,$32,$00,$22,$15,$12,$16,$20,$1B,$61,$61,$12,$5B,$56,$12,$00,$2B,$56,$61,$20,$11
     3311420232002215
     1216201B6161125B
     5612002B56612011
3B74 212DDE9F12033FEF (SCROLLING_MANA_TI):00534             FCB $21,$2D,$DE,$9F,$12,$03,$3F,$EF,$21,$53,$33,$F6,$00,$13,$32,$06,$20,$01,$13,$03,$31,$12,$13,$33,$11,$20,$11,$15,$21,$12,$12,$35
     215333F600133206
     2001130331121333
     1120111521121235
3B94 5666F66656666656 (SCROLLING_MANA_TI):00535             FCB $56,$66,$F6,$66,$56,$66,$66,$56,$56,$66,$66,$56,$56,$56,$56,$D6,$66,$56,$56,$DF,$66,$55,$56,$DF,$66,$56,$56,$DD,$55,$56,$55,$6D
     56666656565656D6
     665656DF665556DF
     665656DD5556556D
3BB4 6665555656555655 (SCROLLING_MANA_TI):00536             FCB $66,$65,$55,$56,$56,$55,$56,$55,$55,$56,$56,$55,$D5,$56,$56,$65,$FD,$56,$56,$65,$8D,$56,$66,$66,$83,$56,$66,$66,$35,$55,$66,$66
     55565655D5565665
     FD5656658D566666
     8356666635556666
3BD4 66DDFEFE66DFEEFE (SCROLLING_MANA_TI):00537             FCB $66,$DD,$FE,$FE,$66,$DF,$EE,$FE,$65,$DF,$EF,$FE,$65,$DD,$FD,$FF,$55,$6D,$FD,$DF,$55,$66,$DD,$6F,$56,$56,$D6,$5F,$66,$56,$65,$56
     65DFEFFE65DDFDFF
     556DFDDF5566DD6F
     5656D65F66566556
3BF4 7355535575555535 (SCROLLING_MANA_TI):00538             FCB $73,$55,$53,$55,$75,$55,$55,$35,$35,$53,$77,$55,$55,$55,$57,$73,$53,$35,$53,$75,$33,$55,$55,$35,$55,$33,$77,$55,$35,$55,$33,$75
     3553775555555773
     5335537533555535
     5533775535553375
3C14 5573557355355577 (SCROLLING_MANA_TI):00539             FCB $55,$73,$55,$73,$55,$35,$55,$77,$55,$55,$35,$75,$35,$55,$55,$37,$35,$33,$55,$77,$55,$33,$53,$3B,$33,$55,$55,$5B,$33,$55,$33,$55
     5555357535555537
     353355775533533B
     3355555B33553355
3C34 BB7BBB7FBB7777F9 (SCROLLING_MANA_TI):00540             FCB $BB,$7B,$BB,$7F,$BB,$77,$77,$F9,$77,$BF,$FF,$9E,$77,$F9,$9E,$EE,$7A,$FE,$AA,$EF,$7F,$EF,$DB,$A7,$F9,$9E,$FD,$B7,$F9,$9E,$FA,$AB
     77BFFF9E77F99EEE
     7AFEAAEF7FEFDBA7
     F99EFDB7F99EFAAB
3C54 FFF77B77999F77B7 (SCROLLING_MANA_TI):00541             FCB $FF,$F7,$7B,$77,$99,$9F,$77,$B7,$99,$EA,$FF,$77,$EE,$AF,$9E,$FF,$7A,$BF,$E9,$FE,$7A,$DD,$AA,$E9,$BB,$DA,$BD,$AB,$77,$AB,$DB,$7D
     99EAFF77EEAF9EFF
     7ABFE9FE7ADDAAE9
     BBDABDAB77ABDB7D
3C74 77AB7FFF77B7F999 (SCROLLING_MANA_TI):00542             FCB $77,$AB,$7F,$FF,$77,$B7,$F9,$99,$77,$7F,$E9,$99,$FF,$FF,$E9,$EE,$99,$EB,$A7,$7B,$9E,$FD,$7B,$A7,$BD,$AB,$DA,$A7,$FF,$DA,$77,$77
     777FE999FFFFE9EE
     99EBA77B9EFD7BA7
     BDABDAA7FFDA7777
3C94 99E55555E99F7FDD (SCROLLING_MANA_TI):00543             FCB $99,$E5,$55,$55,$E9,$9F,$7F,$DD,$77,$EF,$E9,$9F,$7B,$FE,$99,$ED,$BB,$DD,$9E,$D7,$7B,$D7,$FD,$77,$77,$7A,$B7,$BB,$77,$AB,$7B,$77
     77EFE99F7BFE99ED
     BBDD9ED77BD7FD77
     777AB7BB77AB7B77
3CB4 55D99E575DE999DD (SCROLLING_MANA_TI):00544             FCB $55,$D9,$9E,$57,$5D,$E9,$99,$DD,$BE,$E9,$EF,$BB,$B7,$FF,$FD,$DB,$BB,$7D,$77,$DB,$77,$77,$AA,$77,$AA,$77,$7B,$B7,$BB,$B7,$BA,$AB
     BEE9EFBBB7FFFDDB
     BB7D77DB7777AA77
     AA777BB7BBB7BAAB
3CD4 F1312422EFFFF202 (SCROLLING_MANA_TI):00545             FCB $F1,$31,$24,$22,$EF,$FF,$F2,$02,$FB,$79,$9F,$40,$B7,$F9,$9E,$F4,$B7,$DF,$EE,$F4,$7B,$B7,$DF,$FD,$BD,$FE,$9D,$D5,$7D,$DD,$EF,$D5
     FB799F40B7F99EF4
     B7DFEEF47BB7DFFD
     BDFE9DD57DDDEFD5
3CF4 212B7BAA12033777 (SCROLLING_MANA_TI):00546             FCB $21,$2B,$7B,$AA,$12,$03,$37,$77,$21,$53,$33,$B7,$00,$13,$32,$07,$20,$01,$13,$03,$31,$12,$13,$33,$11,$20,$11,$15,$21,$12,$12,$35
     215333B700133207
     2001130331121333
     1120111521121235
3D14 B777B7B7AB77BB77 (SCROLLING_MANA_TI):00547             FCB $B7,$77,$B7,$B7,$AB,$77,$BB,$77,$7B,$77,$77,$77,$77,$7A,$A7,$B7,$BB,$7B,$A7,$7B,$66,$77,$7B,$A7,$66,$AB,$7A,$A7,$57,$AA,$77,$77
     7B777777777AA7B7
     BB7BA77B66777BA7
     66AB7AA757AA7777
3D34 777BB7777777B7B7 (SCROLLING_MANA_TI):00548             FCB $77,$7B,$B7,$77,$77,$77,$B7,$B7,$77,$B7,$7B,$B7,$7B,$BB,$77,$72,$77,$77,$B7,$21,$77,$7B,$B2,$21,$BA,$A7,$02,$22,$7B,$BA,$00,$22
     77B77BB77BBB7772
     7777B721777BB221
     BAA702227BBA0022
3D54 B7BB77117BA11122 (SCROLLING_MANA_TI):00549             FCB $B7,$BB,$77,$11,$7B,$A1,$11,$22,$B2,$11,$12,$42,$10,$02,$20,$02,$10,$02,$00,$00,$12,$24,$04,$40,$40,$00,$24,$40,$00,$10,$24,$24
     B211124210022002
     1002000012240440
     4000244000102424
3D74 8CC83777CCC883B7 (SCROLLING_MANA_TI):00550             FCB $8C,$C8,$37,$77,$CC,$C8,$83,$B7,$CC,$CC,$83,$B7,$CC,$CC,$88,$37,$C8,$C8,$83,$3B,$88,$88,$33,$33,$C8,$88,$33,$33,$CC,$88,$33,$36
     CCCC83B7CCCC8837
     C8C8833B88883333
     C8883333CC883336
3D94 2101200021111202 (SCROLLING_MANA_TI):00551             FCB $21,$01,$20,$00,$21,$11,$12,$02,$02,$22,$10,$40,$02,$02,$04,$04,$04,$42,$44,$02,$00,$00,$40,$00,$04,$00,$02,$20,$44,$40,$22,$21
     0222104002020404
     0442440200004000
     0400022044402221
3DB4 8855FFED85FFFE9E (SCROLLING_MANA_TI):00552             FCB $88,$55,$FF,$ED,$85,$FF,$FE,$9E,$5F,$99,$F7,$FB,$D9,$99,$9F,$77,$DF,$9E,$EF,$B7,$DD,$F7,$7E,$77,$5B,$AA,$77,$B7,$E5,$DB,$A7,$AB
     5F99F7FBD9999F77
     DF9EEFB7DDF77E77
     5BAA77B7E5DBA7AB
3DD4 DEFF5588E9EFFF58 (SCROLLING_MANA_TI):00553             FCB $DE,$FF,$55,$88,$E9,$EF,$FF,$58,$BF,$7F,$99,$F5,$77,$F9,$99,$9D,$7B,$FE,$E9,$FD,$77,$E7,$7F,$DD,$7B,$77,$AA,$B5,$BA,$7A,$BD,$5E
     BF7F99F577F9999D
     7BFEE9FD77E77FDD
     7B77AAB5BA7ABD5E
3DF4 7EE9EDFF7E999D66 (SCROLLING_MANA_TI):00554             FCB $7E,$E9,$ED,$FF,$7E,$99,$9D,$66,$FE,$EF,$65,$66,$DF,$D6,$66,$65,$D5,$66,$56,$65,$D5,$65,$66,$65,$56,$65,$66,$65,$56,$65,$66,$66
     FEEF6566DFD66665
     D5665665D5656665
     5665666556656666
3E14 57BB77B77B55B7BB (SCROLLING_MANA_TI):00555             FCB $57,$BB,$77,$B7,$7B,$55,$B7,$BB,$55,$77,$77,$BB,$57,$7B,$B7,$7B,$55,$55,$77,$7B,$55,$77,$AA,$77,$7B,$75,$7B,$B7,$57,$B7,$BA,$AB
     557777BB577BB77B
     5555777B5577AA77
     7B757BB757B7BAAB
3E34 A8877ABBBA87B7A7 (SCROLLING_MANA_TI):00556             FCB $A8,$87,$7A,$BB,$BA,$87,$B7,$A7,$7B,$88,$AB,$77,$87,$88,$88,$AB,$88,$89,$88,$AA,$88,$89,$88,$88,$9A,$B8,$88,$88,$8B,$78,$99,$8A
     7B88AB77878888AB
     888988AA88898888
     9AB888888B78998A
3E54 78AB77AB7B8A7B88 (SCROLLING_MANA_TI):00557             FCB $78,$AB,$77,$AB,$7B,$8A,$7B,$88,$BA,$B8,$BB,$88,$8A,$A8,$88,$88,$88,$A8,$78,$88,$88,$B7,$78,$88,$88,$77,$AA,$B8,$AB,$8A,$B7,$77
     BAB8BB888AA88888
     88A8788888B77888
     8877AAB8AB8AB777
3E74 5656655D66666555 (SCROLLING_MANA_TI):00558             FCB $56,$56,$65,$5D,$66,$66,$65,$55,$33,$56,$68,$85,$32,$06,$88,$88,$12,$16,$88,$C8,$61,$61,$12,$88,$56,$12,$00,$28,$56,$61,$20,$11
     3356688532068888
     121688C861611288
     5612002856612011
3E94 D5556666D5556566 (SCROLLING_MANA_TI):00559             FCB $D5,$55,$66,$66,$D5,$55,$65,$66,$55,$55,$75,$56,$55,$57,$6F,$F6,$56,$67,$77,$FF,$55,$67,$BB,$7E,$D7,$B7,$57,$7E,$FF,$DB,$F9,$EF
     5555755655576FF6
     566777FF5567BB7E
     D7B7577EFFDBF9EF
3EB4 6655655666555556 (SCROLLING_MANA_TI):00560             FCB $66,$55,$65,$56,$66,$55,$55,$56,$66,$55,$66,$55,$56,$55,$76,$66,$56,$67,$76,$FF,$56,$F6,$66,$FF,$56,$F6,$FF,$66,$56,$66,$FF,$66
     6655665556557666
     566776FF56F666FF
     56F6FF665666FF66
3ED4 7355553355577353 (SCROLLING_MANA_TI):00561             FCB $73,$55,$55,$33,$55,$57,$73,$53,$35,$73,$55,$55,$35,$35,$53,$77,$33,$55,$55,$53,$55,$55,$33,$55,$35,$33,$53,$35,$55,$53,$35,$55
     3573555535355377
     3355555355553355
     3533533555533555
3EF4 5573533557355557 (SCROLLING_MANA_TI):00562             FCB $55,$73,$53,$35,$57,$35,$55,$57,$57,$35,$55,$5B,$53,$55,$33,$77,$75,$53,$33,$5B,$35,$55,$55,$33,$55,$33,$55,$5B,$55,$35,$55,$55
     5735555B53553377
     7553335B35555533
     5533555B55355555
3F14 7AAFFFBFABE99EFA (SCROLLING_MANA_TI):00563             FCB $7A,$AF,$FF,$BF,$AB,$E9,$9E,$FA,$BF,$99,$9F,$DD,$FE,$9E,$FF,$FF,$FE,$EE,$E7,$BA,$FE,$9E,$7D,$D7,$DF,$AA,$AB,$DD,$DA,$B7,$7B,$B7
     BF999FDDFE9EFFFF
     FEEEE7BAFE9E7DD7
     DFAAABDDDAB77BB7
3F34 F02004009FFF0004 (SCROLLING_MANA_TI):00564             FCB $F0,$20,$04,$00,$9F,$FF,$00,$04,$EB,$F9,$9F,$02,$B7,$7E,$99,$F0,$AA,$B7,$99,$EF,$B7,$DD,$FE,$EF,$7B,$AA,$AF,$ED,$B7,$B7,$BA,$FD
     EBF99F02B77E99F0
     AAB799EFB7DDFEEF
     7BAAAFEDB7B7BAFD
3F54 5677777B6667BB77 (SCROLLING_MANA_TI):00565             FCB $56,$77,$77,$7B,$66,$67,$BB,$77,$33,$77,$7B,$7B,$32,$0A,$77,$77,$12,$16,$B7,$B7,$61,$61,$12,$BB,$56,$12,$00,$2B,$56,$61,$20,$11
     33777B7B320A7777
     1216B7B7616112BB
     5612002B56612011
3F74 77715221B7B12001 (SCROLLING_MANA_TI):00566             FCB $77,$71,$52,$21,$B7,$B1,$20,$01,$BB,$75,$13,$02,$7B,$77,$53,$31,$B2,$25,$21,$32,$B2,$15,$12,$14,$75,$11,$20,$14,$05,$33,$00,$44
     BB7513027B775331
     B2252132B2151214
     7511201405330044
3F94 377B7BAA633AB77A (SCROLLING_MANA_TI):00567             FCB $37,$7B,$7B,$AA,$63,$3A,$B7,$7A,$66,$63,$BB,$77,$33,$63,$AA,$AB,$83,$66,$3B,$AA,$88,$66,$37,$7B,$88,$36,$63,$BB,$88,$33,$63,$BA
     6663BB773363AAAB
     83663BAA8866377B
     883663BB883363BA
3FB4 339E555E3F997AF9 (SCROLLING_MANA_TI):00568             FCB $33,$9E,$55,$5E,$3F,$99,$7A,$F9,$F9,$9E,$FB,$AD,$FF,$9E,$7D,$BD,$FF,$FF,$B7,$7A,$DE,$FD,$D7,$7B,$DF,$F7,$BB,$77,$DD,$77,$7B,$77
     F99EFBADFF9E7DBD
     FFFFB77ADEFDD77B
     DFF7BB77DD777B77
3FD4 9EFDD7BA9FBAA777 (SCROLLING_MANA_TI):00569             FCB $9E,$FD,$D7,$BA,$9F,$BA,$A7,$77,$FD,$D7,$BA,$7B,$AA,$B7,$7B,$7B,$B7,$77,$77,$BB,$7F,$FD,$77,$77,$7D,$D7,$BB,$7B,$77,$7B,$B7,$77
     FDD7BA7BAAB77B7B
     B77777BB7FFD7777
     7DD7BB7B777BB777
3FF4 AB7DDFE9777AABF9 (SCROLLING_MANA_TI):00570             FCB $AB,$7D,$DF,$E9,$77,$7A,$AB,$F9,$B7,$AB,$7D,$DF,$B7,$B7,$7B,$AA,$BB,$77,$77,$7B,$77,$77,$DF,$F7,$B7,$BB,$7D,$D7,$77,$7B,$B7,$77
     B7AB7DDFB7B77BAA
     BB77777B7777DFF7
     B7BB7DD7777BB777
4014 E555E9339FA799F3 (SCROLLING_MANA_TI):00571             FCB $E5,$55,$E9,$33,$9F,$A7,$99,$F3,$DA,$BF,$E9,$9F,$DB,$D7,$E9,$FF,$A7,$7B,$FF,$FF,$B7,$7D,$DF,$ED,$77,$BB,$7F,$FD,$77,$B7,$77,$DD
     DABFE99FDBD7E9FF
     A77BFFFFB77DDFED
     77BB7FFD77B777DD
4034 6666666F6666556F (SCROLLING_MANA_TI):00572             FCB $66,$66,$66,$6F,$66,$66,$55,$6F,$66,$66,$65,$DB,$66,$66,$F5,$77,$F6,$66,$FF,$7B,$FF,$B6,$FF,$FD,$FF,$DB,$BD,$DD,$DD,$DB,$D7,$77
     666665DB6666F577
     F666FF7BFFB6FFFD
     FFDBBDDDDDDBD777
4054 557B75AAFDBABD7A (SCROLLING_MANA_TI):00573             FCB $55,$7B,$75,$AA,$FD,$BA,$BD,$7A,$5D,$D7,$BD,$77,$BD,$BB,$AA,$AB,$AB,$77,$7B,$AA,$7A,$B7,$77,$7B,$77,$B7,$AA,$BB,$77,$7A,$AB,$BA
     5DD7BD77BDBBAAAB
     AB777BAA7AB7777B
     77B7AABB777AABBA
4074 F99DDE9FEFFFFFEF (SCROLLING_MANA_TI):00574             FCB $F9,$9D,$DE,$9F,$EF,$FF,$FF,$EF,$FB,$79,$9F,$F6,$B7,$F9,$9E,$F6,$B7,$DF,$EE,$F6,$7B,$B7,$DF,$FD,$BD,$FE,$9D,$D5,$7D,$DD,$EF,$D5
     FB799FF6B7F99EF6
     B7DFEEF67BB7DFFD
     BDFE9DD57DDDEFD5
4094 7355535575555535 (SCROLLING_MANA_TI):00575             FCB $73,$55,$53,$55,$75,$55,$55,$35,$35,$53,$77,$55,$55,$55,$53,$33,$5B,$BB,$3B,$83,$BB,$B3,$38,$83,$53,$B3,$35,$33,$35,$33,$33,$BB
     3553775555555333
     5BBB3B83BBB33883
     53B33533353333BB
40B4 5573557355355577 (SCROLLING_MANA_TI):00576             FCB $55,$73,$55,$73,$55,$35,$55,$77,$3B,$BB,$35,$75,$B3,$BB,$55,$37,$33,$35,$55,$77,$BB,$35,$53,$3B,$8B,$3B,$55,$5B,$33,$3B,$B3,$5B
     3BBB3575B3BB5537
     33355577BB35533B
     8B3B555B333BB35B
40D4 DEEBB7DDF977DDDB (SCROLLING_MANA_TI):00577             FCB $DE,$EB,$B7,$DD,$F9,$77,$DD,$DB,$F9,$9F,$FE,$FB,$FE,$EE,$99,$EF,$DE,$FE,$99,$EF,$DF,$FE,$EE,$EE,$DF,$FE,$FF,$EE,$DF,$DF,$DE,$9E
     F99FFEFBFEEE99EF
     DEFE99EFDFFEEEEE
     DFFEFFEEDFDFDE9E
40F4 B7BB77B7DBAAB7BB (SCROLLING_MANA_TI):00578             FCB $B7,$BB,$77,$B7,$DB,$AA,$B7,$BB,$DD,$D7,$B7,$BB,$FF,$DB,$B7,$7B,$EE,$FD,$77,$7B,$EF,$7B,$AA,$77,$F7,$B7,$7B,$B7,$FD,$DD,$77,$7B
     DDD7B7BBFFDBB77B
     EEFD777BEF7BAA77
     F7B77BB7FDDD777B
4114 5553555555333535 (SCROLLING_MANA_TI):00579             FCB $55,$53,$55,$55,$55,$33,$35,$35,$55,$33,$55,$11,$56,$55,$53,$21,$66,$55,$35,$55,$66,$65,$55,$55,$66,$56,$55,$55,$55,$66,$56,$55
     5533551156555321
     6655355566655555
     6656555555665655
4134 5215555551552155 (SCROLLING_MANA_TI):00580             FCB $52,$15,$55,$55,$51,$55,$21,$55,$55,$22,$11,$52,$11,$22,$12,$10,$11,$31,$20,$20,$23,$11,$12,$22,$55,$21,$51,$20,$65,$55,$52,$22
     5522115211221210
     1131202023111222
     5521512065555222
4154 B7BB77BF7BAAB7F9 (SCROLLING_MANA_TI):00581             FCB $B7,$BB,$77,$BF,$7B,$AA,$B7,$F9,$B7,$7F,$FF,$9E,$BB,$F9,$9E,$EE,$BB,$FE,$AA,$EF,$7F,$EF,$DB,$A7,$F9,$9E,$FD,$B7,$F9,$9E,$FA,$AB
     B77FFF9EBBF99EEE
     BBFEAAEF7FEFDBA7
     F99EFDB7F99EFAAB
4174 FBBB7BAAEFFFF777 (SCROLLING_MANA_TI):00582             FCB $FB,$BB,$7B,$AA,$EF,$FF,$F7,$77,$FB,$79,$9F,$B7,$B7,$F9,$9E,$F7,$B7,$DF,$EE,$F7,$7B,$B7,$DF,$FD,$BD,$FE,$9D,$D5,$7D,$DD,$EF,$D5
     FB799FB7B7F99EF7
     B7DFEEF77BB7DFFD
     BDFE9DD57DDDEFD5
4194 1221888C201213C1 (SCROLLING_MANA_TI):00583             FCB $12,$21,$88,$8C,$20,$12,$13,$C1,$02,$20,$23,$32,$04,$11,$20,$42,$44,$02,$04,$00,$00,$22,$44,$40,$44,$02,$22,$44,$44,$00,$02,$44
     0220233204112042
     4402040000224440
     4402224444000244
41B4 2118C11204011302 (SCROLLING_MANA_TI):00584             FCB $21,$18,$C1,$12,$04,$01,$13,$02,$24,$40,$10,$44,$20,$24,$40,$44,$22,$44,$04,$02,$02,$44,$24,$43,$00,$02,$24,$43,$04,$40,$22,$04
     2440104420244044
     2244040202442443
     0002244304402204
41D4 212C888812033C88 (SCROLLING_MANA_TI):00585             FCB $21,$2C,$88,$88,$12,$03,$3C,$88,$21,$53,$33,$C8,$00,$13,$32,$08,$20,$01,$13,$03,$31,$12,$13,$33,$11,$20,$11,$15,$21,$12,$12,$35
     215333C800133208
     2001130331121333
     1120111521121235
41F4 8333633B83366637 (SCROLLING_MANA_TI):00586             FCB $83,$33,$63,$3B,$83,$36,$66,$37,$88,$36,$66,$66,$88,$33,$36,$37,$83,$33,$33,$77,$66,$33,$73,$3B,$66,$33,$37,$77,$53,$37,$33,$77
     8836666688333637
     833333776633733B
     6633377753373377
4214 565566675656666B (SCROLLING_MANA_TI):00587             FCB $56,$55,$66,$67,$56,$56,$66,$6B,$66,$66,$66,$BB,$66,$66,$66,$7B,$66,$66,$77,$7B,$55,$67,$AA,$77,$56,$67,$7B,$B7,$66,$67,$BA,$AB
     666666BB6666667B
     6666777B5567AA77
     56677BB76667BAAB
4234 F5531322EFFFF312 (SCROLLING_MANA_TI):00588             FCB $F5,$53,$13,$22,$EF,$FF,$F3,$12,$FB,$79,$9F,$13,$B7,$F9,$9E,$F2,$B7,$DF,$EE,$F2,$7B,$B7,$DF,$FD,$BD,$FE,$9D,$D5,$7D,$DD,$EF,$D5
     FB799F13B7F99EF2
     B7DFEEF27BB7DFFD
     BDFE9DD57DDDEFD5
4254 5513331355113233 (SCROLLING_MANA_TI):00589             FCB $55,$13,$33,$13,$55,$11,$32,$33,$55,$15,$51,$13,$55,$55,$55,$11,$65,$55,$35,$25,$65,$53,$35,$55,$66,$85,$53,$35,$66,$65,$93,$35
     5515511355555511
     6555352565533555
     6685533566659335
4274 73777B77755777B7 (SCROLLING_MANA_TI):00590             FCB $73,$77,$7B,$77,$75,$57,$77,$B7,$35,$5B,$AA,$77,$55,$55,$7A,$AB,$53,$37,$7B,$A7,$33,$77,$77,$B7,$55,$3B,$AA,$77,$35,$57,$BB,$A7
     355BAA7755557AAB
     53377BA7337777B7
     553BAA773557BBA7
4294 21277ABB120337A7 (SCROLLING_MANA_TI):00591             FCB $21,$27,$7A,$BB,$12,$03,$37,$A7,$21,$53,$33,$77,$00,$13,$32,$0B,$20,$01,$13,$03,$31,$12,$13,$33,$11,$20,$11,$15,$21,$12,$12,$35
     215333770013320B
     2001130331121333
     1120111521121235
42B4 78AB77AB7B8A7B88 (SCROLLING_MANA_TI):00592             FCB $78,$AB,$77,$AB,$7B,$8A,$7B,$88,$BA,$B8,$BB,$88,$8A,$A8,$88,$88,$88,$A8,$78,$88,$66,$B7,$78,$88,$66,$77,$AA,$B8,$5B,$8A,$B7,$77
     BAB8BB888AA88888
     88A8788866B77888
     6677AAB85B8AB777
42D4 F656655D9FFF6555 (SCROLLING_MANA_TI):00593             FCB $F6,$56,$65,$5D,$9F,$FF,$65,$55,$EB,$F9,$9F,$85,$B7,$7E,$99,$F8,$AA,$B7,$99,$EF,$B7,$DD,$FE,$EF,$7B,$AA,$AF,$ED,$B7,$B7,$BA,$FD
     EBF99F85B77E99F8
     AAB799EFB7DDFEEF
     7BAAAFEDB7B7BAFD
42F4 73BB33B85BBBBB35 (SCROLLING_MANA_TI):00594             FCB $73,$BB,$33,$B8,$5B,$BB,$BB,$35,$3B,$BB,$B5,$55,$3B,$55,$55,$77,$33,$53,$35,$53,$55,$55,$33,$55,$35,$33,$53,$35,$55,$53,$35,$55
     3BBBB5553B555577
     3353355355553355
     3533533555533555
4314 33BBB3365BBBB3B0 (SCROLLING_MANA_TI):00595             FCB $33,$BB,$B3,$36,$5B,$BB,$B3,$B0,$55,$33,$B3,$B2,$5B,$BB,$33,$15,$55,$BB,$3B,$5B,$35,$55,$BB,$63,$55,$35,$BB,$6B,$55,$35,$56,$55
     5533B3B25BBB3315
     55BB3B5B3555BB63
     5535BB6B55355655
4334 DFDDE99EDDDFEEE7 (SCROLLING_MANA_TI):00596             FCB $DF,$DD,$E9,$9E,$DD,$DF,$EE,$E7,$6D,$5F,$EF,$EF,$6D,$5F,$FE,$99,$6D,$5D,$F9,$9E,$66,$5D,$FE,$EE,$66,$55,$DE,$FD,$D6,$55,$DF,$DD
     6D5FEFEF6D5FFE99
     6D5DF99E665DFEEE
     6655DEFDD655DFDD
4354 7AAB77AAB77AB77A (SCROLLING_MANA_TI):00597             FCB $7A,$AB,$77,$AA,$B7,$7A,$B7,$7A,$DD,$AB,$77,$77,$F7,$B7,$AA,$AB,$9F,$FF,$77,$BA,$99,$EE,$EF,$7B,$99,$9E,$9E,$FB,$99,$EF,$EF,$FE
     DDAB7777F7B7AAAB
     9FFF77BA99EEEF7B
     999E9EFB99EFEFFE
4374 5566666565556655 (SCROLLING_MANA_TI):00598             FCB $55,$66,$66,$65,$65,$55,$66,$55,$65,$55,$66,$65,$66,$65,$55,$65,$56,$55,$55,$55,$65,$55,$55,$56,$66,$56,$55,$66,$56,$66,$65,$66
     6555666566655565
     5655555565555556
     6656556656666566
4394 1656502355116313 (SCROLLING_MANA_TI):00599             FCB $16,$56,$50,$23,$55,$11,$63,$13,$55,$21,$33,$15,$55,$53,$31,$11,$55,$55,$11,$51,$55,$55,$55,$52,$65,$55,$55,$51,$55,$55,$55,$55
     5521331555533111
     5555115155555552
     6555555155555555
43B4 777FFF7FB7E99EFA (SCROLLING_MANA_TI):00600             FCB $77,$7F,$FF,$7F,$B7,$E9,$9E,$FA,$BF,$99,$9F,$DD,$FE,$9E,$FF,$FF,$FE,$EE,$E7,$BA,$FE,$9E,$7D,$D7,$DF,$AA,$AB,$DD,$DA,$B7,$7B,$B7
     BF999FDDFE9EFFFF
     FEEEE7BAFE9E7DD7
     DFAAABDDDAB77BB7
43D4 FB77777B9FFFBB77 (SCROLLING_MANA_TI):00601             FCB $FB,$77,$77,$7B,$9F,$FF,$BB,$77,$EB,$F9,$9F,$7B,$B7,$7E,$99,$F7,$AA,$B7,$99,$EF,$B7,$DD,$FE,$EF,$7B,$AA,$AF,$ED,$B7,$B7,$BA,$FD
     EBF99F7BB77E99F7
     AAB799EFB7DDFEEF
     7BAAAFEDB7B7BAFD
43F4 5633737A6667777A (SCROLLING_MANA_TI):00602             FCB $56,$33,$73,$7A,$66,$67,$77,$7A,$33,$7B,$7B,$77,$32,$0B,$B7,$7B,$12,$16,$77,$BB,$61,$61,$12,$77,$56,$12,$00,$27,$56,$61,$20,$11
     337B7B77320BB77B
     121677BB61611277
     5612002756612011
4414 7AAB7555AB7DD555 (SCROLLING_MANA_TI):00603             FCB $7A,$AB,$75,$55,$AB,$7D,$D5,$55,$B7,$7D,$B5,$B5,$7B,$B7,$77,$DF,$B7,$DB,$FD,$F9,$BB,$BD,$FE,$FE,$DD,$BB,$E9,$9F,$AE,$E7,$99,$9F
     B77DB5B57BB777DF
     B7DBFDF9BBBDFEFE
     DDBBE99FAEE7999F
4434 5551355565555555 (SCROLLING_MANA_TI):00604             FCB $55,$51,$35,$55,$65,$55,$55,$55,$66,$65,$55,$52,$56,$59,$56,$55,$55,$E9,$56,$65,$E9,$F5,$55,$55,$EF,$F5,$5F,$55,$DD,$66,$FF,$65
     6665555256595655
     55E95665E9F55555
     EFF55F55DD66FF65
4454 5566666666655666 (SCROLLING_MANA_TI):00605             FCB $55,$66,$66,$66,$66,$65,$56,$66,$66,$66,$66,$6A,$65,$66,$66,$67,$66,$66,$66,$AA,$66,$6B,$77,$BB,$66,$6B,$B7,$77,$7A,$BB,$77,$77
     6666666A65666667
     666666AA666B77BB
     666BB7777ABB7777
4474 667B7BAA77AAB77A (SCROLLING_MANA_TI):00606             FCB $66,$7B,$7B,$AA,$77,$AA,$B7,$7A,$B7,$7B,$BB,$77,$B7,$BA,$AA,$AB,$AB,$77,$7B,$AA,$7A,$B7,$77,$7B,$77,$B7,$AA,$BB,$77,$7A,$AB,$BA
     B77BBB77B7BAAAAB
     AB777BAA7AB7777B
     77B7AABB777AABBA
4494 F44002029FFF0012 (SCROLLING_MANA_TI):00607             FCB $F4,$40,$02,$02,$9F,$FF,$00,$12,$EB,$F9,$9F,$25,$B7,$7E,$99,$F1,$AA,$B7,$99,$EF,$B7,$DD,$FE,$EF,$7B,$AA,$AF,$ED,$B7,$B7,$BA,$FD
     EBF99F25B77E99F1
     AAB799EFB7DDFEEF
     7BAAAFEDB7B7BAFD
44B4 5568955558B88555 (SCROLLING_MANA_TI):00608             FCB $55,$68,$95,$55,$58,$B8,$85,$55,$BB,$55,$85,$B5,$7B,$58,$5B,$73,$97,$57,$37,$AB,$99,$88,$3A,$B7,$B9,$99,$8A,$77,$88,$88,$AB,$77
     BB5585B57B585B73
     975737AB99883AB7
     B9998A778888AB77
44D4 5551355565555555 (SCROLLING_MANA_TI):00609             FCB $55,$51,$35,$55,$65,$55,$55,$55,$66,$65,$55,$52,$56,$53,$56,$55,$55,$77,$56,$65,$7B,$75,$55,$55,$77,$75,$57,$55,$BA,$B7,$7B,$A5
     6665555256535655
     557756657B755555
     77755755BAB77BA5
44F4 735777BB555AAB7B (SCROLLING_MANA_TI):00610             FCB $73,$57,$77,$BB,$55,$5A,$AB,$7B,$35,$AB,$77,$77,$35,$37,$7B,$AA,$33,$55,$77,$7B,$55,$57,$BB,$77,$35,$3B,$7B,$B7,$55,$7B,$B7,$77
     35AB777735377BAA
     3355777B5557BB77
     353B7BB7557BB777
4514 5699889966698889 (SCROLLING_MANA_TI):00611             FCB $56,$99,$88,$99,$66,$69,$88,$89,$33,$89,$99,$89,$32,$09,$99,$99,$12,$16,$99,$99,$61,$61,$12,$99,$56,$12,$00,$28,$56,$61,$20,$11
     3389998932099999
     1216999961611299
     5612002856612011
4534 5537555553555355 (SCROLLING_MANA_TI):00612             FCB $55,$37,$55,$55,$53,$55,$53,$55,$55,$55,$33,$58,$35,$53,$55,$88,$35,$58,$88,$88,$55,$58,$88,$88,$53,$35,$55,$88,$55,$35,$55,$58
     5555335835535588
     3558888855588888
     5335558855355558
4554 8353335385555533 (SCROLLING_MANA_TI):00613             FCB $83,$53,$33,$53,$85,$55,$55,$33,$85,$55,$53,$53,$88,$55,$55,$55,$85,$55,$55,$55,$88,$85,$55,$55,$88,$55,$55,$53,$88,$55,$55,$55
     8555535388555555
     8555555588855555
     8855555388555555
4574 D665DFD5D6655DD5 (SCROLLING_MANA_TI):00614             FCB $D6,$65,$DF,$D5,$D6,$65,$5D,$D5,$D6,$55,$5D,$D5,$66,$55,$55,$D6,$68,$85,$55,$66,$88,$86,$55,$56,$C8,$88,$55,$56,$88,$BB,$DD,$56
     D6555DD5665555D6
     6885556688865556
     C888555688BBDD56
4594 FEFFEE99FFFDDF99 (SCROLLING_MANA_TI):00615             FCB $FE,$FF,$EE,$99,$FF,$FD,$DF,$99,$DF,$DD,$6F,$EF,$5F,$D6,$6D,$FF,$5D,$D6,$5D,$FF,$55,$D6,$55,$DD,$65,$66,$55,$D6,$65,$56,$55,$D6
     DFDD6FEF5FD66DFF
     5DD65DFF55D655DD
     656655D6655655D6
45B4 F7B77BB7E77FE7DB (SCROLLING_MANA_TI):00616             FCB $F7,$B7,$7B,$B7,$E7,$7F,$E7,$DB,$9E,$EE,$99,$FB,$99,$9F,$EF,$DD,$E9,$EF,$EF,$DD,$FE,$FF,$FD,$DD,$DF,$DF,$FD,$D7,$DD,$DF,$FE,$E7
     9EEE99FB999FEFDD
     E9EFEFDDFEFFFDDD
     DFDFFDD7DDDFFEE7
45D4 BB7BAEEDBD7D799E (SCROLLING_MANA_TI):00617             FCB $BB,$7B,$AE,$ED,$BD,$7D,$79,$9E,$D7,$BD,$E9,$9E,$7B,$AF,$E9,$EF,$DA,$7F,$DE,$FD,$DB,$5D,$DF,$FD,$77,$75,$5D,$F5,$BA,$77,$5D,$F5
     D7BDE99E7BAFE9EF
     DA7FDEFDDB5DDFFD
     77755DF5BA775DF5
45F4 9ED7B77B99EDA7B7 (SCROLLING_MANA_TI):00618             FCB $9E,$D7,$B7,$7B,$99,$ED,$A7,$B7,$E9,$ED,$DA,$BD,$DF,$DD,$D7,$BD,$DF,$DD,$E9,$9F,$FE,$FF,$F9,$99,$CE,$9E,$FF,$E9,$C9,$99,$F5,$FF
     E9EDDABDDFDDD7BD
     DFDDE99FFEFFF999
     CE9EFFE9C999F5FF
4614 77BBDFE9DBB7BF99 (SCROLLING_MANA_TI):00619             FCB $77,$BB,$DF,$E9,$DB,$B7,$BF,$99,$DA,$7D,$DB,$E9,$FB,$DF,$E9,$9E,$E7,$FE,$99,$9F,$E9,$9E,$99,$EF,$99,$9F,$FE,$EF,$E9,$FD,$DF,$FD
     DA7DDBE9FBDFE99E
     E7FE999FE99E99EF
     999FFEEFE9FDDFFD
4634 5666666556666665 (SCROLLING_MANA_TI):00620             FCB $56,$66,$66,$65,$56,$66,$66,$65,$56,$56,$66,$65,$56,$55,$66,$66,$56,$55,$66,$62,$55,$56,$66,$60,$55,$56,$66,$40,$55,$56,$66,$40
     5656666556556666
     5655666255566660
     5556664055566640
4654 55BA7777535B777B (SCROLLING_MANA_TI):00621             FCB $55,$BA,$77,$77,$53,$5B,$77,$7B,$55,$5B,$7B,$A7,$35,$55,$77,$BA,$33,$57,$77,$7A,$55,$BB,$AA,$7B,$53,$57,$BA,$A7,$55,$57,$7B,$A7
     555B7BA7355577BA
     3357777A55BBAA7B
     5357BAA755577BA7
4674 53337BAA57355577 (SCROLLING_MANA_TI):00622             FCB $53,$33,$7B,$AA,$57,$35,$55,$77,$55,$55,$33,$37,$53,$53,$55,$35,$33,$55,$55,$55,$55,$55,$55,$55,$55,$57,$35,$33,$55,$73,$53,$55
     5555333753535535
     3355555555555555
     5557353355735355
4694 B777B7B7AB77BB77 (SCROLLING_MANA_TI):00623             FCB $B7,$77,$B7,$B7,$AB,$77,$BB,$77,$7B,$77,$77,$77,$77,$7A,$A7,$B7,$33,$7B,$A7,$7B,$55,$57,$7B,$A7,$55,$7B,$7A,$A7,$55,$77,$77,$77
     7B777777777AA7B7
     337BA77B55577BA7
     557B7AA755777777
46B4 F5655555EFFFF655 (SCROLLING_MANA_TI):00624             FCB $F5,$65,$55,$55,$EF,$FF,$F6,$55,$FB,$79,$9F,$55,$B7,$F9,$9E,$F5,$B7,$DF,$EE,$F6,$7B,$B7,$DF,$FD,$BD,$FE,$9D,$D5,$7D,$DD,$EF,$D5
     FB799F55B7F99EF5
     B7DFEEF67BB7DFFD
     BDFE9DD57DDDEFD5
46D4 53BB7BAA57377777 (SCROLLING_MANA_TI):00625             FCB $53,$BB,$7B,$AA,$57,$37,$77,$77,$55,$57,$BB,$B7,$53,$53,$77,$B7,$33,$57,$77,$77,$55,$77,$77,$77,$55,$5A,$B7,$BB,$55,$7B,$7B,$77
     5557BBB7535377B7
     3357777755777777
     555AB7BB557B7B77
46F4 1221899920121391 (SCROLLING_MANA_TI):00626             FCB $12,$21,$89,$99,$20,$12,$13,$91,$02,$20,$23,$32,$04,$11,$20,$42,$44,$02,$04,$00,$00,$22,$44,$40,$44,$02,$22,$44,$44,$00,$02,$44
     0220233204112042
     4402040000224440
     4402224444000244
4714 2119911204011302 (SCROLLING_MANA_TI):00627             FCB $21,$19,$91,$12,$04,$01,$13,$02,$24,$40,$10,$44,$20,$24,$40,$44,$22,$44,$04,$02,$02,$44,$24,$43,$00,$02,$24,$43,$04,$40,$22,$04
     2440104420244044
     2244040202442443
     0002244304402204
4734 2129899912033998 (SCROLLING_MANA_TI):00628             FCB $21,$29,$89,$99,$12,$03,$39,$98,$21,$53,$33,$98,$00,$13,$32,$09,$20,$01,$13,$03,$31,$12,$13,$33,$11,$20,$11,$15,$21,$12,$12,$35
     2153339800133209
     2001130331121333
     1120111521121235
4754 8999988888999998 (SCROLLING_MANA_TI):00629             FCB $89,$99,$98,$88,$88,$99,$99,$98,$98,$88,$99,$99,$99,$99,$99,$98,$99,$99,$98,$88,$66,$99,$99,$99,$66,$99,$98,$99,$59,$99,$99,$88
     9888999999999998
     9999988866999999
     6699989959999988
4774 5553555573575535 (SCROLLING_MANA_TI):00630             FCB $55,$53,$55,$55,$73,$57,$55,$35,$35,$55,$35,$53,$55,$55,$55,$53,$55,$57,$75,$55,$35,$55,$77,$55,$35,$55,$33,$35,$35,$55,$55,$73
     3555355355555553
     5557755535557755
     3555333535555573
4794 8556565785565555 (SCROLLING_MANA_TI):00631             FCB $85,$56,$56,$57,$85,$56,$55,$55,$55,$56,$55,$55,$55,$55,$35,$53,$35,$35,$55,$33,$35,$57,$73,$55,$55,$73,$55,$55,$55,$35,$55,$33
     5556555555553553
     3535553335577355
     5573555555355533
47B4 F77BDFD69997FFD6 (SCROLLING_MANA_TI):00632             FCB $F7,$7B,$DF,$D6,$99,$97,$FF,$D6,$FF,$99,$DD,$DD,$DD,$FD,$DD,$FD,$D5,$DD,$DD,$DD,$D5,$DF,$6D,$D6,$F5,$FF,$6D,$D6,$FD,$FF,$56,$D6
     FF99DDDDDDFDDDFD
     D5DDDDDDD5DF6DD6
     F5FF6DD6FDFF56D6
47D4 6586556665885556 (SCROLLING_MANA_TI):00633             FCB $65,$86,$55,$66,$65,$88,$55,$56,$65,$58,$55,$56,$65,$65,$55,$55,$D5,$65,$88,$55,$D6,$D8,$88,$5D,$FD,$D8,$88,$5D,$EF,$DD,$FF,$DD
     6558555665655555
     D5658855D6D8885D
     FDD8885DEFDDFFDD
47F4 5DFF9EEF55FDEF99 (SCROLLING_MANA_TI):00634             FCB $5D,$FF,$9E,$EF,$55,$FD,$EF,$99,$55,$FD,$FF,$E9,$D5,$DD,$FD,$FF,$DD,$DF,$FD,$DD,$DD,$DE,$F7,$FD,$DD,$7A,$B7,$7D,$DF,$B7,$77,$B7
     55FDFFE9D5DDFDFF
     DDDFFDDDDDDEF7FD
     DD7AB77DDFB777B7
4814 B79FDFF57E9DDFD5 (SCROLLING_MANA_TI):00635             FCB $B7,$9F,$DF,$F5,$7E,$9D,$DF,$D5,$EF,$ED,$DD,$55,$DF,$F5,$5D,$55,$DD,$55,$55,$55,$D5,$55,$55,$55,$7D,$5D,$55,$55,$7D,$FF,$D5,$55
     EFEDDD55DFF55D55
     DD555555D5555555
     7D5D55557DFFD555
4834 CC8FFDDF888FEDDF (SCROLLING_MANA_TI):00636             FCB $CC,$8F,$FD,$DF,$88,$8F,$ED,$DF,$8F,$8C,$C5,$FF,$5D,$8C,$85,$FF,$5D,$83,$55,$FD,$5D,$D5,$5D,$FF,$DD,$F5,$5D,$FF,$DF,$FD,$5F,$FD
     8F8CC5FF5D8C85FF
     5D8355FD5DD55DFF
     DDF55DFFDFFD5FFD
4854 FFD5D5DDFD5DD55D (SCROLLING_MANA_TI):00637             FCB $FF,$D5,$D5,$DD,$FD,$5D,$D5,$5D,$D5,$5D,$D5,$55,$D5,$DD,$F5,$55,$DD,$F8,$8D,$55,$DF,$C8,$88,$55,$DF,$CC,$8C,$55,$DB,$7C,$87,$57
     D55DD555D5DDF555
     DDF88D55DFC88855
     DFCC8C55DB7C8757
4874 5566620255660012 (SCROLLING_MANA_TI):00638             FCB $55,$66,$62,$02,$55,$66,$00,$12,$55,$66,$11,$25,$65,$62,$22,$01,$65,$51,$20,$00,$65,$51,$22,$00,$55,$12,$01,$11,$55,$10,$01,$12
     5566112565622201
     6551200065512200
     5512011155100112
4894 577B77B77357BAAB (SCROLLING_MANA_TI):00639             FCB $57,$7B,$77,$B7,$73,$57,$BA,$AB,$35,$7B,$BB,$77,$55,$57,$77,$77,$55,$55,$7A,$B7,$35,$57,$AB,$7A,$35,$57,$A7,$7B,$35,$77,$77,$7B
     357BBB7755577777
     55557AB73557AB7A
     3557A77B3577777B
48B4 5335557735355333 (SCROLLING_MANA_TI):00640             FCB $53,$35,$55,$77,$35,$35,$53,$33,$35,$77,$73,$55,$57,$77,$35,$55,$37,$35,$37,$35,$73,$33,$35,$53,$57,$75,$55,$35,$53,$77,$53,$33
     3577735557773555
     3735373573333553
     5775553553775333
48D4 7355777B55553377 (SCROLLING_MANA_TI):00641             FCB $73,$55,$77,$7B,$55,$55,$33,$77,$55,$55,$53,$5B,$33,$77,$55,$55,$53,$35,$35,$35,$35,$53,$35,$33,$35,$37,$35,$53,$55,$55,$53,$55
     5555535B33775555
     5335353535533533
     3537355355555355
48F4 F66666559FFF5556 (SCROLLING_MANA_TI):00642             FCB $F6,$66,$66,$55,$9F,$FF,$55,$56,$EB,$F9,$9F,$56,$B7,$7E,$99,$F6,$AA,$B7,$99,$EF,$B7,$DD,$FE,$EF,$7B,$AA,$AF,$ED,$B7,$B7,$BA,$FD
     EBF99F56B77E99F6
     AAB799EFB7DDFEEF
     7BAAAFEDB7B7BAFD
4914 533777AA35377BBB (SCROLLING_MANA_TI):00643             FCB $53,$37,$77,$AA,$35,$37,$7B,$BB,$35,$AA,$AB,$77,$57,$7A,$B7,$77,$37,$35,$BA,$B7,$73,$3B,$B7,$7B,$57,$77,$77,$B7,$53,$AA,$7B,$BB
     35AAAB77577AB777
     3735BAB7733BB77B
     577777B753AA7BBB
4934 5689998866688899 (SCROLLING_MANA_TI):00644             FCB $56,$89,$99,$88,$66,$68,$88,$99,$33,$99,$89,$99,$32,$09,$99,$89,$12,$16,$88,$89,$61,$61,$12,$88,$56,$12,$00,$29,$56,$61,$20,$11
     3399899932099989
     1216888961611288
     5612002956612011
4954 FFF55355999F5535 (SCROLLING_MANA_TI):00645             FCB $FF,$F5,$53,$55,$99,$9F,$55,$35,$99,$EA,$FF,$55,$EE,$AF,$9E,$FF,$7A,$BF,$E9,$FE,$7A,$DD,$AA,$E9,$BB,$DA,$BD,$AB,$77,$AB,$DB,$7D
     99EAFF55EEAF9EFF
     7ABFE9FE7ADDAAE9
     BBDABDAB77ABDB7D
4974 55335FFF5535F999 (SCROLLING_MANA_TI):00646             FCB $55,$33,$5F,$FF,$55,$35,$F9,$99,$55,$5F,$E9,$99,$FF,$FF,$E9,$EE,$99,$EB,$A7,$7B,$9E,$FD,$7B,$A7,$BD,$AB,$DA,$A7,$FF,$DA,$77,$77
     555FE999FFFFE9EE
     99EBA77B9EFD7BA7
     BDABDAA7FFDA7777
4994 FDFFF565DDDFF565 (SCROLLING_MANA_TI):00647             FCB $FD,$FF,$F5,$65,$DD,$DF,$F5,$65,$FD,$DF,$75,$65,$7B,$BF,$55,$65,$77,$55,$B7,$65,$77,$7B,$BD,$D7,$BA,$A7,$7D,$BD,$7B,$BA,$75,$DF
     FDDF75657BBF5565
     7755B765777BBDD7
     BAA77DBD7BBA75DF
49B4 EEFFFDD5DEDEFDD5 (SCROLLING_MANA_TI):00648             FCB $EE,$FF,$FD,$D5,$DE,$DE,$FD,$D5,$5F,$DD,$DD,$55,$5D,$D6,$DD,$55,$5D,$D5,$FD,$55,$DF,$D5,$FD,$55,$DF,$DF,$FF,$FC,$FD,$DF,$EE,$9C
     5FDDDD555DD6DD55
     5DD5FD55DFD5FD55
     DFDFFFFCFDDFEE9C
49D4 FEF7AA7AFEEBA77A (SCROLLING_MANA_TI):00649             FCB $FE,$F7,$AA,$7A,$FE,$EB,$A7,$7A,$FF,$EB,$FD,$7B,$FF,$DF,$E9,$E9,$FE,$DF,$ED,$EE,$CC,$8F,$FD,$FE,$CC,$88,$DD,$FF,$C8,$85,$DD,$FD
     FFEBFD7BFFDFE9E9
     FEDFEDEECC8FFDFE
     CC88DDFFC885DDFD
49F4 77DEED5D7EDFED5D (SCROLLING_MANA_TI):00650             FCB $77,$DE,$ED,$5D,$7E,$DF,$ED,$5D,$9E,$ED,$DD,$55,$9E,$ED,$5D,$55,$FE,$F5,$5F,$55,$DF,$D5,$5F,$F8,$5D,$D5,$DF,$DC,$5D,$DD,$FF,$DC
     9EEDDD559EED5D55
     FEF55F55DFD55FF8
     5DD5DFDC5DDDFFDC
4A14 DFFDDFFDDFFFDFDF (SCROLLING_MANA_TI):00651             FCB $DF,$FD,$DF,$FD,$DF,$FF,$DF,$DF,$DF,$EF,$DF,$FD,$D8,$EE,$FF,$FD,$88,$8E,$FF,$DD,$8C,$C8,$7F,$DD,$CC,$88,$7B,$DD,$CC,$33,$38,$FF
     DFEFDFFDD8EEFFFD
     888EFFDD8CC87FDD
     CC887BDDCC3338FF
4A34 B7577AA5D5BBB77B (SCROLLING_MANA_TI):00652             FCB $B7,$57,$7A,$A5,$D5,$BB,$B7,$7B,$DD,$B7,$BB,$D7,$FD,$D7,$DB,$DF,$FE,$FD,$FF,$EF,$FF,$E9,$9E,$FC,$FD,$DE,$EF,$8C,$ED,$DF,$DF,$E3
     DDB7BBD7FDD7DBDF
     FEFDFFEFFFE99EFC
     FDDEEF8CEDDFDFE3
4A54 5555355553533355 (SCROLLING_MANA_TI):00653             FCB $55,$55,$35,$55,$53,$53,$33,$55,$51,$55,$33,$55,$52,$35,$55,$65,$56,$53,$55,$66,$55,$65,$56,$66,$55,$66,$65,$66,$66,$66,$66,$55
     5155335552355565
     5653556655655666
     5566656666666655
4A74 7555DFD575555DD5 (SCROLLING_MANA_TI):00654             FCB $75,$55,$DF,$D5,$75,$55,$5D,$D5,$75,$65,$5D,$D5,$7B,$65,$55,$D6,$77,$66,$55,$66,$77,$76,$65,$66,$BA,$A6,$66,$66,$7B,$BA,$66,$66
     75655DD57B6555D6
     7766556677766566
     BAA666667BBA6666
4A94 5537555553535553 (SCROLLING_MANA_TI):00655             FCB $55,$37,$55,$55,$53,$53,$55,$53,$55,$53,$53,$75,$35,$55,$55,$37,$33,$55,$55,$57,$55,$33,$77,$53,$53,$55,$37,$75,$55,$55,$53,$75
     5553537535555537
     3355555755337753
     5355377555555375
4AB4 3353335333555533 (SCROLLING_MANA_TI):00656             FCB $33,$53,$33,$53,$33,$55,$55,$33,$55,$35,$33,$53,$55,$77,$53,$55,$57,$35,$55,$55,$53,$55,$55,$57,$35,$77,$33,$7B,$37,$35,$77,$77
     5535335355775355
     5735555553555557
     3577337B37357777
4AD4 AB777667A7776DDD (SCROLLING_MANA_TI):00657             FCB $AB,$77,$76,$67,$A7,$77,$6D,$DD,$B7,$7D,$DD,$D6,$77,$76,$DD,$6D,$7B,$B7,$66,$6D,$BB,$66,$77,$D3,$76,$DD,$DA,$77,$66,$D6,$DD,$A7
     B77DDDD67776DD6D
     7BB7666DBB6677D3
     76DDDA7766D6DDA7
4AF4 77AB77AB77B677A7 (SCROLLING_MANA_TI):00658             FCB $77,$AB,$77,$AB,$77,$B6,$77,$A7,$77,$D6,$67,$A7,$B7,$DD,$DD,$B7,$BD,$DD,$77,$77,$75,$BB,$7B,$BB,$35,$77,$A4,$7B,$35,$3A,$4B,$77
     77D667A7B7DDDDB7
     BDDD777775BB7BBB
     3577A47B353A4B77
4B14 9988999999899999 (SCROLLING_MANA_TI):00659             FCB $99,$88,$99,$99,$99,$89,$99,$99,$99,$99,$99,$99,$89,$98,$88,$92,$89,$99,$89,$21,$88,$88,$92,$21,$88,$88,$02,$22,$89,$99,$00,$22
     9999999989988892
     8999892188889221
     8888022289990022
4B34 9898991199811122 (SCROLLING_MANA_TI):00660             FCB $98,$98,$99,$11,$99,$81,$11,$22,$82,$11,$12,$42,$10,$02,$20,$02,$10,$02,$00,$00,$12,$24,$04,$40,$40,$00,$24,$40,$00,$10,$24,$24
     8211124210022002
     1002000012240440
     4000244000102424
4B54 7DFEEECC7FFEF88C (SCROLLING_MANA_TI):00661             FCB $7D,$FE,$EE,$CC,$7F,$FE,$F8,$8C,$B7,$F8,$88,$88,$B7,$88,$CC,$C8,$B7,$8C,$CC,$C8,$7B,$7C,$CC,$88,$77,$B7,$88,$87,$77,$7B,$87,$7A
     B7F88888B788CCC8
     B78CCCC87B7CCC88
     77B78887777B877A
4B74 C58DDDED5D8FDDFD (SCROLLING_MANA_TI):00662             FCB $C5,$8D,$DD,$ED,$5D,$8F,$DD,$FD,$EE,$EF,$DF,$FF,$FE,$ED,$DF,$EF,$FF,$FD,$FF,$EF,$DD,$FD,$FF,$EE,$DD,$FF,$EF,$FE,$FD,$FF,$EF,$FE
     EEEFDFFFFEEDDFEF
     FFFDFFEFDDFDFFEE
     DDFFEFFEFDFFEFFE
4B94 DFDFE9F8FFDE9E98 (SCROLLING_MANA_TI):00663             FCB $DF,$DF,$E9,$F8,$FF,$DE,$9E,$98,$FF,$DF,$EF,$99,$FF,$DF,$FF,$EE,$EF,$DD,$FF,$FE,$ED,$D5,$FF,$DF,$ED,$D5,$DF,$DF,$EF,$D5,$DF,$DF
     FFDFEF99FFDFFFEE
     EFDDFFFEEDD5FFDF
     EDD5DFDFEFD5DFDF
4BB4 833833FE883FFE9D (SCROLLING_MANA_TI):00664             FCB $83,$38,$33,$FE,$88,$3F,$FE,$9D,$E8,$99,$F9,$9D,$E9,$9F,$DF,$ED,$FE,$ED,$5D,$FD,$FE,$FD,$5D,$D5,$DF,$F5,$5D,$55,$DF,$D5,$5D,$55
     E899F99DE99FDFED
     FEED5DFDFEFD5DD5
     DFF55D55DFD55D55
4BD4 EFDDDDEFFF5D5FEE (SCROLLING_MANA_TI):00665             FCB $EF,$DD,$DD,$EF,$FF,$5D,$5F,$EE,$DF,$5D,$5F,$EF,$5D,$55,$5D,$FD,$55,$55,$55,$DD,$55,$55,$55,$DD,$55,$55,$55,$DD,$55,$5D,$55,$DD
     DF5D5FEF5D555DFD
     555555DD555555DD
     555555DD555D55DD
4BF4 6666665566665556 (SCROLLING_MANA_TI):00666             FCB $66,$66,$66,$55,$66,$66,$55,$56,$66,$66,$55,$56,$66,$55,$56,$66,$66,$55,$55,$65,$66,$55,$55,$56,$66,$55,$65,$66,$66,$55,$66,$65
     6666555666555666
     6655556566555556
     6655656666556665
4C14 777BB666B7BBAA66 (SCROLLING_MANA_TI):00667             FCB $77,$7B,$B6,$66,$B7,$BB,$AA,$66,$BB,$77,$7B,$66,$7B,$77,$77,$76,$B7,$77,$BB,$A6,$B7,$BB,$77,$6D,$77,$7B,$B7,$6D,$7A,$BB,$77,$6D
     BB777B667B777776
     B777BBA6B7BB776D
     777BB76D7ABB776D
4C34 5773553573553773 (SCROLLING_MANA_TI):00668             FCB $57,$73,$55,$35,$73,$55,$37,$73,$35,$53,$33,$55,$55,$55,$55,$55,$55,$55,$57,$35,$35,$55,$73,$5A,$35,$55,$75,$7B,$35,$55,$77,$7B
     3553335555555555
     555557353555735A
     3555757B3555777B
4C54 53557BAA377AB7BA (SCROLLING_MANA_TI):00669             FCB $53,$55,$7B,$AA,$37,$7A,$B7,$BA,$73,$37,$7B,$77,$57,$AA,$B7,$7B,$AA,$B7,$77,$BB,$B7,$7A,$AB,$77,$B7,$AB,$77,$77,$77,$B7,$77,$BB
     73377B7757AAB77B
     AAB777BBB77AAB77
     B7AB777777B777BB
4C74 ADD6DBA5766DA5BA (SCROLLING_MANA_TI):00670             FCB $AD,$D6,$DB,$A5,$76,$6D,$A5,$BA,$B7,$AB,$77,$5B,$B7,$B7,$33,$53,$BB,$4B,$B3,$55,$74,$AA,$BB,$35,$B6,$45,$55,$B7,$77,$7B,$B7,$77
     B7AB775BB7B73353
     BB4BB35574AABB35
     B64555B7777BB777
4C94 35B66DD755D66677 (SCROLLING_MANA_TI):00671             FCB $35,$B6,$6D,$D7,$55,$D6,$66,$77,$5B,$DD,$DD,$DB,$B3,$5D,$6B,$77,$35,$55,$D6,$7B,$3B,$AA,$B7,$BB,$55,$34,$A4,$7B,$77,$55,$66,$47
     5BDDDDDBB35D6B77
     3555D67B3BAAB7BB
     5534A47B77556647
4CB4 9991522199812001 (SCROLLING_MANA_TI):00672             FCB $99,$91,$52,$21,$99,$81,$20,$01,$88,$85,$13,$02,$99,$88,$53,$31,$92,$25,$21,$32,$82,$15,$12,$14,$85,$11,$20,$14,$05,$33,$00,$44
     8885130299885331
     9225213282151214
     8511201405330044
4CD4 6F655656DFF65665 (SCROLLING_MANA_TI):00673             FCB $6F,$65,$56,$56,$DF,$F6,$56,$65,$DD,$66,$66,$66,$FD,$66,$66,$F6,$8D,$56,$66,$FF,$CD,$55,$66,$DF,$CE,$55,$66,$7D,$CC,$55,$57,$DD
     DD666666FD6666F6
     8D5666FFCD5566DF
     CE55667DCC5557DD
4CF4 6666DD786F8877BB (SCROLLING_MANA_TI):00674             FCB $66,$66,$DD,$78,$6F,$88,$77,$BB,$6F,$F8,$C8,$7B,$66,$FF,$CC,$87,$FD,$FF,$88,$77,$FD,$DF,$FB,$B7,$BD,$D7,$BB,$7B,$BB,$77,$AA,$A7
     6FF8C87B66FFCC87
     FDFF8877FDDFFBB7
     BDD7BB7BBB77AAA7
4D14 FFFFFDFEEFEFDDFF (SCROLLING_MANA_TI):00675             FCB $FF,$FF,$FD,$FE,$EF,$EF,$DD,$FF,$EE,$CE,$DD,$FE,$EC,$EE,$DF,$EE,$CC,$EC,$8E,$EE,$CC,$CC,$CE,$EE,$CC,$C8,$8E,$EE,$C8,$88,$85,$FE
     EECEDDFEECEEDFEE
     CCEC8EEECCCCCEEE
     CCC88EEEC88885FE
4D34 EFD55DDFEFD55DDF (SCROLLING_MANA_TI):00676             FCB $EF,$D5,$5D,$DF,$EF,$D5,$5D,$DF,$EF,$D5,$5D,$FF,$EE,$D5,$5D,$FF,$FE,$55,$5D,$FF,$FF,$55,$DD,$DF,$ED,$D5,$DD,$DF,$FF,$D5,$D5,$DD
     EFD55DFFEED55DFF
     FE555DFFFF55DDDF
     EDD5DDDFFFD5D5DD
4D54 DDD55D55DFDD5DD5 (SCROLLING_MANA_TI):00677             FCB $DD,$D5,$5D,$55,$DF,$DD,$5D,$D5,$FF,$DD,$DF,$D5,$FF,$FD,$DF,$FD,$FF,$FD,$DD,$FD,$DF,$FD,$DA,$7B,$DD,$FF,$FD,$A7,$DD,$FE,$99,$F7
     FFDDDFD5FFFDDFFD
     FFFDDDFDDFFDDA7B
     DDFFFDA7DDFE99F7
4D74 555D5DDF555DDDDF (SCROLLING_MANA_TI):00678             FCB $55,$5D,$5D,$DF,$55,$5D,$DD,$DF,$55,$DF,$DD,$DF,$75,$DF,$7D,$5D,$B7,$7B,$75,$DD,$BB,$55,$B7,$DD,$AA,$B5,$5D,$DD,$A5,$7B,$DF,$FD
     55DFDDDF75DF7D5D
     B77B75DDBB55B7DD
     AAB55DDDA57BDFFD
4D94 777BB7657777B765 (SCROLLING_MANA_TI):00679             FCB $77,$7B,$B7,$65,$77,$77,$B7,$65,$77,$B7,$7B,$65,$7B,$BB,$77,$76,$77,$77,$B7,$76,$77,$7B,$B7,$77,$BA,$A7,$77,$BB,$7B,$BA,$77,$77
     77B77B657BBB7776
     7777B776777BB777
     BAA777BB7BBA7777
4DB4 EEFFFDD5DEDEFDD5 (SCROLLING_MANA_TI):00680             FCB $EE,$FF,$FD,$D5,$DE,$DE,$FD,$D5,$5F,$DD,$DD,$55,$5D,$D6,$DD,$55,$56,$D5,$6D,$55,$56,$65,$6D,$58,$56,$65,$66,$8C,$55,$65,$6F,$8C
     5FDDDD555DD6DD55
     56D56D5556656D58
     5665668C55656F8C
4DD4 122156D620121361 (SCROLLING_MANA_TI):00681             FCB $12,$21,$56,$D6,$20,$12,$13,$61,$02,$20,$23,$32,$04,$11,$20,$42,$44,$02,$04,$00,$00,$22,$44,$40,$44,$02,$22,$44,$44,$00,$02,$44
     0220233204112042
     4402040000224440
     4402224444000244
4DF4 211FF11204011302 (SCROLLING_MANA_TI):00682             FCB $21,$1F,$F1,$12,$04,$01,$13,$02,$24,$40,$10,$44,$20,$24,$40,$44,$22,$44,$04,$02,$02,$44,$24,$43,$00,$02,$24,$43,$04,$40,$22,$04
     2440104420244044
     2244040202442443
     0002244304402204
4E14 2127899812033389 (SCROLLING_MANA_TI):00683             FCB $21,$27,$89,$98,$12,$03,$33,$89,$21,$53,$33,$33,$00,$13,$32,$03,$20,$01,$13,$03,$31,$12,$13,$33,$11,$20,$11,$15,$21,$12,$12,$35
     2153333300133203
     2001130331121333
     1120111521121235
4E34 8998858899888888 (SCROLLING_MANA_TI):00684             FCB $89,$98,$85,$88,$99,$88,$88,$88,$38,$88,$99,$88,$35,$55,$99,$88,$33,$38,$88,$55,$66,$99,$88,$55,$66,$98,$88,$88,$59,$88,$33,$88
     3888998835559988
     3338885566998855
     6698888859883388
4E54 8D55355388D57535 (SCROLLING_MANA_TI):00685             FCB $8D,$55,$35,$53,$88,$D5,$75,$35,$D8,$D5,$57,$35,$5D,$55,$55,$35,$5D,$55,$D8,$8D,$DD,$DD,$D8,$88,$8D,$8D,$DD,$D8,$88,$88,$D5,$DD
     D8D557355D555535
     5D55D88DDDDDD888
     8D8DDDD88888D5DD
4E74 55335DD853353D89 (SCROLLING_MANA_TI):00686             FCB $55,$33,$5D,$D8,$53,$35,$3D,$89,$57,$55,$53,$D8,$D3,$5D,$D8,$8E,$D5,$DD,$88,$9F,$D8,$8D,$88,$DF,$88,$8D,$DD,$DF,$D8,$D5,$5D,$D5
     575553D8D35DD88E
     D5DD889FD88D88DF
     888DDDDFD8D55DD5
4E94 8353335385555533 (SCROLLING_MANA_TI):00687             FCB $83,$53,$33,$53,$85,$55,$55,$33,$85,$55,$53,$53,$88,$55,$55,$55,$85,$55,$55,$55,$88,$85,$55,$57,$88,$55,$55,$7B,$83,$55,$33,$37
     8555535388555555
     8555555588855557
     8855557B83553337
4EB4 A8888888A7789998 (SCROLLING_MANA_TI):00688             FCB $A8,$88,$88,$88,$A7,$78,$99,$98,$B7,$88,$89,$88,$78,$88,$88,$99,$7A,$AB,$78,$89,$BB,$78,$88,$89,$A7,$7B,$99,$88,$BA,$78,$99,$98
     B788898878888899
     7AAB7889BB788889
     A77B9988BA789998
4ED4 8DDDDDEDDDFFDDFD (SCROLLING_MANA_TI):00689             FCB $8D,$DD,$DD,$ED,$DD,$FF,$DD,$FD,$FE,$ED,$DF,$FF,$FE,$FD,$8F,$E8,$DF,$D8,$CE,$8C,$D7,$FC,$C8,$8C,$7B,$88,$88,$BC,$77,$B8,$8B,$A8
     FEEDDFFFFEFD8FE8
     DFD8CE8CD7FCC88C
     7B8888BC77B88BA8
4EF4 DFDFFFF8FFFEFEE8 (SCROLLING_MANA_TI):00690             FCB $DF,$DF,$FF,$F8,$FF,$FE,$FE,$E8,$FE,$ED,$DE,$9E,$EC,$8D,$DD,$EF,$CC,$87,$DD,$FF,$CC,$8A,$D7,$FD,$C8,$A7,$BB,$B7,$88,$B7,$77,$BB
     FEEDDE9EEC8DDDEF
     CC87DDFFCC8AD7FD
     C8A7BBB788B777BB
4F14 CCDF577788FFF77B (SCROLLING_MANA_TI):00691             FCB $CC,$DF,$57,$77,$88,$FF,$F7,$7B,$85,$8F,$FD,$77,$58,$8D,$DD,$77,$5C,$C5,$DA,$B7,$5C,$C5,$AB,$7A,$58,$B7,$A7,$7B,$77,$B7,$77,$7B
     858FFD77588DDD77
     5CC5DAB75CC5AB7A
     58B7A77B77B7777B
4F34 777BB7D5B7BBADFD (SCROLLING_MANA_TI):00692             FCB $77,$7B,$B7,$D5,$B7,$BB,$AD,$FD,$BB,$77,$FE,$FB,$7B,$7D,$9F,$B7,$B7,$7D,$9F,$F5,$B7,$BD,$FF,$9F,$77,$7D,$FF,$9E,$7A,$BB,$DF,$F5
     BB77FEFB7B7D9FB7
     B77D9FF5B7BDFF9F
     777DFF9E7ABBDFF5
4F54 55655EEDD5655FEF (SCROLLING_MANA_TI):00693             FCB $55,$65,$5E,$ED,$D5,$65,$5F,$EF,$75,$75,$56,$FF,$5B,$B7,$75,$5F,$BB,$7B,$77,$55,$B7,$5B,$B7,$55,$FE,$FB,$F9,$EF,$99,$EB,$99,$EF
     757556FF5BB7755F
     BB7B7755B75BB755
     FEFBF9EF99EB99EF
4F74 5683338866637899 (SCROLLING_MANA_TI):00694             FCB $56,$83,$33,$88,$66,$63,$78,$99,$33,$37,$88,$99,$32,$0B,$39,$98,$12,$16,$B9,$93,$61,$61,$12,$99,$56,$12,$00,$29,$56,$61,$20,$11
     33378899320B3998
     1216B99361611299
     5612002956612011
4F94 CC8FFDDF888FEDDF (SCROLLING_MANA_TI):00695             FCB $CC,$8F,$FD,$DF,$88,$8F,$ED,$DF,$8F,$8C,$C5,$FF,$55,$8C,$85,$FF,$55,$83,$55,$DF,$55,$55,$55,$5D,$65,$55,$55,$5D,$65,$65,$5D,$55
     8F8CC5FF558C85FF
     558355DF5555555D
     6555555D65655D55
4FB4 885DD55D555DD55D (SCROLLING_MANA_TI):00696             FCB $88,$5D,$D5,$5D,$55,$5D,$D5,$5D,$5D,$58,$85,$DD,$55,$58,$55,$DD,$55,$55,$55,$D5,$55,$55,$55,$DD,$55,$D5,$55,$DD,$5D,$D5,$5D,$D5
     5D5885DD555855DD
     555555D5555555DD
     55D555DD5DD55DD5
4FD4 DD555555D555556D (SCROLLING_MANA_TI):00697             FCB $DD,$55,$55,$55,$D5,$55,$55,$6D,$55,$55,$56,$65,$55,$55,$D6,$55,$55,$D5,$55,$65,$5D,$85,$55,$66,$5D,$88,$58,$65,$53,$58,$55,$65
     555556655555D655
     55D555655D855566
     5D88586553585565
4FF4 5553555573575535 (SCROLLING_MANA_TI):00698             FCB $55,$53,$55,$55,$73,$57,$55,$35,$35,$55,$35,$53,$55,$55,$55,$53,$55,$57,$75,$55,$35,$55,$77,$53,$35,$55,$33,$B3,$35,$55,$77,$AB
     3555355355555553
     5557755535557753
     355533B3355577AB
5014 8556367A85563377 (SCROLLING_MANA_TI):00699             FCB $85,$56,$36,$7A,$85,$56,$33,$77,$55,$56,$33,$37,$55,$33,$B7,$3B,$B3,$B7,$77,$BB,$B7,$7A,$AB,$77,$37,$AB,$77,$77,$77,$B7,$77,$BB
     555633375533B73B
     B3B777BBB77AAB77
     37AB777777B777BB
5034 7A8888888B8AAB78 (SCROLLING_MANA_TI):00700             FCB $7A,$88,$88,$88,$8B,$8A,$AB,$78,$87,$AB,$78,$88,$B7,$78,$88,$8A,$77,$88,$88,$88,$7A,$AB,$88,$99,$AB,$79,$78,$89,$77,$88,$88,$99
     87AB7888B778888A
     778888887AAB8899
     AB79788977888899
5054 5FFDDFFD5DFFDFDF (SCROLLING_MANA_TI):00701             FCB $5F,$FD,$DF,$FD,$5D,$FF,$DF,$DF,$5D,$DF,$DF,$FD,$55,$DD,$FF,$FD,$55,$5D,$DF,$DD,$58,$85,$5D,$DD,$88,$55,$53,$5D,$88,$55,$55,$DD
     5DDFDFFD55DDFFFD
     555DDFDD58855DDD
     8855535D885555DD
5074 D99DDE9FDD9FDFEF (SCROLLING_MANA_TI):00702             FCB $D9,$9D,$DE,$9F,$DD,$9F,$DF,$EF,$DD,$DD,$6F,$F6,$DD,$D6,$66,$F6,$5D,$D6,$66,$66,$5D,$66,$66,$66,$56,$65,$66,$65,$66,$65,$56,$66
     DDDD6FF6DDD666F6
     5DD666665D666666
     5665666566655666
5094 66D5DDD556D5DDD5 (SCROLLING_MANA_TI):00703             FCB $66,$D5,$DD,$D5,$56,$D5,$DD,$D5,$56,$DD,$DF,$D5,$55,$DD,$DF,$DD,$55,$8D,$DF,$DD,$58,$88,$7F,$DD,$58,$88,$7B,$DD,$D8,$33,$38,$FF
     56DDDFD555DDDFDD
     558DDFDD58887FDD
     58887BDDD83338FF
50B4 5DD55DD55DDD5D5D (SCROLLING_MANA_TI):00704             FCB $5D,$D5,$5D,$D5,$5D,$DD,$5D,$5D,$5D,$DD,$5D,$D5,$55,$DD,$DD,$D5,$55,$5D,$DD,$55,$58,$85,$5D,$55,$88,$55,$53,$55,$88,$55,$55,$DD
     5DDD5DD555DDDDD5
     555DDD5558855D55
     88555355885555DD
50D4 3555577555333553 (SCROLLING_MANA_TI):00705             FCB $35,$55,$57,$75,$55,$33,$35,$53,$55,$35,$33,$55,$D5,$55,$53,$5D,$DD,$D5,$DD,$DD,$DD,$D8,$8D,$D8,$D5,$5D,$DD,$58,$D5,$5D,$5D,$D5
     55353355D555535D
     DDD5DDDDDDD88DD8
     D55DDD58D55D5DD5
50F4 DEF7AA7ADDEBA77A (SCROLLING_MANA_TI):00706             FCB $DE,$F7,$AA,$7A,$DD,$EB,$A7,$7A,$DD,$DB,$FD,$7B,$DD,$5D,$E9,$E9,$DD,$5D,$DD,$EE,$88,$5D,$D5,$FE,$88,$55,$55,$DF,$85,$55,$55,$D5
     DDDBFD7BDD5DE9E9
     DD5DDDEE885DD5FE
     885555DF855555D5
5114 555555DD555DDD85 (SCROLLING_MANA_TI):00707             FCB $55,$55,$55,$DD,$55,$5D,$DD,$85,$D5,$88,$D8,$85,$D8,$8D,$5D,$D5,$DD,$D5,$55,$D5,$DD,$D5,$55,$55,$5D,$D5,$55,$55,$5D,$55,$55,$55
     D588D885D88D5DD5
     DDD555D5DDD55555
     5DD555555D555555
5134 DFDDDDEFDD5D5FEE (SCROLLING_MANA_TI):00708             FCB $DF,$DD,$DD,$EF,$DD,$5D,$5F,$EE,$5D,$6D,$5F,$EF,$55,$66,$5D,$FD,$55,$56,$65,$DD,$55,$55,$66,$DD,$55,$55,$56,$5D,$55,$55,$55,$55
     5D6D5FEF55665DFD
     555665DD555566DD
     5555565D55555555
5154 6665666666556655 (SCROLLING_MANA_TI):00709             FCB $66,$65,$66,$66,$66,$55,$66,$55,$65,$55,$66,$55,$65,$55,$65,$55,$55,$55,$65,$56,$56,$55,$55,$56,$56,$55,$55,$56,$56,$65,$56,$56
     6555665565556555
     5555655656555556
     5655555656655656
5174 6656655D66566555 (SCROLLING_MANA_TI):00710             FCB $66,$56,$65,$5D,$66,$56,$65,$55,$56,$66,$68,$85,$56,$66,$88,$88,$56,$65,$58,$C8,$55,$65,$53,$88,$65,$55,$53,$58,$66,$55,$55,$5D
     5666688556668888
     566558C855655388
     655553586655555D
5194 D5556666D5556566 (SCROLLING_MANA_TI):00711             FCB $D5,$55,$66,$66,$D5,$55,$65,$66,$55,$55,$75,$56,$55,$57,$6F,$F6,$56,$67,$77,$FF,$55,$67,$BB,$7E,$D7,$35,$65,$5D,$DD,$53,$D8,$DD
     5555755655576FF6
     566777FF5567BB7E
     D735655DDD53D8DD
51B4 6655655666555556 (SCROLLING_MANA_TI):00712             FCB $66,$55,$65,$56,$66,$55,$55,$56,$66,$55,$66,$55,$56,$55,$76,$66,$56,$67,$76,$FF,$56,$F6,$66,$FF,$66,$D6,$DD,$66,$66,$66,$DD,$66
     6655665556557666
     566776FF56F666FF
     66D6DD666666DD66
51D4 CC33FFFEC8388E9D (SCROLLING_MANA_TI):00713             FCB $CC,$33,$FF,$FE,$C8,$38,$8E,$9D,$C3,$88,$83,$85,$88,$CC,$83,$35,$8C,$CC,$3A,$38,$8C,$C3,$37,$A8,$88,$BB,$77,$A7,$DB,$77,$BD,$B7
     C388838588CC8335
     8CCC3A388CC337A8
     88BB77A7DB77BDB7
51F4 EFDDFFFCFF5DEFEC (SCROLLING_MANA_TI):00714             FCB $EF,$DD,$FF,$FC,$FF,$5D,$EF,$EC,$DB,$58,$CE,$EC,$B5,$85,$CC,$C8,$B8,$B7,$88,$88,$77,$7B,$78,$8D,$B7,$7A,$BA,$A7,$7A,$7B,$77,$AA
     DB58CEECB585CCC8
     B8B78888777B788D
     B77ABAA77A7B77AA
5214 FF3833FEFEEEFEED (SCROLLING_MANA_TI):00715             FCB $FF,$38,$33,$FE,$FE,$EE,$FE,$ED,$FE,$EF,$F9,$9D,$DF,$FF,$DF,$ED,$5D,$DD,$5D,$FD,$56,$D5,$5D,$D5,$55,$65,$5D,$55,$55,$65,$DD,$55
     FEEFF99DDFFFDFED
     5DDD5DFD56D55DD5
     55655D555565DD55
5234 8855DDDD85555D85 (SCROLLING_MANA_TI):00716             FCB $88,$55,$DD,$DD,$85,$55,$5D,$85,$85,$55,$55,$55,$55,$88,$55,$55,$58,$88,$57,$55,$58,$85,$55,$75,$55,$33,$55,$75,$53,$55,$35,$35
     8555555555885555
     5888575558855575
     5533557553553535
5254 DD55DDD8DD55DDD8 (SCROLLING_MANA_TI):00717             FCB $DD,$55,$DD,$D8,$DD,$55,$DD,$D8,$53,$55,$8D,$D8,$35,$55,$88,$85,$35,$35,$55,$55,$55,$53,$55,$55,$35,$57,$37,$75,$57,$53,$55,$77
     53558DD835558885
     3535555555535555
     3557377557535577
5274 555555D555DD55D5 (SCROLLING_MANA_TI):00718             FCB $55,$55,$55,$D5,$55,$DD,$55,$D5,$DD,$D5,$5D,$DD,$DD,$D5,$5D,$D5,$5D,$55,$8D,$58,$55,$D8,$85,$58,$53,$55,$55,$38,$55,$35,$53,$75
     DDD55DDDDDD55DD5
     5D558D5855D88558
     5355553855355375
5294 5FDFFFF8DDFEFEE8 (SCROLLING_MANA_TI):00719             FCB $5F,$DF,$FF,$F8,$DD,$FE,$FE,$E8,$DD,$DD,$DE,$9E,$D8,$55,$DD,$EF,$88,$55,$5D,$FF,$88,$57,$55,$FD,$85,$75,$33,$37,$55,$35,$55,$33
     DDDDDE9ED855DDEF
     88555DFF885755FD
     8575333755355533
52B4 555555555D555555 (SCROLLING_MANA_TI):00720             FCB $55,$55,$55,$55,$5D,$55,$55,$55,$DD,$55,$5D,$55,$DD,$D5,$5D,$D5,$DD,$D5,$55,$D5,$5D,$D5,$57,$53,$55,$DD,$D5,$75,$55,$DD,$88,$D5
     DD555D55DDD55DD5
     DDD555D55DD55753
     55DDD57555DD88D5
52D4 5555555D5555555D (SCROLLING_MANA_TI):00721             FCB $55,$55,$55,$5D,$55,$55,$55,$5D,$55,$5D,$55,$5D,$55,$5D,$55,$55,$35,$53,$55,$55,$33,$55,$35,$55,$77,$35,$55,$55,$75,$53,$5D,$D5
     555D555D555D5555
     3553555533553555
     7735555575535DD5
52F4 6665555656555655 (SCROLLING_MANA_TI):00722             FCB $66,$65,$55,$56,$56,$55,$56,$55,$55,$56,$56,$55,$55,$56,$56,$65,$D5,$56,$56,$65,$55,$56,$66,$66,$55,$56,$66,$66,$55,$55,$66,$66
     5556565555565665
     D556566555566666
     5556666655556666
5314 6655DDDD665DDDDE (SCROLLING_MANA_TI):00723             FCB $66,$55,$DD,$DD,$66,$5D,$DD,$DE,$65,$5D,$DD,$DD,$65,$55,$D5,$DF,$55,$65,$D5,$DF,$55,$66,$55,$6F,$56,$56,$56,$6F,$66,$56,$65,$66
     655DDDDD6555D5DF
     5565D5DF5566556F
     5656566F66566566
5334 3355535535555535 (SCROLLING_MANA_TI):00724             FCB $33,$55,$53,$55,$35,$55,$55,$35,$35,$53,$33,$55,$55,$55,$53,$32,$53,$35,$53,$21,$33,$55,$52,$21,$55,$33,$02,$22,$35,$55,$00,$22
     3553335555555332
     5335532133555221
     5533022235550022
5354 5533551155311122 (SCROLLING_MANA_TI):00725             FCB $55,$33,$55,$11,$55,$31,$11,$22,$52,$11,$12,$42,$10,$02,$20,$02,$10,$02,$00,$00,$12,$24,$04,$40,$40,$00,$24,$40,$00,$10,$24,$24
     5211124210022002
     1002000012240440
     4000244000102424
5374 2125335512033355 (SCROLLING_MANA_TI):00726             FCB $21,$25,$33,$55,$12,$03,$33,$55,$21,$53,$33,$55,$00,$13,$32,$03,$20,$01,$13,$03,$31,$12,$13,$33,$11,$20,$11,$15,$21,$12,$12,$35
     2153335500133203
     2001130331121333
     1120111521121235
5394 5535337B53555777 (SCROLLING_MANA_TI):00727             FCB $55,$35,$33,$7B,$53,$55,$57,$77,$55,$37,$BB,$A7,$33,$33,$37,$BA,$53,$55,$33,$77,$66,$57,$7B,$B7,$66,$33,$57,$BB,$53,$35,$77,$77
     5537BBA7333337BA
     5355337766577BB7
     663357BB53357777
53B4 55D5DD555DDDDDD5 (SCROLLING_MANA_TI):00728             FCB $55,$D5,$DD,$55,$5D,$DD,$DD,$D5,$DD,$DD,$DF,$D5,$DF,$FD,$DF,$FD,$FF,$FD,$DD,$FD,$DF,$FD,$DA,$7B,$DD,$FF,$FD,$A7,$FD,$FE,$99,$F7
     DDDDDFD5DFFDDFFD
     FFFDDDFDDFFDDA7B
     DDFFFDA7FDFE99F7
53D4 F3555355EFFFF535 (SCROLLING_MANA_TI):00729             FCB $F3,$55,$53,$55,$EF,$FF,$F5,$35,$FB,$79,$9F,$55,$B7,$F9,$9E,$F3,$B7,$DF,$EE,$F5,$7B,$B7,$DF,$FD,$BD,$FE,$9D,$D5,$7D,$DD,$EF,$D5
     FB799F55B7F99EF3
     B7DFEEF57BB7DFFD
     BDFE9DD57DDDEFD5
53F4 5533553355355535 (SCROLLING_MANA_TI):00730             FCB $55,$33,$55,$33,$55,$35,$55,$35,$55,$55,$35,$35,$35,$55,$55,$35,$35,$33,$55,$55,$55,$33,$53,$33,$33,$55,$55,$53,$33,$55,$33,$55
     5555353535555535
     3533555555335333
     3355555333553355
5414 73557B77755555B7 (SCROLLING_MANA_TI):00731             FCB $73,$55,$7B,$77,$75,$55,$55,$B7,$35,$53,$77,$57,$55,$55,$53,$55,$5B,$BB,$3B,$83,$BB,$B3,$38,$85,$53,$B3,$35,$55,$35,$33,$33,$BB
     3553775755555355
     5BBB3B83BBB33885
     53B33555353333BB
5434 77AB77AB77B777A7 (SCROLLING_MANA_TI):00732             FCB $77,$AB,$77,$AB,$77,$B7,$77,$A7,$24,$40,$27,$A7,$02,$00,$57,$B7,$35,$25,$77,$77,$BB,$55,$7B,$BB,$8B,$30,$77,$7B,$33,$3B,$4B,$70
     244027A7020057B7
     35257777BB557BBB
     8B30777B333B4B70
5454 55DD8DDD55D5DD88 (SCROLLING_MANA_TI):00733             FCB $55,$DD,$8D,$DD,$55,$D5,$DD,$88,$55,$D5,$DD,$D8,$55,$55,$D5,$DD,$55,$5D,$D5,$55,$55,$5D,$D5,$D5,$55,$57,$35,$55,$5D,$35,$55,$35
     55D5DDD85555D5DD
     555DD555555DD5D5
     555735555D355535
5474 358D5DD55D855D55 (SCROLLING_MANA_TI):00734             FCB $35,$8D,$5D,$D5,$5D,$85,$5D,$55,$DD,$D5,$55,$55,$5D,$D5,$55,$55,$55,$55,$55,$55,$55,$55,$55,$55,$55,$55,$55,$55,$55,$DD,$55,$55
     DDD555555DD55555
     5555555555555555
     5555555555DD5555
5494 5555666655556566 (SCROLLING_MANA_TI):00735             FCB $55,$55,$66,$66,$55,$55,$65,$66,$55,$55,$55,$56,$55,$55,$6D,$D6,$56,$65,$55,$DD,$55,$65,$33,$5D,$55,$35,$55,$5D,$DD,$53,$D8,$DD
     5555555655556DD6
     566555DD5565335D
     5535555DDD53D8DD
54B4 6655656666555566 (SCROLLING_MANA_TI):00736             FCB $66,$55,$65,$66,$66,$55,$55,$66,$66,$55,$66,$65,$56,$55,$56,$66,$56,$65,$56,$DF,$56,$D6,$66,$DD,$56,$D6,$DD,$66,$56,$66,$DD,$66
     6655666556555666
     566556DF56D666DD
     56D6DD665666DD66
54D4 3351522155512001 (SCROLLING_MANA_TI):00737             FCB $33,$51,$52,$21,$55,$51,$20,$01,$35,$35,$13,$02,$35,$35,$53,$31,$32,$25,$21,$32,$52,$15,$12,$14,$35,$11,$20,$14,$05,$33,$00,$44
     3535130235355331
     3225213252151214
     3511201405330044
54F4 567BB7776667BA7B (SCROLLING_MANA_TI):00738             FCB $56,$7B,$B7,$77,$66,$67,$BA,$7B,$33,$B7,$7B,$77,$32,$0B,$77,$77,$12,$16,$BA,$7B,$61,$61,$12,$AB,$56,$12,$00,$2B,$56,$61,$20,$11
     33B77B77320B7777
     1216BA7B616112AB
     5612002B56612011
5514 DDFF9EEF5DFDEF99 (SCROLLING_MANA_TI):00739             FCB $DD,$FF,$9E,$EF,$5D,$FD,$EF,$99,$5D,$FD,$FF,$E9,$DD,$DD,$FD,$FF,$DD,$DF,$FD,$DD,$DD,$DE,$F7,$FD,$DD,$7A,$B7,$7D,$DF,$B7,$77,$B7
     5DFDFFE9DDDDFDFF
     DDDFFDDDDDDEF7FD
     DD7AB77DDFB777B7
5534 F53353359FFF5555 (SCROLLING_MANA_TI):00740             FCB $F5,$33,$53,$35,$9F,$FF,$55,$55,$EB,$F9,$9F,$53,$B7,$7E,$99,$F5,$AA,$B7,$99,$EF,$B7,$DD,$FE,$EF,$7B,$AA,$AF,$ED,$B7,$B7,$BA,$FD
     EBF99F53B77E99F5
     AAB799EFB7DDFEEF
     7BAAAFEDB7B7BAFD
5554 33BB4BB55BBBB540 (SCROLLING_MANA_TI):00741             FCB $33,$BB,$4B,$B5,$5B,$BB,$B5,$40,$55,$33,$B3,$B2,$5B,$BB,$33,$56,$55,$BB,$3B,$53,$35,$55,$BB,$53,$55,$35,$BB,$63,$55,$35,$55,$55
     5533B3B25BBB3356
     55BB3B533555BB53
     5535BB6355355555
5574 DDD57757DDD37557 (SCROLLING_MANA_TI):00742             FCB $DD,$D5,$77,$57,$DD,$D3,$75,$57,$DD,$D3,$D5,$53,$DD,$5D,$D8,$D8,$DD,$5D,$D5,$DD,$88,$5D,$D5,$DD,$88,$55,$55,$DD,$85,$55,$55,$D5
     DDD3D553DD5DD8D8
     DD5DD5DD885DD5DD
     885555DD855555D5
5594 555DD5555D5DD555 (SCROLLING_MANA_TI):00743             FCB $55,$5D,$D5,$55,$5D,$5D,$D5,$55,$8D,$D5,$55,$55,$8D,$D5,$55,$55,$DD,$D5,$5D,$55,$5D,$55,$5D,$D5,$55,$55,$5D,$58,$55,$55,$DD,$58
     8DD555558DD55555
     DDD55D555D555DD5
     55555D585555DD58
55B4 F77BB777EFFFF7B7 (SCROLLING_MANA_TI):00744             FCB $F7,$7B,$B7,$77,$EF,$FF,$F7,$B7,$FB,$79,$9F,$B7,$B7,$F9,$9E,$F7,$B7,$DF,$EE,$FB,$7B,$B7,$DF,$FD,$BD,$FE,$9D,$D5,$7D,$DD,$EF,$D5
     FB799FB7B7F99EF7
     B7DFEEFB7BB7DFFD
     BDFE9DD57DDDEFD5
55D4 5D5DDDD5DDDDDDD5 (SCROLLING_MANA_TI):00745             FCB $5D,$5D,$DD,$D5,$DD,$DD,$DD,$D5,$DD,$D5,$5D,$8D,$D8,$55,$55,$DD,$88,$55,$55,$DD,$88,$57,$55,$D5,$85,$75,$33,$35,$55,$35,$55,$33
     DDD55D8DD85555DD
     885555DD885755D5
     8575333555355533
55F4 F77B7BAA9FFFB77A (SCROLLING_MANA_TI):00746             FCB $F7,$7B,$7B,$AA,$9F,$FF,$B7,$7A,$EB,$F9,$9F,$77,$B7,$7E,$99,$FB,$AA,$B7,$99,$EF,$B7,$DD,$FE,$EF,$7B,$AA,$AF,$ED,$B7,$B7,$BA,$FD
     EBF99F77B77E99FB
     AAB799EFB7DDFEEF
     7BAAAFEDB7B7BAFD
5614 5553537755773557 (SCROLLING_MANA_TI):00747             FCB $55,$53,$53,$77,$55,$77,$35,$57,$35,$53,$33,$55,$35,$37,$77,$73,$73,$55,$53,$77,$57,$35,$55,$53,$55,$35,$77,$33,$55,$57,$73,$37
     3553335535377773
     7355537757355553
     5535773355577337
                      (SCROLLING_MANA_TI):00748         
                      (SCROLLING_MANA_TI):00749         
5634                  (SCROLLING_MANA_TI):00750         TILEMAP                     ; TILE GRAPHIC ADDRESS PER MAP SQUARE -------------
5634 1574159415B415D4 (SCROLLING_MANA_TI):00751             FDB $0000*32+TILES,$0001*32+TILES,$0002*32+TILES,$0003*32+TILES,$0000*32+TILES,$0001*32+TILES,$0002*32+TILES,$0003*32+TILES
     1574159415B415D4
5644 1574159415B415D4 (SCROLLING_MANA_TI):00752             FDB $0000*32+TILES,$0001*32+TILES,$0002*32+TILES,$0003*32+TILES,$0004*32+TILES,$0005*32+TILES,$0006*32+TILES,$0007*32+TILES
     15F4161416341654
5654 1674169416341654 (SCROLLING_MANA_TI):00753             FDB $0008*32+TILES,$0009*32+TILES,$0006*32+TILES,$0007*32+TILES,$0004*32+TILES,$0005*32+TILES,$000A*32+TILES,$000B*32+TILES
     15F4161416B416D4
5664 15F4161415741594 (SCROLLING_MANA_TI):00754             FDB $0004*32+TILES,$0005*32+TILES,$0000*32+TILES,$0001*32+TILES,$0002*32+TILES,$0003*32+TILES,$000C*32+TILES,$000D*32+TILES
     15B415D416F41714
5674 1734175415B415D4 (SCROLLING_MANA_TI):00755             FDB $000E*32+TILES,$000F*32+TILES,$0002*32+TILES,$0003*32+TILES,$0000*32+TILES,$0001*32+TILES,$0002*32+TILES,$0003*32+TILES
     1574159415B415D4
5684 1574159415B415D4 (SCROLLING_MANA_TI):00756             FDB $0000*32+TILES,$0001*32+TILES,$0002*32+TILES,$0003*32+TILES,$0000*32+TILES,$0001*32+TILES,$0002*32+TILES,$0003*32+TILES
     1574159415B415D4
5694 1574159415B415D4 (SCROLLING_MANA_TI):00757             FDB $0000*32+TILES,$0001*32+TILES,$0002*32+TILES,$0003*32+TILES,$0000*32+TILES,$0001*32+TILES,$0002*32+TILES,$0003*32+TILES
     1574159415B415D4
56A4 1574159415B415D4 (SCROLLING_MANA_TI):00758             FDB $0000*32+TILES,$0001*32+TILES,$0002*32+TILES,$0003*32+TILES,$0000*32+TILES,$0001*32+TILES,$0002*32+TILES,$0003*32+TILES
     1574159415B415D4
56B4 1574159415B415D4 (SCROLLING_MANA_TI):00759             FDB $0000*32+TILES,$0001*32+TILES,$0002*32+TILES,$0003*32+TILES,$0000*32+TILES,$0001*32+TILES,$0002*32+TILES,$0003*32+TILES
     1574159415B415D4
56C4 1574159415B415D4 (SCROLLING_MANA_TI):00760             FDB $0000*32+TILES,$0001*32+TILES,$0002*32+TILES,$0003*32+TILES,$0000*32+TILES,$0001*32+TILES,$0002*32+TILES,$0003*32+TILES
     1574159415B415D4
56D4 1574159415B415D4 (SCROLLING_MANA_TI):00761             FDB $0000*32+TILES,$0001*32+TILES,$0002*32+TILES,$0003*32+TILES,$0000*32+TILES,$0001*32+TILES,$0002*32+TILES,$0003*32+TILES
     1574159415B415D4
56E4 1574159415B415D4 (SCROLLING_MANA_TI):00762             FDB $0000*32+TILES,$0001*32+TILES,$0002*32+TILES,$0003*32+TILES,$0000*32+TILES,$0001*32+TILES,$0002*32+TILES,$0003*32+TILES
     1574159415B415D4
56F4 1574159415B415D4 (SCROLLING_MANA_TI):00763             FDB $0000*32+TILES,$0001*32+TILES,$0002*32+TILES,$0003*32+TILES,$0000*32+TILES,$0001*32+TILES,$0002*32+TILES,$0003*32+TILES
     1574159415B415D4
5704 1574159415B415D4 (SCROLLING_MANA_TI):00764             FDB $0000*32+TILES,$0001*32+TILES,$0002*32+TILES,$0003*32+TILES,$0010*32+TILES,$0011*32+TILES,$0012*32+TILES,$0013*32+TILES
     1774179417B417D4
5714 1774179417B417D4 (SCROLLING_MANA_TI):00765             FDB $0010*32+TILES,$0011*32+TILES,$0012*32+TILES,$0013*32+TILES,$0010*32+TILES,$0011*32+TILES,$0012*32+TILES,$0013*32+TILES
     1774179417B417D4
5724 17F4181418341854 (SCROLLING_MANA_TI):00766             FDB $0014*32+TILES,$0015*32+TILES,$0016*32+TILES,$0017*32+TILES,$0018*32+TILES,$0019*32+TILES,$0016*32+TILES,$0017*32+TILES
     1874189418341854
5734 17F4181418B418D4 (SCROLLING_MANA_TI):00767             FDB $0014*32+TILES,$0015*32+TILES,$001A*32+TILES,$001B*32+TILES,$0014*32+TILES,$0015*32+TILES,$0010*32+TILES,$0011*32+TILES
     17F4181417741794
5744 17B417D418F41914 (SCROLLING_MANA_TI):00768             FDB $0012*32+TILES,$0013*32+TILES,$001C*32+TILES,$001D*32+TILES,$001E*32+TILES,$001F*32+TILES,$0012*32+TILES,$0013*32+TILES
     1934195417B417D4
5754 1774179417B417D4 (SCROLLING_MANA_TI):00769             FDB $0010*32+TILES,$0011*32+TILES,$0012*32+TILES,$0013*32+TILES,$0010*32+TILES,$0011*32+TILES,$0012*32+TILES,$0013*32+TILES
     1774179417B417D4
5764 1774179417B417D4 (SCROLLING_MANA_TI):00770             FDB $0010*32+TILES,$0011*32+TILES,$0012*32+TILES,$0013*32+TILES,$0010*32+TILES,$0011*32+TILES,$0012*32+TILES,$0013*32+TILES
     1774179417B417D4
5774 1774179417B417D4 (SCROLLING_MANA_TI):00771             FDB $0010*32+TILES,$0011*32+TILES,$0012*32+TILES,$0013*32+TILES,$0010*32+TILES,$0011*32+TILES,$0012*32+TILES,$0013*32+TILES
     1774179417B417D4
5784 1774179417B417D4 (SCROLLING_MANA_TI):00772             FDB $0010*32+TILES,$0011*32+TILES,$0012*32+TILES,$0013*32+TILES,$0010*32+TILES,$0011*32+TILES,$0012*32+TILES,$0013*32+TILES
     1774179417B417D4
5794 1774179417B417D4 (SCROLLING_MANA_TI):00773             FDB $0010*32+TILES,$0011*32+TILES,$0012*32+TILES,$0013*32+TILES,$0010*32+TILES,$0011*32+TILES,$0012*32+TILES,$0013*32+TILES
     1774179417B417D4
57A4 1774179417B417D4 (SCROLLING_MANA_TI):00774             FDB $0010*32+TILES,$0011*32+TILES,$0012*32+TILES,$0013*32+TILES,$0010*32+TILES,$0011*32+TILES,$0012*32+TILES,$0013*32+TILES
     1774179417B417D4
57B4 1774179417B417D4 (SCROLLING_MANA_TI):00775             FDB $0010*32+TILES,$0011*32+TILES,$0012*32+TILES,$0013*32+TILES,$0010*32+TILES,$0011*32+TILES,$0012*32+TILES,$0013*32+TILES
     1774179417B417D4
57C4 1774179417B417D4 (SCROLLING_MANA_TI):00776             FDB $0010*32+TILES,$0011*32+TILES,$0012*32+TILES,$0013*32+TILES,$0010*32+TILES,$0011*32+TILES,$0012*32+TILES,$0013*32+TILES
     1774179417B417D4
57D4 1774179417B417D4 (SCROLLING_MANA_TI):00777             FDB $0010*32+TILES,$0011*32+TILES,$0012*32+TILES,$0013*32+TILES,$0010*32+TILES,$0011*32+TILES,$0012*32+TILES,$0013*32+TILES
     1774179417B417D4
57E4 15B415D415741594 (SCROLLING_MANA_TI):00778             FDB $0002*32+TILES,$0003*32+TILES,$0000*32+TILES,$0001*32+TILES,$0002*32+TILES,$0003*32+TILES,$0000*32+TILES,$0001*32+TILES
     15B415D415741594
57F4 15B415D415741594 (SCROLLING_MANA_TI):00779             FDB $0002*32+TILES,$0003*32+TILES,$0000*32+TILES,$0001*32+TILES,$000C*32+TILES,$000D*32+TILES,$000A*32+TILES,$000B*32+TILES
     16F4171416B416D4
5804 1974199419B419D4 (SCROLLING_MANA_TI):00780             FDB $0020*32+TILES,$0021*32+TILES,$0022*32+TILES,$0023*32+TILES,$0024*32+TILES,$0025*32+TILES,$0026*32+TILES,$0027*32+TILES
     19F41A141A341A54
5814 1A741A9416341654 (SCROLLING_MANA_TI):00781             FDB $0028*32+TILES,$0029*32+TILES,$0006*32+TILES,$0007*32+TILES,$000C*32+TILES,$000D*32+TILES,$000A*32+TILES,$002A*32+TILES
     16F4171416B41AB4
5824 15F4161415741594 (SCROLLING_MANA_TI):00782             FDB $0004*32+TILES,$0005*32+TILES,$0000*32+TILES,$0001*32+TILES,$0002*32+TILES,$0003*32+TILES,$000C*32+TILES,$000D*32+TILES
     15B415D416F41714
5834 1634165416341654 (SCROLLING_MANA_TI):00783             FDB $0006*32+TILES,$0007*32+TILES,$0006*32+TILES,$0007*32+TILES,$000C*32+TILES,$000D*32+TILES,$0006*32+TILES,$0007*32+TILES
     16F4171416341654
5844 15F4161415741594 (SCROLLING_MANA_TI):00784             FDB $0004*32+TILES,$0005*32+TILES,$0000*32+TILES,$0001*32+TILES,$0002*32+TILES,$0003*32+TILES,$000C*32+TILES,$000D*32+TILES
     15B415D416F41714
5854 1634165416341654 (SCROLLING_MANA_TI):00785             FDB $0006*32+TILES,$0007*32+TILES,$0006*32+TILES,$0007*32+TILES,$000C*32+TILES,$000D*32+TILES,$0006*32+TILES,$0007*32+TILES
     16F4171416341654
5864 15F4161415741594 (SCROLLING_MANA_TI):00786             FDB $0004*32+TILES,$0005*32+TILES,$0000*32+TILES,$0001*32+TILES,$0002*32+TILES,$0003*32+TILES,$000C*32+TILES,$000D*32+TILES
     15B415D416F41714
5874 1634165416341654 (SCROLLING_MANA_TI):00787             FDB $0006*32+TILES,$0007*32+TILES,$0006*32+TILES,$0007*32+TILES,$000C*32+TILES,$000D*32+TILES,$0006*32+TILES,$0007*32+TILES
     16F4171416341654
5884 15F4161415741594 (SCROLLING_MANA_TI):00788             FDB $0004*32+TILES,$0005*32+TILES,$0000*32+TILES,$0001*32+TILES,$0002*32+TILES,$0003*32+TILES,$0000*32+TILES,$0001*32+TILES
     15B415D415741594
5894 15B415D415741594 (SCROLLING_MANA_TI):00789             FDB $0002*32+TILES,$0003*32+TILES,$0000*32+TILES,$0001*32+TILES,$0002*32+TILES,$0003*32+TILES,$0000*32+TILES,$0001*32+TILES
     15B415D415741594
58A4 15B415D415741594 (SCROLLING_MANA_TI):00790             FDB $0002*32+TILES,$0003*32+TILES,$0000*32+TILES,$0001*32+TILES,$0002*32+TILES,$0003*32+TILES,$0000*32+TILES,$0001*32+TILES
     15B415D415741594
58B4 15B415D415741594 (SCROLLING_MANA_TI):00791             FDB $0002*32+TILES,$0003*32+TILES,$0000*32+TILES,$0001*32+TILES,$0012*32+TILES,$0013*32+TILES,$0010*32+TILES,$0011*32+TILES
     17B417D417741794
58C4 17B417D417741794 (SCROLLING_MANA_TI):00792             FDB $0012*32+TILES,$0013*32+TILES,$0010*32+TILES,$0011*32+TILES,$0012*32+TILES,$0013*32+TILES,$0010*32+TILES,$0011*32+TILES
     17B417D417741794
58D4 18F4191418B418D4 (SCROLLING_MANA_TI):00793             FDB $001C*32+TILES,$001D*32+TILES,$001A*32+TILES,$001B*32+TILES,$002B*32+TILES,$002C*32+TILES,$002D*32+TILES,$002E*32+TILES
     1AD41AF41B141B34
58E4 1B541B741B941BB4 (SCROLLING_MANA_TI):00794             FDB $002F*32+TILES,$0030*32+TILES,$0031*32+TILES,$0032*32+TILES,$0033*32+TILES,$0034*32+TILES,$0016*32+TILES,$0017*32+TILES
     1BD41BF418341854
58F4 18F4191418B41C14 (SCROLLING_MANA_TI):00795             FDB $001C*32+TILES,$001D*32+TILES,$001A*32+TILES,$0035*32+TILES,$0014*32+TILES,$0015*32+TILES,$0010*32+TILES,$0011*32+TILES
     17F4181417741794
5904 17B417D418F41914 (SCROLLING_MANA_TI):00796             FDB $0012*32+TILES,$0013*32+TILES,$001C*32+TILES,$001D*32+TILES,$0016*32+TILES,$0017*32+TILES,$0016*32+TILES,$0017*32+TILES
     1834185418341854
5914 18F4191418341854 (SCROLLING_MANA_TI):00797             FDB $001C*32+TILES,$001D*32+TILES,$0016*32+TILES,$0017*32+TILES,$0014*32+TILES,$0015*32+TILES,$0010*32+TILES,$0011*32+TILES
     17F4181417741794
5924 17B417D418F41914 (SCROLLING_MANA_TI):00798             FDB $0012*32+TILES,$0013*32+TILES,$001C*32+TILES,$001D*32+TILES,$0016*32+TILES,$0017*32+TILES,$0016*32+TILES,$0017*32+TILES
     1834185418341854
5934 18F4191418341854 (SCROLLING_MANA_TI):00799             FDB $001C*32+TILES,$001D*32+TILES,$0016*32+TILES,$0017*32+TILES,$0014*32+TILES,$0015*32+TILES,$0010*32+TILES,$0011*32+TILES
     17F4181417741794
5944 17B417D418F41914 (SCROLLING_MANA_TI):00800             FDB $0012*32+TILES,$0013*32+TILES,$001C*32+TILES,$001D*32+TILES,$0016*32+TILES,$0017*32+TILES,$0016*32+TILES,$0017*32+TILES
     1834185418341854
5954 18F4191418341854 (SCROLLING_MANA_TI):00801             FDB $001C*32+TILES,$001D*32+TILES,$0016*32+TILES,$0017*32+TILES,$0014*32+TILES,$0015*32+TILES,$0010*32+TILES,$0011*32+TILES
     17F4181417741794
5964 17B417D417741794 (SCROLLING_MANA_TI):00802             FDB $0012*32+TILES,$0013*32+TILES,$0010*32+TILES,$0011*32+TILES,$0012*32+TILES,$0013*32+TILES,$0010*32+TILES,$0011*32+TILES
     17B417D417741794
5974 17B417D417741794 (SCROLLING_MANA_TI):00803             FDB $0012*32+TILES,$0013*32+TILES,$0010*32+TILES,$0011*32+TILES,$0012*32+TILES,$0013*32+TILES,$0010*32+TILES,$0011*32+TILES
     17B417D417741794
5984 17B417D417741794 (SCROLLING_MANA_TI):00804             FDB $0012*32+TILES,$0013*32+TILES,$0010*32+TILES,$0011*32+TILES,$0012*32+TILES,$0013*32+TILES,$0010*32+TILES,$0011*32+TILES
     17B417D417741794
5994 1574159415B415D4 (SCROLLING_MANA_TI):00805             FDB $0000*32+TILES,$0001*32+TILES,$0002*32+TILES,$0003*32+TILES,$0000*32+TILES,$0001*32+TILES,$0002*32+TILES,$0003*32+TILES
     1574159415B415D4
59A4 1574159416F41714 (SCROLLING_MANA_TI):00806             FDB $0000*32+TILES,$0001*32+TILES,$000C*32+TILES,$000D*32+TILES,$000A*32+TILES,$002A*32+TILES,$0020*32+TILES,$0021*32+TILES
     16B41AB419741994
59B4 1C341C541C741C94 (SCROLLING_MANA_TI):00807             FDB $0036*32+TILES,$0037*32+TILES,$0038*32+TILES,$0039*32+TILES,$003A*32+TILES,$003B*32+TILES,$003C*32+TILES,$003D*32+TILES
     1CB41CD41CF41D14
59C4 1D341D541D7419D4 (SCROLLING_MANA_TI):00808             FDB $003E*32+TILES,$003F*32+TILES,$0040*32+TILES,$0023*32+TILES,$0024*32+TILES,$0025*32+TILES,$0026*32+TILES,$0027*32+TILES
     19F41A141A341A54
59D4 1A741A9416341654 (SCROLLING_MANA_TI):00809             FDB $0028*32+TILES,$0029*32+TILES,$0006*32+TILES,$0007*32+TILES,$000C*32+TILES,$000D*32+TILES,$000A*32+TILES,$002A*32+TILES
     16F4171416B41AB4
59E4 19741D9419F41A14 (SCROLLING_MANA_TI):00810             FDB $0020*32+TILES,$0041*32+TILES,$0024*32+TILES,$0025*32+TILES,$0026*32+TILES,$0027*32+TILES,$0022*32+TILES,$0023*32+TILES
     1A341A5419B419D4
59F4 1DB41A9416341654 (SCROLLING_MANA_TI):00811             FDB $0042*32+TILES,$0029*32+TILES,$0006*32+TILES,$0007*32+TILES,$000C*32+TILES,$000D*32+TILES,$000A*32+TILES,$002A*32+TILES
     16F4171416B41AB4
5A04 19741D9419F41A14 (SCROLLING_MANA_TI):00812             FDB $0020*32+TILES,$0041*32+TILES,$0024*32+TILES,$0025*32+TILES,$0026*32+TILES,$0027*32+TILES,$0022*32+TILES,$0023*32+TILES
     1A341A5419B419D4
5A14 1DB41A9416341654 (SCROLLING_MANA_TI):00813             FDB $0042*32+TILES,$0029*32+TILES,$0006*32+TILES,$0007*32+TILES,$000C*32+TILES,$000D*32+TILES,$000A*32+TILES,$002A*32+TILES
     16F4171416B41AB4
5A24 19741D9419F41A14 (SCROLLING_MANA_TI):00814             FDB $0020*32+TILES,$0041*32+TILES,$0024*32+TILES,$0025*32+TILES,$0026*32+TILES,$0027*32+TILES,$0022*32+TILES,$0023*32+TILES
     1A341A5419B419D4
5A34 1DB41A9416341654 (SCROLLING_MANA_TI):00815             FDB $0042*32+TILES,$0029*32+TILES,$0006*32+TILES,$0007*32+TILES,$000C*32+TILES,$000D*32+TILES,$0006*32+TILES,$0007*32+TILES
     16F4171416341654
5A44 16F4171415741594 (SCROLLING_MANA_TI):00816             FDB $000C*32+TILES,$000D*32+TILES,$0000*32+TILES,$0001*32+TILES,$0002*32+TILES,$0003*32+TILES,$0000*32+TILES,$0001*32+TILES
     15B415D415741594
5A54 15B415D415741594 (SCROLLING_MANA_TI):00817             FDB $0002*32+TILES,$0003*32+TILES,$0000*32+TILES,$0001*32+TILES,$0002*32+TILES,$0003*32+TILES,$0000*32+TILES,$0001*32+TILES
     15B415D415741594
5A64 15B415D415741594 (SCROLLING_MANA_TI):00818             FDB $0002*32+TILES,$0003*32+TILES,$0000*32+TILES,$0001*32+TILES,$0010*32+TILES,$0011*32+TILES,$0012*32+TILES,$0013*32+TILES
     1774179417B417D4
5A74 1774179417B417D4 (SCROLLING_MANA_TI):00819             FDB $0010*32+TILES,$0011*32+TILES,$0012*32+TILES,$0013*32+TILES,$0010*32+TILES,$0011*32+TILES,$001C*32+TILES,$001D*32+TILES
     1774179418F41914
5A84 18B41C141AD41AF4 (SCROLLING_MANA_TI):00820             FDB $001A*32+TILES,$0035*32+TILES,$002B*32+TILES,$002C*32+TILES,$0043*32+TILES,$0044*32+TILES,$0045*32+TILES,$0046*32+TILES
     1DD41DF41E141E34
5A94 1E541E741E941EB4 (SCROLLING_MANA_TI):00821             FDB $0047*32+TILES,$0048*32+TILES,$0049*32+TILES,$004A*32+TILES,$004B*32+TILES,$004C*32+TILES,$004D*32+TILES,$002E*32+TILES
     1ED41EF41F141B34
5AA4 1B541B741B941BB4 (SCROLLING_MANA_TI):00822             FDB $002F*32+TILES,$0030*32+TILES,$0031*32+TILES,$0032*32+TILES,$0033*32+TILES,$0034*32+TILES,$0016*32+TILES,$0017*32+TILES
     1BD41BF418341854
5AB4 18F4191418B41C14 (SCROLLING_MANA_TI):00823             FDB $001C*32+TILES,$001D*32+TILES,$001A*32+TILES,$0035*32+TILES,$002B*32+TILES,$004E*32+TILES,$002F*32+TILES,$0030*32+TILES
     1AD41F341B541B74
5AC4 1B941BB41B141B34 (SCROLLING_MANA_TI):00824             FDB $0031*32+TILES,$0032*32+TILES,$002D*32+TILES,$002E*32+TILES,$004F*32+TILES,$0050*32+TILES,$0016*32+TILES,$0017*32+TILES
     1F541F7418341854
5AD4 18F4191418B41C14 (SCROLLING_MANA_TI):00825             FDB $001C*32+TILES,$001D*32+TILES,$001A*32+TILES,$0035*32+TILES,$002B*32+TILES,$004E*32+TILES,$002F*32+TILES,$0030*32+TILES
     1AD41F341B541B74
5AE4 1B941BB41B141B34 (SCROLLING_MANA_TI):00826             FDB $0031*32+TILES,$0032*32+TILES,$002D*32+TILES,$002E*32+TILES,$004F*32+TILES,$0050*32+TILES,$0016*32+TILES,$0017*32+TILES
     1F541F7418341854
5AF4 18F4191418B41C14 (SCROLLING_MANA_TI):00827             FDB $001C*32+TILES,$001D*32+TILES,$001A*32+TILES,$0035*32+TILES,$002B*32+TILES,$004E*32+TILES,$002F*32+TILES,$0030*32+TILES
     1AD41F341B541B74
5B04 1B941BB41B141B34 (SCROLLING_MANA_TI):00828             FDB $0031*32+TILES,$0032*32+TILES,$002D*32+TILES,$002E*32+TILES,$004F*32+TILES,$0050*32+TILES,$0016*32+TILES,$0017*32+TILES
     1F541F7418341854
5B14 18F4191418341854 (SCROLLING_MANA_TI):00829             FDB $001C*32+TILES,$001D*32+TILES,$0016*32+TILES,$0017*32+TILES,$001C*32+TILES,$001D*32+TILES,$0010*32+TILES,$0011*32+TILES
     18F4191417741794
5B24 17B417D417741794 (SCROLLING_MANA_TI):00830             FDB $0012*32+TILES,$0013*32+TILES,$0010*32+TILES,$0011*32+TILES,$0012*32+TILES,$0013*32+TILES,$0010*32+TILES,$0011*32+TILES
     17B417D417741794
5B34 17B417D417741794 (SCROLLING_MANA_TI):00831             FDB $0012*32+TILES,$0013*32+TILES,$0010*32+TILES,$0011*32+TILES,$0012*32+TILES,$0013*32+TILES,$0010*32+TILES,$0011*32+TILES
     17B417D417741794
5B44 15B415D415741594 (SCROLLING_MANA_TI):00832             FDB $0002*32+TILES,$0003*32+TILES,$0000*32+TILES,$0001*32+TILES,$0002*32+TILES,$0003*32+TILES,$0000*32+TILES,$0001*32+TILES
     15B415D415741594
5B54 15B415D416B416D4 (SCROLLING_MANA_TI):00833             FDB $0002*32+TILES,$0003*32+TILES,$000A*32+TILES,$000B*32+TILES,$0020*32+TILES,$0021*32+TILES,$0051*32+TILES,$0052*32+TILES
     197419941F941FB4
5B64 1FD41FF420142034 (SCROLLING_MANA_TI):00834             FDB $0053*32+TILES,$0054*32+TILES,$0055*32+TILES,$0056*32+TILES,$0057*32+TILES,$0058*32+TILES,$0059*32+TILES,$005A*32+TILES
     20542074209420B4
5B74 1FD41FF41C741C94 (SCROLLING_MANA_TI):00835             FDB $0053*32+TILES,$0054*32+TILES,$0038*32+TILES,$0039*32+TILES,$003A*32+TILES,$003B*32+TILES,$003C*32+TILES,$003D*32+TILES
     1CB41CD41CF41D14
5B84 20D420F41D7419D4 (SCROLLING_MANA_TI):00836             FDB $005B*32+TILES,$005C*32+TILES,$0040*32+TILES,$0023*32+TILES,$0024*32+TILES,$0025*32+TILES,$0026*32+TILES,$0027*32+TILES
     19F41A141A341A54
5B94 211421341CB41CD4 (SCROLLING_MANA_TI):00837             FDB $005D*32+TILES,$005E*32+TILES,$003A*32+TILES,$003B*32+TILES,$003C*32+TILES,$003D*32+TILES,$0038*32+TILES,$0039*32+TILES
     1CF41D141C741C94
5BA4 1CB41CD421542174 (SCROLLING_MANA_TI):00838             FDB $003A*32+TILES,$003B*32+TILES,$005F*32+TILES,$0060*32+TILES,$0024*32+TILES,$0025*32+TILES,$0026*32+TILES,$0027*32+TILES
     19F41A141A341A54
5BB4 211421341CB41CD4 (SCROLLING_MANA_TI):00839             FDB $005D*32+TILES,$005E*32+TILES,$003A*32+TILES,$003B*32+TILES,$003C*32+TILES,$003D*32+TILES,$0038*32+TILES,$0039*32+TILES
     1CF41D141C741C94
5BC4 1CB41CD421542174 (SCROLLING_MANA_TI):00840             FDB $003A*32+TILES,$003B*32+TILES,$005F*32+TILES,$0060*32+TILES,$0024*32+TILES,$0025*32+TILES,$0026*32+TILES,$0027*32+TILES
     19F41A141A341A54
5BD4 211421341CB41CD4 (SCROLLING_MANA_TI):00841             FDB $005D*32+TILES,$005E*32+TILES,$003A*32+TILES,$003B*32+TILES,$003C*32+TILES,$003D*32+TILES,$0038*32+TILES,$0039*32+TILES
     1CF41D141C741C94
5BE4 219421B421D421F4 (SCROLLING_MANA_TI):00842             FDB $0061*32+TILES,$0062*32+TILES,$0063*32+TILES,$0064*32+TILES,$0065*32+TILES,$0066*32+TILES,$0067*32+TILES,$0068*32+TILES
     2214223422542274
5BF4 1734175415B415D4 (SCROLLING_MANA_TI):00843             FDB $000E*32+TILES,$000F*32+TILES,$0002*32+TILES,$0003*32+TILES,$0000*32+TILES,$0001*32+TILES,$0002*32+TILES,$0003*32+TILES
     1574159415B415D4
5C04 1574159415B415D4 (SCROLLING_MANA_TI):00844             FDB $0000*32+TILES,$0001*32+TILES,$0002*32+TILES,$0003*32+TILES,$0000*32+TILES,$0001*32+TILES,$0002*32+TILES,$0003*32+TILES
     1574159415B415D4
5C14 1574159415B415D4 (SCROLLING_MANA_TI):00845             FDB $0000*32+TILES,$0001*32+TILES,$0002*32+TILES,$0003*32+TILES,$0012*32+TILES,$0013*32+TILES,$0010*32+TILES,$0011*32+TILES
     17B417D417741794
5C24 17B417D417741794 (SCROLLING_MANA_TI):00846             FDB $0012*32+TILES,$0013*32+TILES,$0010*32+TILES,$0011*32+TILES,$0012*32+TILES,$0013*32+TILES,$001A*32+TILES,$001B*32+TILES
     17B417D418B418D4
5C34 1AD41AF4229422B4 (SCROLLING_MANA_TI):00847             FDB $002B*32+TILES,$002C*32+TILES,$0069*32+TILES,$006A*32+TILES,$006B*32+TILES,$006C*32+TILES,$006D*32+TILES,$006E*32+TILES
     22D422F423142334
5C44 23542374239423B4 (SCROLLING_MANA_TI):00848             FDB $006F*32+TILES,$0070*32+TILES,$0071*32+TILES,$0072*32+TILES,$006B*32+TILES,$006C*32+TILES,$0045*32+TILES,$0046*32+TILES
     22D422F41E141E34
5C54 1E541E741E941EB4 (SCROLLING_MANA_TI):00849             FDB $0047*32+TILES,$0048*32+TILES,$0049*32+TILES,$004A*32+TILES,$0073*32+TILES,$0074*32+TILES,$004D*32+TILES,$002E*32+TILES
     23D423F41F141B34
5C64 1B541B741B941BB4 (SCROLLING_MANA_TI):00850             FDB $002F*32+TILES,$0030*32+TILES,$0031*32+TILES,$0032*32+TILES,$0075*32+TILES,$0076*32+TILES,$0047*32+TILES,$0048*32+TILES
     241424341E541E74
5C74 1E941EB41E141E34 (SCROLLING_MANA_TI):00851             FDB $0049*32+TILES,$004A*32+TILES,$0045*32+TILES,$0046*32+TILES,$0047*32+TILES,$0048*32+TILES,$0049*32+TILES,$0077*32+TILES
     1E541E741E942454
5C84 1B541B741B941BB4 (SCROLLING_MANA_TI):00852             FDB $002F*32+TILES,$0030*32+TILES,$0031*32+TILES,$0032*32+TILES,$0075*32+TILES,$0076*32+TILES,$0047*32+TILES,$0048*32+TILES
     241424341E541E74
5C94 1E941EB41E141E34 (SCROLLING_MANA_TI):00853             FDB $0049*32+TILES,$004A*32+TILES,$0045*32+TILES,$0046*32+TILES,$0047*32+TILES,$0048*32+TILES,$0049*32+TILES,$0077*32+TILES
     1E541E741E942454
5CA4 1B541B741B941BB4 (SCROLLING_MANA_TI):00854             FDB $002F*32+TILES,$0030*32+TILES,$0031*32+TILES,$0032*32+TILES,$0075*32+TILES,$0076*32+TILES,$0078*32+TILES,$0079*32+TILES
     2414243424742494
5CB4 1E941EB41E141E34 (SCROLLING_MANA_TI):00855             FDB $0049*32+TILES,$004A*32+TILES,$0045*32+TILES,$0046*32+TILES,$007A*32+TILES,$001F*32+TILES,$007B*32+TILES,$007C*32+TILES
     24B4195424D424F4
5CC4 2514253425542574 (SCROLLING_MANA_TI):00856             FDB $007D*32+TILES,$007E*32+TILES,$007F*32+TILES,$0080*32+TILES,$001E*32+TILES,$001F*32+TILES,$0012*32+TILES,$0013*32+TILES
     1934195417B417D4
5CD4 1774179417B417D4 (SCROLLING_MANA_TI):00857             FDB $0010*32+TILES,$0011*32+TILES,$0012*32+TILES,$0013*32+TILES,$0010*32+TILES,$0011*32+TILES,$0012*32+TILES,$0013*32+TILES
     1774179417B417D4
5CE4 1774179417B417D4 (SCROLLING_MANA_TI):00858             FDB $0010*32+TILES,$0011*32+TILES,$0012*32+TILES,$0013*32+TILES,$0010*32+TILES,$0011*32+TILES,$0012*32+TILES,$0013*32+TILES
     1774179417B417D4
5CF4 1574159415B415D4 (SCROLLING_MANA_TI):00859             FDB $0000*32+TILES,$0001*32+TILES,$0002*32+TILES,$0003*32+TILES,$0000*32+TILES,$0001*32+TILES,$0002*32+TILES,$0003*32+TILES
     1574159415B415D4
5D04 16F4171416B416D4 (SCROLLING_MANA_TI):00860             FDB $000C*32+TILES,$000D*32+TILES,$000A*32+TILES,$000B*32+TILES,$0081*32+TILES,$0082*32+TILES,$0059*32+TILES,$0083*32+TILES
     259425B4209425D4
5D14 25F4261426341FF4 (SCROLLING_MANA_TI):00861             FDB $0084*32+TILES,$0085*32+TILES,$0086*32+TILES,$0054*32+TILES,$0055*32+TILES,$0056*32+TILES,$0057*32+TILES,$0058*32+TILES
     2014203420542074
5D24 209420B4209425D4 (SCROLLING_MANA_TI):00862             FDB $0059*32+TILES,$005A*32+TILES,$0059*32+TILES,$0083*32+TILES,$0084*32+TILES,$0085*32+TILES,$0087*32+TILES,$0088*32+TILES
     25F4261426542674
5D34 26341FF41C741C94 (SCROLLING_MANA_TI):00863             FDB $0086*32+TILES,$0054*32+TILES,$0038*32+TILES,$0039*32+TILES,$003A*32+TILES,$003B*32+TILES,$003C*32+TILES,$003D*32+TILES
     1CB41CD41CF41D14
5D44 269426B41FD41FF4 (SCROLLING_MANA_TI):00864             FDB $0089*32+TILES,$008A*32+TILES,$0053*32+TILES,$0054*32+TILES,$0059*32+TILES,$0083*32+TILES,$0086*32+TILES,$0054*32+TILES
     209425D426341FF4
5D54 26D426F41C741C94 (SCROLLING_MANA_TI):00865             FDB $008B*32+TILES,$008C*32+TILES,$0038*32+TILES,$0039*32+TILES,$003A*32+TILES,$003B*32+TILES,$003C*32+TILES,$003D*32+TILES
     1CB41CD41CF41D14
5D64 2054207420142034 (SCROLLING_MANA_TI):00866             FDB $0057*32+TILES,$0058*32+TILES,$0055*32+TILES,$0056*32+TILES,$0057*32+TILES,$0058*32+TILES,$008D*32+TILES,$008E*32+TILES
     2054207427142734
5D74 275427741C741C94 (SCROLLING_MANA_TI):00867             FDB $008F*32+TILES,$0090*32+TILES,$0038*32+TILES,$0039*32+TILES,$003A*32+TILES,$003B*32+TILES,$003C*32+TILES,$003D*32+TILES
     1CB41CD41CF41D14
5D84 269426B4279427B4 (SCROLLING_MANA_TI):00868             FDB $0089*32+TILES,$008A*32+TILES,$0091*32+TILES,$0092*32+TILES,$0059*32+TILES,$005A*32+TILES,$0093*32+TILES,$0094*32+TILES
     209420B427D427F4
5D94 15B415D415741594 (SCROLLING_MANA_TI):00869             FDB $0002*32+TILES,$0003*32+TILES,$0000*32+TILES,$0001*32+TILES,$0095*32+TILES,$0096*32+TILES,$0065*32+TILES,$0066*32+TILES
     2814283422142234
5DA4 15F4161415741594 (SCROLLING_MANA_TI):00870             FDB $0004*32+TILES,$0005*32+TILES,$0000*32+TILES,$0001*32+TILES,$0002*32+TILES,$0003*32+TILES,$000C*32+TILES,$000D*32+TILES
     15B415D416F41714
5DB4 1634165416341654 (SCROLLING_MANA_TI):00871             FDB $0006*32+TILES,$0007*32+TILES,$0006*32+TILES,$0007*32+TILES,$000C*32+TILES,$000D*32+TILES,$0006*32+TILES,$0007*32+TILES
     16F4171416341654
5DC4 15F4161415741594 (SCROLLING_MANA_TI):00872             FDB $0004*32+TILES,$0005*32+TILES,$0000*32+TILES,$0001*32+TILES,$0010*32+TILES,$0011*32+TILES,$0012*32+TILES,$0013*32+TILES
     1774179417B417D4
5DD4 1774179417B417D4 (SCROLLING_MANA_TI):00873             FDB $0010*32+TILES,$0011*32+TILES,$0012*32+TILES,$0013*32+TILES,$001C*32+TILES,$001D*32+TILES,$001A*32+TILES,$001B*32+TILES
     18F4191418B418D4
5DE4 2854287425D42894 (SCROLLING_MANA_TI):00874             FDB $0097*32+TILES,$0098*32+TILES,$0083*32+TILES,$0099*32+TILES,$009A*32+TILES,$009B*32+TILES,$009C*32+TILES,$0086*32+TILES
     28B428D428F42634
5DF4 2314233423542374 (SCROLLING_MANA_TI):00875             FDB $006D*32+TILES,$006E*32+TILES,$006F*32+TILES,$0070*32+TILES,$0071*32+TILES,$0072*32+TILES,$0083*32+TILES,$0099*32+TILES
     239423B425D42894
5E04 28B428D428F42894 (SCROLLING_MANA_TI):00876             FDB $009A*32+TILES,$009B*32+TILES,$009C*32+TILES,$0099*32+TILES,$009C*32+TILES,$0086*32+TILES,$0045*32+TILES,$0046*32+TILES
     28F426341E141E34
5E14 1E541E741E941EB4 (SCROLLING_MANA_TI):00877             FDB $0047*32+TILES,$0048*32+TILES,$0049*32+TILES,$004A*32+TILES,$009D*32+TILES,$009E*32+TILES,$006B*32+TILES,$006C*32+TILES
     2914293422D422F4
5E24 25D4289428F42634 (SCROLLING_MANA_TI):00878             FDB $0083*32+TILES,$0099*32+TILES,$009C*32+TILES,$0086*32+TILES,$004B*32+TILES,$004C*32+TILES,$0045*32+TILES,$0046*32+TILES
     1ED41EF41E141E34
5E34 1E541E741E941EB4 (SCROLLING_MANA_TI):00879             FDB $0047*32+TILES,$0048*32+TILES,$0049*32+TILES,$004A*32+TILES,$006F*32+TILES,$0070*32+TILES,$006D*32+TILES,$006E*32+TILES
     2354237423142334
5E44 2354237423142954 (SCROLLING_MANA_TI):00880             FDB $006F*32+TILES,$0070*32+TILES,$006D*32+TILES,$009F*32+TILES,$0073*32+TILES,$0074*32+TILES,$0045*32+TILES,$0046*32+TILES
     23D423F41E141E34
5E54 1E541E741E941EB4 (SCROLLING_MANA_TI):00881             FDB $0047*32+TILES,$0048*32+TILES,$0049*32+TILES,$004A*32+TILES,$009D*32+TILES,$009E*32+TILES,$00A0*32+TILES,$00A1*32+TILES
     2914293429742994
5E64 239423B429B41954 (SCROLLING_MANA_TI):00882             FDB $0071*32+TILES,$0072*32+TILES,$00A2*32+TILES,$001F*32+TILES,$0012*32+TILES,$0013*32+TILES,$0010*32+TILES,$0011*32+TILES
     17B417D417741794
5E74 29D429F425142534 (SCROLLING_MANA_TI):00883             FDB $00A3*32+TILES,$00A4*32+TILES,$007D*32+TILES,$007E*32+TILES,$0014*32+TILES,$0015*32+TILES,$0010*32+TILES,$0011*32+TILES
     17F4181417741794
5E84 17B417D418F41914 (SCROLLING_MANA_TI):00884             FDB $0012*32+TILES,$0013*32+TILES,$001C*32+TILES,$001D*32+TILES,$0016*32+TILES,$0017*32+TILES,$0016*32+TILES,$0017*32+TILES
     1834185418341854
5E94 18F4191418341854 (SCROLLING_MANA_TI):00885             FDB $001C*32+TILES,$001D*32+TILES,$0016*32+TILES,$0017*32+TILES,$0014*32+TILES,$0015*32+TILES,$0010*32+TILES,$0011*32+TILES
     17F4181417741794
5EA4 1634165416F41714 (SCROLLING_MANA_TI):00886             FDB $0006*32+TILES,$0007*32+TILES,$000C*32+TILES,$000D*32+TILES,$0006*32+TILES,$0007*32+TILES,$000C*32+TILES,$000D*32+TILES
     1634165416F41714
5EB4 16B41AB419741994 (SCROLLING_MANA_TI):00887             FDB $000A*32+TILES,$002A*32+TILES,$0020*32+TILES,$0021*32+TILES,$0081*32+TILES,$00A5*32+TILES,$0084*32+TILES,$0085*32+TILES
     25942A1425F42614
5EC4 2654267425F42614 (SCROLLING_MANA_TI):00888             FDB $0087*32+TILES,$0088*32+TILES,$0084*32+TILES,$0085*32+TILES,$0059*32+TILES,$005A*32+TILES,$0053*32+TILES,$0054*32+TILES
     209420B41FD41FF4
5ED4 201420342A342674 (SCROLLING_MANA_TI):00889             FDB $0055*32+TILES,$0056*32+TILES,$00A6*32+TILES,$0088*32+TILES,$0087*32+TILES,$0088*32+TILES,$0084*32+TILES,$0085*32+TILES
     2654267425F42614
5EE4 2654267426341FF4 (SCROLLING_MANA_TI):00890             FDB $0087*32+TILES,$0088*32+TILES,$0086*32+TILES,$0054*32+TILES,$0059*32+TILES,$005A*32+TILES,$0053*32+TILES,$0054*32+TILES
     209420B41FD41FF4
5EF4 2014203420542074 (SCROLLING_MANA_TI):00891             FDB $0055*32+TILES,$0056*32+TILES,$0057*32+TILES,$0058*32+TILES,$00A6*32+TILES,$0088*32+TILES,$0087*32+TILES,$0088*32+TILES
     2A34267426542674
5F04 2654267426341FF4 (SCROLLING_MANA_TI):00892             FDB $0087*32+TILES,$0088*32+TILES,$0086*32+TILES,$0054*32+TILES,$0059*32+TILES,$0083*32+TILES,$0087*32+TILES,$0088*32+TILES
     209425D426542674
5F14 2654267426542674 (SCROLLING_MANA_TI):00893             FDB $0087*32+TILES,$0088*32+TILES,$0087*32+TILES,$0088*32+TILES,$0086*32+TILES,$0054*32+TILES,$0053*32+TILES,$0054*32+TILES
     26341FF41FD41FF4
5F24 2014203420542074 (SCROLLING_MANA_TI):00894             FDB $0055*32+TILES,$0056*32+TILES,$0057*32+TILES,$0058*32+TILES,$0059*32+TILES,$005A*32+TILES,$0053*32+TILES,$0054*32+TILES
     209420B41FD41FF4
5F34 2014203420542074 (SCROLLING_MANA_TI):00895             FDB $0055*32+TILES,$0056*32+TILES,$0057*32+TILES,$0058*32+TILES,$0055*32+TILES,$0056*32+TILES,$0004*32+TILES,$0005*32+TILES
     2014203415F41614
5F44 15B415D415741594 (SCROLLING_MANA_TI):00896             FDB $0002*32+TILES,$0003*32+TILES,$0000*32+TILES,$0001*32+TILES,$000C*32+TILES,$000D*32+TILES,$000A*32+TILES,$000B*32+TILES
     16F4171416B416D4
5F54 2A541A9416341654 (SCROLLING_MANA_TI):00897             FDB $00A7*32+TILES,$0029*32+TILES,$0006*32+TILES,$0007*32+TILES,$000C*32+TILES,$000D*32+TILES,$000A*32+TILES,$002A*32+TILES
     16F4171416B41AB4
5F64 19741D9419F41A14 (SCROLLING_MANA_TI):00898             FDB $0020*32+TILES,$0041*32+TILES,$0024*32+TILES,$0025*32+TILES,$0026*32+TILES,$0027*32+TILES,$0022*32+TILES,$0023*32+TILES
     1A341A5419B419D4
5F74 1DB41A9416341654 (SCROLLING_MANA_TI):00899             FDB $0042*32+TILES,$0029*32+TILES,$0006*32+TILES,$0007*32+TILES,$0016*32+TILES,$0017*32+TILES,$001C*32+TILES,$001D*32+TILES
     1834185418F41914
5F84 1834185418F41914 (SCROLLING_MANA_TI):00900             FDB $0016*32+TILES,$0017*32+TILES,$001C*32+TILES,$001D*32+TILES,$001A*32+TILES,$0035*32+TILES,$002B*32+TILES,$002C*32+TILES
     18B41C141AD41AF4
5F94 2A742A9428B428D4 (SCROLLING_MANA_TI):00901             FDB $00A8*32+TILES,$00A9*32+TILES,$009A*32+TILES,$009B*32+TILES,$009C*32+TILES,$0099*32+TILES,$009A*32+TILES,$009B*32+TILES
     28F4289428B428D4
5FA4 239423B422D422F4 (SCROLLING_MANA_TI):00902             FDB $0071*32+TILES,$0072*32+TILES,$006B*32+TILES,$006C*32+TILES,$006D*32+TILES,$006E*32+TILES,$006D*32+TILES,$00A6*32+TILES
     2314233423142A34
5FB4 28F4289428B428D4 (SCROLLING_MANA_TI):00903             FDB $009C*32+TILES,$0099*32+TILES,$009A*32+TILES,$009B*32+TILES,$009C*32+TILES,$0099*32+TILES,$009C*32+TILES,$0086*32+TILES
     28F4289428F42634
5FC4 239423B422D422F4 (SCROLLING_MANA_TI):00904             FDB $0071*32+TILES,$0072*32+TILES,$006B*32+TILES,$006C*32+TILES,$006D*32+TILES,$006E*32+TILES,$006F*32+TILES,$0070*32+TILES
     2314233423542374
5FD4 23142A3428F42894 (SCROLLING_MANA_TI):00905             FDB $006D*32+TILES,$00A6*32+TILES,$009C*32+TILES,$0099*32+TILES,$009C*32+TILES,$0099*32+TILES,$009C*32+TILES,$0086*32+TILES
     28F4289428F42634
5FE4 25D4289428F42894 (SCROLLING_MANA_TI):00906             FDB $0083*32+TILES,$0099*32+TILES,$009C*32+TILES,$0099*32+TILES,$009C*32+TILES,$0099*32+TILES,$009C*32+TILES,$0099*32+TILES
     28F4289428F42894
5FF4 28F4263422D422F4 (SCROLLING_MANA_TI):00907             FDB $009C*32+TILES,$0086*32+TILES,$006B*32+TILES,$006C*32+TILES,$006D*32+TILES,$006E*32+TILES,$006F*32+TILES,$0070*32+TILES
     2314233423542374
6004 239423B422D422F4 (SCROLLING_MANA_TI):00908             FDB $0071*32+TILES,$0072*32+TILES,$006B*32+TILES,$006C*32+TILES,$006D*32+TILES,$006E*32+TILES,$006F*32+TILES,$0070*32+TILES
     2314233423542374
6014 2314233417F41814 (SCROLLING_MANA_TI):00909             FDB $006D*32+TILES,$006E*32+TILES,$0014*32+TILES,$0015*32+TILES,$0012*32+TILES,$0013*32+TILES,$0010*32+TILES,$0011*32+TILES
     17B417D417741794
6024 18F4191418B418D4 (SCROLLING_MANA_TI):00910             FDB $001C*32+TILES,$001D*32+TILES,$001A*32+TILES,$001B*32+TILES,$00AA*32+TILES,$00AB*32+TILES,$0016*32+TILES,$0017*32+TILES
     2AB42AD418341854
6034 18F4191418B41C14 (SCROLLING_MANA_TI):00911             FDB $001C*32+TILES,$001D*32+TILES,$001A*32+TILES,$0035*32+TILES,$002B*32+TILES,$004E*32+TILES,$002F*32+TILES,$0030*32+TILES
     1AD41F341B541B74
6044 1B941BB41B141B34 (SCROLLING_MANA_TI):00912             FDB $0031*32+TILES,$0032*32+TILES,$002D*32+TILES,$002E*32+TILES,$004F*32+TILES,$0050*32+TILES,$0016*32+TILES,$0017*32+TILES
     1F541F7418341854
6054 19F41A141A341A54 (SCROLLING_MANA_TI):00913             FDB $0024*32+TILES,$0025*32+TILES,$0026*32+TILES,$0027*32+TILES,$0022*32+TILES,$0023*32+TILES,$0024*32+TILES,$0025*32+TILES
     19B419D419F41A14
6064 1A341A541F941FB4 (SCROLLING_MANA_TI):00914             FDB $0026*32+TILES,$0027*32+TILES,$0051*32+TILES,$0052*32+TILES,$0059*32+TILES,$005A*32+TILES,$00A6*32+TILES,$0088*32+TILES
     209420B42A342674
6074 25F4261426542AF4 (SCROLLING_MANA_TI):00915             FDB $0084*32+TILES,$0085*32+TILES,$0087*32+TILES,$00AC*32+TILES,$00AD*32+TILES,$00AE*32+TILES,$00AF*32+TILES,$00B0*32+TILES
     2B142B342B542B74
6084 209420B41FD41FF4 (SCROLLING_MANA_TI):00916             FDB $0059*32+TILES,$005A*32+TILES,$0053*32+TILES,$0054*32+TILES,$00A6*32+TILES,$0088*32+TILES,$0087*32+TILES,$0088*32+TILES
     2A34267426542674
6094 25F4261426542AF4 (SCROLLING_MANA_TI):00917             FDB $0084*32+TILES,$0085*32+TILES,$0087*32+TILES,$00AC*32+TILES,$0055*32+TILES,$0056*32+TILES,$0057*32+TILES,$0058*32+TILES
     2014203420542074
60A4 209420B41FD41FF4 (SCROLLING_MANA_TI):00918             FDB $0059*32+TILES,$005A*32+TILES,$0053*32+TILES,$0054*32+TILES,$0055*32+TILES,$0056*32+TILES,$0057*32+TILES,$0058*32+TILES
     2014203420542074
60B4 2A34267426542674 (SCROLLING_MANA_TI):00919             FDB $00A6*32+TILES,$0088*32+TILES,$0087*32+TILES,$0088*32+TILES,$0087*32+TILES,$0088*32+TILES,$0087*32+TILES,$0088*32+TILES
     2654267426542674
60C4 26542AF420142B94 (SCROLLING_MANA_TI):00920             FDB $0087*32+TILES,$00AC*32+TILES,$0055*32+TILES,$00B1*32+TILES,$00B2*32+TILES,$00B3*32+TILES,$00B4*32+TILES,$00B5*32+TILES
     2BB42BD42BF42C14
60D4 209420B41FD41FF4 (SCROLLING_MANA_TI):00921             FDB $0059*32+TILES,$005A*32+TILES,$0053*32+TILES,$0054*32+TILES,$0055*32+TILES,$0056*32+TILES,$0057*32+TILES,$0058*32+TILES
     2014203420542074
60E4 209420B427D427F4 (SCROLLING_MANA_TI):00922             FDB $0059*32+TILES,$005A*32+TILES,$0093*32+TILES,$0094*32+TILES,$00B6*32+TILES,$0064*32+TILES,$0065*32+TILES,$0066*32+TILES
     2C3421F422142234
60F4 1634165416F41714 (SCROLLING_MANA_TI):00923             FDB $0006*32+TILES,$0007*32+TILES,$000C*32+TILES,$000D*32+TILES,$000A*32+TILES,$002A*32+TILES,$0020*32+TILES,$0021*32+TILES
     16B41AB419741994
6104 25942C5419B419D4 (SCROLLING_MANA_TI):00924             FDB $0081*32+TILES,$00B7*32+TILES,$0022*32+TILES,$0023*32+TILES,$0024*32+TILES,$0025*32+TILES,$0026*32+TILES,$0027*32+TILES
     19F41A141A341A54
6114 211421341CB41CD4 (SCROLLING_MANA_TI):00925             FDB $005D*32+TILES,$005E*32+TILES,$003A*32+TILES,$003B*32+TILES,$003C*32+TILES,$003D*32+TILES,$0038*32+TILES,$0039*32+TILES
     1CF41D141C741C94
6124 1CB41CD421542174 (SCROLLING_MANA_TI):00926             FDB $003A*32+TILES,$003B*32+TILES,$005F*32+TILES,$0060*32+TILES,$002F*32+TILES,$0030*32+TILES,$0031*32+TILES,$0032*32+TILES
     1B541B741B941BB4
6134 1B141B341B541B74 (SCROLLING_MANA_TI):00927             FDB $002D*32+TILES,$002E*32+TILES,$002F*32+TILES,$0030*32+TILES,$0031*32+TILES,$0032*32+TILES,$0069*32+TILES,$006A*32+TILES
     1B941BB4229422B4
6144 239423B423142A34 (SCROLLING_MANA_TI):00928             FDB $0071*32+TILES,$0072*32+TILES,$006D*32+TILES,$00A6*32+TILES,$009A*32+TILES,$009B*32+TILES,$00AC*32+TILES,$0070*32+TILES
     28B428D42AF42374
6154 2C742C942CB42CD4 (SCROLLING_MANA_TI):00929             FDB $00B8*32+TILES,$00B9*32+TILES,$00BA*32+TILES,$00BB*32+TILES,$0071*32+TILES,$0072*32+TILES,$006B*32+TILES,$006C*32+TILES
     239423B422D422F4
6164 23142A3428F42894 (SCROLLING_MANA_TI):00930             FDB $006D*32+TILES,$00A6*32+TILES,$009C*32+TILES,$0099*32+TILES,$009A*32+TILES,$009B*32+TILES,$00AC*32+TILES,$0070*32+TILES
     28B428D42AF42374
6174 2314233423542374 (SCROLLING_MANA_TI):00931             FDB $006D*32+TILES,$006E*32+TILES,$006F*32+TILES,$0070*32+TILES,$0071*32+TILES,$0072*32+TILES,$006B*32+TILES,$006C*32+TILES
     239423B422D422F4
6184 2314233423542374 (SCROLLING_MANA_TI):00932             FDB $006D*32+TILES,$006E*32+TILES,$006F*32+TILES,$0070*32+TILES,$006D*32+TILES,$00A6*32+TILES,$009C*32+TILES,$0099*32+TILES
     23142A3428F42894
6194 28F4289428F42894 (SCROLLING_MANA_TI):00933             FDB $009C*32+TILES,$0099*32+TILES,$009C*32+TILES,$0099*32+TILES,$00AC*32+TILES,$0070*32+TILES,$00BC*32+TILES,$00BD*32+TILES
     2AF423742CF42D14
61A4 231423342D342D54 (SCROLLING_MANA_TI):00934             FDB $006D*32+TILES,$006E*32+TILES,$00BE*32+TILES,$00BF*32+TILES,$0071*32+TILES,$0072*32+TILES,$006B*32+TILES,$006C*32+TILES
     239423B422D422F4
61B4 2314233423542374 (SCROLLING_MANA_TI):00935             FDB $006D*32+TILES,$006E*32+TILES,$006F*32+TILES,$0070*32+TILES,$0071*32+TILES,$0072*32+TILES,$00A2*32+TILES,$001F*32+TILES
     239423B429B41954
61C4 24D424F425142534 (SCROLLING_MANA_TI):00936             FDB $007B*32+TILES,$007C*32+TILES,$007D*32+TILES,$007E*32+TILES,$0016*32+TILES,$0017*32+TILES,$001C*32+TILES,$001D*32+TILES
     1834185418F41914
61D4 18B41C141AD41AF4 (SCROLLING_MANA_TI):00937             FDB $001A*32+TILES,$0035*32+TILES,$002B*32+TILES,$002C*32+TILES,$00C0*32+TILES,$00C1*32+TILES,$002D*32+TILES,$002E*32+TILES
     2D742D941B141B34
61E4 1B541B741B941BB4 (SCROLLING_MANA_TI):00938             FDB $002F*32+TILES,$0030*32+TILES,$0031*32+TILES,$0032*32+TILES,$0075*32+TILES,$0076*32+TILES,$0047*32+TILES,$0048*32+TILES
     241424341E541E74
61F4 1E941EB41E141E34 (SCROLLING_MANA_TI):00939             FDB $0049*32+TILES,$004A*32+TILES,$0045*32+TILES,$0046*32+TILES,$0078*32+TILES,$0079*32+TILES,$0049*32+TILES,$0077*32+TILES
     247424941E942454
6204 2DB42DD42DF41D14 (SCROLLING_MANA_TI):00940             FDB $00C2*32+TILES,$00C3*32+TILES,$00C4*32+TILES,$003D*32+TILES,$0038*32+TILES,$0039*32+TILES,$003A*32+TILES,$003B*32+TILES
     1C741C941CB41CD4
6214 1CF41D1420142034 (SCROLLING_MANA_TI):00941             FDB $003C*32+TILES,$003D*32+TILES,$0055*32+TILES,$0056*32+TILES,$0057*32+TILES,$0058*32+TILES,$0059*32+TILES,$005A*32+TILES
     20542074209420B4
6224 1FD41FF42B142B34 (SCROLLING_MANA_TI):00942             FDB $0053*32+TILES,$0054*32+TILES,$00AD*32+TILES,$00AE*32+TILES,$00C5*32+TILES,$00C6*32+TILES,$00C7*32+TILES,$00C8*32+TILES
     2E142E342E542E74
6234 2E942EB42B542B74 (SCROLLING_MANA_TI):00943             FDB $00C9*32+TILES,$00CA*32+TILES,$00AF*32+TILES,$00B0*32+TILES,$0059*32+TILES,$005A*32+TILES,$0053*32+TILES,$0054*32+TILES
     209420B41FD41FF4
6244 2014203420542074 (SCROLLING_MANA_TI):00944             FDB $0055*32+TILES,$0056*32+TILES,$0057*32+TILES,$0058*32+TILES,$0059*32+TILES,$005A*32+TILES,$0053*32+TILES,$0054*32+TILES
     209420B41FD41FF4
6254 2014203420542074 (SCROLLING_MANA_TI):00945             FDB $0055*32+TILES,$0056*32+TILES,$0057*32+TILES,$0058*32+TILES,$0059*32+TILES,$005A*32+TILES,$0053*32+TILES,$0054*32+TILES
     209420B41FD41FF4
6264 2014203420542074 (SCROLLING_MANA_TI):00946             FDB $0055*32+TILES,$0056*32+TILES,$0057*32+TILES,$0058*32+TILES,$00A6*32+TILES,$0088*32+TILES,$0087*32+TILES,$00AC*32+TILES
     2A34267426542AF4
6274 201420342ED42EF4 (SCROLLING_MANA_TI):00947             FDB $0055*32+TILES,$0056*32+TILES,$00CB*32+TILES,$00CC*32+TILES,$0059*32+TILES,$005A*32+TILES,$0053*32+TILES,$0054*32+TILES
     209420B41FD41FF4
6284 2BB42BD42BB42BD4 (SCROLLING_MANA_TI):00948             FDB $00B2*32+TILES,$00B3*32+TILES,$00B2*32+TILES,$00B3*32+TILES,$00B4*32+TILES,$00B5*32+TILES,$0053*32+TILES,$0054*32+TILES
     2BF42C141FD41FF4
6294 2F142F3415B415D4 (SCROLLING_MANA_TI):00949             FDB $00CD*32+TILES,$00CE*32+TILES,$0002*32+TILES,$0003*32+TILES,$0000*32+TILES,$0001*32+TILES,$0095*32+TILES,$0096*32+TILES
     1574159428142834
62A4 2214223419F41A14 (SCROLLING_MANA_TI):00950             FDB $0065*32+TILES,$0066*32+TILES,$0024*32+TILES,$0025*32+TILES,$0026*32+TILES,$0027*32+TILES,$0051*32+TILES,$0052*32+TILES
     1A341A541F941FB4
62B4 201420341C741C94 (SCROLLING_MANA_TI):00951             FDB $0055*32+TILES,$0056*32+TILES,$0038*32+TILES,$0039*32+TILES,$003A*32+TILES,$003B*32+TILES,$003C*32+TILES,$003D*32+TILES
     1CB41CD41CF41D14
62C4 20142034269426B4 (SCROLLING_MANA_TI):00952             FDB $0055*32+TILES,$0056*32+TILES,$0089*32+TILES,$008A*32+TILES,$0059*32+TILES,$00CF*32+TILES,$00D0*32+TILES,$0054*32+TILES
     20942F542F741FF4
62D4 279427B41C741C94 (SCROLLING_MANA_TI):00953             FDB $0091*32+TILES,$0092*32+TILES,$0038*32+TILES,$0039*32+TILES,$006D*32+TILES,$006E*32+TILES,$00BE*32+TILES,$00D1*32+TILES
     231423342D342F94
62E4 1E141E3424742494 (SCROLLING_MANA_TI):00954             FDB $0045*32+TILES,$0046*32+TILES,$0078*32+TILES,$0079*32+TILES,$0049*32+TILES,$004A*32+TILES,$006D*32+TILES,$006E*32+TILES
     1E941EB423142334
62F4 23542374239423B4 (SCROLLING_MANA_TI):00955             FDB $006F*32+TILES,$0070*32+TILES,$0071*32+TILES,$0072*32+TILES,$006B*32+TILES,$006C*32+TILES,$00B8*32+TILES,$00B9*32+TILES
     22D422F42C742C94
6304 2FB42FD42FF43014 (SCROLLING_MANA_TI):00956             FDB $00D2*32+TILES,$00D3*32+TILES,$00D4*32+TILES,$00D5*32+TILES,$00C5*32+TILES,$00C6*32+TILES,$00BA*32+TILES,$00BB*32+TILES
     2E142E342CB42CD4
6314 239423B422D422F4 (SCROLLING_MANA_TI):00957             FDB $0071*32+TILES,$0072*32+TILES,$006B*32+TILES,$006C*32+TILES,$006D*32+TILES,$006E*32+TILES,$006F*32+TILES,$0070*32+TILES
     2314233423542374
6324 239423B422D422F4 (SCROLLING_MANA_TI):00958             FDB $0071*32+TILES,$0072*32+TILES,$006B*32+TILES,$006C*32+TILES,$006D*32+TILES,$006E*32+TILES,$006F*32+TILES,$0070*32+TILES
     2314233423542374
6334 239423B422D422F4 (SCROLLING_MANA_TI):00959             FDB $0071*32+TILES,$0072*32+TILES,$006B*32+TILES,$006C*32+TILES,$006D*32+TILES,$006E*32+TILES,$006F*32+TILES,$0070*32+TILES
     2314233423542374
6344 23142A342AF42374 (SCROLLING_MANA_TI):00960             FDB $006D*32+TILES,$00A6*32+TILES,$00AC*32+TILES,$0070*32+TILES,$006D*32+TILES,$006E*32+TILES,$00D6*32+TILES,$00D7*32+TILES
     2314233430343054
6354 239423B422D422F4 (SCROLLING_MANA_TI):00961             FDB $0071*32+TILES,$0072*32+TILES,$006B*32+TILES,$006C*32+TILES,$006D*32+TILES,$006E*32+TILES,$006D*32+TILES,$006E*32+TILES
     2314233423142334
6364 2D342D5422D422F4 (SCROLLING_MANA_TI):00962             FDB $00BE*32+TILES,$00BF*32+TILES,$006B*32+TILES,$006C*32+TILES,$00D8*32+TILES,$001F*32+TILES,$0012*32+TILES,$0013*32+TILES
     3074195417B417D4
6374 1774179429D429F4 (SCROLLING_MANA_TI):00963             FDB $0010*32+TILES,$0011*32+TILES,$00A3*32+TILES,$00A4*32+TILES,$007D*32+TILES,$007E*32+TILES,$002F*32+TILES,$0030*32+TILES
     251425341B541B74
6384 1B941BB4229422B4 (SCROLLING_MANA_TI):00964             FDB $0031*32+TILES,$0032*32+TILES,$0069*32+TILES,$006A*32+TILES,$006D*32+TILES,$006E*32+TILES,$0045*32+TILES,$0046*32+TILES
     231423341E141E34
6394 1E541E741E941EB4 (SCROLLING_MANA_TI):00965             FDB $0047*32+TILES,$0048*32+TILES,$0049*32+TILES,$004A*32+TILES,$006D*32+TILES,$006E*32+TILES,$009D*32+TILES,$009E*32+TILES
     2314233429142934
63A4 309430B430D430F4 (SCROLLING_MANA_TI):00966             FDB $00D9*32+TILES,$00DA*32+TILES,$00DB*32+TILES,$00DC*32+TILES,$00A0*32+TILES,$00A1*32+TILES,$0045*32+TILES,$0046*32+TILES
     297429941E141E34
63B4 1FD41FF420143114 (SCROLLING_MANA_TI):00967             FDB $0053*32+TILES,$0054*32+TILES,$0055*32+TILES,$00DD*32+TILES,$0057*32+TILES,$0058*32+TILES,$0091*32+TILES,$0092*32+TILES
     20542074279427B4
63C4 209420B41FD41FF4 (SCROLLING_MANA_TI):00968             FDB $0059*32+TILES,$005A*32+TILES,$0053*32+TILES,$0054*32+TILES,$0055*32+TILES,$0056*32+TILES,$0055*32+TILES,$0056*32+TILES
     2014203420142034
63D4 2054207431343154 (SCROLLING_MANA_TI):00969             FDB $0057*32+TILES,$0058*32+TILES,$00DE*32+TILES,$00DF*32+TILES,$00C7*32+TILES,$00C8*32+TILES,$00C5*32+TILES,$00C6*32+TILES
     2E542E742E142E34
63E4 2E142E342E543174 (SCROLLING_MANA_TI):00970             FDB $00C5*32+TILES,$00C6*32+TILES,$00C7*32+TILES,$00E0*32+TILES,$0055*32+TILES,$0056*32+TILES,$0057*32+TILES,$0058*32+TILES
     2014203420542074
63F4 209420B41FD41FF4 (SCROLLING_MANA_TI):00971             FDB $0059*32+TILES,$005A*32+TILES,$0053*32+TILES,$0054*32+TILES,$00CD*32+TILES,$00CE*32+TILES,$00E1*32+TILES,$00E2*32+TILES
     2F142F34319431B4
6404 31D431F427D427F4 (SCROLLING_MANA_TI):00972             FDB $00E3*32+TILES,$00E4*32+TILES,$0093*32+TILES,$0094*32+TILES,$00B6*32+TILES,$0064*32+TILES,$00E5*32+TILES,$00E6*32+TILES
     2C3421F432143234
6414 209420B41FD41FF4 (SCROLLING_MANA_TI):00973             FDB $0059*32+TILES,$005A*32+TILES,$0053*32+TILES,$0054*32+TILES,$0055*32+TILES,$0056*32+TILES,$0057*32+TILES,$0058*32+TILES
     2014203420542074
6424 209420B432543274 (SCROLLING_MANA_TI):00974             FDB $0059*32+TILES,$005A*32+TILES,$00E7*32+TILES,$00E8*32+TILES,$0055*32+TILES,$0056*32+TILES,$008D*32+TILES,$008E*32+TILES
     2014203427142734
6434 2B142B342B542B74 (SCROLLING_MANA_TI):00975             FDB $00AD*32+TILES,$00AE*32+TILES,$00AF*32+TILES,$00B0*32+TILES,$00E9*32+TILES,$00EA*32+TILES,$00EB*32+TILES,$00EC*32+TILES
     329432B432D432F4
6444 15F4161415741594 (SCROLLING_MANA_TI):00976             FDB $0004*32+TILES,$0005*32+TILES,$0000*32+TILES,$0001*32+TILES,$0002*32+TILES,$0003*32+TILES,$0000*32+TILES,$0001*32+TILES
     15B415D415741594
6454 2814283433143334 (SCROLLING_MANA_TI):00977             FDB $0095*32+TILES,$0096*32+TILES,$00ED*32+TILES,$00EE*32+TILES,$00EF*32+TILES,$00F0*32+TILES,$0089*32+TILES,$008A*32+TILES
     33543374269426B4
6464 209420B41FD41FF4 (SCROLLING_MANA_TI):00978             FDB $0059*32+TILES,$005A*32+TILES,$0053*32+TILES,$0054*32+TILES,$0055*32+TILES,$0056*32+TILES,$0057*32+TILES,$0058*32+TILES
     2014203420542074
6474 209420B41FD41FF4 (SCROLLING_MANA_TI):00979             FDB $0059*32+TILES,$005A*32+TILES,$0053*32+TILES,$0054*32+TILES,$00F1*32+TILES,$00F2*32+TILES,$00F3*32+TILES,$00F4*32+TILES
     339433B433D433F4
6484 209420B420542074 (SCROLLING_MANA_TI):00980             FDB $0059*32+TILES,$005A*32+TILES,$0057*32+TILES,$0058*32+TILES,$006B*32+TILES,$006C*32+TILES,$00F5*32+TILES,$00F6*32+TILES
     22D422F434143434
6494 2354237429742994 (SCROLLING_MANA_TI):00981             FDB $006F*32+TILES,$0070*32+TILES,$00A0*32+TILES,$00A1*32+TILES,$0071*32+TILES,$0072*32+TILES,$006B*32+TILES,$006C*32+TILES
     239423B422D422F4
64A4 2314233423142334 (SCROLLING_MANA_TI):00982             FDB $006D*32+TILES,$006E*32+TILES,$006D*32+TILES,$006E*32+TILES,$006F*32+TILES,$0070*32+TILES,$00F7*32+TILES,$00F8*32+TILES
     2354237434543474
64B4 349434B434D434F4 (SCROLLING_MANA_TI):00983             FDB $00F9*32+TILES,$00FA*32+TILES,$00FB*32+TILES,$00FC*32+TILES,$00D2*32+TILES,$00D3*32+TILES,$00D4*32+TILES,$00FD*32+TILES
     2FB42FD42FF43514
64C4 2314233423542374 (SCROLLING_MANA_TI):00984             FDB $006D*32+TILES,$006E*32+TILES,$006F*32+TILES,$0070*32+TILES,$0071*32+TILES,$0072*32+TILES,$006B*32+TILES,$006C*32+TILES
     239423B422D422F4
64D4 3074195424D424F4 (SCROLLING_MANA_TI):00985             FDB $00D8*32+TILES,$001F*32+TILES,$007B*32+TILES,$007C*32+TILES,$007D*32+TILES,$00FE*32+TILES,$00A2*32+TILES,$001F*32+TILES
     2514353429B41954
64E4 24D424F425143554 (SCROLLING_MANA_TI):00986             FDB $007B*32+TILES,$007C*32+TILES,$007D*32+TILES,$00FF*32+TILES,$0071*32+TILES,$0072*32+TILES,$006B*32+TILES,$006C*32+TILES
     239423B422D422F4
64F4 2314233423542374 (SCROLLING_MANA_TI):00987             FDB $006D*32+TILES,$006E*32+TILES,$006F*32+TILES,$0070*32+TILES,$0071*32+TILES,$0072*32+TILES,$0100*32+TILES,$0101*32+TILES
     239423B435743594
6504 2314233423142954 (SCROLLING_MANA_TI):00988             FDB $006D*32+TILES,$006E*32+TILES,$006D*32+TILES,$009F*32+TILES,$00B8*32+TILES,$00B9*32+TILES,$00BA*32+TILES,$00BB*32+TILES
     2C742C942CB42CD4
6514 35B435D435F43614 (SCROLLING_MANA_TI):00989             FDB $0102*32+TILES,$0103*32+TILES,$0104*32+TILES,$0105*32+TILES,$0014*32+TILES,$0015*32+TILES,$0010*32+TILES,$0011*32+TILES
     17F4181417741794
6524 17B417D417741794 (SCROLLING_MANA_TI):00990             FDB $0012*32+TILES,$0013*32+TILES,$0010*32+TILES,$0011*32+TILES,$00A3*32+TILES,$00A4*32+TILES,$007B*32+TILES,$007C*32+TILES
     29D429F424D424F4
6534 2514363429142934 (SCROLLING_MANA_TI):00991             FDB $007D*32+TILES,$0106*32+TILES,$009D*32+TILES,$009E*32+TILES,$0071*32+TILES,$0072*32+TILES,$006B*32+TILES,$006C*32+TILES
     239423B422D422F4
6544 2314233423542374 (SCROLLING_MANA_TI):00992             FDB $006D*32+TILES,$006E*32+TILES,$006F*32+TILES,$0070*32+TILES,$0071*32+TILES,$0072*32+TILES,$006B*32+TILES,$006C*32+TILES
     239423B422D422F4
6554 36543674369436B4 (SCROLLING_MANA_TI):00993             FDB $0107*32+TILES,$0108*32+TILES,$0109*32+TILES,$010A*32+TILES,$0071*32+TILES,$0072*32+TILES,$006F*32+TILES,$0070*32+TILES
     239423B423542374
6564 2014311436D436F4 (SCROLLING_MANA_TI):00994             FDB $0055*32+TILES,$00DD*32+TILES,$010B*32+TILES,$010C*32+TILES,$010D*32+TILES,$010E*32+TILES,$0053*32+TILES,$0054*32+TILES
     371437341FD41FF4
6574 2014203437543774 (SCROLLING_MANA_TI):00995             FDB $0055*32+TILES,$0056*32+TILES,$010F*32+TILES,$0110*32+TILES,$0063*32+TILES,$0064*32+TILES,$0111*32+TILES,$0112*32+TILES
     21D421F4379437B4
6584 37D437F420542074 (SCROLLING_MANA_TI):00996             FDB $0113*32+TILES,$0114*32+TILES,$0057*32+TILES,$0058*32+TILES,$0059*32+TILES,$005A*32+TILES,$0053*32+TILES,$0054*32+TILES
     209420B41FD41FF4
6594 3134315438143834 (SCROLLING_MANA_TI):00997             FDB $00DE*32+TILES,$00DF*32+TILES,$0115*32+TILES,$0116*32+TILES,$0059*32+TILES,$005A*32+TILES,$0053*32+TILES,$0054*32+TILES
     209420B41FD41FF4
65A4 2014203437543774 (SCROLLING_MANA_TI):00998             FDB $0055*32+TILES,$0056*32+TILES,$010F*32+TILES,$0110*32+TILES,$0002*32+TILES,$0003*32+TILES,$0000*32+TILES,$0001*32+TILES
     15B415D415741594
65B4 2814283416341654 (SCROLLING_MANA_TI):00999             FDB $0095*32+TILES,$0096*32+TILES,$0006*32+TILES,$0007*32+TILES,$0000*32+TILES,$0001*32+TILES,$0095*32+TILES,$0096*32+TILES
     1574159428142834
65C4 2C3421F437D437F4 (SCROLLING_MANA_TI):01000             FDB $00B6*32+TILES,$0064*32+TILES,$0113*32+TILES,$0114*32+TILES,$0059*32+TILES,$005A*32+TILES,$0053*32+TILES,$0054*32+TILES
     209420B41FD41FF4
65D4 2014203438543874 (SCROLLING_MANA_TI):01001             FDB $0055*32+TILES,$0056*32+TILES,$0117*32+TILES,$0118*32+TILES,$0119*32+TILES,$011A*32+TILES,$00E7*32+TILES,$00E8*32+TILES
     389438B432543274
65E4 3134315438143834 (SCROLLING_MANA_TI):01002             FDB $00DE*32+TILES,$00DF*32+TILES,$0115*32+TILES,$0116*32+TILES,$011B*32+TILES,$011C*32+TILES,$0051*32+TILES,$0052*32+TILES
     38D438F41F941FB4
65F4 39141A9416341654 (SCROLLING_MANA_TI):01003             FDB $011D*32+TILES,$0029*32+TILES,$0006*32+TILES,$0007*32+TILES,$000C*32+TILES,$000D*32+TILES,$0000*32+TILES,$0001*32+TILES
     16F4171415741594
6604 15B415D415741594 (SCROLLING_MANA_TI):01004             FDB $0002*32+TILES,$0003*32+TILES,$0000*32+TILES,$0001*32+TILES,$0095*32+TILES,$0096*32+TILES,$011E*32+TILES,$011F*32+TILES
     2814283439343954
6614 2014203420542074 (SCROLLING_MANA_TI):01005             FDB $0055*32+TILES,$0056*32+TILES,$0057*32+TILES,$0058*32+TILES,$0059*32+TILES,$005A*32+TILES,$0053*32+TILES,$0054*32+TILES
     209420B41FD41FF4
6624 2014203420542074 (SCROLLING_MANA_TI):01006             FDB $0055*32+TILES,$0056*32+TILES,$0057*32+TILES,$0058*32+TILES,$0059*32+TILES,$005A*32+TILES,$0053*32+TILES,$0054*32+TILES
     209420B41FD41FF4
6634 2014203420542074 (SCROLLING_MANA_TI):01007             FDB $0055*32+TILES,$0056*32+TILES,$0057*32+TILES,$0058*32+TILES,$00F5*32+TILES,$00F6*32+TILES,$0120*32+TILES,$0121*32+TILES
     3414343439743994
6644 285439B422D422F4 (SCROLLING_MANA_TI):01008             FDB $0097*32+TILES,$0122*32+TILES,$006B*32+TILES,$006C*32+TILES,$006D*32+TILES,$006E*32+TILES,$0123*32+TILES,$001F*32+TILES
     2314233439D41954
6654 24D424F424D424F4 (SCROLLING_MANA_TI):01009             FDB $007B*32+TILES,$007C*32+TILES,$007B*32+TILES,$007C*32+TILES,$007D*32+TILES,$0124*32+TILES,$006F*32+TILES,$0070*32+TILES
     251439F423542374
6664 239423B422D422F4 (SCROLLING_MANA_TI):01010             FDB $0071*32+TILES,$0072*32+TILES,$006B*32+TILES,$006C*32+TILES,$00F7*32+TILES,$00F8*32+TILES,$0125*32+TILES,$0126*32+TILES
     345434743A143A34
6674 239423B422D422F4 (SCROLLING_MANA_TI):01011             FDB $0071*32+TILES,$0072*32+TILES,$006B*32+TILES,$006C*32+TILES,$006D*32+TILES,$006E*32+TILES,$0123*32+TILES,$001F*32+TILES
     2314233439D41954
6684 17B417D417741794 (SCROLLING_MANA_TI):01012             FDB $0012*32+TILES,$0013*32+TILES,$0010*32+TILES,$0011*32+TILES,$00A3*32+TILES,$00A4*32+TILES,$0016*32+TILES,$0017*32+TILES
     29D429F418341854
6694 1774179429D429F4 (SCROLLING_MANA_TI):01013             FDB $0010*32+TILES,$0011*32+TILES,$00A3*32+TILES,$00A4*32+TILES,$007B*32+TILES,$007C*32+TILES,$007D*32+TILES,$0124*32+TILES
     24D424F4251439F4
66A4 239423B422D422F4 (SCROLLING_MANA_TI):01014             FDB $0071*32+TILES,$0072*32+TILES,$006B*32+TILES,$006C*32+TILES,$006D*32+TILES,$006E*32+TILES,$0127*32+TILES,$0128*32+TILES
     231423343A543A74
66B4 3A943AB435743594 (SCROLLING_MANA_TI):01015             FDB $0129*32+TILES,$012A*32+TILES,$0100*32+TILES,$0101*32+TILES,$00F7*32+TILES,$00F8*32+TILES,$0125*32+TILES,$0126*32+TILES
     345434743A143A34
66C4 3AD43AF4229422B4 (SCROLLING_MANA_TI):01016             FDB $012B*32+TILES,$012C*32+TILES,$0069*32+TILES,$006A*32+TILES,$012D*32+TILES,$012E*32+TILES,$0016*32+TILES,$0017*32+TILES
     3B143B3418341854
66D4 18F4191417741794 (SCROLLING_MANA_TI):01017             FDB $001C*32+TILES,$001D*32+TILES,$0010*32+TILES,$0011*32+TILES,$0012*32+TILES,$0013*32+TILES,$0010*32+TILES,$0011*32+TILES
     17B417D417741794
66E4 29D429F425143B54 (SCROLLING_MANA_TI):01018             FDB $00A3*32+TILES,$00A4*32+TILES,$007D*32+TILES,$012F*32+TILES,$006D*32+TILES,$006E*32+TILES,$006F*32+TILES,$0070*32+TILES
     2314233423542374
66F4 239423B422D422F4 (SCROLLING_MANA_TI):01019             FDB $0071*32+TILES,$0072*32+TILES,$006B*32+TILES,$006C*32+TILES,$006D*32+TILES,$006E*32+TILES,$006F*32+TILES,$0070*32+TILES
     2314233423542374
6704 239423B422D422F4 (SCROLLING_MANA_TI):01020             FDB $0071*32+TILES,$0072*32+TILES,$006B*32+TILES,$006C*32+TILES,$006D*32+TILES,$006E*32+TILES,$006F*32+TILES,$0070*32+TILES
     2314233423542374
6714 3B743B943BB43BD4 (SCROLLING_MANA_TI):01021             FDB $0130*32+TILES,$0131*32+TILES,$0132*32+TILES,$0133*32+TILES,$0134*32+TILES,$0135*32+TILES,$0057*32+TILES,$0136*32+TILES
     3BF43C1420543C34
6724 3C543C743C943CB4 (SCROLLING_MANA_TI):01022             FDB $0137*32+TILES,$0138*32+TILES,$0139*32+TILES,$013A*32+TILES,$013B*32+TILES,$0003*32+TILES,$000C*32+TILES,$000D*32+TILES
     3CD415D416F41714
6734 281428343CF43D14 (SCROLLING_MANA_TI):01023             FDB $0095*32+TILES,$0096*32+TILES,$013C*32+TILES,$013D*32+TILES,$0055*32+TILES,$0056*32+TILES,$0057*32+TILES,$0058*32+TILES
     2014203420542074
6744 3D343D54379437B4 (SCROLLING_MANA_TI):01024             FDB $013E*32+TILES,$013F*32+TILES,$0111*32+TILES,$0112*32+TILES,$011E*32+TILES,$011F*32+TILES,$0059*32+TILES,$00CF*32+TILES
     3934395420942F54
6754 3D7420B415F41614 (SCROLLING_MANA_TI):01025             FDB $0140*32+TILES,$005A*32+TILES,$0004*32+TILES,$0005*32+TILES,$0000*32+TILES,$0001*32+TILES,$0002*32+TILES,$0003*32+TILES
     1574159415B415D4
6764 16F4171416B416D4 (SCROLLING_MANA_TI):01026             FDB $000C*32+TILES,$000D*32+TILES,$000A*32+TILES,$000B*32+TILES,$0141*32+TILES,$0142*32+TILES,$0139*32+TILES,$013A*32+TILES
     3D943DB43C943CB4
6774 3DD4161428142834 (SCROLLING_MANA_TI):01027             FDB $0143*32+TILES,$0005*32+TILES,$0095*32+TILES,$0096*32+TILES,$0113*32+TILES,$0114*32+TILES,$00AD*32+TILES,$00AE*32+TILES
     37D437F42B142B34
6784 2B542B741FD41FF4 (SCROLLING_MANA_TI):01028             FDB $00AF*32+TILES,$00B0*32+TILES,$0053*32+TILES,$0054*32+TILES,$0055*32+TILES,$0056*32+TILES,$0117*32+TILES,$0118*32+TILES
     2014203438543874
6794 389438B4389438B4 (SCROLLING_MANA_TI):01029             FDB $0119*32+TILES,$011A*32+TILES,$0119*32+TILES,$011A*32+TILES,$0144*32+TILES,$0145*32+TILES,$0057*32+TILES,$0058*32+TILES
     3DF43E1420542074
67A4 209420B41D7419D4 (SCROLLING_MANA_TI):01030             FDB $0059*32+TILES,$005A*32+TILES,$0040*32+TILES,$0023*32+TILES,$0042*32+TILES,$0029*32+TILES,$0004*32+TILES,$0005*32+TILES
     1DB41A9415F41614
67B4 1574159415B415D4 (SCROLLING_MANA_TI):01031             FDB $0000*32+TILES,$0001*32+TILES,$0002*32+TILES,$0003*32+TILES,$000C*32+TILES,$000D*32+TILES,$000A*32+TILES,$000B*32+TILES
     16F4171416B416D4
67C4 209420B41FD41FF4 (SCROLLING_MANA_TI):01032             FDB $0059*32+TILES,$005A*32+TILES,$0053*32+TILES,$0054*32+TILES,$0055*32+TILES,$0056*32+TILES,$0057*32+TILES,$0058*32+TILES
     2014203420542074
67D4 209420B41FD41FF4 (SCROLLING_MANA_TI):01033             FDB $0059*32+TILES,$005A*32+TILES,$0053*32+TILES,$0054*32+TILES,$0055*32+TILES,$0056*32+TILES,$00AD*32+TILES,$00AE*32+TILES
     201420342B142B34
67E4 3E343E542E542E74 (SCROLLING_MANA_TI):01034             FDB $0146*32+TILES,$0147*32+TILES,$00C7*32+TILES,$00C8*32+TILES,$007D*32+TILES,$0148*32+TILES,$0149*32+TILES,$014A*32+TILES
     25143E743E943EB4
67F4 3ED43EF43F142D14 (SCROLLING_MANA_TI):01035             FDB $014B*32+TILES,$014C*32+TILES,$014D*32+TILES,$00BD*32+TILES,$006D*32+TILES,$006E*32+TILES,$006D*32+TILES,$006E*32+TILES
     2314233423142334
6804 2D343F3418F41914 (SCROLLING_MANA_TI):01036             FDB $00BE*32+TILES,$014E*32+TILES,$001C*32+TILES,$001D*32+TILES,$00A3*32+TILES,$00A4*32+TILES,$007D*32+TILES,$014F*32+TILES
     29D429F425143F54
6814 2314233423542374 (SCROLLING_MANA_TI):01037             FDB $006D*32+TILES,$006E*32+TILES,$006F*32+TILES,$0070*32+TILES,$0150*32+TILES,$001F*32+TILES,$007B*32+TILES,$007C*32+TILES
     3F74195424D424F4
6824 25143B54309430B4 (SCROLLING_MANA_TI):01038             FDB $007D*32+TILES,$012F*32+TILES,$00D9*32+TILES,$00DA*32+TILES,$00DB*32+TILES,$0151*32+TILES,$0014*32+TILES,$0015*32+TILES
     30D43F9417F41814
6834 1774179417B417D4 (SCROLLING_MANA_TI):01039             FDB $0010*32+TILES,$0011*32+TILES,$0012*32+TILES,$0013*32+TILES,$001C*32+TILES,$001D*32+TILES,$001A*32+TILES,$001B*32+TILES
     18F4191418B418D4
6844 3FB43FD423142334 (SCROLLING_MANA_TI):01040             FDB $0152*32+TILES,$0153*32+TILES,$006D*32+TILES,$006E*32+TILES,$0154*32+TILES,$0155*32+TILES,$00A3*32+TILES,$00A4*32+TILES
     3FF4401429D429F4
6854 251439F42C742C94 (SCROLLING_MANA_TI):01041             FDB $007D*32+TILES,$0124*32+TILES,$00B8*32+TILES,$00B9*32+TILES,$00BA*32+TILES,$00BB*32+TILES,$006B*32+TILES,$006C*32+TILES
     2CB42CD422D422F4
6864 231423343A543A74 (SCROLLING_MANA_TI):01042             FDB $006D*32+TILES,$006E*32+TILES,$0127*32+TILES,$0128*32+TILES,$0129*32+TILES,$012A*32+TILES,$0129*32+TILES,$012A*32+TILES
     3A943AB43A943AB4
6874 4034405423542374 (SCROLLING_MANA_TI):01043             FDB $0156*32+TILES,$0157*32+TILES,$006F*32+TILES,$0070*32+TILES,$0071*32+TILES,$0072*32+TILES,$004D*32+TILES,$002E*32+TILES
     239423B41F141B34
6884 1F541F7417F41814 (SCROLLING_MANA_TI):01044             FDB $004F*32+TILES,$0050*32+TILES,$0014*32+TILES,$0015*32+TILES,$0010*32+TILES,$0011*32+TILES,$0012*32+TILES,$0013*32+TILES
     1774179417B417D4
6894 18F4191418B418D4 (SCROLLING_MANA_TI):01045             FDB $001C*32+TILES,$001D*32+TILES,$001A*32+TILES,$001B*32+TILES,$0071*32+TILES,$0072*32+TILES,$006B*32+TILES,$006C*32+TILES
     239423B422D422F4
68A4 2314233423542374 (SCROLLING_MANA_TI):01046             FDB $006D*32+TILES,$006E*32+TILES,$006F*32+TILES,$0070*32+TILES,$0071*32+TILES,$0072*32+TILES,$006B*32+TILES,$006C*32+TILES
     239423B422D422F4
68B4 231423342C742C94 (SCROLLING_MANA_TI):01047             FDB $006D*32+TILES,$006E*32+TILES,$00B8*32+TILES,$00B9*32+TILES,$00D2*32+TILES,$00D3*32+TILES,$00D4*32+TILES,$00D5*32+TILES
     2FB42FD42FF43014
68C4 16B416D4407436F4 (SCROLLING_MANA_TI):01048             FDB $000A*32+TILES,$000B*32+TILES,$0158*32+TILES,$010C*32+TILES,$0159*32+TILES,$015A*32+TILES,$015B*32+TILES,$015C*32+TILES
     409440B440D440F4
68D4 2014203420542074 (SCROLLING_MANA_TI):01049             FDB $0055*32+TILES,$0056*32+TILES,$0057*32+TILES,$0058*32+TILES,$0055*32+TILES,$00DD*32+TILES,$015D*32+TILES,$015E*32+TILES
     2014311441144134
68E4 15F4161422142234 (SCROLLING_MANA_TI):01050             FDB $0004*32+TILES,$0005*32+TILES,$0065*32+TILES,$0066*32+TILES,$0059*32+TILES,$015F*32+TILES,$0160*32+TILES,$0054*32+TILES
     2094415441741FF4
68F4 15F4161415741594 (SCROLLING_MANA_TI):01051             FDB $0004*32+TILES,$0005*32+TILES,$0000*32+TILES,$0001*32+TILES,$0095*32+TILES,$0096*32+TILES,$0161*32+TILES,$0162*32+TILES
     28142834419441B4
6904 41D441F439141A94 (SCROLLING_MANA_TI):01052             FDB $0163*32+TILES,$0164*32+TILES,$011D*32+TILES,$0029*32+TILES,$0006*32+TILES,$0007*32+TILES,$000C*32+TILES,$000D*32+TILES
     1634165416F41714
6914 16B41AB419744214 (SCROLLING_MANA_TI):01053             FDB $000A*32+TILES,$002A*32+TILES,$0020*32+TILES,$0165*32+TILES,$0166*32+TILES,$0096*32+TILES,$00E3*32+TILES,$00E4*32+TILES
     4234283431D431F4
6924 329432B416F41714 (SCROLLING_MANA_TI):01054             FDB $00E9*32+TILES,$00EA*32+TILES,$000C*32+TILES,$000D*32+TILES,$000A*32+TILES,$000B*32+TILES,$00DE*32+TILES,$00DF*32+TILES
     16B416D431343154
6934 2E142E343E343E54 (SCROLLING_MANA_TI):01055             FDB $00C5*32+TILES,$00C6*32+TILES,$0146*32+TILES,$0147*32+TILES,$00AF*32+TILES,$00B0*32+TILES,$0053*32+TILES,$0054*32+TILES
     2B542B741FD41FF4
6944 2014203420542074 (SCROLLING_MANA_TI):01056             FDB $0055*32+TILES,$0056*32+TILES,$0057*32+TILES,$0058*32+TILES,$0059*32+TILES,$005A*32+TILES,$0053*32+TILES,$0054*32+TILES
     209420B41FD41FF4
6954 201420341C741C94 (SCROLLING_MANA_TI):01057             FDB $0055*32+TILES,$0056*32+TILES,$0038*32+TILES,$0039*32+TILES,$003A*32+TILES,$003B*32+TILES,$0167*32+TILES,$0029*32+TILES
     1CB41CD442541A94
6964 1634165416F41714 (SCROLLING_MANA_TI):01058             FDB $0006*32+TILES,$0007*32+TILES,$000C*32+TILES,$000D*32+TILES,$000A*32+TILES,$002A*32+TILES,$0020*32+TILES,$0021*32+TILES
     16B41AB419741994
6974 4274203420542074 (SCROLLING_MANA_TI):01059             FDB $0168*32+TILES,$0056*32+TILES,$0057*32+TILES,$0058*32+TILES,$0059*32+TILES,$005A*32+TILES,$0053*32+TILES,$0054*32+TILES
     209420B41FD41FF4
6984 2F142F34319431B4 (SCROLLING_MANA_TI):01060             FDB $00CD*32+TILES,$00CE*32+TILES,$00E1*32+TILES,$00E2*32+TILES,$0169*32+TILES,$016A*32+TILES,$00C5*32+TILES,$00C6*32+TILES
     429442B42E142E34
6994 2E542E742E542E74 (SCROLLING_MANA_TI):01061             FDB $00C7*32+TILES,$00C8*32+TILES,$00C7*32+TILES,$00C8*32+TILES,$001A*32+TILES,$001B*32+TILES,$00BE*32+TILES,$016B*32+TILES
     18B418D42D3442D4
69A4 42F4431443344354 (SCROLLING_MANA_TI):01062             FDB $016C*32+TILES,$016D*32+TILES,$016E*32+TILES,$016F*32+TILES,$006D*32+TILES,$006E*32+TILES,$006F*32+TILES,$0070*32+TILES
     2314233423542374
69B4 3414343443744394 (SCROLLING_MANA_TI):01063             FDB $00F5*32+TILES,$00F6*32+TILES,$0170*32+TILES,$0171*32+TILES,$0014*32+TILES,$0015*32+TILES,$007D*32+TILES,$007E*32+TILES
     17F4181425142534
69C4 43B42D142D3443D4 (SCROLLING_MANA_TI):01064             FDB $0172*32+TILES,$00BD*32+TILES,$00BE*32+TILES,$0173*32+TILES,$0014*32+TILES,$0015*32+TILES,$0010*32+TILES,$0011*32+TILES
     17F4181417741794
69D4 29D429F424D424F4 (SCROLLING_MANA_TI):01065             FDB $00A3*32+TILES,$00A4*32+TILES,$007B*32+TILES,$007C*32+TILES,$007D*32+TILES,$0174*32+TILES,$0175*32+TILES,$0176*32+TILES
     251443F444144434
69E4 1834185418F41914 (SCROLLING_MANA_TI):01066             FDB $0016*32+TILES,$0017*32+TILES,$001C*32+TILES,$001D*32+TILES,$001A*32+TILES,$0035*32+TILES,$0177*32+TILES,$0178*32+TILES
     18B41C1444544474
69F4 2D34449425143534 (SCROLLING_MANA_TI):01067             FDB $00BE*32+TILES,$0179*32+TILES,$007D*32+TILES,$00FE*32+TILES,$0102*32+TILES,$0103*32+TILES,$001C*32+TILES,$001D*32+TILES
     35B435D418F41914
6A04 18B418D434543474 (SCROLLING_MANA_TI):01068             FDB $001A*32+TILES,$001B*32+TILES,$00F7*32+TILES,$00F8*32+TILES,$00D2*32+TILES,$00D3*32+TILES,$00D2*32+TILES,$00D3*32+TILES
     2FB42FD42FB42FD4
6A14 2CB42CD422D422F4 (SCROLLING_MANA_TI):01069             FDB $00BA*32+TILES,$00BB*32+TILES,$006B*32+TILES,$006C*32+TILES,$006D*32+TILES,$006E*32+TILES,$006F*32+TILES,$0070*32+TILES
     2314233423542374
6A24 239423B422D422F4 (SCROLLING_MANA_TI):01070             FDB $0071*32+TILES,$0072*32+TILES,$006B*32+TILES,$006C*32+TILES,$006D*32+TILES,$006E*32+TILES,$0045*32+TILES,$0046*32+TILES
     231423341E141E34
6A34 1E541E7444B444D4 (SCROLLING_MANA_TI):01071             FDB $0047*32+TILES,$0048*32+TILES,$017A*32+TILES,$017B*32+TILES,$0016*32+TILES,$0017*32+TILES,$001C*32+TILES,$001D*32+TILES
     1834185418F41914
6A44 18B41C141AD41AF4 (SCROLLING_MANA_TI):01072             FDB $001A*32+TILES,$0035*32+TILES,$002B*32+TILES,$002C*32+TILES,$017C*32+TILES,$006E*32+TILES,$006F*32+TILES,$0070*32+TILES
     44F4233423542374
6A54 239423B422D422F4 (SCROLLING_MANA_TI):01073             FDB $0071*32+TILES,$0072*32+TILES,$006B*32+TILES,$006C*32+TILES,$00D8*32+TILES,$001F*32+TILES,$007B*32+TILES,$007C*32+TILES
     3074195424D424F4
6A64 251445142FB42FD4 (SCROLLING_MANA_TI):01074             FDB $007D*32+TILES,$017D*32+TILES,$00D2*32+TILES,$00D3*32+TILES,$00D4*32+TILES,$00D5*32+TILES,$00D4*32+TILES,$00D5*32+TILES
     2FF430142FF43014
6A74 1974421420143114 (SCROLLING_MANA_TI):01075             FDB $0020*32+TILES,$0165*32+TILES,$0055*32+TILES,$00DD*32+TILES,$017E*32+TILES,$017F*32+TILES,$0180*32+TILES,$0181*32+TILES
     4534455445744594
6A84 45B445D445F44614 (SCROLLING_MANA_TI):01076             FDB $0182*32+TILES,$0183*32+TILES,$0184*32+TILES,$0185*32+TILES,$010B*32+TILES,$0186*32+TILES,$000A*32+TILES,$000B*32+TILES
     36D4463416B416D4
6A94 4234283416B416D4 (SCROLLING_MANA_TI):01077             FDB $0166*32+TILES,$0096*32+TILES,$000A*32+TILES,$000B*32+TILES,$015B*32+TILES,$015C*32+TILES,$0053*32+TILES,$0054*32+TILES
     40D440F41FD41FF4
6AA4 3C943CB43DD41614 (SCROLLING_MANA_TI):01078             FDB $0139*32+TILES,$013A*32+TILES,$0143*32+TILES,$0005*32+TILES,$0000*32+TILES,$0001*32+TILES,$0002*32+TILES,$0003*32+TILES
     1574159415B415D4
6AB4 3D943DB4209420B4 (SCROLLING_MANA_TI):01079             FDB $0141*32+TILES,$0142*32+TILES,$0059*32+TILES,$005A*32+TILES,$0040*32+TILES,$0023*32+TILES,$0024*32+TILES,$0025*32+TILES
     1D7419D419F41A14
6AC4 1A341A5446542074 (SCROLLING_MANA_TI):01080             FDB $0026*32+TILES,$0027*32+TILES,$0187*32+TILES,$0058*32+TILES,$0055*32+TILES,$00DD*32+TILES,$000A*32+TILES,$000B*32+TILES
     2014311416B416D4
6AD4 4674469446B42274 (SCROLLING_MANA_TI):01081             FDB $0188*32+TILES,$0189*32+TILES,$018A*32+TILES,$0068*32+TILES,$0020*32+TILES,$0021*32+TILES,$018B*32+TILES,$0054*32+TILES
     1974199446D41FF4
6AE4 313431542E142E34 (SCROLLING_MANA_TI):01082             FDB $00DE*32+TILES,$00DF*32+TILES,$00C5*32+TILES,$00C6*32+TILES,$00C7*32+TILES,$00C8*32+TILES,$00C9*32+TILES,$00CA*32+TILES
     2E542E742E942EB4
6AF4 3E343E542B542B74 (SCROLLING_MANA_TI):01083             FDB $0146*32+TILES,$0147*32+TILES,$00AF*32+TILES,$00B0*32+TILES,$0055*32+TILES,$0056*32+TILES,$0057*32+TILES,$0058*32+TILES
     2014203420542074
6B04 209420B41FD41FF4 (SCROLLING_MANA_TI):01084             FDB $0059*32+TILES,$005A*32+TILES,$0053*32+TILES,$0054*32+TILES,$0055*32+TILES,$0056*32+TILES,$0057*32+TILES,$0058*32+TILES
     2014203420542074
6B14 1D7419D419F41A14 (SCROLLING_MANA_TI):01085             FDB $0040*32+TILES,$0023*32+TILES,$0024*32+TILES,$0025*32+TILES,$0026*32+TILES,$0027*32+TILES,$0036*32+TILES,$0037*32+TILES
     1A341A541C341C54
6B24 209420B41FD41FF4 (SCROLLING_MANA_TI):01086             FDB $0059*32+TILES,$005A*32+TILES,$0053*32+TILES,$0054*32+TILES,$0055*32+TILES,$0056*32+TILES,$00CD*32+TILES,$00CE*32+TILES
     201420342F142F34
6B34 15B415D415741594 (SCROLLING_MANA_TI):01087             FDB $0002*32+TILES,$0003*32+TILES,$0000*32+TILES,$0001*32+TILES,$0095*32+TILES,$0096*32+TILES,$018C*32+TILES,$018D*32+TILES
     2814283446F44714
6B44 46F4471447344754 (SCROLLING_MANA_TI):01088             FDB $018C*32+TILES,$018D*32+TILES,$018E*32+TILES,$018F*32+TILES,$0177*32+TILES,$0178*32+TILES,$00F5*32+TILES,$00F6*32+TILES
     4454447434143434
6B54 4774479447B447D4 (SCROLLING_MANA_TI):01089             FDB $0190*32+TILES,$0191*32+TILES,$0192*32+TILES,$0193*32+TILES,$0194*32+TILES,$0195*32+TILES,$0196*32+TILES,$0197*32+TILES
     47F4481448344854
6B64 3974487418B418D4 (SCROLLING_MANA_TI):01090             FDB $0120*32+TILES,$0198*32+TILES,$001A*32+TILES,$001B*32+TILES,$00BE*32+TILES,$0179*32+TILES,$001A*32+TILES,$001B*32+TILES
     2D34449418B418D4
6B74 4334435422D422F4 (SCROLLING_MANA_TI):01091             FDB $016E*32+TILES,$016F*32+TILES,$006B*32+TILES,$006C*32+TILES,$006D*32+TILES,$006E*32+TILES,$0154*32+TILES,$0155*32+TILES
     231423343FF44014
6B84 1774179417B417D4 (SCROLLING_MANA_TI):01092             FDB $0010*32+TILES,$0011*32+TILES,$0012*32+TILES,$0013*32+TILES,$0152*32+TILES,$0153*32+TILES,$0071*32+TILES,$0072*32+TILES
     3FB43FD4239423B4
6B94 1F141B341B541B74 (SCROLLING_MANA_TI):01093             FDB $004D*32+TILES,$002E*32+TILES,$002F*32+TILES,$0030*32+TILES,$0031*32+TILES,$0032*32+TILES,$0199*32+TILES,$0070*32+TILES
     1B941BB448942374
6BA4 3414343418B418D4 (SCROLLING_MANA_TI):01094             FDB $00F5*32+TILES,$00F6*32+TILES,$001A*32+TILES,$001B*32+TILES,$019A*32+TILES,$019B*32+TILES,$00BE*32+TILES,$019C*32+TILES
     48B448D42D3448F4
6BB4 1AD41AF4491422F4 (SCROLLING_MANA_TI):01095             FDB $002B*32+TILES,$002C*32+TILES,$019D*32+TILES,$006C*32+TILES,$00F7*32+TILES,$00F8*32+TILES,$00D2*32+TILES,$00D3*32+TILES
     345434742FB42FD4
6BC4 2FF430142E142E34 (SCROLLING_MANA_TI):01096             FDB $00D4*32+TILES,$00D5*32+TILES,$00C5*32+TILES,$00C6*32+TILES,$00D2*32+TILES,$00D3*32+TILES,$00BA*32+TILES,$00BB*32+TILES
     2FB42FD42CB42CD4
6BD4 2314233423542374 (SCROLLING_MANA_TI):01097             FDB $006D*32+TILES,$006E*32+TILES,$006F*32+TILES,$0070*32+TILES,$0071*32+TILES,$0072*32+TILES,$006B*32+TILES,$006C*32+TILES
     239423B422D422F4
6BE4 2314233423542374 (SCROLLING_MANA_TI):01098             FDB $006D*32+TILES,$006E*32+TILES,$006F*32+TILES,$0070*32+TILES,$004D*32+TILES,$002E*32+TILES,$002F*32+TILES,$0030*32+TILES
     1F141B341B541B74
6BF4 1B941BB41DD41DF4 (SCROLLING_MANA_TI):01099             FDB $0031*32+TILES,$0032*32+TILES,$0043*32+TILES,$0044*32+TILES,$0071*32+TILES,$0072*32+TILES,$006B*32+TILES,$006C*32+TILES
     239423B422D422F4
6C04 2314233430741954 (SCROLLING_MANA_TI):01100             FDB $006D*32+TILES,$006E*32+TILES,$00D8*32+TILES,$001F*32+TILES,$0012*32+TILES,$0013*32+TILES,$0010*32+TILES,$0011*32+TILES
     17B417D417741794
6C14 29D429F424D424F4 (SCROLLING_MANA_TI):01101             FDB $00A3*32+TILES,$00A4*32+TILES,$007B*32+TILES,$007C*32+TILES,$007B*32+TILES,$007C*32+TILES,$007D*32+TILES,$019E*32+TILES
     24D424F425144934
6C24 45F4461436D436F4 (SCROLLING_MANA_TI):01102             FDB $0184*32+TILES,$0185*32+TILES,$010B*32+TILES,$010C*32+TILES,$019F*32+TILES,$01A0*32+TILES,$01A1*32+TILES,$01A2*32+TILES
     49544974499449B4
6C34 49D449F44A144A34 (SCROLLING_MANA_TI):01103             FDB $01A3*32+TILES,$01A4*32+TILES,$01A5*32+TILES,$01A6*32+TILES,$0132*32+TILES,$01A7*32+TILES,$0020*32+TILES,$0165*32+TILES
     3BB44A5419744214
6C44 38D438F43C943CB4 (SCROLLING_MANA_TI):01104             FDB $011B*32+TILES,$011C*32+TILES,$0139*32+TILES,$013A*32+TILES,$01A8*32+TILES,$0181*32+TILES,$00CB*32+TILES,$00CC*32+TILES
     4A7445942ED42EF4
6C54 2054207420143114 (SCROLLING_MANA_TI):01105             FDB $0057*32+TILES,$0058*32+TILES,$0055*32+TILES,$00DD*32+TILES,$0141*32+TILES,$0142*32+TILES,$0139*32+TILES,$013A*32+TILES
     3D943DB43C943CB4
6C64 40D440F420542074 (SCROLLING_MANA_TI):01106             FDB $015B*32+TILES,$015C*32+TILES,$0057*32+TILES,$0058*32+TILES,$0038*32+TILES,$0039*32+TILES,$003A*32+TILES,$003B*32+TILES
     1C741C941CB41CD4
6C74 1CF41D1420143114 (SCROLLING_MANA_TI):01107             FDB $003C*32+TILES,$003D*32+TILES,$0055*32+TILES,$00DD*32+TILES,$010B*32+TILES,$010C*32+TILES,$0020*32+TILES,$0021*32+TILES
     36D436F419741994
6C84 4A944AB420143114 (SCROLLING_MANA_TI):01108             FDB $01A9*32+TILES,$01AA*32+TILES,$0055*32+TILES,$00DD*32+TILES,$0134*32+TILES,$0135*32+TILES,$01AB*32+TILES,$01AC*32+TILES
     3BF43C144AD44AF4
6C94 2B142B342E542E74 (SCROLLING_MANA_TI):01109             FDB $00AD*32+TILES,$00AE*32+TILES,$00C7*32+TILES,$00C8*32+TILES,$00C7*32+TILES,$00C8*32+TILES,$00C5*32+TILES,$00C6*32+TILES
     2E542E742E142E34
6CA4 4B144B34319431B4 (SCROLLING_MANA_TI):01110             FDB $01AD*32+TILES,$01AE*32+TILES,$00E1*32+TILES,$00E2*32+TILES,$00E3*32+TILES,$00E4*32+TILES,$0053*32+TILES,$0054*32+TILES
     31D431F41FD41FF4
6CB4 2014203420542074 (SCROLLING_MANA_TI):01111             FDB $0055*32+TILES,$0056*32+TILES,$0057*32+TILES,$0058*32+TILES,$0059*32+TILES,$005A*32+TILES,$0053*32+TILES,$0054*32+TILES
     209420B41FD41FF4
6CC4 1C741C941CB41CD4 (SCROLLING_MANA_TI):01112             FDB $0038*32+TILES,$0039*32+TILES,$003A*32+TILES,$003B*32+TILES,$003C*32+TILES,$003D*32+TILES,$0053*32+TILES,$0054*32+TILES
     1CF41D141FD41FF4
6CD4 2014203420542074 (SCROLLING_MANA_TI):01113             FDB $0055*32+TILES,$0056*32+TILES,$0057*32+TILES,$0058*32+TILES,$0059*32+TILES,$005A*32+TILES,$0004*32+TILES,$0005*32+TILES
     209420B415F41614
6CE4 15B415D415741594 (SCROLLING_MANA_TI):01114             FDB $0002*32+TILES,$0003*32+TILES,$0000*32+TILES,$0001*32+TILES,$0002*32+TILES,$0003*32+TILES,$0000*32+TILES,$0001*32+TILES
     15B415D415741594
6CF4 15B415D415741594 (SCROLLING_MANA_TI):01115             FDB $0002*32+TILES,$0003*32+TILES,$0000*32+TILES,$0001*32+TILES,$0196*32+TILES,$0197*32+TILES,$0120*32+TILES,$0121*32+TILES
     4834485439743994
6D04 2314233423144B54 (SCROLLING_MANA_TI):01116             FDB $006D*32+TILES,$006E*32+TILES,$006D*32+TILES,$01AF*32+TILES,$01B0*32+TILES,$01B1*32+TILES,$01B2*32+TILES,$01B3*32+TILES
     4B744B944BB44BD4
6D14 3E944BF444544474 (SCROLLING_MANA_TI):01117             FDB $0149*32+TILES,$01B4*32+TILES,$0177*32+TILES,$0178*32+TILES,$012B*32+TILES,$012C*32+TILES,$006D*32+TILES,$006E*32+TILES
     3AD43AF423142334
6D24 4C1447D430343054 (SCROLLING_MANA_TI):01118             FDB $01B5*32+TILES,$0193*32+TILES,$00D6*32+TILES,$00D7*32+TILES,$006F*32+TILES,$0070*32+TILES,$00F5*32+TILES,$00F6*32+TILES
     2354237434143434
6D34 3FB43FD423142334 (SCROLLING_MANA_TI):01119             FDB $0152*32+TILES,$0153*32+TILES,$006D*32+TILES,$006E*32+TILES,$016E*32+TILES,$016F*32+TILES,$006F*32+TILES,$0070*32+TILES
     4334435423542374
6D44 1E141E341E541E74 (SCROLLING_MANA_TI):01120             FDB $0045*32+TILES,$0046*32+TILES,$0047*32+TILES,$0048*32+TILES,$0049*32+TILES,$004A*32+TILES,$00F5*32+TILES,$00F6*32+TILES
     1E941EB434143434
6D54 397439941AD41AF4 (SCROLLING_MANA_TI):01121             FDB $0120*32+TILES,$0121*32+TILES,$002B*32+TILES,$002C*32+TILES,$01B6*32+TILES,$01B7*32+TILES,$00F5*32+TILES,$00F6*32+TILES
     4C344C5434143434
6D64 3ED43EF44C744C94 (SCROLLING_MANA_TI):01122             FDB $014B*32+TILES,$014C*32+TILES,$01B8*32+TILES,$01B9*32+TILES,$00B8*32+TILES,$00B9*32+TILES,$00D4*32+TILES,$00D5*32+TILES
     2C742C942FF43014
6D74 349434B434D434F4 (SCROLLING_MANA_TI):01123             FDB $00F9*32+TILES,$00FA*32+TILES,$00FB*32+TILES,$00FC*32+TILES,$01BA*32+TILES,$001F*32+TILES,$007B*32+TILES,$007C*32+TILES
     4CB4195424D424F4
6D84 2514353422D422F4 (SCROLLING_MANA_TI):01124             FDB $007D*32+TILES,$00FE*32+TILES,$006B*32+TILES,$006C*32+TILES,$006D*32+TILES,$006E*32+TILES,$006F*32+TILES,$0070*32+TILES
     2314233423542374
6D94 239423B422D422F4 (SCROLLING_MANA_TI):01125             FDB $0071*32+TILES,$0072*32+TILES,$006B*32+TILES,$006C*32+TILES,$0045*32+TILES,$0046*32+TILES,$0047*32+TILES,$0048*32+TILES
     1E141E341E541E74
6DA4 1E941EB422D422F4 (SCROLLING_MANA_TI):01126             FDB $0049*32+TILES,$004A*32+TILES,$006B*32+TILES,$006C*32+TILES,$006D*32+TILES,$006E*32+TILES,$006F*32+TILES,$0070*32+TILES
     2314233423542374
6DB4 239423B417F41814 (SCROLLING_MANA_TI):01127             FDB $0071*32+TILES,$0072*32+TILES,$0014*32+TILES,$0015*32+TILES,$0012*32+TILES,$0013*32+TILES,$0010*32+TILES,$0011*32+TILES
     17B417D417741794
6DC4 17B417D417741794 (SCROLLING_MANA_TI):01128             FDB $0012*32+TILES,$0013*32+TILES,$0010*32+TILES,$0011*32+TILES,$0012*32+TILES,$0013*32+TILES,$0010*32+TILES,$0011*32+TILES
     17B417D417741794
6DD4 49D449F44CD44CF4 (SCROLLING_MANA_TI):01129             FDB $01A3*32+TILES,$01A4*32+TILES,$01BB*32+TILES,$01BC*32+TILES,$008B*32+TILES,$008C*32+TILES,$0055*32+TILES,$00DD*32+TILES
     26D426F420143114
6DE4 4D144D344D544D74 (SCROLLING_MANA_TI):01130             FDB $01BD*32+TILES,$01BE*32+TILES,$01BF*32+TILES,$01C0*32+TILES,$010B*32+TILES,$010C*32+TILES,$0119*32+TILES,$011A*32+TILES
     36D436F4389438B4
6DF4 3DF43E14209420B4 (SCROLLING_MANA_TI):01131             FDB $0144*32+TILES,$0145*32+TILES,$0059*32+TILES,$005A*32+TILES,$01C1*32+TILES,$01C2*32+TILES,$00CB*32+TILES,$00CC*32+TILES
     4D944DB42ED42EF4
6E04 2014311436D436F4 (SCROLLING_MANA_TI):01132             FDB $0055*32+TILES,$00DD*32+TILES,$010B*32+TILES,$010C*32+TILES,$015B*32+TILES,$015C*32+TILES,$013E*32+TILES,$013F*32+TILES
     40D440F43D343D54
6E14 4DD44DF44E144E34 (SCROLLING_MANA_TI):01133             FDB $01C3*32+TILES,$01C4*32+TILES,$01C5*32+TILES,$01C6*32+TILES,$0184*32+TILES,$0185*32+TILES,$0182*32+TILES,$0183*32+TILES
     45F4461445B445D4
6E24 45F4461436D436F4 (SCROLLING_MANA_TI):01134             FDB $0184*32+TILES,$0185*32+TILES,$010B*32+TILES,$010C*32+TILES,$0132*32+TILES,$0133*32+TILES,$01C7*32+TILES,$01C8*32+TILES
     3BB43BD44E544E74
6E34 45B445D436D436F4 (SCROLLING_MANA_TI):01135             FDB $0182*32+TILES,$0183*32+TILES,$010B*32+TILES,$010C*32+TILES,$017E*32+TILES,$01C9*32+TILES,$0053*32+TILES,$0054*32+TILES
     45344E941FD41FF4
6E44 4EB42E3438143834 (SCROLLING_MANA_TI):01136             FDB $01CA*32+TILES,$00C6*32+TILES,$0115*32+TILES,$0116*32+TILES,$0055*32+TILES,$0056*32+TILES,$0057*32+TILES,$0058*32+TILES
     2014203420542074
6E54 15F4161415741594 (SCROLLING_MANA_TI):01137             FDB $0004*32+TILES,$0005*32+TILES,$0000*32+TILES,$0001*32+TILES,$0095*32+TILES,$0096*32+TILES,$00E5*32+TILES,$00E6*32+TILES
     2814283432143234
6E64 209420B41FD41FF4 (SCROLLING_MANA_TI):01138             FDB $0059*32+TILES,$005A*32+TILES,$0053*32+TILES,$0054*32+TILES,$0055*32+TILES,$0056*32+TILES,$0057*32+TILES,$0058*32+TILES
     2014203420542074
6E74 209420B41FD41FF4 (SCROLLING_MANA_TI):01139             FDB $0059*32+TILES,$005A*32+TILES,$0053*32+TILES,$0054*32+TILES,$0055*32+TILES,$0056*32+TILES,$0057*32+TILES,$0058*32+TILES
     2014203420542074
6E84 2014203427D427F4 (SCROLLING_MANA_TI):01140             FDB $0055*32+TILES,$0056*32+TILES,$0093*32+TILES,$0094*32+TILES,$00B6*32+TILES,$0064*32+TILES,$0002*32+TILES,$0003*32+TILES
     2C3421F415B415D4
6E94 1574159415B415D4 (SCROLLING_MANA_TI):01141             FDB $0000*32+TILES,$0001*32+TILES,$0002*32+TILES,$0003*32+TILES,$0000*32+TILES,$0001*32+TILES,$0002*32+TILES,$0003*32+TILES
     1574159415B415D4
6EA4 1574159415B415D4 (SCROLLING_MANA_TI):01142             FDB $0000*32+TILES,$0001*32+TILES,$0002*32+TILES,$0003*32+TILES,$01CB*32+TILES,$01CC*32+TILES,$01CD*32+TILES,$0070*32+TILES
     4ED44EF44F142374
6EB4 1ED41EF434143434 (SCROLLING_MANA_TI):01143             FDB $004B*32+TILES,$004C*32+TILES,$00F5*32+TILES,$00F6*32+TILES,$0196*32+TILES,$0197*32+TILES,$0194*32+TILES,$0195*32+TILES
     4834485447F44814
6EC4 397439943A943AB4 (SCROLLING_MANA_TI):01144             FDB $0120*32+TILES,$0121*32+TILES,$0129*32+TILES,$012A*32+TILES,$0156*32+TILES,$0157*32+TILES,$0071*32+TILES,$0072*32+TILES
     40344054239423B4
6ED4 4F344F5430343054 (SCROLLING_MANA_TI):01145             FDB $01CE*32+TILES,$01CF*32+TILES,$00D6*32+TILES,$00D7*32+TILES,$00F5*32+TILES,$00F6*32+TILES,$0120*32+TILES,$0121*32+TILES
     3414343439743994
6EE4 433443543F741954 (SCROLLING_MANA_TI):01146             FDB $016E*32+TILES,$016F*32+TILES,$0150*32+TILES,$001F*32+TILES,$007B*32+TILES,$007C*32+TILES,$007D*32+TILES,$01D0*32+TILES
     24D424F425144F74
6EF4 4834485447F44814 (SCROLLING_MANA_TI):01147             FDB $0196*32+TILES,$0197*32+TILES,$0194*32+TILES,$0195*32+TILES,$01D1*32+TILES,$0197*32+TILES,$0120*32+TILES,$0121*32+TILES
     4F94485439743994
6F04 3E943EB44FB44FD4 (SCROLLING_MANA_TI):01148             FDB $0149*32+TILES,$014A*32+TILES,$01D2*32+TILES,$01D3*32+TILES,$0194*32+TILES,$0195*32+TILES,$0120*32+TILES,$0121*32+TILES
     47F4481439743994
6F14 4FF4501422D422F4 (SCROLLING_MANA_TI):01149             FDB $01D4*32+TILES,$01D5*32+TILES,$006B*32+TILES,$006C*32+TILES,$01D6*32+TILES,$00D3*32+TILES,$0125*32+TILES,$0126*32+TILES
     50342FD43A143A34
6F24 2314233423542374 (SCROLLING_MANA_TI):01150             FDB $006D*32+TILES,$006E*32+TILES,$006F*32+TILES,$0070*32+TILES,$0014*32+TILES,$0015*32+TILES,$0010*32+TILES,$0011*32+TILES
     17F4181417741794
6F34 29D429F425143554 (SCROLLING_MANA_TI):01151             FDB $00A3*32+TILES,$00A4*32+TILES,$007D*32+TILES,$00FF*32+TILES,$0071*32+TILES,$0072*32+TILES,$006B*32+TILES,$006C*32+TILES
     239423B422D422F4
6F44 2314233423542374 (SCROLLING_MANA_TI):01152             FDB $006D*32+TILES,$006E*32+TILES,$006F*32+TILES,$0070*32+TILES,$0071*32+TILES,$0072*32+TILES,$006B*32+TILES,$006C*32+TILES
     239423B422D422F4
6F54 2314233423542374 (SCROLLING_MANA_TI):01153             FDB $006D*32+TILES,$006E*32+TILES,$006F*32+TILES,$0070*32+TILES,$006D*32+TILES,$006E*32+TILES,$00A2*32+TILES,$001F*32+TILES
     2314233429B41954
6F64 24D424F417B417D4 (SCROLLING_MANA_TI):01154             FDB $007B*32+TILES,$007C*32+TILES,$0012*32+TILES,$0013*32+TILES,$0010*32+TILES,$0011*32+TILES,$0012*32+TILES,$0013*32+TILES
     1774179417B417D4
6F74 1774179417B417D4 (SCROLLING_MANA_TI):01155             FDB $0010*32+TILES,$0011*32+TILES,$0012*32+TILES,$0013*32+TILES,$0010*32+TILES,$0011*32+TILES,$0012*32+TILES,$0013*32+TILES
     1774179417B417D4
6F84 2014203420542074 (SCROLLING_MANA_TI):01156             FDB $0055*32+TILES,$0056*32+TILES,$0057*32+TILES,$0058*32+TILES,$0055*32+TILES,$00DD*32+TILES,$010B*32+TILES,$010C*32+TILES
     2014311436D436F4
6F94 50544A3449D449F4 (SCROLLING_MANA_TI):01157             FDB $01D7*32+TILES,$01A6*32+TILES,$01A3*32+TILES,$01A4*32+TILES,$01BB*32+TILES,$01BC*32+TILES,$013E*32+TILES,$013F*32+TILES
     4CD44CF43D343D54
6FA4 21D421F431D431F4 (SCROLLING_MANA_TI):01158             FDB $0063*32+TILES,$0064*32+TILES,$00E3*32+TILES,$00E4*32+TILES,$0059*32+TILES,$015F*32+TILES,$00E9*32+TILES,$00EA*32+TILES
     20944154329432B4
6FB4 507436F43BB43BD4 (SCROLLING_MANA_TI):01159             FDB $01D8*32+TILES,$010C*32+TILES,$0132*32+TILES,$0133*32+TILES,$0180*32+TILES,$0181*32+TILES,$0004*32+TILES,$0005*32+TILES
     4574459415F41614
6FC4 1574159416B416D4 (SCROLLING_MANA_TI):01160             FDB $0000*32+TILES,$0001*32+TILES,$000A*32+TILES,$000B*32+TILES,$01A5*32+TILES,$01A6*32+TILES,$01A3*32+TILES,$01A4*32+TILES
     4A144A3449D449F4
6FD4 50944A343BB43BD4 (SCROLLING_MANA_TI):01161             FDB $01D9*32+TILES,$01A6*32+TILES,$0132*32+TILES,$0133*32+TILES,$010B*32+TILES,$010C*32+TILES,$01DA*32+TILES,$01DB*32+TILES
     36D436F450B450D4
6FE4 50F449F44CD44CF4 (SCROLLING_MANA_TI):01162             FDB $01DC*32+TILES,$01A4*32+TILES,$01BB*32+TILES,$01BC*32+TILES,$0055*32+TILES,$0056*32+TILES,$00AD*32+TILES,$00AE*32+TILES
     201420342B142B34
6FF4 2E54317420542074 (SCROLLING_MANA_TI):01163             FDB $00C7*32+TILES,$00E0*32+TILES,$0057*32+TILES,$0058*32+TILES,$013E*32+TILES,$013F*32+TILES,$0111*32+TILES,$0112*32+TILES
     3D343D54379437B4
7004 1574159415B415D4 (SCROLLING_MANA_TI):01164             FDB $0000*32+TILES,$0001*32+TILES,$0002*32+TILES,$0003*32+TILES,$0000*32+TILES,$0001*32+TILES,$0095*32+TILES,$0096*32+TILES
     1574159428142834
7014 2C3421F4319431B4 (SCROLLING_MANA_TI):01165             FDB $00B6*32+TILES,$0064*32+TILES,$00E1*32+TILES,$00E2*32+TILES,$00E3*32+TILES,$00E4*32+TILES,$0053*32+TILES,$0054*32+TILES
     31D431F41FD41FF4
7024 2014203437543774 (SCROLLING_MANA_TI):01166             FDB $0055*32+TILES,$0056*32+TILES,$010F*32+TILES,$0110*32+TILES,$00E1*32+TILES,$00E2*32+TILES,$00E5*32+TILES,$00E6*32+TILES
     319431B432143234
7034 3754377415B415D4 (SCROLLING_MANA_TI):01167             FDB $010F*32+TILES,$0110*32+TILES,$0002*32+TILES,$0003*32+TILES,$0002*32+TILES,$0003*32+TILES,$0000*32+TILES,$0001*32+TILES
     15B415D415741594
7044 15B415D415741594 (SCROLLING_MANA_TI):01168             FDB $0002*32+TILES,$0003*32+TILES,$0000*32+TILES,$0001*32+TILES,$0002*32+TILES,$0003*32+TILES,$0000*32+TILES,$0001*32+TILES
     15B415D415741594
7054 15B415D415741594 (SCROLLING_MANA_TI):01169             FDB $0002*32+TILES,$0003*32+TILES,$0000*32+TILES,$0001*32+TILES,$006D*32+TILES,$006E*32+TILES,$006F*32+TILES,$0070*32+TILES
     2314233423542374
7064 3414343439743994 (SCROLLING_MANA_TI):01170             FDB $00F5*32+TILES,$00F6*32+TILES,$0120*32+TILES,$0121*32+TILES,$01DD*32+TILES,$01DE*32+TILES,$01CB*32+TILES,$01CC*32+TILES
     511451344ED44EF4
7074 4F1423743F741954 (SCROLLING_MANA_TI):01171             FDB $01CD*32+TILES,$0070*32+TILES,$0150*32+TILES,$001F*32+TILES,$007B*32+TILES,$007C*32+TILES,$007D*32+TILES,$00FE*32+TILES
     24D424F425143534
7084 43B42D1435B435D4 (SCROLLING_MANA_TI):01172             FDB $0172*32+TILES,$00BD*32+TILES,$0102*32+TILES,$0103*32+TILES,$01DF*32+TILES,$01E0*32+TILES,$01E1*32+TILES,$01E2*32+TILES
     51545174519451B4
7094 47B447D417F41814 (SCROLLING_MANA_TI):01173             FDB $0192*32+TILES,$0193*32+TILES,$0014*32+TILES,$0015*32+TILES,$0010*32+TILES,$0011*32+TILES,$001A*32+TILES,$001B*32+TILES
     1774179418B418D4
70A4 51D451F44B744B94 (SCROLLING_MANA_TI):01174             FDB $01E3*32+TILES,$01E4*32+TILES,$01B0*32+TILES,$01B1*32+TILES,$01E5*32+TILES,$01B3*32+TILES,$0149*32+TILES,$014A*32+TILES
     52144BD43E943EB4
70B4 3974399452345254 (SCROLLING_MANA_TI):01175             FDB $0120*32+TILES,$0121*32+TILES,$01E6*32+TILES,$01E7*32+TILES,$01E8*32+TILES,$01E9*32+TILES,$01CD*32+TILES,$0070*32+TILES
     527452944F142374
70C4 231423342C742C94 (SCROLLING_MANA_TI):01176             FDB $006D*32+TILES,$006E*32+TILES,$00B8*32+TILES,$00B9*32+TILES,$00D4*32+TILES,$00FD*32+TILES,$006F*32+TILES,$0070*32+TILES
     2FF4351423542374
70D4 3F74195424D424F4 (SCROLLING_MANA_TI):01177             FDB $0150*32+TILES,$001F*32+TILES,$007B*32+TILES,$007C*32+TILES,$0010*32+TILES,$0011*32+TILES,$0012*32+TILES,$0013*32+TILES
     1774179417B417D4
70E4 1774179429D429F4 (SCROLLING_MANA_TI):01178             FDB $0010*32+TILES,$0011*32+TILES,$00A3*32+TILES,$00A4*32+TILES,$007B*32+TILES,$007C*32+TILES,$007B*32+TILES,$007C*32+TILES
     24D424F424D424F4
70F4 2514353422D422F4 (SCROLLING_MANA_TI):01179             FDB $007D*32+TILES,$00FE*32+TILES,$006B*32+TILES,$006C*32+TILES,$006D*32+TILES,$006E*32+TILES,$0123*32+TILES,$001F*32+TILES
     2314233439D41954
7104 24D424F425143554 (SCROLLING_MANA_TI):01180             FDB $007B*32+TILES,$007C*32+TILES,$007D*32+TILES,$00FF*32+TILES,$0123*32+TILES,$001F*32+TILES,$0012*32+TILES,$0013*32+TILES
     39D4195417B417D4
7114 17B417D417741794 (SCROLLING_MANA_TI):01181             FDB $0012*32+TILES,$0013*32+TILES,$0010*32+TILES,$0011*32+TILES,$0012*32+TILES,$0013*32+TILES,$0010*32+TILES,$0011*32+TILES
     17B417D417741794
7124 17B417D417741794 (SCROLLING_MANA_TI):01182             FDB $0012*32+TILES,$0013*32+TILES,$0010*32+TILES,$0011*32+TILES,$0012*32+TILES,$0013*32+TILES,$0010*32+TILES,$0011*32+TILES
     17B417D417741794
7134 45B445D445F44614 (SCROLLING_MANA_TI):01183             FDB $0182*32+TILES,$0183*32+TILES,$0184*32+TILES,$0185*32+TILES,$010B*32+TILES,$010C*32+TILES,$0132*32+TILES,$0133*32+TILES
     36D436F43BB43BD4
7144 52B452D440D440F4 (SCROLLING_MANA_TI):01184             FDB $01EA*32+TILES,$01EB*32+TILES,$015B*32+TILES,$015C*32+TILES,$013E*32+TILES,$013F*32+TILES,$0002*32+TILES,$0003*32+TILES
     3D343D5415B415D4
7154 1574159428142834 (SCROLLING_MANA_TI):01185             FDB $0000*32+TILES,$0001*32+TILES,$0095*32+TILES,$0096*32+TILES,$015B*32+TILES,$015C*32+TILES,$0055*32+TILES,$00DD*32+TILES
     40D440F420143114
7164 52F4531453345354 (SCROLLING_MANA_TI):01186             FDB $01EC*32+TILES,$01ED*32+TILES,$01EE*32+TILES,$01EF*32+TILES,$01C3*32+TILES,$01C4*32+TILES,$0000*32+TILES,$0001*32+TILES
     4DD44DF415741594
7174 1574159453745394 (SCROLLING_MANA_TI):01187             FDB $0000*32+TILES,$0001*32+TILES,$01F0*32+TILES,$01F1*32+TILES,$0055*32+TILES,$00DD*32+TILES,$01BD*32+TILES,$01BE*32+TILES
     201431144D144D34
7184 53B44D7436D436F4 (SCROLLING_MANA_TI):01188             FDB $01F2*32+TILES,$01C0*32+TILES,$010B*32+TILES,$010C*32+TILES,$01BB*32+TILES,$01BC*32+TILES,$019F*32+TILES,$01A0*32+TILES
     4CD44CF449544974
7194 53D453F454145434 (SCROLLING_MANA_TI):01189             FDB $01F3*32+TILES,$01F4*32+TILES,$01F5*32+TILES,$01F6*32+TILES,$0057*32+TILES,$0058*32+TILES,$00DE*32+TILES,$00DF*32+TILES
     2054207431343154
71A4 3814383427D427F4 (SCROLLING_MANA_TI):01190             FDB $0115*32+TILES,$0116*32+TILES,$0093*32+TILES,$0094*32+TILES,$0002*32+TILES,$0003*32+TILES,$0000*32+TILES,$0001*32+TILES
     15B415D415741594
71B4 15B415D415741594 (SCROLLING_MANA_TI):01191             FDB $0002*32+TILES,$0003*32+TILES,$0000*32+TILES,$0001*32+TILES,$0002*32+TILES,$0003*32+TILES,$0000*32+TILES,$0001*32+TILES
     15B415D415741594
71C4 15B415D415741594 (SCROLLING_MANA_TI):01192             FDB $0002*32+TILES,$0003*32+TILES,$0000*32+TILES,$0001*32+TILES,$0095*32+TILES,$0096*32+TILES,$00E5*32+TILES,$00E6*32+TILES
     2814283432143234
71D4 3D343D5415B415D4 (SCROLLING_MANA_TI):01193             FDB $013E*32+TILES,$013F*32+TILES,$0002*32+TILES,$0003*32+TILES,$0000*32+TILES,$0001*32+TILES,$0095*32+TILES,$0096*32+TILES
     1574159428142834
71E4 15B415D415B415D4 (SCROLLING_MANA_TI):01194             FDB $0002*32+TILES,$0003*32+TILES,$0002*32+TILES,$0003*32+TILES,$0000*32+TILES,$0001*32+TILES,$0002*32+TILES,$0003*32+TILES
     1574159415B415D4
71F4 1574159415B415D4 (SCROLLING_MANA_TI):01195             FDB $0000*32+TILES,$0001*32+TILES,$0002*32+TILES,$0003*32+TILES,$0000*32+TILES,$0001*32+TILES,$0002*32+TILES,$0003*32+TILES
     1574159415B415D4
7204 1574159415B415D4 (SCROLLING_MANA_TI):01196             FDB $0000*32+TILES,$0001*32+TILES,$0002*32+TILES,$0003*32+TILES,$0194*32+TILES,$0195*32+TILES,$0196*32+TILES,$0197*32+TILES
     47F4481448344854
7214 397439943E943EB4 (SCROLLING_MANA_TI):01197             FDB $0120*32+TILES,$0121*32+TILES,$0149*32+TILES,$014A*32+TILES,$01F7*32+TILES,$01F8*32+TILES,$016E*32+TILES,$016F*32+TILES
     5454547443344354
7224 3F74195417B417D4 (SCROLLING_MANA_TI):01198             FDB $0150*32+TILES,$001F*32+TILES,$0012*32+TILES,$0013*32+TILES,$0010*32+TILES,$0011*32+TILES,$00A3*32+TILES,$00A4*32+TILES
     1774179429D429F4
7234 4334435434143434 (SCROLLING_MANA_TI):01199             FDB $016E*32+TILES,$016F*32+TILES,$00F5*32+TILES,$00F6*32+TILES,$01F9*32+TILES,$01FA*32+TILES,$01FB*32+TILES,$001F*32+TILES
     549454B454D41954
7244 24D424F417741794 (SCROLLING_MANA_TI):01200             FDB $007B*32+TILES,$007C*32+TILES,$0010*32+TILES,$0011*32+TILES,$0010*32+TILES,$0011*32+TILES,$007D*32+TILES,$01FC*32+TILES
     17741794251454F4
7254 3414343448344854 (SCROLLING_MANA_TI):01201             FDB $00F5*32+TILES,$00F6*32+TILES,$0196*32+TILES,$0197*32+TILES,$01FD*32+TILES,$0195*32+TILES,$0120*32+TILES,$0121*32+TILES
     5514481439743994
7264 4F14237423142334 (SCROLLING_MANA_TI):01202             FDB $01CD*32+TILES,$0070*32+TILES,$006D*32+TILES,$006E*32+TILES,$00BE*32+TILES,$01FE*32+TILES,$016C*32+TILES,$01FF*32+TILES
     2D34553442F45554
7274 2354237434543474 (SCROLLING_MANA_TI):01203             FDB $006F*32+TILES,$0070*32+TILES,$00F7*32+TILES,$00F8*32+TILES,$0125*32+TILES,$0126*32+TILES,$00A2*32+TILES,$001F*32+TILES
     3A143A3429B41954
7284 17B417D417741794 (SCROLLING_MANA_TI):01204             FDB $0012*32+TILES,$0013*32+TILES,$0010*32+TILES,$0011*32+TILES,$0012*32+TILES,$0013*32+TILES,$0010*32+TILES,$0011*32+TILES
     17B417D417741794
7294 17B417D417741794 (SCROLLING_MANA_TI):01205             FDB $0012*32+TILES,$0013*32+TILES,$0010*32+TILES,$0011*32+TILES,$0012*32+TILES,$0013*32+TILES,$0010*32+TILES,$0011*32+TILES
     17B417D417741794
72A4 29D429F425143554 (SCROLLING_MANA_TI):01206             FDB $00A3*32+TILES,$00A4*32+TILES,$007D*32+TILES,$00FF*32+TILES,$0150*32+TILES,$001F*32+TILES,$0012*32+TILES,$0013*32+TILES
     3F74195417B417D4
72B4 1774179429D429F4 (SCROLLING_MANA_TI):01207             FDB $0010*32+TILES,$0011*32+TILES,$00A3*32+TILES,$00A4*32+TILES,$0012*32+TILES,$0013*32+TILES,$0012*32+TILES,$0013*32+TILES
     17B417D417B417D4
72C4 1774179417B417D4 (SCROLLING_MANA_TI):01208             FDB $0010*32+TILES,$0011*32+TILES,$0012*32+TILES,$0013*32+TILES,$0010*32+TILES,$0011*32+TILES,$0012*32+TILES,$0013*32+TILES
     1774179417B417D4
72D4 1774179417B417D4 (SCROLLING_MANA_TI):01209             FDB $0010*32+TILES,$0011*32+TILES,$0012*32+TILES,$0013*32+TILES,$0010*32+TILES,$0011*32+TILES,$0012*32+TILES,$0013*32+TILES
     1774179417B417D4
72E4 49D449F44A144A34 (SCROLLING_MANA_TI):01210             FDB $01A3*32+TILES,$01A4*32+TILES,$01A5*32+TILES,$01A6*32+TILES,$0132*32+TILES,$0133*32+TILES,$010B*32+TILES,$010C*32+TILES
     3BB43BD436D436F4
72F4 5574559420944154 (SCROLLING_MANA_TI):01211             FDB $0200*32+TILES,$0201*32+TILES,$0059*32+TILES,$015F*32+TILES,$0004*32+TILES,$0005*32+TILES,$0000*32+TILES,$0001*32+TILES
     15F4161415741594
7304 15B415D416F41714 (SCROLLING_MANA_TI):01212             FDB $0002*32+TILES,$0003*32+TILES,$000C*32+TILES,$000D*32+TILES,$0180*32+TILES,$0181*32+TILES,$010B*32+TILES,$010C*32+TILES
     4574459436D436F4
7314 5334535415B415D4 (SCROLLING_MANA_TI):01213             FDB $01EE*32+TILES,$01EF*32+TILES,$0002*32+TILES,$0003*32+TILES,$0000*32+TILES,$0001*32+TILES,$0002*32+TILES,$0003*32+TILES
     1574159415B415D4
7324 16F4171416B416D4 (SCROLLING_MANA_TI):01214             FDB $000C*32+TILES,$000D*32+TILES,$000A*32+TILES,$000B*32+TILES,$010B*32+TILES,$010C*32+TILES,$01A5*32+TILES,$01A6*32+TILES
     36D436F44A144A34
7334 49D449F44CD44CF4 (SCROLLING_MANA_TI):01215             FDB $01A3*32+TILES,$01A4*32+TILES,$01BB*32+TILES,$01BC*32+TILES,$0059*32+TILES,$015F*32+TILES,$0202*32+TILES,$005A*32+TILES
     2094415455B420B4
7344 329432B425942C54 (SCROLLING_MANA_TI):01216             FDB $00E9*32+TILES,$00EA*32+TILES,$0081*32+TILES,$00B7*32+TILES,$0188*32+TILES,$0189*32+TILES,$0057*32+TILES,$0058*32+TILES
     4674469420542074
7354 2014203415F41614 (SCROLLING_MANA_TI):01217             FDB $0055*32+TILES,$0056*32+TILES,$0004*32+TILES,$0005*32+TILES,$0000*32+TILES,$0001*32+TILES,$0002*32+TILES,$0003*32+TILES
     1574159415B415D4
7364 1574159415B415D4 (SCROLLING_MANA_TI):01218             FDB $0000*32+TILES,$0001*32+TILES,$0002*32+TILES,$0003*32+TILES,$0000*32+TILES,$0001*32+TILES,$0002*32+TILES,$0003*32+TILES
     1574159415B415D4
7374 1574159415B415D4 (SCROLLING_MANA_TI):01219             FDB $0000*32+TILES,$0001*32+TILES,$0002*32+TILES,$0003*32+TILES,$0000*32+TILES,$0001*32+TILES,$0095*32+TILES,$0096*32+TILES
     1574159428142834
7384 15B415D415741594 (SCROLLING_MANA_TI):01220             FDB $0002*32+TILES,$0003*32+TILES,$0000*32+TILES,$0001*32+TILES,$0002*32+TILES,$0003*32+TILES,$0000*32+TILES,$0001*32+TILES
     15B415D415741594
7394 15B415D415741594 (SCROLLING_MANA_TI):01221             FDB $0002*32+TILES,$0003*32+TILES,$0000*32+TILES,$0001*32+TILES,$0002*32+TILES,$0003*32+TILES,$0000*32+TILES,$0001*32+TILES
     15B415D415741594
73A4 15B415D415741594 (SCROLLING_MANA_TI):01222             FDB $0002*32+TILES,$0003*32+TILES,$0000*32+TILES,$0001*32+TILES,$0002*32+TILES,$0003*32+TILES,$0000*32+TILES,$0001*32+TILES
     15B415D415741594
73B4 15B415D415741594 (SCROLLING_MANA_TI):01223             FDB $0002*32+TILES,$0003*32+TILES,$0000*32+TILES,$0001*32+TILES,$01B0*32+TILES,$01B1*32+TILES,$01B2*32+TILES,$01B3*32+TILES
     4B744B944BB44BD4
73C4 3E943EB439743994 (SCROLLING_MANA_TI):01224             FDB $0149*32+TILES,$014A*32+TILES,$0120*32+TILES,$0121*32+TILES,$01E8*32+TILES,$0203*32+TILES,$0172*32+TILES,$00BD*32+TILES
     527455D443B42D14
73D4 17F4181417741794 (SCROLLING_MANA_TI):01225             FDB $0014*32+TILES,$0015*32+TILES,$0010*32+TILES,$0011*32+TILES,$0012*32+TILES,$0013*32+TILES,$001C*32+TILES,$001D*32+TILES
     17B417D418F41914
73E4 47B447D439743994 (SCROLLING_MANA_TI):01226             FDB $0192*32+TILES,$0193*32+TILES,$0120*32+TILES,$0121*32+TILES,$01FB*32+TILES,$001F*32+TILES,$0012*32+TILES,$0013*32+TILES
     54D4195417B417D4
73F4 1774179417B417D4 (SCROLLING_MANA_TI):01227             FDB $0010*32+TILES,$0011*32+TILES,$0012*32+TILES,$0013*32+TILES,$001C*32+TILES,$001D*32+TILES,$001A*32+TILES,$001B*32+TILES
     18F4191418B418D4
7404 3974399451D451F4 (SCROLLING_MANA_TI):01228             FDB $0120*32+TILES,$0121*32+TILES,$01E3*32+TILES,$01E4*32+TILES,$01CB*32+TILES,$01CC*32+TILES,$01CD*32+TILES,$0070*32+TILES
     4ED44EF44F142374
7414 43B42D142D3455F4 (SCROLLING_MANA_TI):01229             FDB $0172*32+TILES,$00BD*32+TILES,$00BE*32+TILES,$0204*32+TILES,$0102*32+TILES,$0103*32+TILES,$0097*32+TILES,$0205*32+TILES
     35B435D428545614
7424 48B448D423542374 (SCROLLING_MANA_TI):01230             FDB $019A*32+TILES,$019B*32+TILES,$006F*32+TILES,$0070*32+TILES,$006D*32+TILES,$006E*32+TILES,$0014*32+TILES,$0015*32+TILES
     2314233417F41814
7434 1774179417B417D4 (SCROLLING_MANA_TI):01231             FDB $0010*32+TILES,$0011*32+TILES,$0012*32+TILES,$0013*32+TILES,$0010*32+TILES,$0011*32+TILES,$0012*32+TILES,$0013*32+TILES
     1774179417B417D4
7444 1774179417B417D4 (SCROLLING_MANA_TI):01232             FDB $0010*32+TILES,$0011*32+TILES,$0012*32+TILES,$0013*32+TILES,$0010*32+TILES,$0011*32+TILES,$0012*32+TILES,$0013*32+TILES
     1774179417B417D4
7454 1774179429D429F4 (SCROLLING_MANA_TI):01233             FDB $0010*32+TILES,$0011*32+TILES,$00A3*32+TILES,$00A4*32+TILES,$0012*32+TILES,$0013*32+TILES,$0010*32+TILES,$0011*32+TILES
     17B417D417741794
7464 17B417D417741794 (SCROLLING_MANA_TI):01234             FDB $0012*32+TILES,$0013*32+TILES,$0010*32+TILES,$0011*32+TILES,$0012*32+TILES,$0013*32+TILES,$0010*32+TILES,$0011*32+TILES
     17B417D417741794
7474 17B417D417741794 (SCROLLING_MANA_TI):01235             FDB $0012*32+TILES,$0013*32+TILES,$0010*32+TILES,$0011*32+TILES,$0012*32+TILES,$0013*32+TILES,$0010*32+TILES,$0011*32+TILES
     17B417D417741794
7484 17B417D417741794 (SCROLLING_MANA_TI):01236             FDB $0012*32+TILES,$0013*32+TILES,$0010*32+TILES,$0011*32+TILES,$0012*32+TILES,$0013*32+TILES,$0010*32+TILES,$0011*32+TILES
     17B417D417741794
                      (SCROLLING_MANA_TI):01237         
                      (SCROLLING_MANA_TI):01238         ;------------------------------------------------------------------------------
                      (SCROLLING_MANA_TI):01239         ; EOF
                      (SCROLLING_MANA_TI):01240         ;------------------------------------------------------------------------------
                      (SCROLLING_MANA_TI):01241         
