                      (    vgm_music.asm):00001         ;------------------------------------------------------------------------------
                      (    vgm_music.asm):00002         ; PROJECT: VGM PLAYER
                      (    vgm_music.asm):00003         ; VERSION: 0.0.1
                      (    vgm_music.asm):00004         ;    FILE: vgm_music.asm
                      (    vgm_music.asm):00005         ;  AUTHOR: CRAIG IANNELLO, PUGBUTT.COM
                      (    vgm_music.asm):00006         ;
                      (    vgm_music.asm):00007         ; DESCRIPTION: 
                      (    vgm_music.asm):00008         ;
                      (    vgm_music.asm):00009         ;   Plays song on the OPL3 module from a classic MS-DOS Game from 1993! 
                      (    vgm_music.asm):00010         ;
                      (    vgm_music.asm):00011         ;       Game Title: Star Wars X-Wing
                      (    vgm_music.asm):00012         ;       Song title: 40 Death and Funeral.vgz
                      (    vgm_music.asm):00013         ;
                      (    vgm_music.asm):00014         ;------------------------------------------------------------------------------
     FFE0             (    vgm_music.asm):00015         OPL3_BASE   equ  $FFE0      ; ffe0 - ffe3: Music Chip YMF262 (OPL3)
                      (    vgm_music.asm):00016         ;------------------------------------------------------------------------------
                      (    vgm_music.asm):00017                     ORG     $1000   ; CODE & VARS
                      (    vgm_music.asm):00018         ; -----------------------------------------------------------------------------
                      (    vgm_music.asm):00019         ; PROGRAM ENTRYPOINT
                      (    vgm_music.asm):00020         ; -----------------------------------------------------------------------------
1000 8600             (    vgm_music.asm):00021         ENTRYPOINT  LDA  #$00
1002 C600             (    vgm_music.asm):00022                     LDB  #$00
1004 118600           (    vgm_music.asm):00023                     LDE  #$00
1007 BD10F6           (    vgm_music.asm):00024                     JSR  OPL_WRITE
100A 8608             (    vgm_music.asm):00025                     LDA  #$08
100C C640             (    vgm_music.asm):00026                     LDB  #$40
100E 118600           (    vgm_music.asm):00027                     LDE  #$00
1011 BD10F6           (    vgm_music.asm):00028                     JSR  OPL_WRITE
1014 86BD             (    vgm_music.asm):00029                     LDA  #$BD
1016 C600             (    vgm_music.asm):00030                     LDB  #$00
1018 118600           (    vgm_music.asm):00031                     LDE  #$00
101B BD10F6           (    vgm_music.asm):00032                     JSR  OPL_WRITE
101E 8600             (    vgm_music.asm):00033                     LDA  #$00
1020 C600             (    vgm_music.asm):00034                     LDB  #$00
1022 118601           (    vgm_music.asm):00035                     LDE  #$01
1025 BD10F6           (    vgm_music.asm):00036                     JSR  OPL_WRITE
1028 8608             (    vgm_music.asm):00037                     LDA  #$08
102A C640             (    vgm_music.asm):00038                     LDB  #$40
102C 118601           (    vgm_music.asm):00039                     LDE  #$01
102F BD10F6           (    vgm_music.asm):00040                     JSR  OPL_WRITE
1032 86BD             (    vgm_music.asm):00041                     LDA  #$BD
1034 C600             (    vgm_music.asm):00042                     LDB  #$00
1036 118601           (    vgm_music.asm):00043                     LDE  #$01
1039 BD10F6           (    vgm_music.asm):00044                     JSR  OPL_WRITE
103C 8E1127           (    vgm_music.asm):00045                     LDX  #SONG
103F A680             (    vgm_music.asm):00046         SONGLOOP    LDA  ,X+
1041 815A             (    vgm_music.asm):00047                     CMPA #$5A
1043 2765             (    vgm_music.asm):00048                     BEQ  WR_BANK0
1045 815E             (    vgm_music.asm):00049                     CMPA #$5E
1047 2761             (    vgm_music.asm):00050                     BEQ  WR_BANK0
1049 815F             (    vgm_music.asm):00051                     CMPA #$5F
104B 2750             (    vgm_music.asm):00052                     BEQ  WR_BANK1
104D 8161             (    vgm_music.asm):00053                     CMPA #$61
104F 273D             (    vgm_music.asm):00054                     BEQ  DLY_VAR0
1051 8162             (    vgm_music.asm):00055                     CMPA #$62
1053 272F             (    vgm_music.asm):00056                     BEQ  DLY_F0
1055 8163             (    vgm_music.asm):00057                     CMPA #$63
1057 2721             (    vgm_music.asm):00058                     BEQ  DLY_F1
1059 8180             (    vgm_music.asm):00059                     CMPA #$80
105B 2713             (    vgm_music.asm):00060                     BEQ  DLY_F2
105D 8170             (    vgm_music.asm):00061                     CMPA #$70
105F 2D53             (    vgm_music.asm):00062                     BLT  LOOPEND
1061 8180             (    vgm_music.asm):00063                     CMPA #$80
1063 2C4F             (    vgm_music.asm):00064                     BGE  LOOPEND
1065 840F             (    vgm_music.asm):00065         DLY_VAR1    ANDA #$0F     ; Delay Y = (A & 0xf)+1
1067 4C               (    vgm_music.asm):00066                     INCA
1068 1F82             (    vgm_music.asm):00067                     TFR  A,Y
106A BD111D           (    vgm_music.asm):00068                     JSR  DELAY
106D 7E10B4           (    vgm_music.asm):00069                     JMP  LOOPEND                             
1070 108E002D         (    vgm_music.asm):00070         DLY_F2      LDY  #45
1074 BD111D           (    vgm_music.asm):00071                     JSR  DELAY
1077 7E10B4           (    vgm_music.asm):00072                     JMP  LOOPEND                        
107A 108E0372         (    vgm_music.asm):00073         DLY_F1      LDY  #882
107E BD111D           (    vgm_music.asm):00074                     JSR  DELAY
1081 7E10B4           (    vgm_music.asm):00075                     JMP  LOOPEND                        
1084 108E02DF         (    vgm_music.asm):00076         DLY_F0      LDY  #735
1088 BD111D           (    vgm_music.asm):00077                     JSR  DELAY
108B 7E10B4           (    vgm_music.asm):00078                     JMP  LOOPEND                        
108E 10AE81           (    vgm_music.asm):00079         DLY_VAR0    LDY  ,X++
1091 1F20             (    vgm_music.asm):00080                     TFR  Y,D    ; Swap dumb little-endian word to big-endian
1093 1E89             (    vgm_music.asm):00081                     EXG  A,B    ; (As nature intended.)
1095 1F02             (    vgm_music.asm):00082                     TFR  D,Y
1097 BD111D           (    vgm_music.asm):00083                     JSR  DELAY
109A 7E10B4           (    vgm_music.asm):00084                     JMP  LOOPEND
109D A680             (    vgm_music.asm):00085         WR_BANK1    LDA  ,X+
109F E680             (    vgm_music.asm):00086                     LDB  ,X+
10A1 118601           (    vgm_music.asm):00087                     LDE  #1
10A4 BD10F6           (    vgm_music.asm):00088                     JSR  OPL_WRITE
10A7 7E10B4           (    vgm_music.asm):00089                     JMP  LOOPEND
10AA A680             (    vgm_music.asm):00090         WR_BANK0    LDA  ,X+
10AC E680             (    vgm_music.asm):00091                     LDB  ,X+
10AE 118600           (    vgm_music.asm):00092                     LDE  #0
10B1 BD10F6           (    vgm_music.asm):00093                     JSR  OPL_WRITE
10B4 8C3D27           (    vgm_music.asm):00094         LOOPEND     CMPX #ENDSONG
10B7 2D86             (    vgm_music.asm):00095                     BLT  SONGLOOP
10B9 8600             (    vgm_music.asm):00096                     LDA  #$00
10BB C600             (    vgm_music.asm):00097                     LDB  #$00
10BD 118600           (    vgm_music.asm):00098                     LDE  #$00
10C0 BD10F6           (    vgm_music.asm):00099                     JSR  OPL_WRITE
10C3 8608             (    vgm_music.asm):00100                     LDA  #$08
10C5 C640             (    vgm_music.asm):00101                     LDB  #$40
10C7 118600           (    vgm_music.asm):00102                     LDE  #$00
10CA BD10F6           (    vgm_music.asm):00103                     JSR  OPL_WRITE
10CD 86BD             (    vgm_music.asm):00104                     LDA  #$BD
10CF C600             (    vgm_music.asm):00105                     LDB  #$00
10D1 118600           (    vgm_music.asm):00106                     LDE  #$00
10D4 BD10F6           (    vgm_music.asm):00107                     JSR  OPL_WRITE
10D7 8600             (    vgm_music.asm):00108                     LDA  #$00
10D9 C600             (    vgm_music.asm):00109                     LDB  #$00
10DB 118601           (    vgm_music.asm):00110                     LDE  #$01
10DE BD10F6           (    vgm_music.asm):00111                     JSR  OPL_WRITE
10E1 8608             (    vgm_music.asm):00112                     LDA  #$08
10E3 C640             (    vgm_music.asm):00113                     LDB  #$40
10E5 118601           (    vgm_music.asm):00114                     LDE  #$01
10E8 BD10F6           (    vgm_music.asm):00115                     JSR  OPL_WRITE
10EB 86BD             (    vgm_music.asm):00116                     LDA  #$BD
10ED C600             (    vgm_music.asm):00117                     LDB  #$00
10EF 118601           (    vgm_music.asm):00118                     LDE  #$01
10F2 BD10F6           (    vgm_music.asm):00119                     JSR  OPL_WRITE            
10F5 39               (    vgm_music.asm):00120                     RTS             ; ALL DONE.
                      (    vgm_music.asm):00121         ; -----------------------------------------------------------------------------
                      (    vgm_music.asm):00122         ; A = REG NUM, B = VALUE, E = OPL3 Bank Number (0,1)           
                      (    vgm_music.asm):00123         ; -----------------------------------------------------------------------------
10F6 118100           (    vgm_music.asm):00124         OPL_WRITE   CMPE #00
10F9 2711             (    vgm_music.asm):00125                     BEQ  BANK0
10FB B7FFE2           (    vgm_music.asm):00126         BANK1       STA  OPL3_BASE+2
10FE 12               (    vgm_music.asm):00127                     NOP
10FF 12               (    vgm_music.asm):00128                     NOP
1100 12               (    vgm_music.asm):00129                     NOP
1101 12               (    vgm_music.asm):00130                     NOP
1102 12               (    vgm_music.asm):00131                     NOP
1103 F7FFE3           (    vgm_music.asm):00132                     STB  OPL3_BASE+3
1106 12               (    vgm_music.asm):00133                     NOP
1107 12               (    vgm_music.asm):00134                     NOP
1108 12               (    vgm_music.asm):00135                     NOP
1109 12               (    vgm_music.asm):00136                     NOP
110A 12               (    vgm_music.asm):00137                     NOP
110B 39               (    vgm_music.asm):00138                     RTS
110C B7FFE0           (    vgm_music.asm):00139         BANK0       STA  OPL3_BASE+0
110F 12               (    vgm_music.asm):00140                     NOP
1110 12               (    vgm_music.asm):00141                     NOP
1111 12               (    vgm_music.asm):00142                     NOP
1112 12               (    vgm_music.asm):00143                     NOP
1113 12               (    vgm_music.asm):00144                     NOP
1114 F7FFE1           (    vgm_music.asm):00145                     STB  OPL3_BASE+1
1117 12               (    vgm_music.asm):00146                     NOP
1118 12               (    vgm_music.asm):00147                     NOP
1119 12               (    vgm_music.asm):00148                     NOP
111A 12               (    vgm_music.asm):00149                     NOP
111B 12               (    vgm_music.asm):00150                     NOP
111C 39               (    vgm_music.asm):00151                     RTS
                      (    vgm_music.asm):00152         ; -----------------------------------------------------------------------------
                      (    vgm_music.asm):00153         ; Wait the number of sample periods given in Y. The sample rate is 44100 Hz
                      (    vgm_music.asm):00154         ; -----------------------------------------------------------------------------
111D C611             (    vgm_music.asm):00155         DELAY       LDB  #17
111F 5A               (    vgm_music.asm):00156         DLOOP       DECB
1120 26FD             (    vgm_music.asm):00157                     BNE  DLOOP
1122 313F             (    vgm_music.asm):00158                     LEAY -1,Y
1124 26F7             (    vgm_music.asm):00159                     BNE  DELAY
1126 39               (    vgm_music.asm):00160                     RTS
                      (    vgm_music.asm):00161         ; -----------------------------------------------------------------------------
1127                  (    vgm_music.asm):00162         SONG:  ; VGM Data
1127 5A2E005A2F005A30 (    vgm_music.asm):00163             FCB $5A,$2E,$00,$5A,$2F,$00,$5A,$30,$00,$5A,$31,$00,$5A,$32,$00,$5A,$33,$00,$5A,$34,$00,$5A,$35,$00,$5A,$36,$00,$5A,$37,$00,$5A,$38
     005A31005A32005A
     33005A34005A3500
     5A36005A37005A38
1147 005A39005A3A005A (    vgm_music.asm):00164             FCB $00,$5A,$39,$00,$5A,$3A,$00,$5A,$3B,$00,$5A,$3C,$00,$5A,$3D,$00,$5A,$3E,$00,$5A,$3F,$00,$5A,$40,$00,$5A,$41,$00,$5A,$42,$00,$5A
     3B005A3C005A3D00
     5A3E005A3F005A40
     005A41005A42005A
1167 43005A44005A4500 (    vgm_music.asm):00165             FCB $43,$00,$5A,$44,$00,$5A,$45,$00,$5A,$46,$00,$5A,$47,$00,$5A,$48,$00,$5A,$49,$00,$5A,$4A,$00,$5A,$4B,$00,$5A,$4C,$00,$5A,$4D,$00
     5A46005A47005A48
     005A49005A4A005A
     4B005A4C005A4D00
1187 5A4E005A4F005A50 (    vgm_music.asm):00166             FCB $5A,$4E,$00,$5A,$4F,$00,$5A,$50,$00,$5A,$51,$00,$5A,$52,$00,$5A,$53,$00,$5A,$54,$00,$5A,$55,$00,$5A,$56,$00,$5A,$57,$00,$5A,$58
     005A51005A52005A
     53005A54005A5500
     5A56005A57005A58
11A7 005A59005A5A005A (    vgm_music.asm):00167             FCB $00,$5A,$59,$00,$5A,$5A,$00,$5A,$5B,$00,$5A,$5C,$00,$5A,$5D,$00,$5A,$5E,$00,$5A,$5F,$00,$5A,$60,$00,$5A,$61,$00,$5A,$62,$00,$5A
     5B005A5C005A5D00
     5A5E005A5F005A60
     005A61005A62005A
11C7 63005A64005A6500 (    vgm_music.asm):00168             FCB $63,$00,$5A,$64,$00,$5A,$65,$00,$5A,$66,$00,$5A,$67,$00,$5A,$68,$00,$5A,$69,$00,$5A,$6A,$00,$5A,$6B,$00,$5A,$6C,$00,$5A,$6D,$00
     5A66005A67005A68
     005A69005A6A005A
     6B005A6C005A6D00
11E7 5A6E005A6F005A70 (    vgm_music.asm):00169             FCB $5A,$6E,$00,$5A,$6F,$00,$5A,$70,$00,$5A,$71,$00,$5A,$72,$00,$5A,$73,$00,$5A,$74,$00,$5A,$75,$00,$5A,$76,$00,$5A,$77,$00,$5A,$78
     005A71005A72005A
     73005A74005A7500
     5A76005A77005A78
1207 005A79005A7A005A (    vgm_music.asm):00170             FCB $00,$5A,$79,$00,$5A,$7A,$00,$5A,$7B,$00,$5A,$7C,$00,$5A,$7D,$00,$5A,$7E,$00,$5A,$7F,$00,$5A,$80,$00,$5A,$81,$00,$5A,$82,$00,$5A
     7B005A7C005A7D00
     5A7E005A7F005A80
     005A81005A82005A
1227 83005A84005A8500 (    vgm_music.asm):00171             FCB $83,$00,$5A,$84,$00,$5A,$85,$00,$5A,$86,$00,$5A,$87,$00,$5A,$88,$00,$5A,$89,$00,$5A,$8A,$00,$5A,$8B,$00,$5A,$8C,$00,$5A,$8D,$00
     5A86005A87005A88
     005A89005A8A005A
     8B005A8C005A8D00
1247 5A8E005A8F005A90 (    vgm_music.asm):00172             FCB $5A,$8E,$00,$5A,$8F,$00,$5A,$90,$00,$5A,$91,$00,$5A,$92,$00,$5A,$93,$00,$5A,$94,$00,$5A,$95,$00,$5A,$96,$00,$5A,$97,$00,$5A,$98
     005A91005A92005A
     93005A94005A9500
     5A96005A97005A98
1267 005A99005A9A005A (    vgm_music.asm):00173             FCB $00,$5A,$99,$00,$5A,$9A,$00,$5A,$9B,$00,$5A,$9C,$00,$5A,$9D,$00,$5A,$9E,$00,$5A,$9F,$00,$5A,$A0,$00,$5A,$A1,$00,$5A,$A2,$00,$5A
     9B005A9C005A9D00
     5A9E005A9F005AA0
     005AA1005AA2005A
1287 A3005AA4005AA500 (    vgm_music.asm):00174             FCB $A3,$00,$5A,$A4,$00,$5A,$A5,$00,$5A,$A6,$00,$5A,$A7,$00,$5A,$A8,$00,$5A,$A9,$00,$5A,$AA,$00,$5A,$AB,$00,$5A,$AC,$00,$5A,$AD,$00
     5AA6005AA7005AA8
     005AA9005AAA005A
     AB005AAC005AAD00
12A7 5AAE005AAF005AB0 (    vgm_music.asm):00175             FCB $5A,$AE,$00,$5A,$AF,$00,$5A,$B0,$00,$5A,$B1,$00,$5A,$B2,$00,$5A,$B3,$00,$5A,$B4,$00,$5A,$B5,$00,$5A,$B6,$00,$5A,$B7,$00,$5A,$B8
     005AB1005AB2005A
     B3005AB4005AB500
     5AB6005AB7005AB8
12C7 005AB9005ABA005A (    vgm_music.asm):00176             FCB $00,$5A,$B9,$00,$5A,$BA,$00,$5A,$BB,$00,$5A,$BC,$00,$5A,$BD,$00,$5A,$BE,$00,$5A,$BF,$00,$5A,$C0,$00,$5A,$C1,$00,$5A,$C2,$00,$5A
     BB005ABC005ABD00
     5ABE005ABF005AC0
     005AC1005AC2005A
12E7 C3005AC4005AC500 (    vgm_music.asm):00177             FCB $C3,$00,$5A,$C4,$00,$5A,$C5,$00,$5A,$C6,$00,$5A,$C7,$00,$5A,$C8,$00,$5A,$C9,$00,$5A,$CA,$00,$5A,$CB,$00,$5A,$CC,$00,$5A,$CD,$00
     5AC6005AC7005AC8
     005AC9005ACA005A
     CB005ACC005ACD00
1307 5ACE005ACF005AD0 (    vgm_music.asm):00178             FCB $5A,$CE,$00,$5A,$CF,$00,$5A,$D0,$00,$5A,$D1,$00,$5A,$D2,$00,$5A,$D3,$00,$5A,$D4,$00,$5A,$D5,$00,$5A,$D6,$00,$5A,$D7,$00,$5A,$D8
     005AD1005AD2005A
     D3005AD4005AD500
     5AD6005AD7005AD8
1327 005AD9005ADA005A (    vgm_music.asm):00179             FCB $00,$5A,$D9,$00,$5A,$DA,$00,$5A,$DB,$00,$5A,$DC,$00,$5A,$DD,$00,$5A,$DE,$00,$5A,$DF,$00,$5A,$E0,$00,$5A,$E1,$00,$5A,$E2,$00,$5A
     DB005ADC005ADD00
     5ADE005ADF005AE0
     005AE1005AE2005A
1347 E3005AE4005AE500 (    vgm_music.asm):00180             FCB $E3,$00,$5A,$E4,$00,$5A,$E5,$00,$5A,$E6,$00,$5A,$E7,$00,$5A,$E8,$00,$5A,$E9,$00,$5A,$EA,$00,$5A,$EB,$00,$5A,$EC,$00,$5A,$ED,$00
     5AE6005AE7005AE8
     005AE9005AEA005A
     EB005AEC005AED00
1367 5AEE005AEF005AF0 (    vgm_music.asm):00181             FCB $5A,$EE,$00,$5A,$EF,$00,$5A,$F0,$00,$5A,$F1,$00,$5A,$F2,$00,$5A,$F3,$00,$5A,$F4,$00,$5A,$F5,$00,$5A,$F6,$00,$5A,$F7,$00,$5A,$F8
     005AF1005AF2005A
     F3005AF4005AF500
     5AF6005AF7005AF8
1387 005AF9005AFA005A (    vgm_music.asm):00182             FCB $00,$5A,$F9,$00,$5A,$FA,$00,$5A,$FB,$00,$5A,$FC,$00,$5A,$FD,$00,$5A,$FE,$00,$5A,$FF,$00,$5A,$21,$61,$5A,$41,$53,$5A,$61,$91,$5A
     FB005AFC005AFD00
     5AFE005AFF005A21
     615A41535A61915A
13A7 81255AE14A5A2462 (    vgm_music.asm):00183             FCB $81,$25,$5A,$E1,$4A,$5A,$24,$62,$5A,$64,$60,$5A,$84,$06,$5A,$E4,$4E,$5A,$C1,$04,$5A,$A1,$6B,$5A,$B1,$2C,$61,$2F,$01,$5A,$22,$61
     5A64605A84065AE4
     4E5AC1045AA16B5A
     B12C612F015A2261
13C7 5A42505A62915A82 (    vgm_music.asm):00184             FCB $5A,$42,$50,$5A,$62,$91,$5A,$82,$25,$5A,$E2,$4A,$5A,$25,$62,$5A,$65,$60,$5A,$85,$06,$5A,$E5,$4E,$5A,$C2,$04,$5A,$A2,$6B,$5A,$B2
     255AE24A5A25625A
     65605A85065AE54E
     5AC2045AA26B5AB2
13E7 286123045A28B25A (    vgm_music.asm):00185             FCB $28,$61,$23,$04,$5A,$28,$B2,$5A,$48,$14,$5A,$68,$42,$5A,$88,$39,$5A,$E8,$1D,$5A,$2B,$22,$5A,$6B,$A0,$5A,$8B,$0A,$5A,$EB,$35,$5A
     48145A68425A8839
     5AE81D5A2B225A6B
     A05A8B0A5AEB355A
1407 C3045AA3805AB338 (    vgm_music.asm):00186             FCB $C3,$04,$5A,$A3,$80,$5A,$B3,$38,$61,$26,$11,$5A,$B2,$08,$61,$C7,$01,$5A,$B1,$0C,$61,$86,$20,$5A,$29,$61,$5A,$49,$53,$5A,$69,$91
     6126115AB20861C7
     015AB10C6186205A
     29615A49535A6991
1427 5A89255AE94A5A2C (    vgm_music.asm):00187             FCB $5A,$89,$25,$5A,$E9,$4A,$5A,$2C,$62,$5A,$6C,$60,$5A,$8C,$06,$5A,$EC,$4E,$5A,$C4,$04,$5A,$A4,$6B,$5A,$B4,$28,$5A,$2A,$61,$5A,$4A
     625A6C605A8C065A
     EC4E5AC4045AA46B
     5AB4285A2A615A4A
1447 595A6A915A8A255A (    vgm_music.asm):00188             FCB $59,$5A,$6A,$91,$5A,$8A,$25,$5A,$EA,$4A,$5A,$2D,$62,$5A,$6D,$60,$5A,$8D,$06,$5A,$ED,$4E,$5A,$C5,$04,$5A,$A5,$6B,$5A,$B5,$2C,$61
     EA4A5A2D625A6D60
     5A8D065AED4E5AC5
     045AA56B5AB52C61
1467 84135AB40861BB04 (    vgm_music.asm):00189             FCB $84,$13,$5A,$B4,$08,$61,$BB,$04,$5A,$B5,$0C,$5A,$B3,$18,$61,$1B,$14,$5A,$30,$B2,$5A,$50,$14,$5A,$70,$42,$5A,$90,$39,$5A,$F0,$1D
     5AB50C5AB318611B
     145A30B25A50145A
     70425A90395AF01D
1487 5A33225A73A05A93 (    vgm_music.asm):00190             FCB $5A,$33,$22,$5A,$73,$A0,$5A,$93,$0A,$5A,$F3,$35,$5A,$C6,$04,$5A,$A6,$C0,$5A,$B6,$34,$61,$31,$0E,$5A,$31,$61,$5A,$51,$53,$5A,$71
     0A5AF3355AC6045A
     A6C05AB63461310E
     5A31615A51535A71
14A7 915A91255AF14A5A (    vgm_music.asm):00191             FCB $91,$5A,$91,$25,$5A,$F1,$4A,$5A,$34,$62,$5A,$74,$60,$5A,$94,$06,$5A,$F4,$4E,$5A,$C7,$04,$5A,$A7,$6B,$5A,$B7,$2C,$61,$2F,$01,$5A
     34625A74605A9406
     5AF44E5AC7045AA7
     6B5AB72C612F015A
14C7 B6146198005A3261 (    vgm_music.asm):00192             FCB $B6,$14,$61,$98,$00,$5A,$32,$61,$5A,$52,$4C,$5A,$72,$91,$5A,$92,$25,$5A,$F2,$4A,$5A,$35,$62,$5A,$75,$60,$5A,$95,$06,$5A,$F5,$4E
     5A524C5A72915A92
     255AF24A5A35625A
     75605A95065AF54E
14E7 5AC8045AA86B5AB8 (    vgm_music.asm):00193             FCB $5A,$C8,$04,$5A,$A8,$6B,$5A,$B8,$28,$61,$3C,$0B,$5A,$20,$B2,$5A,$40,$14,$5A,$60,$42,$5A,$80,$39,$5A,$E0,$1D,$5A,$23,$22,$5A,$63
     28613C0B5A20B25A
     40145A60425A8039
     5AE01D5A23225A63
1507 A05A830A5AE3355A (    vgm_music.asm):00194             FCB $A0,$5A,$83,$0A,$5A,$E3,$35,$5A,$C0,$04,$5A,$A0,$80,$5A,$B0,$38,$61,$19,$07,$5A,$B7,$0C,$61,$97,$00,$5A,$B8,$08,$61,$E4,$22,$5A
     C0045AA0805AB038
     6119075AB70C6197
     005AB80861E4225A
1527 B12C618C035A424C (    vgm_music.asm):00195             FCB $B1,$2C,$61,$8C,$03,$5A,$42,$4C,$5A,$B2,$28,$61,$9A,$0D,$5A,$B1,$0C,$61,$81,$06,$5A,$B2,$08,$61,$DF,$08,$5A,$B0,$18,$61,$0E,$0A
     5AB228619A0D5AB1
     0C6181065AB20861
     DF085AB018610E0A
1547 5AA3C05AB3346102 (    vgm_music.asm):00196             FCB $5A,$A3,$C0,$5A,$B3,$34,$61,$02,$0D,$5A,$B3,$14,$61,$F5,$02,$5A,$49,$4C,$5A,$B4,$2C,$61,$5E,$02,$5A,$4A,$4C,$5A,$A5,$87,$5A,$B5
     0D5AB31461F5025A
     494C5AB42C615E02
     5A4A4C5AA5875AB5
1567 305A30615A504C5A (    vgm_music.asm):00197             FCB $30,$5A,$30,$61,$5A,$50,$4C,$5A,$70,$91,$5A,$90,$25,$5A,$F0,$4A,$5A,$33,$62,$5A,$73,$60,$5A,$93,$06,$5A,$F3,$4E,$5A,$A6,$6B,$5A
     70915A90255AF04A
     5A33625A73605A93
     065AF34E5AA66B5A
1587 B628618C035A31E2 (    vgm_music.asm):00198             FCB $B6,$28,$61,$8C,$03,$5A,$31,$E2,$5A,$51,$D0,$5A,$71,$52,$5A,$91,$37,$5A,$F1,$19,$5A,$34,$E2,$5A,$94,$56,$5A,$F4,$49,$5A,$C7,$06
     5A51D05A71525A91
     375AF1195A34E25A
     94565AF4495AC706
15A7 5AA7875AB738615E (    vgm_music.asm):00199             FCB $5A,$A7,$87,$5A,$B7,$38,$61,$5E,$02,$5A,$32,$E2,$5A,$52,$D4,$5A,$72,$52,$5A,$92,$37,$5A,$F2,$19,$5A,$35,$E2,$5A,$55,$03,$5A,$95
     025A32E25A52D45A
     72525A92375AF219
     5A35E25A55035A95
15C7 565AF5495AC8065A (    vgm_music.asm):00200             FCB $56,$5A,$F5,$49,$5A,$C8,$06,$5A,$A8,$87,$5A,$B8,$34,$61,$8C,$03,$5A,$40,$15,$5A,$A0,$87,$5A,$B0,$38,$61,$B0,$07,$5A,$41,$57,$5A
     A8875AB834618C03
     5A40155AA0875AB0
     3861B0075A41575A
15E7 A1805AB130612F01 (    vgm_music.asm):00201             FCB $A1,$80,$5A,$B1,$30,$61,$2F,$01,$5A,$B5,$10,$61,$97,$00,$5A,$B4,$0C,$61,$98,$00,$5A,$22,$E2,$5A,$42,$D2,$5A,$62,$52,$5A,$82,$37
     5AB5106197005AB4
     0C6198005A22E25A
     42D25A62525A8237
1607 5AE2195A25E25A45 (    vgm_music.asm):00202             FCB $5A,$E2,$19,$5A,$25,$E2,$5A,$45,$01,$5A,$85,$56,$5A,$E5,$49,$5A,$C2,$06,$5A,$A2,$80,$5A,$B2,$38,$61,$2E,$01,$5A,$B7,$18,$61,$98
     015A85565AE5495A
     C2065AA2805AB238
     612E015AB7186198
1627 005AB018615D025A (    vgm_music.asm):00203             FCB $00,$5A,$B0,$18,$61,$5D,$02,$5A,$B6,$08,$61,$98,$00,$5A,$28,$E2,$5A,$48,$D3,$5A,$68,$52,$5A,$88,$37,$5A,$E8,$19,$5A,$2B,$E2,$5A
     B6086198005A28E2
     5A48D35A68525A88
     375AE8195A2BE25A
1647 4B025A6B605A8B56 (    vgm_music.asm):00204             FCB $4B,$02,$5A,$6B,$60,$5A,$8B,$56,$5A,$EB,$49,$5A,$C3,$06,$5A,$A3,$80,$5A,$B3,$34,$61,$8C,$03,$5A,$29,$B2,$5A,$49,$1C,$5A,$69,$42
     5AEB495AC3065AA3
     805AB334618C035A
     29B25A491C5A6942
1667 5A89395AE91D5A2C (    vgm_music.asm):00205             FCB $5A,$89,$39,$5A,$E9,$1D,$5A,$2C,$22,$5A,$4C,$05,$5A,$6C,$A0,$5A,$8C,$0A,$5A,$EC,$35,$5A,$A4,$87,$5A,$B4,$38,$61,$5E,$02,$5A,$B8
     225A4C055A6CA05A
     8C0A5AEC355AA487
     5AB438615E025AB8
1687 146147085AB1105A (    vgm_music.asm):00206             FCB $14,$61,$47,$08,$5A,$B1,$10,$5A,$B4,$18,$61,$98,$00,$5A,$4A,$57,$5A,$A5,$79,$5A,$B5,$30,$61,$97,$00,$5A,$B2,$18,$61,$24,$04,$5A
     B4186198005A4A57
     5AA5795AB5306197
     005AB2186124045A
16A7 30E25A50D05A7052 (    vgm_music.asm):00207             FCB $30,$E2,$5A,$50,$D0,$5A,$70,$52,$5A,$90,$37,$5A,$F0,$19,$5A,$33,$E2,$5A,$93,$56,$5A,$F3,$49,$5A,$C6,$06,$5A,$A6,$79,$5A,$B6,$38
     5A90375AF0195A33
     E25A93565AF3495A
     C6065AA6795AB638
16C7 61C6015AB314612F (    vgm_music.asm):00208             FCB $61,$C6,$01,$5A,$B3,$14,$61,$2F,$01,$5A,$51,$D4,$5A,$54,$03,$5A,$A7,$79,$5A,$B7,$34,$61,$5D,$02,$5A,$32,$B2,$5A,$52,$14,$5A,$72
     015A51D45A54035A
     A7795AB734615D02
     5A32B25A52145A72
16E7 425A92395AF21D5A (    vgm_music.asm):00209             FCB $42,$5A,$92,$39,$5A,$F2,$1D,$5A,$35,$22,$5A,$55,$00,$5A,$75,$A0,$5A,$95,$0A,$5A,$F5,$35,$5A,$C8,$04,$5A,$B8,$38,$61,$EA,$05,$5A
     35225A55005A75A0
     5A950A5AF5355AC8
     045AB83861EA055A
1707 20615A40535A6091 (    vgm_music.asm):00210             FCB $20,$61,$5A,$40,$53,$5A,$60,$91,$5A,$80,$25,$5A,$E0,$4A,$5A,$23,$62,$5A,$63,$60,$5A,$83,$06,$5A,$E3,$4E,$5A,$A0,$6B,$5A,$B0,$2C
     5A80255AE04A5A23
     625A63605A83065A
     E34E5AA06B5AB02C
1727 61C6015A41535AA1 (    vgm_music.asm):00211             FCB $61,$C6,$01,$5A,$41,$53,$5A,$A1,$6B,$5A,$B1,$28,$61,$2F,$01,$5A,$B5,$10,$5A,$22,$61,$5A,$42,$57,$5A,$62,$91,$5A,$82,$25,$5A,$E2
     6B5AB128612F015A
     B5105A22615A4257
     5A62915A82255AE2
1747 4A5A25625A45005A (    vgm_music.asm):00212             FCB $4A,$5A,$25,$62,$5A,$45,$00,$5A,$85,$06,$5A,$E5,$4E,$5A,$C2,$04,$5A,$A2,$72,$5A,$B2,$30,$61,$2F,$01,$5A,$B6,$18,$5A,$48,$D2,$5A
     85065AE54E5AC204
     5AA2725AB230612F
     015AB6185A48D25A
1767 4B015AA3725AB338 (    vgm_music.asm):00213             FCB $4B,$01,$5A,$A3,$72,$5A,$B3,$38,$61,$8C,$03,$5A,$B8,$18,$61,$2F,$01,$5A,$29,$E2,$5A,$49,$D3,$5A,$69,$52,$5A,$89,$37,$5A,$E9,$19
     618C035AB818612F
     015A29E25A49D35A
     69525A89375AE919
1787 5A2CE25A4C025A6C (    vgm_music.asm):00214             FCB $5A,$2C,$E2,$5A,$4C,$02,$5A,$6C,$60,$5A,$8C,$56,$5A,$EC,$49,$5A,$C4,$06,$5A,$A4,$72,$5A,$B4,$34,$61,$97,$00,$5A,$B7,$14,$61,$A5
     605A8C565AEC495A
     C4065AA4725AB434
     6197005AB71461A5
17A7 0A5A4A5C5AB53061 (    vgm_music.asm):00215             FCB $0A,$5A,$4A,$5C,$5A,$B5,$30,$61,$98,$00,$5A,$B0,$0C,$61,$C6,$01,$5A,$B1,$08,$61,$8C,$03,$5A,$50,$D2,$5A,$53,$01,$5A,$B6,$38,$5A
     98005AB00C61C601
     5AB108618C035A50
     D25A53015AB6385A
17C7 B2106197005A51D2 (    vgm_music.asm):00216             FCB $B2,$10,$61,$97,$00,$5A,$51,$D2,$5A,$54,$02,$5A,$B7,$34,$61,$C7,$01,$5A,$B3,$18,$61,$C6,$01,$5A,$B4,$14,$61,$0D,$0A,$5A,$B5,$10
     5A54025AB73461C7
     015AB31861C6015A
     B414610D0A5AB510
17E7 612F015A32615A52 (    vgm_music.asm):00217             FCB $61,$2F,$01,$5A,$32,$61,$5A,$52,$57,$5A,$72,$91,$5A,$92,$25,$5A,$F2,$4A,$5A,$35,$62,$5A,$75,$60,$5A,$95,$06,$5A,$F5,$4E,$5A,$A8
     575A72915A92255A
     F24A5A35625A7560
     5A95065AF54E5AA8
1807 805AB83061C6015A (    vgm_music.asm):00218             FCB $80,$5A,$B8,$30,$61,$C6,$01,$5A,$B6,$18,$61,$C6,$01,$5A,$20,$E2,$5A,$40,$D0,$5A,$60,$52,$5A,$80,$37,$5A,$E0,$19,$5A,$23,$E2,$5A
     B61861C6015A20E2
     5A40D05A60525A80
     375AE0195A23E25A
1827 83565AE3495AC006 (    vgm_music.asm):00219             FCB $83,$56,$5A,$E3,$49,$5A,$C0,$06,$5A,$A0,$80,$5A,$B0,$38,$61,$C7,$01,$5A,$B7,$14,$61,$52,$05,$5A,$21,$E2,$5A,$41,$D3,$5A,$61,$52
     5AA0805AB03861C7
     015AB7146152055A
     21E25A41D35A6152
1847 5A81375AE1195A24 (    vgm_music.asm):00220             FCB $5A,$81,$37,$5A,$E1,$19,$5A,$24,$E2,$5A,$44,$02,$5A,$84,$56,$5A,$E4,$49,$5A,$C1,$06,$5A,$A1,$80,$5A,$B1,$34,$61,$EA,$05,$5A,$42
     E25A44025A84565A
     E4495AC1065AA180
     5AB13461EA055A42
1867 595AA2875AB23061 (    vgm_music.asm):00221             FCB $59,$5A,$A2,$87,$5A,$B2,$30,$61,$C6,$01,$5A,$B8,$10,$5A,$28,$61,$5A,$48,$50,$5A,$68,$91,$5A,$88,$25,$5A,$E8,$4A,$5A,$2B,$62,$5A
     C6015AB8105A2861
     5A48505A68915A88
     255AE84A5A2B625A
1887 4B005A8B065AEB4E (    vgm_music.asm):00222             FCB $4B,$00,$5A,$8B,$06,$5A,$EB,$4E,$5A,$C3,$04,$5A,$A3,$6B,$5A,$B3,$28,$61,$98,$00,$5A,$29,$61,$5A,$49,$4C,$5A,$69,$91,$5A,$89,$25
     5AC3045AA36B5AB3
     286198005A29615A
     494C5A69915A8925
18A7 5AE94A5A2C625A4C (    vgm_music.asm):00223             FCB $5A,$E9,$4A,$5A,$2C,$62,$5A,$4C,$00,$5A,$8C,$06,$5A,$EC,$4E,$5A,$C4,$04,$5A,$A4,$6B,$5A,$B4,$2C,$61,$2E,$01,$5A,$B0,$18,$61,$98
     005A8C065AEC4E5A
     C4045AA46B5AB42C
     612E015AB0186198
18C7 005A2AE25A4AD05A (    vgm_music.asm):00224             FCB $00,$5A,$2A,$E2,$5A,$4A,$D0,$5A,$6A,$52,$5A,$8A,$37,$5A,$EA,$19,$5A,$2D,$E2,$5A,$8D,$56,$5A,$ED,$49,$5A,$C5,$06,$5A,$A5,$87,$5A
     6A525A8A375AEA19
     5A2DE25A8D565AED
     495AC5065AA5875A
18E7 B5386152055AA687 (    vgm_music.asm):00225             FCB $B5,$38,$61,$52,$05,$5A,$A6,$87,$5A,$B6,$34,$61,$98,$00,$5A,$B1,$14,$61,$81,$06,$5A,$B2,$10,$61,$5D,$02,$5A,$31,$61,$5A,$51,$59
     5AB6346198005AB1
     146181065AB21061
     5D025A31615A5159
1907 5A71915A91255AF1 (    vgm_music.asm):00226             FCB $5A,$71,$91,$5A,$91,$25,$5A,$F1,$4A,$5A,$34,$62,$5A,$54,$00,$5A,$94,$06,$5A,$F4,$4E,$5A,$C7,$04,$5A,$A7,$8F,$5A,$B7,$30,$61,$2F
     4A5A34625A54005A
     94065AF44E5AC704
     5AA78F5AB730612F
1927 015AB51861C6015A (    vgm_music.asm):00227             FCB $01,$5A,$B5,$18,$61,$C6,$01,$5A,$B3,$08,$5A,$B4,$0C,$61,$F5,$02,$5A,$32,$E2,$5A,$52,$D2,$5A,$72,$52,$5A,$92,$37,$5A,$F2,$19,$5A
     B3085AB40C61F502
     5A32E25A52D25A72
     525A92375AF2195A
1947 35E25A55025A9556 (    vgm_music.asm):00228             FCB $35,$E2,$5A,$55,$02,$5A,$95,$56,$5A,$F5,$49,$5A,$C8,$06,$5A,$A8,$8F,$5A,$B8,$38,$61,$EA,$05,$5A,$B6,$14,$61,$F5,$02,$5A,$40,$D2
     5AF5495AC8065AA8
     8F5AB83861EA055A
     B61461F5025A40D2
1967 5A43015AA08F5AB0 (    vgm_music.asm):00229             FCB $5A,$43,$01,$5A,$A0,$8F,$5A,$B0,$34,$61,$5E,$02,$5A,$B7,$10,$5A,$21,$61,$5A,$41,$5E,$5A,$61,$91,$5A,$81,$25,$5A,$E1,$4A,$5A,$24
     34615E025AB7105A
     21615A415E5A6191
     5A81255AE14A5A24
1987 625A44005A84065A (    vgm_music.asm):00230             FCB $62,$5A,$44,$00,$5A,$84,$06,$5A,$E4,$4E,$5A,$C1,$04,$5A,$A1,$98,$5A,$B1,$30,$61,$BB,$04,$5A,$22,$E2,$5A,$42,$D3,$5A,$62,$52,$5A
     E44E5AC1045AA198
     5AB13061BB045A22
     E25A42D35A62525A
19A7 82375AE2195A25E2 (    vgm_music.asm):00231             FCB $82,$37,$5A,$E2,$19,$5A,$25,$E2,$5A,$45,$02,$5A,$85,$56,$5A,$E5,$49,$5A,$C2,$06,$5A,$A2,$98,$5A,$B2,$38,$61,$C6,$01,$5A,$B8,$18
     5A45025A85565AE5
     495AC2065AA2985A
     B23861C6015AB818
19C7 61DF085AB110612F (    vgm_music.asm):00232             FCB $61,$DF,$08,$5A,$B1,$10,$61,$2F,$01,$5A,$28,$E2,$5A,$48,$D2,$5A,$68,$52,$5A,$88,$37,$5A,$E8,$19,$5A,$2B,$E2,$5A,$4B,$01,$5A,$8B
     015A28E25A48D25A
     68525A88375AE819
     5A2BE25A4B015A8B
19E7 565AEB495AC3065A (    vgm_music.asm):00233             FCB $56,$5A,$EB,$49,$5A,$C3,$06,$5A,$A3,$98,$5A,$B3,$34,$61,$C6,$01,$5A,$B0,$14,$5A,$49,$59,$5A,$A4,$A1,$5A,$B4,$30,$61,$97,$00,$5A
     A3985AB33461C601
     5AB0145A49595AA4
     A15AB4306197005A
1A07 2A615A4A505A6A91 (    vgm_music.asm):00234             FCB $2A,$61,$5A,$4A,$50,$5A,$6A,$91,$5A,$8A,$25,$5A,$EA,$4A,$5A,$2D,$62,$5A,$8D,$06,$5A,$ED,$4E,$5A,$C5,$04,$5A,$A5,$6B,$5A,$B5,$2C
     5A8A255AEA4A5A2D
     625A8D065AED4E5A
     C5045AA56B5AB52C
1A27 618C035AB2186198 (    vgm_music.asm):00235             FCB $61,$8C,$03,$5A,$B2,$18,$61,$98,$00,$5A,$30,$61,$5A,$50,$53,$5A,$70,$91,$5A,$90,$25,$5A,$F0,$4A,$5A,$33,$62,$5A,$53,$00,$5A,$93
     005A30615A50535A
     70915A90255AF04A
     5A33625A53005A93
1A47 065AF34E5AC6045A (    vgm_music.asm):00236             FCB $06,$5A,$F3,$4E,$5A,$C6,$04,$5A,$A6,$6B,$5A,$B6,$28,$61,$97,$00,$5A,$31,$72,$5A,$51,$1B,$5A,$71,$42,$5A,$91,$19,$5A,$F1,$08,$5A
     A66B5AB628619700
     5A31725A511B5A71
     425A91195AF1085A
1A67 34F25A74635A9409 (    vgm_music.asm):00237             FCB $34,$F2,$5A,$74,$63,$5A,$94,$09,$5A,$F4,$44,$5A,$C7,$0C,$5A,$A7,$C0,$5A,$B7,$34,$61,$98,$00,$5A,$32,$72,$5A,$52,$1B,$5A,$72,$42
     5AF4445AC70C5AA7
     C05AB7346198005A
     32725A521B5A7242
1A87 5A92195AF2085A35 (    vgm_music.asm):00238             FCB $5A,$92,$19,$5A,$F2,$08,$5A,$35,$F2,$5A,$55,$00,$5A,$75,$63,$5A,$95,$09,$5A,$F5,$44,$5A,$C8,$0C,$5A,$A8,$87,$5A,$B8,$34,$5A,$20
     F25A55005A75635A
     95095AF5445AC80C
     5AA8875AB8345A20
1AA7 B25A40165A60425A (    vgm_music.asm):00239             FCB $B2,$5A,$40,$16,$5A,$60,$42,$5A,$80,$39,$5A,$E0,$1D,$5A,$23,$22,$5A,$63,$A0,$5A,$83,$0A,$5A,$E3,$35,$5A,$C0,$04,$5A,$A0,$87,$5A
     80395AE01D5A2322
     5A63A05A830A5AE3
     355AC0045AA0875A
1AC7 B0386197005A21E2 (    vgm_music.asm):00240             FCB $B0,$38,$61,$97,$00,$5A,$21,$E2,$5A,$41,$D2,$5A,$61,$52,$5A,$81,$37,$5A,$E1,$19,$5A,$24,$E2,$5A,$44,$01,$5A,$84,$56,$5A,$E4,$49
     5A41D25A61525A81
     375AE1195A24E25A
     44015A84565AE449
1AE7 5AC1065AA1A15AB1 (    vgm_music.asm):00241             FCB $5A,$C1,$06,$5A,$A1,$A1,$5A,$B1,$38,$61,$5E,$02,$5A,$A7,$C1,$5A,$A8,$88,$61,$C6,$01,$5A,$22,$B2,$5A,$42,$14,$5A,$62,$42,$5A,$82
     38615E025AA7C15A
     A88861C6015A22B2
     5A42145A62425A82
1B07 395AE21D5A25225A (    vgm_music.asm):00242             FCB $39,$5A,$E2,$1D,$5A,$25,$22,$5A,$45,$00,$5A,$65,$A0,$5A,$85,$0A,$5A,$E5,$35,$5A,$C2,$04,$5A,$A2,$72,$5A,$B2,$38,$61,$2E,$01,$5A
     45005A65A05A850A
     5AE5355AC2045AA2
     725AB238612E015A
1B27 A7C05AA887618D03 (    vgm_music.asm):00243             FCB $A7,$C0,$5A,$A8,$87,$61,$8D,$03,$5A,$B0,$18,$61,$2F,$01,$5A,$B8,$14,$61,$97,$00,$5A,$B3,$14,$5A,$A3,$A1,$5A,$B3,$34,$5A,$32,$61
     5AB018612F015AB8
     146197005AB3145A
     A3A15AB3345A3261
1B47 5A52595A72915A92 (    vgm_music.asm):00244             FCB $5A,$52,$59,$5A,$72,$91,$5A,$92,$25,$5A,$F2,$4A,$5A,$35,$62,$5A,$75,$60,$5A,$95,$06,$5A,$F5,$4E,$5A,$C8,$04,$5A,$A8,$AB,$5A,$B8
     255AF24A5A35625A
     75605A95065AF54E
     5AC8045AA8AB5AB8
1B67 3061C6015AB50C5A (    vgm_music.asm):00245             FCB $30,$61,$C6,$01,$5A,$B5,$0C,$5A,$B7,$14,$61,$F5,$02,$5A,$40,$1C,$5A,$43,$05,$5A,$B0,$38,$5A,$B4,$10,$61,$97,$00,$5A,$B6,$08,$5A
     B71461F5025A401C
     5A43055AB0385AB4
     106197005AB6085A
1B87 B118612F015AB218 (    vgm_music.asm):00246             FCB $B1,$18,$61,$2F,$01,$5A,$B2,$18,$61,$2F,$01,$5A,$44,$02,$5A,$A1,$AB,$5A,$B1,$38,$5A,$B3,$14,$61,$2F,$01,$5A,$22,$72,$5A,$42,$1B
     612F015A44025AA1
     AB5AB1385AB31461
     2F015A22725A421B
1BA7 5A82195AE2085A25 (    vgm_music.asm):00247             FCB $5A,$82,$19,$5A,$E2,$08,$5A,$25,$F2,$5A,$65,$63,$5A,$85,$09,$5A,$E5,$44,$5A,$C2,$0C,$5A,$A2,$C0,$5A,$B2,$34,$61,$97,$00,$5A,$28
     F25A65635A85095A
     E5445AC20C5AA2C0
     5AB2346197005A28
1BC7 725A481D5A68425A (    vgm_music.asm):00248             FCB $72,$5A,$48,$1D,$5A,$68,$42,$5A,$88,$19,$5A,$E8,$08,$5A,$2B,$F2,$5A,$4B,$00,$5A,$6B,$63,$5A,$8B,$09,$5A,$EB,$44,$5A,$C3,$0C,$5A
     88195AE8085A2BF2
     5A4B005A6B635A8B
     095AEB445AC30C5A
1BE7 A3875AB33461C601 (    vgm_music.asm):00249             FCB $A3,$87,$5A,$B3,$34,$61,$C6,$01,$5A,$29,$B2,$5A,$49,$19,$5A,$69,$42,$5A,$89,$39,$5A,$E9,$1D,$5A,$2C,$22,$5A,$4C,$02,$5A,$6C,$A0
     5A29B25A49195A69
     425A89395AE91D5A
     2C225A4C025A6CA0
1C07 5A8C0A5AEC355AA4 (    vgm_music.asm):00250             FCB $5A,$8C,$0A,$5A,$EC,$35,$5A,$A4,$72,$5A,$B4,$38,$61,$98,$00,$5A,$A2,$C1,$61,$97,$00,$5A,$2A,$E2,$5A,$4A,$D8,$5A,$6A,$52,$5A,$8A
     725AB4386198005A
     A2C16197005A2AE2
     5A4AD85A6A525A8A
1C27 375AEA195A2DE25A (    vgm_music.asm):00251             FCB $37,$5A,$EA,$19,$5A,$2D,$E2,$5A,$4D,$08,$5A,$8D,$56,$5A,$ED,$49,$5A,$C5,$06,$5A,$A5,$AB,$5A,$B5,$34,$61,$5E,$02,$5A,$A2,$C0,$5A
     4D085A8D565AED49
     5AC5065AA5AB5AB5
     34615E025AA2C05A
1C47 A388612E015A5059 (    vgm_music.asm):00252             FCB $A3,$88,$61,$2E,$01,$5A,$50,$59,$5A,$A6,$B5,$5A,$B6,$30,$61,$98,$00,$5A,$B0,$18,$61,$2F,$01,$5A,$A3,$87,$61,$2E,$01,$5A,$B8,$10
     5AA6B55AB6306198
     005AB018612F015A
     A387612E015AB810
1C67 61C7015AB514612E (    vgm_music.asm):00253             FCB $61,$C7,$01,$5A,$B5,$14,$61,$2E,$01,$5A,$B2,$14,$61,$98,$00,$5A,$B3,$14,$5A,$31,$E2,$5A,$51,$CE,$5A,$71,$52,$5A,$91,$37,$5A,$F1
     015AB2146198005A
     B3145A31E25A51CE
     5A71525A91375AF1
1C87 195A34E25A74605A (    vgm_music.asm):00254             FCB $19,$5A,$34,$E2,$5A,$74,$60,$5A,$94,$56,$5A,$F4,$49,$5A,$C7,$06,$5A,$A7,$B5,$5A,$B7,$34,$5A,$32,$B2,$5A,$52,$1C,$5A,$72,$42,$5A
     94565AF4495AC706
     5AA7B55AB7345A32
     B25A521C5A72425A
1CA7 92395AF21D5A3522 (    vgm_music.asm):00255             FCB $92,$39,$5A,$F2,$1D,$5A,$35,$22,$5A,$55,$04,$5A,$75,$A0,$5A,$95,$0A,$5A,$F5,$35,$5A,$A8,$87,$5A,$B8,$38,$61,$2F,$01,$5A,$20,$E2
     5A55045A75A05A95
     0A5AF5355AA8875A
     B838612F015A20E2
1CC7 5A40D25A60525A80 (    vgm_music.asm):00256             FCB $5A,$40,$D2,$5A,$60,$52,$5A,$80,$37,$5A,$E0,$19,$5A,$23,$E2,$5A,$43,$02,$5A,$63,$60,$5A,$83,$56,$5A,$E3,$49,$5A,$C0,$06,$5A,$A0
     375AE0195A23E25A
     43025A63605A8356
     5AE3495AC0065AA0
1CE7 B55AB0386197005A (    vgm_music.asm):00257             FCB $B5,$5A,$B0,$38,$61,$97,$00,$5A,$B4,$18,$61,$2F,$01,$5A,$B2,$34,$61,$2E,$01,$5A,$B1,$18,$61,$2F,$01,$5A,$B3,$34,$61,$2F,$01,$5A
     B418612F015AB234
     612E015AB118612F
     015AB334612F015A
1D07 A2C161F5025A4915 (    vgm_music.asm):00258             FCB $A2,$C1,$61,$F5,$02,$5A,$49,$15,$5A,$4C,$00,$5A,$B4,$38,$5A,$A2,$C0,$5A,$A3,$88,$61,$C6,$01,$5A,$B7,$14,$61,$98,$00,$5A,$2A,$61
     5A4C005AB4385AA2
     C05AA38861C6015A
     B7146198005A2A61
1D27 5A4A5C5A6A915A8A (    vgm_music.asm):00259             FCB $5A,$4A,$5C,$5A,$6A,$91,$5A,$8A,$25,$5A,$EA,$4A,$5A,$2D,$62,$5A,$4D,$00,$5A,$8D,$06,$5A,$ED,$4E,$5A,$C5,$04,$5A,$A5,$C0,$5A,$B5
     255AEA4A5A2D625A
     4D005A8D065AED4E
     5AC5045AA5C05AB5
1D47 306197005AA38761 (    vgm_music.asm):00260             FCB $30,$61,$97,$00,$5A,$A3,$87,$61,$97,$00,$5A,$B6,$10,$61,$2F,$01,$5A,$B8,$18,$5A,$B3,$14,$61,$C6,$01,$5A,$50,$50,$5A,$A6,$6B,$5A
     97005AB610612F01
     5AB8185AB31461C6
     015A50505AA66B5A
1D67 B6286198005AB214 (    vgm_music.asm):00261             FCB $B6,$28,$61,$98,$00,$5A,$B2,$14,$61,$97,$00,$5A,$B0,$18,$61,$F5,$02,$5A,$51,$D0,$5A,$A7,$C0,$5A,$B7,$38,$5A,$32,$61,$5A,$52,$4C
     6197005AB01861F5
     025A51D05AA7C05A
     B7385A32615A524C
1D87 5A72915A92255AF2 (    vgm_music.asm):00262             FCB $5A,$72,$91,$5A,$92,$25,$5A,$F2,$4A,$5A,$35,$62,$5A,$55,$00,$5A,$75,$60,$5A,$95,$06,$5A,$F5,$4E,$5A,$A8,$6B,$5A,$B8,$28,$61,$97
     4A5A35625A55005A
     75605A95065AF54E
     5AA86B5AB8286197
1DA7 005AA0C05AB03461 (    vgm_music.asm):00263             FCB $00,$5A,$A0,$C0,$5A,$B0,$34,$61,$2F,$01,$5A,$B4,$18,$61,$5E,$02,$5A,$21,$B2,$5A,$41,$13,$5A,$61,$42,$5A,$81,$39,$5A,$E1,$1D,$5A
     2F015AB418615E02
     5A21B25A41135A61
     425A81395AE11D5A
1DC7 24225A44005A64A0 (    vgm_music.asm):00264             FCB $24,$22,$5A,$44,$00,$5A,$64,$A0,$5A,$84,$0A,$5A,$E4,$35,$5A,$C1,$04,$5A,$A1,$87,$5A,$B1,$38,$61,$97,$00,$5A,$B2,$34,$5A,$48,$1B
     5A840A5AE4355AC1
     045AA1875AB13861
     97005AB2345A481B
1DE7 5AB334618C035A49 (    vgm_music.asm):00265             FCB $5A,$B3,$34,$61,$8C,$03,$5A,$49,$13,$5A,$B4,$38,$61,$2F,$01,$5A,$A2,$C1,$5A,$A3,$88,$61,$F5,$02,$5A,$A2,$C0,$5A,$A3,$87,$61,$F5
     135AB438612F015A
     A2C15AA38861F502
     5AA2C05AA38761F5
1E07 025AB014618C035A (    vgm_music.asm):00266             FCB $02,$5A,$B0,$14,$61,$8C,$03,$5A,$B3,$14,$5A,$B8,$08,$5A,$B6,$08,$61,$98,$00,$5A,$B2,$14,$61,$2F,$01,$5A,$B7,$18,$61,$97,$00,$5A
     B3145AB8085AB608
     6198005AB214612F
     015AB7186197005A
1E27 B11861C6015AB418 (    vgm_music.asm):00267             FCB $B1,$18,$61,$C6,$01,$5A,$B4,$18,$61,$2F,$01,$5A,$B5,$10,$61,$B4,$58,$5A,$4A,$4C,$5A,$A5,$98,$5A,$B5,$24,$61,$B0,$07,$5A,$50,$4C
     612F015AB51061B4
     585A4A4C5AA5985A
     B52461B0075A504C
1E47 5AA6985AB6286148 (    vgm_music.asm):00268             FCB $5A,$A6,$98,$5A,$B6,$28,$61,$48,$83,$5A,$53,$03,$5A,$4D,$03,$61,$23,$3B,$5A,$53,$04,$5A,$4D,$04,$61,$FF,$36,$5A,$53,$05,$5A,$4D
     835A53035A4D0361
     233B5A53045A4D04
     61FF365A53055A4D
1E67 0561DC325A53065A (    vgm_music.asm):00269             FCB $05,$61,$DC,$32,$5A,$53,$06,$5A,$4D,$06,$61,$CD,$28,$5A,$31,$B2,$5A,$51,$11,$5A,$71,$42,$5A,$91,$39,$5A,$F1,$1D,$5A,$34,$22,$5A
     4D0661CD285A31B2
     5A51115A71425A91
     395AF11D5A34225A
1E87 74A05A940A5AF435 (    vgm_music.asm):00270             FCB $74,$A0,$5A,$94,$0A,$5A,$F4,$35,$5A,$C7,$04,$5A,$A7,$B5,$5A,$B7,$30,$5A,$32,$B2,$5A,$52,$10,$5A,$72,$42,$5A,$92,$39,$5A,$F2,$1D
     5AC7045AA7B55AB7
     305A32B25A52105A
     72425A92395AF21D
1EA7 5A35225A75A05A95 (    vgm_music.asm):00271             FCB $5A,$35,$22,$5A,$75,$A0,$5A,$95,$0A,$5A,$F5,$35,$5A,$A8,$72,$5A,$B8,$34,$61,$98,$00,$5A,$20,$72,$5A,$40,$1B,$5A,$60,$42,$5A,$80
     0A5AF5355AA8725A
     B8346198005A2072
     5A401B5A60425A80
1EC7 195AE0085A23F25A (    vgm_music.asm):00272             FCB $19,$5A,$E0,$08,$5A,$23,$F2,$5A,$43,$00,$5A,$63,$63,$5A,$83,$09,$5A,$E3,$44,$5A,$C0,$0C,$5A,$A0,$72,$5A,$B0,$34,$61,$2F,$01,$5A
     43005A63635A8309
     5AE3445AC00C5AA0
     725AB034612F015A
1EE7 21725A411B5A8119 (    vgm_music.asm):00273             FCB $21,$72,$5A,$41,$1B,$5A,$81,$19,$5A,$E1,$08,$5A,$24,$F2,$5A,$64,$63,$5A,$84,$09,$5A,$E4,$44,$5A,$C1,$0C,$5A,$A1,$98,$5A,$B1,$30
     5AE1085A24F25A64
     635A84095AE4445A
     C10C5AA1985AB130
1F07 5A22225A42935A62 (    vgm_music.asm):00274             FCB $5A,$22,$22,$5A,$42,$93,$5A,$62,$63,$5A,$82,$49,$5A,$E2,$10,$5A,$25,$62,$5A,$45,$03,$5A,$65,$70,$5A,$85,$38,$5A,$E5,$40,$5A,$C2
     635A82495AE2105A
     25625A45035A6570
     5A85385AE5405AC2
1F27 0A5AA2725AB23061 (    vgm_music.asm):00275             FCB $0A,$5A,$A2,$72,$5A,$B2,$30,$61,$97,$00,$5A,$28,$22,$5A,$48,$93,$5A,$68,$63,$5A,$88,$49,$5A,$E8,$10,$5A,$2B,$62,$5A,$4B,$03,$5A
     97005A28225A4893
     5A68635A88495AE8
     105A2B625A4B035A
1F47 6B705A8B385AEB40 (    vgm_music.asm):00276             FCB $6B,$70,$5A,$8B,$38,$5A,$EB,$40,$5A,$C3,$0A,$5A,$A3,$98,$5A,$B3,$30,$61,$F5,$02,$5A,$A0,$73,$5A,$A1,$99,$61,$C6,$01,$5A,$53,$07
     5AC30A5AA3985AB3
     3061F5025AA0735A
     A19961C6015A5307
1F67 5A4D07612F015AA0 (    vgm_music.asm):00277             FCB $5A,$4D,$07,$61,$2F,$01,$5A,$A0,$72,$5A,$A1,$98,$61,$2B,$2B,$5A,$53,$08,$5A,$4D,$08,$61,$3D,$0B,$5A,$B7,$10,$61,$2E,$01,$5A,$B8
     725AA198612B2B5A
     53085A4D08613D0B
     5AB710612E015AB8
1F87 146198005AB11061 (    vgm_music.asm):00278             FCB $14,$61,$98,$00,$5A,$B1,$10,$61,$2E,$01,$5A,$B0,$14,$61,$A5,$0A,$5A,$B2,$10,$61,$8D,$03,$5A,$B3,$10,$61,$02,$0D,$5A,$53,$09,$5A
     2E015AB01461A50A
     5AB210618D035AB3
     1061020D5A53095A
1FA7 4D096153055A2922 (    vgm_music.asm):00279             FCB $4D,$09,$61,$53,$05,$5A,$29,$22,$5A,$49,$95,$5A,$69,$63,$5A,$89,$49,$5A,$E9,$10,$5A,$2C,$62,$5A,$4C,$03,$5A,$6C,$70,$5A,$8C,$38
     5A49955A69635A89
     495AE9105A2C625A
     4C035A6C705A8C38
1FC7 5AEC405AC40A5AA4 (    vgm_music.asm):00280             FCB $5A,$EC,$40,$5A,$C4,$0A,$5A,$A4,$8F,$5A,$B4,$30,$61,$97,$00,$5A,$31,$22,$5A,$51,$93,$5A,$71,$63,$5A,$91,$49,$5A,$F1,$10,$5A,$34
     8F5AB4306197005A
     31225A51935A7163
     5A91495AF1105A34
1FE7 625A54035A74705A (    vgm_music.asm):00281             FCB $62,$5A,$54,$03,$5A,$74,$70,$5A,$94,$38,$5A,$F4,$40,$5A,$C7,$0A,$5A,$A7,$C0,$5A,$B7,$30,$5A,$32,$72,$5A,$52,$1B,$5A,$92,$19,$5A
     94385AF4405AC70A
     5AA7C05AB7305A32
     725A521B5A92195A
2007 F2085A35F25A7563 (    vgm_music.asm):00282             FCB $F2,$08,$5A,$35,$F2,$5A,$75,$63,$5A,$95,$09,$5A,$F5,$44,$5A,$C8,$0C,$5A,$A8,$C0,$5A,$B8,$30,$61,$2F,$01,$5A,$20,$B2,$5A,$40,$11
     5A95095AF5445AC8
     0C5AA8C05AB83061
     2F015A20B25A4011
2027 5A80395AE01D5A23 (    vgm_music.asm):00283             FCB $5A,$80,$39,$5A,$E0,$1D,$5A,$23,$22,$5A,$63,$A0,$5A,$83,$0A,$5A,$E3,$35,$5A,$C0,$04,$5A,$B0,$34,$61,$97,$00,$5A,$21,$B2,$5A,$41
     225A63A05A830A5A
     E3355AC0045AB034
     6197005A21B25A41
2047 115A81395AE11D5A (    vgm_music.asm):00284             FCB $11,$5A,$81,$39,$5A,$E1,$1D,$5A,$24,$22,$5A,$64,$A0,$5A,$84,$0A,$5A,$E4,$35,$5A,$C1,$04,$5A,$A1,$8F,$5A,$B1,$34,$5A,$22,$72,$5A
     24225A64A05A840A
     5AE4355AC1045AA1
     8F5AB1345A22725A
2067 421B5A62425A8219 (    vgm_music.asm):00285             FCB $42,$1B,$5A,$62,$42,$5A,$82,$19,$5A,$E2,$08,$5A,$25,$F2,$5A,$45,$00,$5A,$65,$63,$5A,$85,$09,$5A,$E5,$44,$5A,$C2,$0C,$5A,$A2,$8F
     5AE2085A25F25A45
     005A65635A85095A
     E5445AC20C5AA28F
2087 5AB234615E025AA8 (    vgm_music.asm):00286             FCB $5A,$B2,$34,$61,$5E,$02,$5A,$A8,$C1,$61,$F5,$02,$5A,$A2,$91,$5A,$A8,$C0,$61,$F5,$02,$5A,$A2,$8F,$61,$24,$04,$5A,$B2,$14,$61,$97
     C161F5025AA2915A
     A8C061F5025AA28F
     6124045AB2146197
20A7 005AB114612F015A (    vgm_music.asm):00287             FCB $00,$5A,$B1,$14,$61,$2F,$01,$5A,$B0,$14,$61,$97,$00,$5A,$B7,$10,$61,$97,$00,$5A,$B8,$10,$5A,$B4,$10,$61,$DF,$08,$5A,$28,$72,$5A
     B0146197005AB710
     6197005AB8105AB4
     1061DF085A28725A
20C7 481C5A68425A8819 (    vgm_music.asm):00288             FCB $48,$1C,$5A,$68,$42,$5A,$88,$19,$5A,$E8,$08,$5A,$2B,$F2,$5A,$4B,$00,$5A,$6B,$63,$5A,$8B,$09,$5A,$EB,$44,$5A,$C3,$0C,$5A,$A3,$C0
     5AE8085A2BF25A4B
     005A6B635A8B095A
     EB445AC30C5AA3C0
20E7 5AB330615E025A29 (    vgm_music.asm):00289             FCB $5A,$B3,$30,$61,$5E,$02,$5A,$29,$72,$5A,$49,$1C,$5A,$69,$42,$5A,$89,$19,$5A,$E9,$08,$5A,$2C,$F2,$5A,$4C,$00,$5A,$6C,$63,$5A,$8C
     725A491C5A69425A
     89195AE9085A2CF2
     5A4C005A6C635A8C
2107 095AEC445AC40C5A (    vgm_music.asm):00290             FCB $09,$5A,$EC,$44,$5A,$C4,$0C,$5A,$B4,$34,$5A,$31,$B2,$5A,$51,$10,$5A,$71,$42,$5A,$91,$39,$5A,$F1,$1D,$5A,$34,$22,$5A,$54,$00,$5A
     B4345A31B25A5110
     5A71425A91395AF1
     1D5A34225A54005A
2127 74A05A940A5AF435 (    vgm_music.asm):00291             FCB $74,$A0,$5A,$94,$0A,$5A,$F4,$35,$5A,$C7,$04,$5A,$A7,$72,$5A,$B7,$34,$61,$C6,$01,$5A,$32,$B2,$5A,$52,$10,$5A,$92,$39,$5A,$F2,$1D
     5AC7045AA7725AB7
     3461C6015A32B25A
     52105A92395AF21D
2147 5A35225A75A05A95 (    vgm_music.asm):00292             FCB $5A,$35,$22,$5A,$75,$A0,$5A,$95,$0A,$5A,$F5,$35,$5A,$C8,$04,$5A,$A8,$8F,$5A,$B8,$34,$5A,$A3,$C1,$61,$2F,$01,$5A,$20,$22,$5A,$40
     0A5AF5355AC8045A
     A88F5AB8345AA3C1
     612F015A20225A40
2167 935A60635A80495A (    vgm_music.asm):00293             FCB $93,$5A,$60,$63,$5A,$80,$49,$5A,$E0,$10,$5A,$23,$62,$5A,$43,$03,$5A,$63,$70,$5A,$83,$38,$5A,$E3,$40,$5A,$C0,$0A,$5A,$A0,$C0,$5A
     E0105A23625A4303
     5A63705A83385AE3
     405AC00A5AA0C05A
2187 B0306197005A2122 (    vgm_music.asm):00294             FCB $B0,$30,$61,$97,$00,$5A,$21,$22,$5A,$41,$94,$5A,$61,$63,$5A,$81,$49,$5A,$E1,$10,$5A,$24,$62,$5A,$44,$03,$5A,$64,$70,$5A,$84,$38
     5A41945A61635A81
     495AE1105A24625A
     44035A64705A8438
21A7 5AE4405AC10A5AB1 (    vgm_music.asm):00295             FCB $5A,$E4,$40,$5A,$C1,$0A,$5A,$B1,$30,$61,$98,$00,$5A,$53,$0A,$5A,$4D,$0A,$61,$97,$00,$5A,$A3,$C0,$5A,$A4,$91,$61,$F5,$02,$5A,$A4
     306198005A530A5A
     4D0A6197005AA3C0
     5AA49161F5025AA4
21C7 8F611E215A530C5A (    vgm_music.asm):00296             FCB $8F,$61,$1E,$21,$5A,$53,$0C,$5A,$4D,$0C,$61,$4C,$22,$5A,$53,$0D,$5A,$4D,$0D,$61,$EF,$1F,$5A,$53,$0E,$5A,$4D,$0E,$61,$C0,$1E,$5A
     4D0C614C225A530D
     5A4D0D61EF1F5A53
     0E5A4D0E61C01E5A
21E7 53105A4D1061FA1C (    vgm_music.asm):00297             FCB $53,$10,$5A,$4D,$10,$61,$FA,$1C,$5A,$53,$11,$5A,$4D,$11,$61,$34,$1B,$5A,$53,$13,$5A,$4D,$13,$61,$FA,$1C,$5A,$53,$14,$5A,$4D,$14
     5A53115A4D116134
     1B5A53135A4D1361
     FA1C5A53145A4D14
2207 612E385A53165A4D (    vgm_music.asm):00298             FCB $61,$2E,$38,$5A,$53,$16,$5A,$4D,$16,$61,$4F,$2F,$5A,$B4,$14,$61,$EA,$05,$5A,$B7,$14,$5A,$53,$18,$5A,$4D,$18,$61,$52,$05,$5A,$B0
     16614F2F5AB41461
     EA055AB7145A5318
     5A4D186152055AB0
2227 105AB3105AB81461 (    vgm_music.asm):00299             FCB $10,$5A,$B3,$10,$5A,$B8,$14,$61,$BC,$04,$5A,$22,$22,$5A,$42,$86,$5A,$62,$84,$5A,$82,$17,$5A,$E2,$00,$5A,$25,$A2,$5A,$45,$87,$5A
     BC045A22225A4286
     5A62845A82175AE2
     005A25A25A45875A
2247 65755A85175AE500 (    vgm_music.asm):00300             FCB $65,$75,$5A,$85,$17,$5A,$E5,$00,$5A,$C2,$07,$5A,$B2,$34,$61,$97,$00,$5A,$B1,$10,$61,$BB,$04,$5A,$28,$E2,$5A,$48,$D7,$5A,$68,$52
     5AC2075AB2346197
     005AB11061BB045A
     28E25A48D75A6852
2267 5A88375AE8195A2B (    vgm_music.asm):00301             FCB $5A,$88,$37,$5A,$E8,$19,$5A,$2B,$E2,$5A,$4B,$08,$5A,$6B,$60,$5A,$8B,$56,$5A,$EB,$49,$5A,$C3,$06,$5A,$A3,$8F,$5A,$B3,$34,$61,$7B
     E25A4B085A6B605A
     8B565AEB495AC306
     5AA38F5AB334617B
2287 235A531A5A4D1A61 (    vgm_music.asm):00302             FCB $23,$5A,$53,$1A,$5A,$4D,$1A,$61,$7E,$30,$5A,$53,$1C,$5A,$4D,$1C,$61,$05,$1A,$5A,$B5,$04,$61,$BE,$11,$5A,$B2,$14,$61,$2F,$01,$5A
     7E305A531C5A4D1C
     61051A5AB50461BE
     115AB214612F015A
22A7 29225A49865A6984 (    vgm_music.asm):00303             FCB $29,$22,$5A,$49,$86,$5A,$69,$84,$5A,$89,$17,$5A,$E9,$00,$5A,$2C,$A2,$5A,$4C,$87,$5A,$6C,$75,$5A,$8C,$17,$5A,$EC,$00,$5A,$C4,$07
     5A89175AE9005A2C
     A25A4C875A6C755A
     8C175AEC005AC407
22C7 5AA4C05AB4346123 (    vgm_music.asm):00304             FCB $5A,$A4,$C0,$5A,$B4,$34,$61,$23,$04,$5A,$2A,$E2,$5A,$4A,$D7,$5A,$6A,$52,$5A,$8A,$37,$5A,$EA,$19,$5A,$2D,$E2,$5A,$4D,$08,$5A,$8D
     045A2AE25A4AD75A
     6A525A8A375AEA19
     5A2DE25A4D085A8D
22E7 565AED495AC5065A (    vgm_music.asm):00305             FCB $56,$5A,$ED,$49,$5A,$C5,$06,$5A,$A5,$C0,$5A,$B5,$34,$61,$0E,$0A,$5A,$B6,$08,$61,$24,$04,$5A,$B3,$14,$61,$FE,$6D,$5A,$30,$B2,$5A
     A5C05AB534610E0A
     5AB6086124045AB3
     1461FE6D5A30B25A
2307 501B5A70425A9039 (    vgm_music.asm):00306             FCB $50,$1B,$5A,$70,$42,$5A,$90,$39,$5A,$F0,$1D,$5A,$33,$22,$5A,$53,$04,$5A,$73,$A0,$5A,$93,$0A,$5A,$F3,$35,$5A,$A6,$8F,$5A,$B6,$34
     5AF01D5A33225A53
     045A73A05A930A5A
     F3355AA68F5AB634
2327 6196375AB614619D (    vgm_music.asm):00307             FCB $61,$96,$37,$5A,$B6,$14,$61,$9D,$1A,$5A,$51,$1B,$5A,$54,$04,$5A,$A7,$8F,$5A,$B7,$34,$61,$9C,$1A,$5A,$B7,$14,$61,$F8,$0F,$5A,$32
     1A5A511B5A54045A
     A78F5AB734619C1A
     5AB71461F80F5A32
2347 E25A52D85A72525A (    vgm_music.asm):00308             FCB $E2,$5A,$52,$D8,$5A,$72,$52,$5A,$92,$37,$5A,$F2,$19,$5A,$35,$E2,$5A,$55,$09,$5A,$75,$60,$5A,$95,$56,$5A,$F5,$49,$5A,$C8,$06,$5A
     92375AF2195A35E2
     5A55095A75605A95
     565AF5495AC8065A
2367 A86B5AB838615D02 (    vgm_music.asm):00309             FCB $A8,$6B,$5A,$B8,$38,$61,$5D,$02,$5A,$20,$B2,$5A,$40,$1A,$5A,$60,$42,$5A,$80,$39,$5A,$E0,$1D,$5A,$23,$22,$5A,$63,$A0,$5A,$83,$0A
     5A20B25A401A5A60
     425A80395AE01D5A
     23225A63A05A830A
2387 5AE3355AC0045AA0 (    vgm_music.asm):00310             FCB $5A,$E3,$35,$5A,$C0,$04,$5A,$A0,$8F,$5A,$B0,$34,$61,$A5,$0A,$5A,$B5,$14,$5A,$41,$86,$5A,$61,$84,$5A,$81,$17,$5A,$E1,$00,$5A,$24
     8F5AB03461A50A5A
     B5145A41865A6184
     5A81175AE1005A24
23A7 A25A44875A64755A (    vgm_music.asm):00311             FCB $A2,$5A,$44,$87,$5A,$64,$75,$5A,$84,$17,$5A,$E4,$00,$5A,$C1,$07,$5A,$A1,$6B,$5A,$B1,$38,$61,$EA,$05,$5A,$B4,$14,$61,$22,$72,$5A
     84175AE4005AC107
     5AA16B5AB13861EA
     055AB4146122725A
23C7 22E25A42DB5A6252 (    vgm_music.asm):00312             FCB $22,$E2,$5A,$42,$DB,$5A,$62,$52,$5A,$82,$37,$5A,$E2,$19,$5A,$25,$E2,$5A,$45,$0E,$5A,$65,$60,$5A,$85,$56,$5A,$E5,$49,$5A,$C2,$06
     5A82375AE2195A25
     E25A450E5A65605A
     85565AE5495AC206
23E7 5AB23061D64F5A28 (    vgm_music.asm):00313             FCB $5A,$B2,$30,$61,$D6,$4F,$5A,$28,$22,$5A,$48,$86,$5A,$68,$84,$5A,$88,$17,$5A,$E8,$00,$5A,$2B,$A2,$5A,$4B,$87,$5A,$6B,$75,$5A,$8B
     225A48865A68845A
     88175AE8005A2BA2
     5A4B875A6B755A8B
2407 175AEB005AC3075A (    vgm_music.asm):00314             FCB $17,$5A,$EB,$00,$5A,$C3,$07,$5A,$A3,$72,$5A,$B3,$38,$61,$8C,$03,$5A,$29,$E2,$5A,$49,$D8,$5A,$69,$52,$5A,$89,$37,$5A,$E9,$19,$5A
     A3725AB338618C03
     5A29E25A49D85A69
     525A89375AE9195A
2427 2CE25A4C085A6C60 (    vgm_music.asm):00315             FCB $2C,$E2,$5A,$4C,$08,$5A,$6C,$60,$5A,$8C,$56,$5A,$EC,$49,$5A,$C4,$06,$5A,$A4,$72,$5A,$B4,$38,$61,$24,$04,$5A,$B1,$18,$61,$A5,$0A
     5A8C565AEC495AC4
     065AA4725AB43861
     24045AB11861A50A
2447 5AB8186118075A2A (    vgm_music.asm):00316             FCB $5A,$B8,$18,$61,$18,$07,$5A,$2A,$22,$5A,$4A,$86,$5A,$6A,$84,$5A,$8A,$17,$5A,$EA,$00,$5A,$2D,$A2,$5A,$4D,$87,$5A,$6D,$75,$5A,$8D
     225A4A865A6A845A
     8A175AEA005A2DA2
     5A4D875A6D755A8D
2467 175AED005AC5075A (    vgm_music.asm):00317             FCB $17,$5A,$ED,$00,$5A,$C5,$07,$5A,$A5,$80,$5A,$B5,$38,$61,$2F,$01,$5A,$B3,$18,$61,$C6,$01,$5A,$B4,$18,$61,$C6,$01,$5A,$30,$E2,$5A
     A5805AB538612F01
     5AB31861C6015AB4
     1861C6015A30E25A
2487 50D85A70525A9037 (    vgm_music.asm):00318             FCB $50,$D8,$5A,$70,$52,$5A,$90,$37,$5A,$F0,$19,$5A,$33,$E2,$5A,$53,$08,$5A,$73,$60,$5A,$93,$56,$5A,$F3,$49,$5A,$C6,$06,$5A,$A6,$80
     5AF0195A33E25A53
     085A73605A93565A
     F3495AC6065AA680
24A7 5AB63861341B5A31 (    vgm_music.asm):00319             FCB $5A,$B6,$38,$61,$34,$1B,$5A,$31,$E2,$5A,$51,$D6,$5A,$71,$52,$5A,$91,$37,$5A,$F1,$19,$5A,$34,$E2,$5A,$54,$06,$5A,$74,$60,$5A,$94
     E25A51D65A71525A
     91375AF1195A34E2
     5A54065A74605A94
24C7 565AF4495AC7065A (    vgm_music.asm):00320             FCB $56,$5A,$F4,$49,$5A,$C7,$06,$5A,$A7,$72,$5A,$B7,$38,$61,$C6,$01,$5A,$32,$22,$5A,$52,$86,$5A,$72,$84,$5A,$92,$17,$5A,$F2,$00,$5A
     A7725AB73861C601
     5A32225A52865A72
     845A92175AF2005A
24E7 35A25A55875A7575 (    vgm_music.asm):00321             FCB $35,$A2,$5A,$55,$87,$5A,$75,$75,$5A,$95,$17,$5A,$F5,$00,$5A,$C8,$07,$5A,$A8,$72,$5A,$B8,$38,$61,$98,$00,$5A,$21,$E2,$5A,$41,$D6
     5A95175AF5005AC8
     075AA8725AB83861
     98005A21E25A41D6
2507 5A61525A81375AE1 (    vgm_music.asm):00322             FCB $5A,$61,$52,$5A,$81,$37,$5A,$E1,$19,$5A,$24,$E2,$5A,$44,$07,$5A,$64,$60,$5A,$84,$56,$5A,$E4,$49,$5A,$C1,$06,$5A,$A1,$C0,$5A,$B1
     195A24E25A44075A
     64605A84565AE449
     5AC1065AA1C05AB1
2527 3061C6015AB61861 (    vgm_music.asm):00323             FCB $30,$61,$C6,$01,$5A,$B6,$18,$61,$97,$00,$5A,$B5,$18,$61,$DF,$08,$5A,$B2,$10,$61,$4C,$59,$5A,$B0,$14,$61,$41,$25,$5A,$22,$B2,$5A
     97005AB51861DF08
     5AB210614C595AB0
     146141255A22B25A
2547 421B5A62425A8239 (    vgm_music.asm):00324             FCB $42,$1B,$5A,$62,$42,$5A,$82,$39,$5A,$E2,$1D,$5A,$25,$22,$5A,$45,$04,$5A,$65,$A0,$5A,$85,$0A,$5A,$E5,$35,$5A,$C2,$04,$5A,$B2,$34
     5AE21D5A25225A45
     045A65A05A850A5A
     E5355AC2045AB234
2567 61523C5AB2146110 (    vgm_music.asm):00325             FCB $61,$52,$3C,$5A,$B2,$14,$61,$10,$17,$5A,$28,$B2,$5A,$48,$19,$5A,$68,$42,$5A,$88,$39,$5A,$E8,$1D,$5A,$2B,$22,$5A,$4B,$02,$5A,$6B
     175A28B25A48195A
     68425A88395AE81D
     5A2B225A4B025A6B
2587 A05A8B0A5AEB355A (    vgm_music.asm):00326             FCB $A0,$5A,$8B,$0A,$5A,$EB,$35,$5A,$C3,$04,$5A,$A3,$8F,$5A,$B3,$34,$61,$91,$1D,$5A,$B3,$14,$61,$0E,$0A,$5A,$49,$D6,$5A,$4C,$07,$5A
     C3045AA38F5AB334
     61911D5AB314610E
     0A5A49D65A4C075A
25A7 A48F5AB434619700 (    vgm_music.asm):00327             FCB $A4,$8F,$5A,$B4,$34,$61,$97,$00,$5A,$2A,$E2,$5A,$4A,$D9,$5A,$6A,$52,$5A,$8A,$37,$5A,$EA,$19,$5A,$2D,$E2,$5A,$4D,$0A,$5A,$6D,$60
     5A2AE25A4AD95A6A
     525A8A375AEA195A
     2DE25A4D0A5A6D60
25C7 5A8D565AED495AC5 (    vgm_music.asm):00328             FCB $5A,$8D,$56,$5A,$ED,$49,$5A,$C5,$06,$5A,$A5,$6B,$5A,$B5,$34,$61,$77,$09,$5A,$B1,$10,$5A,$30,$B2,$5A,$50,$1B,$5A,$70,$42,$5A,$90
     065AA56B5AB53461
     77095AB1105A30B2
     5A501B5A70425A90
25E7 395AF01D5A33225A (    vgm_music.asm):00329             FCB $39,$5A,$F0,$1D,$5A,$33,$22,$5A,$53,$03,$5A,$73,$A0,$5A,$93,$0A,$5A,$F3,$35,$5A,$C6,$04,$5A,$A6,$8F,$5A,$B6,$34,$61,$8C,$03,$5A
     53035A73A05A930A
     5AF3355AC6045AA6
     8F5AB634618C035A
2607 20225A40865A6084 (    vgm_music.asm):00330             FCB $20,$22,$5A,$40,$86,$5A,$60,$84,$5A,$80,$17,$5A,$E0,$00,$5A,$23,$A2,$5A,$43,$87,$5A,$63,$75,$5A,$83,$17,$5A,$E3,$00,$5A,$C0,$07
     5A80175AE0005A23
     A25A43875A63755A
     83175AE3005AC007
2627 5AB034612F015AB7 (    vgm_music.asm):00331             FCB $5A,$B0,$34,$61,$2F,$01,$5A,$B7,$18,$61,$76,$09,$5A,$B8,$18,$61,$8A,$71,$5A,$21,$22,$5A,$41,$99,$5A,$61,$63,$5A,$81,$49,$5A,$E1
     186176095AB81861
     8A715A21225A4199
     5A61635A81495AE1
2647 105A24625A44065A (    vgm_music.asm):00332             FCB $10,$5A,$24,$62,$5A,$44,$06,$5A,$64,$70,$5A,$84,$38,$5A,$E4,$40,$5A,$C1,$0A,$5A,$A1,$8F,$5A,$B1,$30,$61,$24,$04,$5A,$B4,$14,$61
     64705A84385AE440
     5AC10A5AA18F5AB1
     306124045AB41461
2667 5E025AB014617233 (    vgm_music.asm):00333             FCB $5E,$02,$5A,$B0,$14,$61,$72,$33,$5A,$22,$E2,$5A,$42,$D8,$5A,$62,$52,$5A,$82,$37,$5A,$E2,$19,$5A,$25,$E2,$5A,$45,$09,$5A,$65,$60
     5A22E25A42D85A62
     525A82375AE2195A
     25E25A45095A6560
2687 5A85565AE5495AC2 (    vgm_music.asm):00334             FCB $5A,$85,$56,$5A,$E5,$49,$5A,$C2,$06,$5A,$B2,$34,$61,$F5,$02,$5A,$28,$22,$5A,$48,$86,$5A,$68,$84,$5A,$88,$17,$5A,$E8,$00,$5A,$2B
     065AB23461F5025A
     28225A48865A6884
     5A88175AE8005A2B
26A7 A25A4B875A6B755A (    vgm_music.asm):00335             FCB $A2,$5A,$4B,$87,$5A,$6B,$75,$5A,$8B,$17,$5A,$EB,$00,$5A,$C3,$07,$5A,$B3,$34,$61,$8D,$03,$5A,$49,$D7,$5A,$4C,$08,$5A,$A4,$72,$5A
     8B175AEB005AC307
     5AB334618D035A49
     D75A4C085AA4725A
26C7 B434610D0A5AB514 (    vgm_music.asm):00336             FCB $B4,$34,$61,$0D,$0A,$5A,$B5,$14,$61,$55,$12,$5A,$4A,$D6,$5A,$4D,$06,$5A,$A5,$80,$5A,$B5,$34,$61,$F5,$02,$5A,$B4,$14,$61,$EF,$1F
     6155125A4AD65A4D
     065AA5805AB53461
     F5025AB41461EF1F
26E7 5A31225A51865A71 (    vgm_music.asm):00337             FCB $5A,$31,$22,$5A,$51,$86,$5A,$71,$84,$5A,$91,$17,$5A,$F1,$00,$5A,$34,$A2,$5A,$54,$87,$5A,$74,$75,$5A,$94,$17,$5A,$F4,$00,$5A,$C7
     845A91175AF1005A
     34A25A54875A7475
     5A94175AF4005AC7
2707 075AA7C05AB73461 (    vgm_music.asm):00338             FCB $07,$5A,$A7,$C0,$5A,$B7,$34,$61,$C6,$01,$5A,$52,$98,$5A,$72,$63,$5A,$92,$49,$5A,$F2,$10,$5A,$35,$62,$5A,$55,$05,$5A,$75,$70,$5A
     C6015A52985A7263
     5A92495AF2105A35
     625A55055A75705A
2727 95385AF5405AC80A (    vgm_music.asm):00339             FCB $95,$38,$5A,$F5,$40,$5A,$C8,$0A,$5A,$B8,$34,$61,$C7,$01,$5A,$B5,$14,$5A,$20,$E2,$5A,$40,$D8,$5A,$60,$52,$5A,$80,$37,$5A,$E0,$19
     5AB83461C7015AB5
     145A20E25A40D85A
     60525A80375AE019
2747 5A23E25A43085A63 (    vgm_music.asm):00340             FCB $5A,$23,$E2,$5A,$43,$08,$5A,$63,$60,$5A,$83,$56,$5A,$E3,$49,$5A,$C0,$06,$5A,$A0,$72,$5A,$B0,$34,$61,$2E,$01,$5A,$B3,$14,$61,$98
     605A83565AE3495A
     C0065AA0725AB034
     612E015AB3146198
2767 005A28E25A48D75A (    vgm_music.asm):00341             FCB $00,$5A,$28,$E2,$5A,$48,$D7,$5A,$68,$52,$5A,$88,$37,$5A,$E8,$19,$5A,$2B,$E2,$5A,$4B,$07,$5A,$6B,$60,$5A,$8B,$56,$5A,$EB,$49,$5A
     68525A88375AE819
     5A2BE25A4B075A6B
     605A8B565AEB495A
2787 C3065AA3C05AB334 (    vgm_music.asm):00342             FCB $C3,$06,$5A,$A3,$C0,$5A,$B3,$34,$61,$EA,$05,$5A,$B1,$10,$61,$81,$06,$5A,$B2,$14,$61,$D0,$35,$5A,$B6,$14,$61,$39,$35,$5A,$49,$D6
     61EA055AB1106181
     065AB21461D0355A
     B6146139355A49D6
27A7 5A4C075AA48F5AB4 (    vgm_music.asm):00343             FCB $5A,$4C,$07,$5A,$A4,$8F,$5A,$B4,$30,$61,$5E,$02,$5A,$2A,$22,$5A,$4A,$97,$5A,$6A,$63,$5A,$8A,$49,$5A,$EA,$10,$5A,$2D,$62,$5A,$4D
     30615E025A2A225A
     4A975A6A635A8A49
     5AEA105A2D625A4D
27C7 035A6D705A8D385A (    vgm_music.asm):00344             FCB $03,$5A,$6D,$70,$5A,$8D,$38,$5A,$ED,$40,$5A,$C5,$0A,$5A,$A5,$6B,$5A,$B5,$34,$5A,$50,$1A,$5A,$B6,$34,$61,$8C,$03,$5A,$B8,$14,$61
     ED405AC50A5AA56B
     5AB5345A501A5AB6
     34618C035AB81461
27E7 BB045AB014617E30 (    vgm_music.asm):00345             FCB $BB,$04,$5A,$B0,$14,$61,$7E,$30,$5A,$32,$E2,$5A,$52,$D6,$5A,$72,$52,$5A,$92,$37,$5A,$F2,$19,$5A,$35,$E2,$5A,$55,$07,$5A,$75,$60
     5A32E25A52D65A72
     525A92375AF2195A
     35E25A55075A7560
2807 5A95565AF5495AC8 (    vgm_music.asm):00346             FCB $5A,$95,$56,$5A,$F5,$49,$5A,$C8,$06,$5A,$A8,$6B,$5A,$B8,$38,$61,$F5,$02,$5A,$B6,$14,$61,$C6,$01,$5A,$20,$22,$5A,$40,$86,$5A,$60
     065AA86B5AB83861
     F5025AB61461C601
     5A20225A40865A60
2827 845A80175AE0005A (    vgm_music.asm):00347             FCB $84,$5A,$80,$17,$5A,$E0,$00,$5A,$23,$A2,$5A,$43,$87,$5A,$63,$75,$5A,$83,$17,$5A,$E3,$00,$5A,$C0,$07,$5A,$A0,$6B,$5A,$B0,$38,$61
     23A25A43875A6375
     5A83175AE3005AC0
     075AA06B5AB03861
2847 5E025AB31461F502 (    vgm_music.asm):00348             FCB $5E,$02,$5A,$B3,$14,$61,$F5,$02,$5A,$B7,$14,$61,$31,$0E,$5A,$21,$C2,$5A,$41,$63,$5A,$61,$B7,$5A,$81,$75,$5A,$E1,$35,$5A,$24,$C2
     5AB71461310E5A21
     C25A41635A61B75A
     81755AE1355A24C2
2867 5A44805A64D45A84 (    vgm_music.asm):00349             FCB $5A,$44,$80,$5A,$64,$D4,$5A,$84,$35,$5A,$E4,$50,$5A,$C1,$00,$5A,$A1,$C0,$5A,$B1,$30,$61,$C6,$01,$5A,$22,$B2,$5A,$42,$17,$5A,$62
     355AE4505AC1005A
     A1C05AB13061C601
     5A22B25A42175A62
2887 425A82395AE21D5A (    vgm_music.asm):00350             FCB $42,$5A,$82,$39,$5A,$E2,$1D,$5A,$25,$22,$5A,$45,$01,$5A,$65,$A0,$5A,$85,$0A,$5A,$E5,$35,$5A,$C2,$04,$5A,$B2,$34,$61,$D4,$0B,$5A
     25225A45015A65A0
     5A850A5AE5355AC2
     045AB23461D40B5A
28A7 28C25A48585A68B7 (    vgm_music.asm):00351             FCB $28,$C2,$5A,$48,$58,$5A,$68,$B7,$5A,$88,$75,$5A,$E8,$35,$5A,$2B,$C2,$5A,$4B,$80,$5A,$6B,$D4,$5A,$8B,$35,$5A,$EB,$50,$5A,$C3,$00
     5A88755AE8355A2B
     C25A4B805A6BD45A
     8B355AEB505AC300
28C7 5AA3725AB3346118 (    vgm_music.asm):00352             FCB $5A,$A3,$72,$5A,$B3,$34,$61,$18,$07,$5A,$B1,$10,$61,$DF,$08,$5A,$30,$C2,$5A,$50,$58,$5A,$70,$B7,$5A,$90,$75,$5A,$F0,$35,$5A,$33
     075AB11061DF085A
     30C25A50585A70B7
     5A90755AF0355A33
28E7 C25A53805A73D45A (    vgm_music.asm):00353             FCB $C2,$5A,$53,$80,$5A,$73,$D4,$5A,$93,$35,$5A,$F3,$50,$5A,$C6,$00,$5A,$B6,$34,$61,$53,$05,$5A,$B4,$10,$61,$97,$00,$5A,$B2,$14,$61
     93355AF3505AC600
     5AB6346153055AB4
     106197005AB21461
2907 8C035A31E25A51D8 (    vgm_music.asm):00354             FCB $8C,$03,$5A,$31,$E2,$5A,$51,$D8,$5A,$71,$52,$5A,$91,$37,$5A,$F1,$19,$5A,$34,$E2,$5A,$54,$08,$5A,$74,$60,$5A,$94,$56,$5A,$F4,$49
     5A71525A91375AF1
     195A34E25A54085A
     74605A94565AF449
2927 5AC7065AA7725AB7 (    vgm_music.asm):00355             FCB $5A,$C7,$06,$5A,$A7,$72,$5A,$B7,$38,$61,$8D,$03,$5A,$B3,$14,$5A,$21,$E2,$5A,$41,$D5,$5A,$61,$52,$5A,$81,$37,$5A,$E1,$19,$5A,$24
     38618D035AB3145A
     21E25A41D55A6152
     5A81375AE1195A24
2947 E25A44055A64605A (    vgm_music.asm):00356             FCB $E2,$5A,$44,$05,$5A,$64,$60,$5A,$84,$56,$5A,$E4,$49,$5A,$C1,$06,$5A,$B1,$30,$61,$2F,$01,$5A,$B8,$18,$61,$C6,$01,$5A,$42,$19,$5A
     84565AE4495AC106
     5AB130612F015AB8
     1861C6015A42195A
2967 45025AA2C05AB234 (    vgm_music.asm):00357             FCB $45,$02,$5A,$A2,$C0,$5A,$B2,$34,$61,$5D,$02,$5A,$28,$72,$5A,$48,$1E,$5A,$68,$42,$5A,$88,$19,$5A,$E8,$08,$5A,$2B,$F2,$5A,$4B,$00
     615D025A28725A48
     1E5A68425A88195A
     E8085A2BF25A4B00
2987 5A6B635A8B095AEB (    vgm_music.asm):00358             FCB $5A,$6B,$63,$5A,$8B,$09,$5A,$EB,$44,$5A,$C3,$0C,$5A,$A3,$C0,$5A,$B3,$30,$5A,$29,$22,$5A,$49,$86,$5A,$69,$84,$5A,$89,$17,$5A,$E9
     445AC30C5AA3C05A
     B3305A29225A4986
     5A69845A89175AE9
29A7 005A2CA25A4C875A (    vgm_music.asm):00359             FCB $00,$5A,$2C,$A2,$5A,$4C,$87,$5A,$6C,$75,$5A,$8C,$17,$5A,$EC,$00,$5A,$C4,$07,$5A,$A4,$72,$5A,$B4,$38,$61,$5E,$02,$5A,$32,$22,$5A
     6C755A8C175AEC00
     5AC4075AA4725AB4
     38615E025A32225A
29C7 52975A72635A9249 (    vgm_music.asm):00360             FCB $52,$97,$5A,$72,$63,$5A,$92,$49,$5A,$F2,$10,$5A,$35,$62,$5A,$55,$03,$5A,$75,$70,$5A,$95,$38,$5A,$F5,$40,$5A,$C8,$0A,$5A,$A8,$C0
     5AF2105A35625A55
     035A75705A95385A
     F5405AC80A5AA8C0
29E7 5AB8306197005AA3 (    vgm_music.asm):00361             FCB $5A,$B8,$30,$61,$97,$00,$5A,$A3,$C1,$61,$5E,$02,$5A,$A3,$C0,$61,$C6,$01,$5A,$B6,$14,$5A,$B5,$14,$61,$F5,$02,$5A,$B0,$18,$61,$5D
     C1615E025AA3C061
     C6015AB6145AB514
     61F5025AB018615D
2A07 025A20C25A40585A (    vgm_music.asm):00362             FCB $02,$5A,$20,$C2,$5A,$40,$58,$5A,$60,$B7,$5A,$80,$75,$5A,$E0,$35,$5A,$23,$C2,$5A,$43,$80,$5A,$63,$D4,$5A,$83,$35,$5A,$E3,$50,$5A
     60B75A80755AE035
     5A23C25A43805A63
     D45A83355AE3505A
2A27 C0005AA08F5AB038 (    vgm_music.asm):00363             FCB $C0,$00,$5A,$A0,$8F,$5A,$B0,$38,$61,$63,$1C,$5A,$B0,$18,$61,$6B,$0C,$5A,$2A,$E2,$5A,$4A,$D8,$5A,$6A,$52,$5A,$8A,$37,$5A,$EA,$19
     61631C5AB018616B
     0C5A2AE25A4AD85A
     6A525A8A375AEA19
2A47 5A2DE25A4D095A6D (    vgm_music.asm):00364             FCB $5A,$2D,$E2,$5A,$4D,$09,$5A,$6D,$60,$5A,$8D,$56,$5A,$ED,$49,$5A,$C5,$06,$5A,$A5,$8F,$5A,$B5,$34,$61,$98,$00,$5A,$B4,$18,$61,$C6
     605A8D565AED495A
     C5065AA58F5AB534
     6198005AB41861C6
2A67 015A30225A50865A (    vgm_music.asm):00365             FCB $01,$5A,$30,$22,$5A,$50,$86,$5A,$70,$84,$5A,$90,$17,$5A,$F0,$00,$5A,$33,$A2,$5A,$53,$87,$5A,$73,$75,$5A,$93,$17,$5A,$F3,$00,$5A
     70845A90175AF000
     5A33A25A53875A73
     755A93175AF3005A
2A87 C6075AB634615D02 (    vgm_music.asm):00366             FCB $C6,$07,$5A,$B6,$34,$61,$5D,$02,$5A,$B7,$18,$61,$42,$25,$5A,$B2,$14,$61,$BD,$11,$5A,$51,$D7,$5A,$B7,$38,$61,$2F,$01,$5A,$B5,$14
     5AB7186142255AB2
     1461BD115A51D75A
     B738612F015AB514
2AA7 612F015A20225A40 (    vgm_music.asm):00367             FCB $61,$2F,$01,$5A,$20,$22,$5A,$40,$86,$5A,$60,$84,$5A,$80,$17,$5A,$E0,$00,$5A,$23,$A2,$5A,$43,$87,$5A,$63,$75,$5A,$83,$17,$5A,$E3
     865A60845A80175A
     E0005A23A25A4387
     5A63755A83175AE3
2AC7 005AC0075AA0725A (    vgm_music.asm):00368             FCB $00,$5A,$C0,$07,$5A,$A0,$72,$5A,$B0,$38,$61,$52,$05,$5A,$B1,$10,$5A,$21,$B2,$5A,$41,$17,$5A,$61,$42,$5A,$81,$39,$5A,$E1,$1D,$5A
     B0386152055AB110
     5A21B25A41175A61
     425A81395AE11D5A
2AE7 24225A44015A64A0 (    vgm_music.asm):00369             FCB $24,$22,$5A,$44,$01,$5A,$64,$A0,$5A,$84,$0A,$5A,$E4,$35,$5A,$C1,$04,$5A,$A1,$72,$5A,$B1,$34,$61,$C7,$01,$5A,$B8,$10,$5A,$B6,$14
     5A840A5AE4355AC1
     045AA1725AB13461
     C7015AB8105AB614
2B07 61F5025A22225A42 (    vgm_music.asm):00370             FCB $61,$F5,$02,$5A,$22,$22,$5A,$42,$98,$5A,$62,$63,$5A,$82,$49,$5A,$E2,$10,$5A,$25,$62,$5A,$45,$04,$5A,$65,$70,$5A,$85,$38,$5A,$E5
     985A62635A82495A
     E2105A25625A4504
     5A65705A85385AE5
2B27 405AC20A5AA2725A (    vgm_music.asm):00371             FCB $40,$5A,$C2,$0A,$5A,$A2,$72,$5A,$B2,$34,$61,$2E,$01,$5A,$29,$72,$5A,$49,$1E,$5A,$69,$42,$5A,$89,$19,$5A,$E9,$08,$5A,$2C,$F2,$5A
     B234612E015A2972
     5A491E5A69425A89
     195AE9085A2CF25A
2B47 4C005A6C635A8C09 (    vgm_music.asm):00372             FCB $4C,$00,$5A,$6C,$63,$5A,$8C,$09,$5A,$EC,$44,$5A,$C4,$0C,$5A,$A4,$AB,$5A,$B4,$30,$61,$98,$00,$5A,$B3,$10,$61,$23,$04,$5A,$4A,$D6
     5AEC445AC40C5AA4
     AB5AB4306198005A
     B3106123045A4AD6
2B67 5A4D075AA5725AB5 (    vgm_music.asm):00373             FCB $5A,$4D,$07,$5A,$A5,$72,$5A,$B5,$34,$61,$98,$00,$5A,$A4,$AC,$61,$2F,$01,$5A,$30,$C2,$5A,$50,$58,$5A,$70,$B7,$5A,$90,$75,$5A,$F0
     346198005AA4AC61
     2F015A30C25A5058
     5A70B75A90755AF0
2B87 355A33C25A53805A (    vgm_music.asm):00374             FCB $35,$5A,$33,$C2,$5A,$53,$80,$5A,$73,$D4,$5A,$93,$35,$5A,$F3,$50,$5A,$C6,$00,$5A,$A6,$72,$5A,$B6,$38,$61,$C6,$01,$5A,$A4,$AB,$61
     73D45A93355AF350
     5AC6005AA6725AB6
     3861C6015AA4AB61
2BA7 600F5AB618612404 (    vgm_music.asm):00375             FCB $60,$0F,$5A,$B6,$18,$61,$24,$04,$5A,$32,$E2,$5A,$52,$D7,$5A,$72,$52,$5A,$92,$37,$5A,$F2,$19,$5A,$35,$E2,$5A,$55,$08,$5A,$75,$60
     5A32E25A52D75A72
     525A92375AF2195A
     35E25A55085A7560
2BC7 5A95565AF5495AC8 (    vgm_music.asm):00376             FCB $5A,$95,$56,$5A,$F5,$49,$5A,$C8,$06,$5A,$B8,$34,$61,$97,$00,$5A,$B7,$18,$61,$F5,$02,$5A,$28,$22,$5A,$48,$86,$5A,$68,$84,$5A,$88
     065AB8346197005A
     B71861F5025A2822
     5A48865A68845A88
2BE7 175AE8005A2BA25A (    vgm_music.asm):00377             FCB $17,$5A,$E8,$00,$5A,$2B,$A2,$5A,$4B,$87,$5A,$6B,$75,$5A,$8B,$17,$5A,$EB,$00,$5A,$C3,$07,$5A,$B3,$34,$61,$2F,$01,$5A,$A6,$6B,$5A
     4B875A6B755A8B17
     5AEB005AC3075AB3
     34612F015AA66B5A
2C07 B638612E015AB018 (    vgm_music.asm):00378             FCB $B6,$38,$61,$2E,$01,$5A,$B0,$18,$61,$D4,$0B,$5A,$B6,$18,$61,$3D,$0B,$5A,$B1,$14,$61,$5D,$02,$5A,$31,$C2,$5A,$51,$58,$5A,$71,$B7
     61D40B5AB618613D
     0B5AB114615D025A
     31C25A51585A71B7
2C27 5A91755AF1355A34 (    vgm_music.asm):00379             FCB $5A,$91,$75,$5A,$F1,$35,$5A,$34,$C2,$5A,$54,$80,$5A,$74,$D4,$5A,$94,$35,$5A,$F4,$50,$5A,$C7,$00,$5A,$A7,$C0,$5A,$B7,$34,$61,$D4
     C25A54805A74D45A
     94355AF4505AC700
     5AA7C05AB73461D4
2C47 0B5AB3146197005A (    vgm_music.asm):00380             FCB $0B,$5A,$B3,$14,$61,$97,$00,$5A,$20,$E2,$5A,$40,$D6,$5A,$60,$52,$5A,$80,$37,$5A,$E0,$19,$5A,$23,$E2,$5A,$43,$06,$5A,$63,$60,$5A
     20E25A40D65A6052
     5A80375AE0195A23
     E25A43065A63605A
2C67 83565AE3495AC006 (    vgm_music.asm):00381             FCB $83,$56,$5A,$E3,$49,$5A,$C0,$06,$5A,$A0,$8F,$5A,$B0,$38,$61,$98,$00,$5A,$21,$22,$5A,$41,$86,$5A,$61,$84,$5A,$81,$17,$5A,$E1,$00
     5AA08F5AB0386198
     005A21225A41865A
     61845A81175AE100
2C87 5A24A25A44875A64 (    vgm_music.asm):00382             FCB $5A,$24,$A2,$5A,$44,$87,$5A,$64,$75,$5A,$84,$17,$5A,$E4,$00,$5A,$C1,$07,$5A,$A1,$8F,$5A,$B1,$38,$61,$8C,$03,$5A,$B7,$14,$61,$EA
     755A84175AE4005A
     C1075AA18F5AB138
     618C035AB71461EA
2CA7 055A28B25A48185A (    vgm_music.asm):00383             FCB $05,$5A,$28,$B2,$5A,$48,$18,$5A,$68,$42,$5A,$88,$39,$5A,$E8,$1D,$5A,$2B,$22,$5A,$4B,$01,$5A,$6B,$A0,$5A,$8B,$0A,$5A,$EB,$35,$5A
     68425A88395AE81D
     5A2B225A4B015A6B
     A05A8B0A5AEB355A
2CC7 C3045AA3725AB334 (    vgm_music.asm):00384             FCB $C3,$04,$5A,$A3,$72,$5A,$B3,$34,$5A,$B8,$14,$61,$DF,$08,$5A,$A6,$AB,$5A,$B6,$34,$61,$EC,$12,$5A,$B3,$14,$61,$19,$07,$5A,$B6,$14
     5AB81461DF085AA6
     AB5AB63461EC125A
     B3146119075AB614
2CE7 61C6015A31E25A51 (    vgm_music.asm):00385             FCB $61,$C6,$01,$5A,$31,$E2,$5A,$51,$D6,$5A,$71,$52,$5A,$91,$37,$5A,$F1,$19,$5A,$34,$E2,$5A,$54,$06,$5A,$74,$60,$5A,$94,$56,$5A,$F4
     D65A71525A91375A
     F1195A34E25A5406
     5A74605A94565AF4
2D07 495AC7065AA7805A (    vgm_music.asm):00386             FCB $49,$5A,$C7,$06,$5A,$A7,$80,$5A,$B7,$38,$61,$5E,$02,$5A,$B1,$18,$61,$2E,$01,$5A,$32,$22,$5A,$52,$86,$5A,$72,$84,$5A,$92,$17,$5A
     B738615E025AB118
     612E015A32225A52
     865A72845A92175A
2D27 F2005A35A25A5587 (    vgm_music.asm):00387             FCB $F2,$00,$5A,$35,$A2,$5A,$55,$87,$5A,$75,$75,$5A,$95,$17,$5A,$F5,$00,$5A,$C8,$07,$5A,$A8,$80,$5A,$B8,$38,$61,$5E,$02,$5A,$B5,$14
     5A75755A95175AF5
     005AC8075AA8805A
     B838615E025AB514
2D47 6197005AB018612F (    vgm_music.asm):00388             FCB $61,$97,$00,$5A,$B0,$18,$61,$2F,$01,$5A,$B2,$14,$5A,$20,$B2,$5A,$40,$16,$5A,$60,$42,$5A,$80,$39,$5A,$E0,$1D,$5A,$23,$22,$5A,$43
     015AB2145A20B25A
     40165A60425A8039
     5AE01D5A23225A43
2D67 005A63A05A830A5A (    vgm_music.asm):00389             FCB $00,$5A,$63,$A0,$5A,$83,$0A,$5A,$E3,$35,$5A,$C0,$04,$5A,$A0,$80,$5A,$B0,$34,$5A,$21,$E2,$5A,$41,$D7,$5A,$61,$52,$5A,$81,$37,$5A
     E3355AC0045AA080
     5AB0345A21E25A41
     D75A61525A81375A
2D87 E1195A24E25A4407 (    vgm_music.asm):00390             FCB $E1,$19,$5A,$24,$E2,$5A,$44,$07,$5A,$64,$60,$5A,$84,$56,$5A,$E4,$49,$5A,$C1,$06,$5A,$A1,$80,$5A,$B1,$34,$61,$F5,$02,$5A,$42,$99
     5A64605A84565AE4
     495AC1065AA1805A
     B13461F5025A4299
2DA7 5A45065AA2805AB2 (    vgm_music.asm):00391             FCB $5A,$45,$06,$5A,$A2,$80,$5A,$B2,$34,$61,$97,$00,$5A,$28,$72,$5A,$48,$1F,$5A,$88,$19,$5A,$E8,$08,$5A,$2B,$F2,$5A,$4B,$00,$5A,$6B
     346197005A28725A
     481F5A88195AE808
     5A2BF25A4B005A6B
2DC7 635A8B095AEB445A (    vgm_music.asm):00392             FCB $63,$5A,$8B,$09,$5A,$EB,$44,$5A,$C3,$0C,$5A,$A3,$A1,$5A,$B3,$30,$61,$53,$05,$5A,$A3,$A2,$61,$5D,$02,$5A,$2A,$C2,$5A,$4A,$64,$5A
     C30C5AA3A15AB330
     6153055AA3A2615D
     025A2AC25A4A645A
2DE7 6AB75A8A755AEA35 (    vgm_music.asm):00393             FCB $6A,$B7,$5A,$8A,$75,$5A,$EA,$35,$5A,$2D,$C2,$5A,$4D,$80,$5A,$6D,$D4,$5A,$8D,$35,$5A,$ED,$50,$5A,$C5,$00,$5A,$A5,$80,$5A,$B5,$34
     5A2DC25A4D805A6D
     D45A8D355AED505A
     C5005AA5805AB534
2E07 5AA3A161F5025AB4 (    vgm_music.asm):00394             FCB $5A,$A3,$A1,$61,$F5,$02,$5A,$B4,$10,$61,$2F,$01,$5A,$50,$5B,$5A,$A6,$A1,$5A,$B6,$34,$61,$19,$07,$5A,$B5,$14,$61,$8F,$10,$5A,$B6
     10612F015A505B5A
     A6A15AB634611907
     5AB514618F105AB6
2E27 1461B2145A29C25A (    vgm_music.asm):00395             FCB $14,$61,$B2,$14,$5A,$29,$C2,$5A,$49,$62,$5A,$69,$B7,$5A,$89,$75,$5A,$E9,$35,$5A,$2C,$C2,$5A,$4C,$80,$5A,$6C,$D4,$5A,$8C,$35,$5A
     49625A69B75A8975
     5AE9355A2CC25A4C
     805A6CD45A8C355A
2E47 EC505AC4005AA48F (    vgm_music.asm):00396             FCB $EC,$50,$5A,$C4,$00,$5A,$A4,$8F,$5A,$B4,$34,$61,$9D,$1A,$5A,$B4,$14,$61,$05,$1A,$5A,$4A,$65,$5A,$B5,$34,$61,$97,$00,$5A,$B5,$14
     5AB434619D1A5AB4
     1461051A5A4A655A
     B5346197005AB514
2E67 61F4395A50605AA6 (    vgm_music.asm):00397             FCB $61,$F4,$39,$5A,$50,$60,$5A,$A6,$C0,$5A,$B6,$30,$61,$19,$07,$5A,$B6,$10,$61,$44,$32,$5A,$A4,$A1,$5A,$B4,$30,$61,$54,$49,$5A,$B2
     C05AB6306119075A
     B6106144325AA4A1
     5AB4306154495AB2
2E87 1461B0075AB11461 (    vgm_music.asm):00398             FCB $14,$61,$B0,$07,$5A,$B1,$14,$61,$F5,$02,$5A,$B3,$10,$61,$F5,$02,$5A,$B7,$18,$61,$8F,$10,$5A,$B0,$14,$61,$6B,$0C,$5A,$B8,$18,$61
     F5025AB31061F502
     5AB718618F105AB0
     14616B0C5AB81861
2EA7 10175A2A725A4A1F (    vgm_music.asm):00399             FCB $10,$17,$5A,$2A,$72,$5A,$4A,$1F,$5A,$6A,$42,$5A,$8A,$19,$5A,$EA,$08,$5A,$2D,$F2,$5A,$4D,$00,$5A,$6D,$63,$5A,$8D,$09,$5A,$ED,$44
     5A6A425A8A195AEA
     085A2DF25A4D005A
     6D635A8D095AED44
2EC7 5AC50C5AA5B55AB5 (    vgm_music.asm):00400             FCB $5A,$C5,$0C,$5A,$A5,$B5,$5A,$B5,$30,$61,$2F,$01,$5A,$30,$E2,$5A,$50,$D9,$5A,$70,$52,$5A,$90,$37,$5A,$F0,$19,$5A,$33,$E2,$5A,$53
     30612F015A30E25A
     50D95A70525A9037
     5AF0195A33E25A53
2EE7 0A5A73605A93565A (    vgm_music.asm):00401             FCB $0A,$5A,$73,$60,$5A,$93,$56,$5A,$F3,$49,$5A,$C6,$06,$5A,$A6,$8F,$5A,$B6,$30,$61,$C6,$01,$5A,$A5,$B6,$61,$F5,$02,$5A,$A5,$B5,$61
     F3495AC6065AA68F
     5AB63061C6015AA5
     B661F5025AA5B561
2F07 97005A51D85A5408 (    vgm_music.asm):00402             FCB $97,$00,$5A,$51,$D8,$5A,$54,$08,$5A,$A7,$8F,$5A,$B7,$34,$61,$2F,$01,$5A,$A8,$8F,$5A,$B8,$34,$61,$94,$2A,$5A,$B4,$10,$5A,$B8,$14
     5AA78F5AB734612F
     015AA88F5AB83461
     942A5AB4105AB814
2F27 6153055AB714619C (    vgm_music.asm):00403             FCB $61,$53,$05,$5A,$B7,$14,$61,$9C,$1A,$5A,$20,$E2,$5A,$40,$D7,$5A,$60,$52,$5A,$80,$37,$5A,$E0,$19,$5A,$23,$E2,$5A,$43,$08,$5A,$63
     1A5A20E25A40D75A
     60525A80375AE019
     5A23E25A43085A63
2F47 605A83565AE3495A (    vgm_music.asm):00404             FCB $60,$5A,$83,$56,$5A,$E3,$49,$5A,$C0,$06,$5A,$A0,$8F,$5A,$B0,$34,$61,$BB,$04,$5A,$21,$22,$5A,$41,$86,$5A,$61,$84,$5A,$81,$17,$5A
     C0065AA08F5AB034
     61BB045A21225A41
     865A61845A81175A
2F67 E1005A24A25A4487 (    vgm_music.asm):00405             FCB $E1,$00,$5A,$24,$A2,$5A,$44,$87,$5A,$64,$75,$5A,$84,$17,$5A,$E4,$00,$5A,$C1,$07,$5A,$A1,$8F,$5A,$B1,$34,$61,$AA,$24,$5A,$B0,$14
     5A64755A84175AE4
     005AC1075AA18F5A
     B13461AA245AB014
2F87 5AB114618D035A22 (    vgm_music.asm):00406             FCB $5A,$B1,$14,$61,$8D,$03,$5A,$22,$E2,$5A,$42,$D7,$5A,$62,$52,$5A,$82,$37,$5A,$E2,$19,$5A,$25,$E2,$5A,$45,$07,$5A,$65,$60,$5A,$85
     E25A42D75A62525A
     82375AE2195A25E2
     5A45075A65605A85
2FA7 565AE5495AC2065A (    vgm_music.asm):00407             FCB $56,$5A,$E5,$49,$5A,$C2,$06,$5A,$A2,$C0,$5A,$B2,$34,$61,$C6,$01,$5A,$B5,$10,$61,$52,$05,$5A,$B6,$10,$61,$2F,$01,$5A,$28,$22,$5A
     A2C05AB23461C601
     5AB5106152055AB6
     10612F015A28225A
2FC7 48865A68845A8817 (    vgm_music.asm):00408             FCB $48,$86,$5A,$68,$84,$5A,$88,$17,$5A,$E8,$00,$5A,$2B,$A2,$5A,$4B,$87,$5A,$6B,$75,$5A,$8B,$17,$5A,$EB,$00,$5A,$C3,$07,$5A,$A3,$C0
     5AE8005A2BA25A4B
     875A6B755A8B175A
     EB005AC3075AA3C0
2FE7 5AB3346197005A29 (    vgm_music.asm):00409             FCB $5A,$B3,$34,$61,$97,$00,$5A,$29,$E2,$5A,$49,$DB,$5A,$69,$52,$5A,$89,$37,$5A,$E9,$19,$5A,$2C,$E2,$5A,$4C,$0E,$5A,$6C,$60,$5A,$8C
     E25A49DB5A69525A
     89375AE9195A2CE2
     5A4C0E5A6C605A8C
3007 565AEC495AC4065A (    vgm_music.asm):00410             FCB $56,$5A,$EC,$49,$5A,$C4,$06,$5A,$A4,$72,$5A,$B4,$34,$61,$F5,$02,$5A,$4A,$1E,$5A,$A5,$C0,$5A,$B5,$30,$61,$98,$00,$5A,$30,$22,$5A
     A4725AB43461F502
     5A4A1E5AA5C05AB5
     306198005A30225A
3027 50945A70635A9049 (    vgm_music.asm):00411             FCB $50,$94,$5A,$70,$63,$5A,$90,$49,$5A,$F0,$10,$5A,$33,$62,$5A,$53,$03,$5A,$73,$70,$5A,$93,$38,$5A,$F3,$40,$5A,$C6,$0A,$5A,$A6,$72
     5AF0105A33625A53
     035A73705A93385A
     F3405AC60A5AA672
3047 5AB62C6123045AA5 (    vgm_music.asm):00412             FCB $5A,$B6,$2C,$61,$23,$04,$5A,$A5,$C1,$61,$F5,$02,$5A,$A5,$C0,$61,$BA,$72,$5A,$31,$22,$5A,$51,$9A,$5A,$71,$63,$5A,$91,$49,$5A,$F1
     C161F5025AA5C061
     BA725A31225A519A
     5A71635A91495AF1
3067 105A34625A54075A (    vgm_music.asm):00413             FCB $10,$5A,$34,$62,$5A,$54,$07,$5A,$74,$70,$5A,$94,$38,$5A,$F4,$40,$5A,$C7,$0A,$5A,$B7,$30,$61,$23,$04,$5A,$B4,$14,$61,$EA,$05,$5A
     74705A94385AF440
     5AC70A5AB7306123
     045AB41461EA055A
3087 32725A521E5A7242 (    vgm_music.asm):00414             FCB $32,$72,$5A,$52,$1E,$5A,$72,$42,$5A,$92,$19,$5A,$F2,$08,$5A,$35,$F2,$5A,$55,$00,$5A,$75,$63,$5A,$95,$09,$5A,$F5,$44,$5A,$C8,$0C
     5A92195AF2085A35
     F25A55005A75635A
     95095AF5445AC80C
30A7 5AA86B5AB834612F (    vgm_music.asm):00415             FCB $5A,$A8,$6B,$5A,$B8,$34,$61,$2F,$01,$5A,$B6,$0C,$61,$2F,$01,$5A,$40,$D4,$5A,$43,$04,$5A,$A0,$C0,$5A,$B0,$30,$61,$C6,$01,$5A,$B5
     015AB60C612F015A
     40D45A43045AA0C0
     5AB03061C6015AB5
30C7 105AA86C612F015A (    vgm_music.asm):00416             FCB $10,$5A,$A8,$6C,$61,$2F,$01,$5A,$41,$94,$5A,$61,$63,$5A,$81,$49,$5A,$E1,$10,$5A,$24,$62,$5A,$44,$03,$5A,$64,$70,$5A,$84,$38,$5A
     41945A61635A8149
     5AE1105A24625A44
     035A64705A84385A
30E7 E4405AC10A5AA16B (    vgm_music.asm):00417             FCB $E4,$40,$5A,$C1,$0A,$5A,$A1,$6B,$5A,$B1,$2C,$61,$C6,$01,$5A,$A8,$6B,$61,$AA,$24,$5A,$49,$D4,$5A,$4C,$04,$5A,$A4,$6B,$5A,$B4,$34
     5AB12C61C6015AA8
     6B61AA245A49D45A
     4C045AA46B5AB434
3107 6124045AB0106152 (    vgm_music.asm):00418             FCB $61,$24,$04,$5A,$B0,$10,$61,$52,$05,$5A,$B2,$14,$61,$5E,$02,$5A,$2A,$B2,$5A,$4A,$1D,$5A,$8A,$39,$5A,$EA,$1D,$5A,$2D,$22,$5A,$4D
     055AB214615E025A
     2AB25A4A1D5A8A39
     5AEA1D5A2D225A4D
3127 055A6DA05A8D0A5A (    vgm_music.asm):00419             FCB $05,$5A,$6D,$A0,$5A,$8D,$0A,$5A,$ED,$35,$5A,$C5,$04,$5A,$A5,$8F,$5A,$B5,$34,$61,$97,$00,$5A,$50,$86,$5A,$70,$84,$5A,$90,$17,$5A
     ED355AC5045AA58F
     5AB5346197005A50
     865A70845A90175A
3147 F0005A33A25A5387 (    vgm_music.asm):00420             FCB $F0,$00,$5A,$33,$A2,$5A,$53,$87,$5A,$73,$75,$5A,$93,$17,$5A,$F3,$00,$5A,$C6,$07,$5A,$A6,$6B,$5A,$B6,$38,$61,$81,$06,$5A,$B3,$14
     5A73755A93175AF3
     005AC6075AA66B5A
     B6386181065AB314
3167 61F80F5A40D25A43 (    vgm_music.asm):00421             FCB $61,$F8,$0F,$5A,$40,$D2,$5A,$43,$01,$5A,$A0,$72,$5A,$B0,$34,$61,$52,$05,$5A,$B4,$14,$61,$05,$1A,$5A,$B0,$14,$61,$98,$00,$5A,$22
     015AA0725AB03461
     52055AB41461051A
     5AB0146198005A22
3187 225A42995A62635A (    vgm_music.asm):00422             FCB $22,$5A,$42,$99,$5A,$62,$63,$5A,$82,$49,$5A,$E2,$10,$5A,$25,$62,$5A,$45,$06,$5A,$65,$70,$5A,$85,$38,$5A,$E5,$40,$5A,$C2,$0A,$5A
     82495AE2105A2562
     5A45065A65705A85
     385AE5405AC20A5A
31A7 B2306152055AA372 (    vgm_music.asm):00423             FCB $B2,$30,$61,$52,$05,$5A,$A3,$72,$5A,$B3,$38,$61,$5E,$02,$5A,$B6,$18,$61,$24,$04,$5A,$29,$B2,$5A,$49,$1B,$5A,$69,$42,$5A,$89,$39
     5AB338615E025AB6
     186124045A29B25A
     491B5A69425A8939
31C7 5AE91D5A2C225A6C (    vgm_music.asm):00424             FCB $5A,$E9,$1D,$5A,$2C,$22,$5A,$6C,$A0,$5A,$8C,$0A,$5A,$EC,$35,$5A,$C4,$04,$5A,$A4,$C0,$5A,$B4,$34,$61,$2E,$01,$5A,$B7,$10,$5A,$30
     A05A8C0A5AEC355A
     C4045AA4C05AB434
     612E015AB7105A30
31E7 725A501D5A70425A (    vgm_music.asm):00425             FCB $72,$5A,$50,$1D,$5A,$70,$42,$5A,$90,$19,$5A,$F0,$08,$5A,$33,$F2,$5A,$53,$00,$5A,$73,$63,$5A,$93,$09,$5A,$F3,$44,$5A,$C6,$0C,$5A
     90195AF0085A33F2
     5A53005A73635A93
     095AF3445AC60C5A
3207 A6725AB6345AB814 (    vgm_music.asm):00426             FCB $A6,$72,$5A,$B6,$34,$5A,$B8,$14,$5A,$31,$E2,$5A,$51,$CF,$5A,$71,$52,$5A,$91,$37,$5A,$F1,$19,$5A,$34,$E2,$5A,$54,$00,$5A,$74,$60
     5A31E25A51CF5A71
     525A91375AF1195A
     34E25A54005A7460
3227 5A94565AF4495AC7 (    vgm_music.asm):00427             FCB $5A,$94,$56,$5A,$F4,$49,$5A,$C7,$06,$5A,$A7,$72,$5A,$B7,$34,$61,$2F,$01,$5A,$32,$22,$5A,$52,$94,$5A,$72,$63,$5A,$92,$49,$5A,$F2
     065AA7725AB73461
     2F015A32225A5294
     5A72635A92495AF2
3247 105A35625A55035A (    vgm_music.asm):00428             FCB $10,$5A,$35,$62,$5A,$55,$03,$5A,$75,$70,$5A,$95,$38,$5A,$F5,$40,$5A,$C8,$0A,$5A,$A8,$C0,$5A,$B8,$28,$61,$F5,$02,$5A,$A6,$73,$61
     75705A95385AF540
     5AC80A5AA8C05AB8
     2861F5025AA67361
3267 F5025AA672612404 (    vgm_music.asm):00429             FCB $F5,$02,$5A,$A6,$72,$61,$24,$04,$5A,$B1,$0C,$5A,$B5,$14,$61,$C0,$1E,$5A,$43,$02,$5A,$A0,$80,$5A,$B0,$34,$61,$5D,$02,$5A,$B7,$14
     5AB10C5AB51461C0
     1E5A43025AA0805A
     B034615D025AB714
3287 619A0D5AB4146132 (    vgm_music.asm):00430             FCB $61,$9A,$0D,$5A,$B4,$14,$61,$32,$0E,$5A,$B3,$18,$61,$F5,$02,$5A,$21,$E2,$5A,$41,$CF,$5A,$61,$52,$5A,$81,$37,$5A,$E1,$19,$5A,$24
     0E5AB31861F5025A
     21E25A41CF5A6152
     5A81375AE1195A24
32A7 E25A44005A64605A (    vgm_music.asm):00431             FCB $E2,$5A,$44,$00,$5A,$64,$60,$5A,$84,$56,$5A,$E4,$49,$5A,$C1,$06,$5A,$A1,$8F,$5A,$B1,$34,$61,$97,$00,$5A,$A3,$C0,$5A,$B3,$34,$61
     84565AE4495AC106
     5AA18F5AB1346197
     005AA3C05AB33461
32C7 53055AB014612304 (    vgm_music.asm):00432             FCB $53,$05,$5A,$B0,$14,$61,$23,$04,$5A,$49,$1E,$5A,$4C,$06,$5A,$B4,$34,$61,$C9,$0E,$5A,$B1,$14,$61,$A5,$0A,$5A,$B2,$10,$61,$B0,$07
     5A491E5A4C065AB4
     3461C90E5AB11461
     A50A5AB21061B007
32E7 5AB31461C6015A2A (    vgm_music.asm):00433             FCB $5A,$B3,$14,$61,$C6,$01,$5A,$2A,$22,$5A,$4A,$86,$5A,$6A,$84,$5A,$8A,$17,$5A,$EA,$00,$5A,$2D,$A2,$5A,$4D,$87,$5A,$6D,$75,$5A,$8D
     225A4A865A6A845A
     8A175AEA005A2DA2
     5A4D875A6D755A8D
3307 175AED005AC5075A (    vgm_music.asm):00434             FCB $17,$5A,$ED,$00,$5A,$C5,$07,$5A,$B5,$38,$5A,$51,$D1,$5A,$A7,$8F,$5A,$B7,$34,$61,$76,$09,$5A,$20,$72,$5A,$40,$1E,$5A,$60,$42,$5A
     B5385A51D15AA78F
     5AB7346176095A20
     725A401E5A60425A
3327 80195AE0085A23F2 (    vgm_music.asm):00435             FCB $80,$19,$5A,$E0,$08,$5A,$23,$F2,$5A,$43,$00,$5A,$63,$63,$5A,$83,$09,$5A,$E3,$44,$5A,$C0,$0C,$5A,$A0,$8F,$5A,$B0,$34,$61,$2F,$01
     5A43005A63635A83
     095AE3445AC00C5A
     A08F5AB034612F01
3347 5AB8086198005AB6 (    vgm_music.asm):00436             FCB $5A,$B8,$08,$61,$98,$00,$5A,$B6,$14,$61,$97,$00,$5A,$21,$22,$5A,$41,$99,$5A,$61,$63,$5A,$81,$49,$5A,$E1,$10,$5A,$24,$62,$5A,$44
     146197005A21225A
     41995A61635A8149
     5AE1105A24625A44
3367 065A64705A84385A (    vgm_music.asm):00437             FCB $06,$5A,$64,$70,$5A,$84,$38,$5A,$E4,$40,$5A,$C1,$0A,$5A,$A1,$C0,$5A,$B1,$30,$61,$C6,$01,$5A,$A0,$91,$61,$97,$00,$5A,$22,$B2,$5A
     E4405AC10A5AA1C0
     5AB13061C6015AA0
     916197005A22B25A
3387 421B5A62425A8239 (    vgm_music.asm):00438             FCB $42,$1B,$5A,$62,$42,$5A,$82,$39,$5A,$E2,$1D,$5A,$25,$22,$5A,$45,$03,$5A,$65,$A0,$5A,$85,$0A,$5A,$E5,$35,$5A,$C2,$04,$5A,$A2,$8F
     5AE21D5A25225A45
     035A65A05A850A5A
     E5355AC2045AA28F
33A7 5AB238615E025AA0 (    vgm_music.asm):00439             FCB $5A,$B2,$38,$61,$5E,$02,$5A,$A0,$8F,$61,$8C,$03,$5A,$B4,$14,$61,$2F,$01,$5A,$48,$93,$5A,$68,$63,$5A,$88,$49,$5A,$E8,$10,$5A,$2B
     8F618C035AB41461
     2F015A48935A6863
     5A88495AE8105A2B
33C7 625A4B035A6B705A (    vgm_music.asm):00440             FCB $62,$5A,$4B,$03,$5A,$6B,$70,$5A,$8B,$38,$5A,$EB,$40,$5A,$C3,$0A,$5A,$A3,$AB,$5A,$B3,$28,$61,$EF,$1F,$5A,$29,$E2,$5A,$49,$D0,$5A
     8B385AEB405AC30A
     5AA3AB5AB32861EF
     1F5A29E25A49D05A
33E7 69525A89375AE919 (    vgm_music.asm):00441             FCB $69,$52,$5A,$89,$37,$5A,$E9,$19,$5A,$2C,$E2,$5A,$4C,$00,$5A,$6C,$60,$5A,$8C,$56,$5A,$EC,$49,$5A,$C4,$06,$5A,$A4,$98,$5A,$B4,$34
     5A2CE25A4C005A6C
     605A8C565AEC495A
     C4065AA4985AB434
3407 615E025AB7146105 (    vgm_music.asm):00442             FCB $61,$5E,$02,$5A,$B7,$14,$61,$05,$1A,$5A,$30,$22,$5A,$50,$86,$5A,$70,$84,$5A,$90,$17,$5A,$F0,$00,$5A,$33,$A2,$5A,$53,$87,$5A,$73
     1A5A30225A50865A
     70845A90175AF000
     5A33A25A53875A73
3427 755A93175AF3005A (    vgm_music.asm):00443             FCB $75,$5A,$93,$17,$5A,$F3,$00,$5A,$C6,$07,$5A,$B6,$38,$61,$97,$00,$5A,$B5,$18,$61,$98,$00,$5A,$B1,$10,$5A,$B2,$18,$61,$76,$09,$5A
     C6075AB638619700
     5AB5186198005AB1
     105AB2186176095A
3447 51CE5AA7AB5AB734 (    vgm_music.asm):00444             FCB $51,$CE,$5A,$A7,$AB,$5A,$B7,$34,$61,$5D,$02,$5A,$B4,$14,$61,$98,$00,$5A,$32,$B2,$5A,$52,$1A,$5A,$72,$42,$5A,$92,$39,$5A,$F2,$1D
     615D025AB4146198
     005A32B25A521A5A
     72425A92395AF21D
3467 5A35225A75A05A95 (    vgm_music.asm):00445             FCB $5A,$35,$22,$5A,$75,$A0,$5A,$95,$0A,$5A,$F5,$35,$5A,$C8,$04,$5A,$A8,$72,$5A,$B8,$38,$61,$EA,$05,$5A,$41,$98,$5A,$44,$04,$5A,$B1
     0A5AF5355AC8045A
     A8725AB83861EA05
     5A41985A44045AB1
3487 306118075A22C25A (    vgm_music.asm):00446             FCB $30,$61,$18,$07,$5A,$22,$C2,$5A,$42,$58,$5A,$62,$B7,$5A,$82,$75,$5A,$E2,$35,$5A,$25,$C2,$5A,$45,$80,$5A,$65,$D4,$5A,$85,$35,$5A
     42585A62B75A8275
     5AE2355A25C25A45
     805A65D45A85355A
34A7 E5505AC2005AA298 (    vgm_music.asm):00447             FCB $E5,$50,$5A,$C2,$00,$5A,$A2,$98,$5A,$B2,$34,$61,$81,$06,$5A,$29,$C2,$5A,$49,$58,$5A,$69,$B7,$5A,$89,$75,$5A,$E9,$35,$5A,$2C,$C2
     5AB2346181065A29
     C25A49585A69B75A
     89755AE9355A2CC2
34C7 5A4C805A6CD45A8C (    vgm_music.asm):00448             FCB $5A,$4C,$80,$5A,$6C,$D4,$5A,$8C,$35,$5A,$EC,$50,$5A,$C4,$00,$5A,$A4,$C0,$5A,$B4,$34,$61,$48,$08,$5A,$2A,$C2,$5A,$4A,$58,$5A,$6A
     355AEC505AC4005A
     A4C05AB434614808
     5A2AC25A4A585A6A
34E7 B75A8A755AEA355A (    vgm_music.asm):00449             FCB $B7,$5A,$8A,$75,$5A,$EA,$35,$5A,$2D,$C2,$5A,$4D,$80,$5A,$6D,$D4,$5A,$8D,$35,$5A,$ED,$50,$5A,$C5,$00,$5A,$A5,$72,$5A,$B5,$38,$61
     2DC25A4D805A6DD4
     5A8D355AED505AC5
     005AA5725AB53861
3507 47085AB110612F01 (    vgm_music.asm):00450             FCB $47,$08,$5A,$B1,$10,$61,$2F,$01,$5A,$B6,$18,$61,$2F,$01,$5A,$A6,$C0,$5A,$B6,$38,$61,$5D,$02,$5A,$21,$72,$5A,$41,$1E,$5A,$61,$42
     5AB618612F015AA6
     C05AB638615D025A
     21725A411E5A6142
3527 5A81195AE1085A24 (    vgm_music.asm):00451             FCB $5A,$81,$19,$5A,$E1,$08,$5A,$24,$F2,$5A,$44,$00,$5A,$64,$63,$5A,$84,$09,$5A,$E4,$44,$5A,$C1,$0C,$5A,$A1,$98,$5A,$B1,$34,$61,$C7
     F25A44005A64635A
     84095AE4445AC10C
     5AA1985AB13461C7
3547 015AB2145A22225A (    vgm_music.asm):00452             FCB $01,$5A,$B2,$14,$5A,$22,$22,$5A,$42,$99,$5A,$62,$63,$5A,$82,$49,$5A,$E2,$10,$5A,$25,$62,$5A,$45,$06,$5A,$65,$70,$5A,$85,$38,$5A
     42995A62635A8249
     5AE2105A25625A45
     065A65705A85385A
3567 E5405AC20A5AA272 (    vgm_music.asm):00453             FCB $E5,$40,$5A,$C2,$0A,$5A,$A2,$72,$5A,$B2,$34,$5A,$B4,$14,$5A,$A4,$98,$5A,$B4,$38,$61,$97,$00,$5A,$B0,$14,$61,$2F,$01,$5A,$A1,$99
     5AB2345AB4145AA4
     985AB4386197005A
     B014612F015AA199
3587 612F015AB8185A52 (    vgm_music.asm):00454             FCB $61,$2F,$01,$5A,$B8,$18,$5A,$52,$1B,$5A,$A8,$C0,$5A,$B8,$38,$61,$C6,$01,$5A,$A1,$98,$61,$B0,$07,$5A,$20,$C2,$5A,$40,$58,$5A,$60
     1B5AA8C05AB83861
     C6015AA19861B007
     5A20C25A40585A60
35A7 B75A80755AE0355A (    vgm_music.asm):00455             FCB $B7,$5A,$80,$75,$5A,$E0,$35,$5A,$23,$C2,$5A,$43,$80,$5A,$63,$D4,$5A,$83,$35,$5A,$E3,$50,$5A,$C0,$00,$5A,$A0,$C0,$5A,$B0,$38,$61
     23C25A43805A63D4
     5A83355AE3505AC0
     005AA0C05AB03861
35C7 97005AB5185A2AE2 (    vgm_music.asm):00456             FCB $97,$00,$5A,$B5,$18,$5A,$2A,$E2,$5A,$4A,$CE,$5A,$6A,$52,$5A,$8A,$37,$5A,$EA,$19,$5A,$2D,$E2,$5A,$4D,$00,$5A,$6D,$60,$5A,$8D,$56
     5A4ACE5A6A525A8A
     375AEA195A2DE25A
     4D005A6D605A8D56
35E7 5AED495AC5065AA5 (    vgm_music.asm):00457             FCB $5A,$ED,$49,$5A,$C5,$06,$5A,$A5,$C0,$5A,$B5,$34,$61,$98,$00,$5A,$B4,$18,$5A,$29,$22,$5A,$49,$93,$5A,$69,$63,$5A,$89,$49,$5A,$E9
     C05AB5346198005A
     B4185A29225A4993
     5A69635A89495AE9
3607 105A2C625A4C035A (    vgm_music.asm):00458             FCB $10,$5A,$2C,$62,$5A,$4C,$03,$5A,$6C,$70,$5A,$8C,$38,$5A,$EC,$40,$5A,$C4,$0A,$5A,$B4,$28,$61,$C6,$01,$5A,$B7,$14,$61,$97,$00,$5A
     6C705A8C385AEC40
     5AC40A5AB42861C6
     015AB7146197005A
3627 B3086153055A2804 (    vgm_music.asm):00459             FCB $B3,$08,$61,$53,$05,$5A,$28,$04,$5A,$48,$00,$5A,$68,$F7,$5A,$88,$FF,$5A,$E8,$7E,$5A,$2B,$24,$5A,$4B,$07,$5A,$6B,$E7,$5A,$8B,$FF
     5A48005A68F75A88
     FF5AE87E5A2B245A
     4B075A6BE75A8BFF
3647 5AEB7C5AC30E5AA3 (    vgm_music.asm):00460             FCB $5A,$EB,$7C,$5A,$C3,$0E,$5A,$A3,$C0,$5A,$B3,$2C,$61,$97,$00,$5A,$A3,$92,$61,$F5,$02,$5A,$A3,$6F,$61,$F5,$02,$5A,$A3,$A8,$5A,$B3
     C05AB32C6197005A
     A39261F5025AA36F
     61F5025AA3A85AB3
3667 2861F5025AA37F61 (    vgm_music.asm):00461             FCB $28,$61,$F5,$02,$5A,$A3,$7F,$61,$F5,$02,$5A,$A3,$60,$61,$F5,$02,$5A,$A3,$93,$5A,$B3,$24,$61,$97,$00,$5A,$B3,$04,$61,$31,$0E,$5A
     F5025AA36061F502
     5AA3935AB3246197
     005AB30461310E5A
3687 31C25A51585A71B7 (    vgm_music.asm):00462             FCB $31,$C2,$5A,$51,$58,$5A,$71,$B7,$5A,$91,$75,$5A,$F1,$35,$5A,$34,$C2,$5A,$54,$80,$5A,$74,$D4,$5A,$94,$35,$5A,$F4,$50,$5A,$C7,$00
     5A91755AF1355A34
     C25A54805A74D45A
     94355AF4505AC700
36A7 5AA7985AB73061C7 (    vgm_music.asm):00463             FCB $5A,$A7,$98,$5A,$B7,$30,$61,$C7,$01,$5A,$B0,$18,$61,$C0,$1E,$5A,$B7,$10,$61,$BB,$04,$5A,$B0,$30,$61,$29,$1E,$5A,$B0,$10,$61,$97
     015AB01861C01E5A
     B71061BB045AB030
     61291E5AB0106197
36C7 005A28C25A48585A (    vgm_music.asm):00464             FCB $00,$5A,$28,$C2,$5A,$48,$58,$5A,$68,$B7,$5A,$88,$75,$5A,$E8,$35,$5A,$2B,$C2,$5A,$4B,$80,$5A,$6B,$D4,$5A,$8B,$35,$5A,$EB,$50,$5A
     68B75A88755AE835
     5A2BC25A4B805A6B
     D45A8B355AEB505A
36E7 C3005AA3725AB334 (    vgm_music.asm):00465             FCB $C3,$00,$5A,$A3,$72,$5A,$B3,$34,$61,$D6,$18,$5A,$31,$04,$5A,$51,$00,$5A,$71,$F7,$5A,$91,$FF,$5A,$F1,$7E,$5A,$34,$24,$5A,$54,$12
     61D6185A31045A51
     005A71F75A91FF5A
     F17E5A34245A5412
3707 5A74E75A94FF5AF4 (    vgm_music.asm):00466             FCB $5A,$74,$E7,$5A,$94,$FF,$5A,$F4,$7C,$5A,$C7,$0E,$5A,$A7,$C0,$5A,$B7,$2C,$61,$2F,$01,$5A,$A7,$92,$61,$F5,$02,$5A,$A7,$6F,$61,$F5
     7C5AC70E5AA7C05A
     B72C612F015AA792
     61F5025AA76F61F5
3727 025AA7A85AB72861 (    vgm_music.asm):00467             FCB $02,$5A,$A7,$A8,$5A,$B7,$28,$61,$F5,$02,$5A,$B7,$08,$61,$97,$00,$5A,$A0,$98,$5A,$B0,$34,$61,$53,$05,$5A,$B3,$14,$61,$E1,$15,$5A
     F5025AB708619700
     5AA0985AB0346153
     055AB31461E1155A
3747 28045A48005A68F7 (    vgm_music.asm):00468             FCB $28,$04,$5A,$48,$00,$5A,$68,$F7,$5A,$88,$FF,$5A,$E8,$7E,$5A,$2B,$24,$5A,$4B,$12,$5A,$6B,$E7,$5A,$8B,$FF,$5A,$EB,$7C,$5A,$C3,$0E
     5A88FF5AE87E5A2B
     245A4B125A6BE75A
     8BFF5AEB7C5AC30E
3767 5AA3C05AB32C6198 (    vgm_music.asm):00469             FCB $5A,$A3,$C0,$5A,$B3,$2C,$61,$98,$00,$5A,$A3,$92,$61,$F4,$02,$5A,$B0,$14,$5A,$A3,$6F,$61,$C7,$01,$5A,$31,$C2,$5A,$51,$58,$5A,$71
     005AA39261F4025A
     B0145AA36F61C701
     5A31C25A51585A71
3787 B75A91755AF1355A (    vgm_music.asm):00470             FCB $B7,$5A,$91,$75,$5A,$F1,$35,$5A,$34,$C2,$5A,$54,$80,$5A,$74,$D4,$5A,$94,$35,$5A,$F4,$50,$5A,$C7,$00,$5A,$A7,$C0,$5A,$B7,$34,$61
     34C25A54805A74D4
     5A94355AF4505AC7
     005AA7C05AB73461
37A7 2E015AA3A85AB328 (    vgm_music.asm):00471             FCB $2E,$01,$5A,$A3,$A8,$5A,$B3,$28,$61,$F5,$02,$5A,$A3,$7F,$61,$98,$00,$5A,$B3,$08,$61,$D6,$18,$5A,$B7,$14,$61,$2F,$01,$5A,$20,$04
     61F5025AA37F6198
     005AB30861D6185A
     B714612F015A2004
37C7 5A40005A60F75A80 (    vgm_music.asm):00472             FCB $5A,$40,$00,$5A,$60,$F7,$5A,$80,$FF,$5A,$E0,$7E,$5A,$23,$24,$5A,$43,$15,$5A,$63,$E7,$5A,$83,$FF,$5A,$E3,$7C,$5A,$C0,$0E,$5A,$A0
     FF5AE07E5A23245A
     43155A63E75A83FF
     5AE37C5AC00E5AA0
37E7 C05AB02C6197005A (    vgm_music.asm):00473             FCB $C0,$5A,$B0,$2C,$61,$97,$00,$5A,$28,$C2,$5A,$48,$58,$5A,$68,$B7,$5A,$88,$75,$5A,$E8,$35,$5A,$2B,$C2,$5A,$4B,$80,$5A,$6B,$D4,$5A
     28C25A48585A68B7
     5A88755AE8355A2B
     C25A4B805A6BD45A
3807 8B355AEB505AC300 (    vgm_music.asm):00474             FCB $8B,$35,$5A,$EB,$50,$5A,$C3,$00,$5A,$A3,$72,$5A,$B3,$38,$61,$2F,$01,$5A,$A0,$92,$61,$F5,$02,$5A,$A0,$6F,$61,$F5,$02,$5A,$A0,$A8
     5AA3725AB338612F
     015AA09261F5025A
     A06F61F5025AA0A8
3827 5AB02861F5025AA0 (    vgm_music.asm):00475             FCB $5A,$B0,$28,$61,$F5,$02,$5A,$A0,$7F,$61,$F5,$02,$5A,$A0,$60,$61,$F5,$02,$5A,$A0,$93,$5A,$B0,$24,$61,$2E,$01,$5A,$B0,$04,$61,$9A
     7F61F5025AA06061
     F5025AA0935AB024
     612E015AB004619A
3847 0D5AA7985AB73861 (    vgm_music.asm):00476             FCB $0D,$5A,$A7,$98,$5A,$B7,$38,$61,$A5,$0A,$5A,$B3,$18,$61,$F5,$02,$5A,$B6,$18,$61,$BB,$04,$5A,$43,$1A,$5A,$A0,$C0,$5A,$B0,$2C,$61
     A50A5AB31861F502
     5AB61861BB045A43
     1A5AA0C05AB02C61
3867 2F015AA09261F502 (    vgm_music.asm):00477             FCB $2F,$01,$5A,$A0,$92,$61,$F5,$02,$5A,$A0,$6F,$61,$F5,$02,$5A,$A0,$A8,$5A,$B0,$28,$61,$C6,$01,$5A,$28,$E2,$5A,$48,$D8,$5A,$68,$52
     5AA06F61F5025AA0
     A85AB02861C6015A
     28E25A48D85A6852
3887 5A88375AE8195A2B (    vgm_music.asm):00478             FCB $5A,$88,$37,$5A,$E8,$19,$5A,$2B,$E2,$5A,$4B,$08,$5A,$6B,$60,$5A,$8B,$56,$5A,$EB,$49,$5A,$C3,$06,$5A,$A3,$C0,$5A,$B3,$34,$61,$98
     E25A4B085A6B605A
     8B565AEB495AC306
     5AA3C05AB3346198
38A7 005AA07F6197005A (    vgm_music.asm):00479             FCB $00,$5A,$A0,$7F,$61,$97,$00,$5A,$B2,$14,$61,$C6,$01,$5A,$B0,$08,$61,$8D,$03,$5A,$B6,$34,$61,$97,$00,$5A,$20,$C2,$5A,$40,$58,$5A
     B21461C6015AB008
     618D035AB6346197
     005A20C25A40585A
38C7 60B75A80755AE035 (    vgm_music.asm):00480             FCB $60,$B7,$5A,$80,$75,$5A,$E0,$35,$5A,$23,$C2,$5A,$43,$80,$5A,$63,$D4,$5A,$83,$35,$5A,$E3,$50,$5A,$C0,$00,$5A,$A0,$C0,$5A,$B0,$38
     5A23C25A43805A63
     D45A83355AE3505A
     C0005AA0C05AB038
38E7 61BE115AB71861B0 (    vgm_music.asm):00481             FCB $61,$BE,$11,$5A,$B7,$18,$61,$B0,$07,$5A,$B8,$18,$61,$02,$0D,$5A,$B0,$18,$5A,$B1,$14,$61,$4F,$2F,$5A,$B3,$14,$5A,$B5,$14,$61,$6E
     075AB81861020D5A
     B0185AB114614F2F
     5AB3145AB514616E
3907 195AB40861D40B5A (    vgm_music.asm):00482             FCB $19,$5A,$B4,$08,$61,$D4,$0B,$5A,$B6,$14,$61,$E1,$15,$5A,$21,$22,$5A,$41,$86,$5A,$61,$84,$5A,$81,$17,$5A,$E1,$00,$5A,$24,$A2,$5A
     B61461E1155A2122
     5A41865A61845A81
     175AE1005A24A25A
3927 44875A64755A8417 (    vgm_music.asm):00483             FCB $44,$87,$5A,$64,$75,$5A,$84,$17,$5A,$E4,$00,$5A,$C1,$07,$5A,$A1,$72,$5A,$B1,$38,$61,$BB,$04,$5A,$22,$E2,$5A,$42,$D9,$5A,$62,$52
     5AE4005AC1075AA1
     725AB13861BB045A
     22E25A42D95A6252
3947 5A82375AE2195A25 (    vgm_music.asm):00484             FCB $5A,$82,$37,$5A,$E2,$19,$5A,$25,$E2,$5A,$45,$0A,$5A,$65,$60,$5A,$85,$56,$5A,$E5,$49,$5A,$C2,$06,$5A,$B2,$38,$61,$E4,$22,$5A,$A3
     E25A450A5A65605A
     85565AE5495AC206
     5AB23861E4225AA3
3967 6B5AB338612F015A (    vgm_music.asm):00485             FCB $6B,$5A,$B3,$38,$61,$2F,$01,$5A,$B1,$18,$5A,$49,$86,$5A,$69,$84,$5A,$89,$17,$5A,$E9,$00,$5A,$2C,$A2,$5A,$4C,$87,$5A,$6C,$75,$5A
     B1185A49865A6984
     5A89175AE9005A2C
     A25A4C875A6C755A
3987 8C175AEC005AC407 (    vgm_music.asm):00486             FCB $8C,$17,$5A,$EC,$00,$5A,$C4,$07,$5A,$A4,$6B,$5A,$B4,$38,$61,$8C,$03,$5A,$B2,$18,$61,$9D,$1A,$5A,$B3,$18,$61,$BB,$04,$5A,$4A,$D6
     5AA46B5AB438618C
     035AB218619D1A5A
     B31861BB045A4AD6
39A7 5A4D075AB534618C (    vgm_music.asm):00487             FCB $5A,$4D,$07,$5A,$B5,$34,$61,$8C,$03,$5A,$B4,$18,$61,$2F,$01,$5A,$B6,$34,$61,$70,$26,$5A,$B5,$14,$61,$8C,$03,$5A,$31,$E2,$5A,$51
     035AB418612F015A
     B6346170265AB514
     618C035A31E25A51
39C7 DB5A71525A91375A (    vgm_music.asm):00488             FCB $DB,$5A,$71,$52,$5A,$91,$37,$5A,$F1,$19,$5A,$34,$E2,$5A,$54,$0E,$5A,$74,$60,$5A,$94,$56,$5A,$F4,$49,$5A,$C7,$06,$5A,$A7,$8F,$5A
     F1195A34E25A540E
     5A74605A94565AF4
     495AC7065AA78F5A
39E7 B7385A32E25A52D9 (    vgm_music.asm):00489             FCB $B7,$38,$5A,$32,$E2,$5A,$52,$D9,$5A,$72,$52,$5A,$92,$37,$5A,$F2,$19,$5A,$35,$E2,$5A,$55,$0B,$5A,$75,$60,$5A,$95,$56,$5A,$F5,$49
     5A72525A92375AF2
     195A35E25A550B5A
     75605A95565AF549
3A07 5AC8065AA8725AB8 (    vgm_music.asm):00490             FCB $5A,$C8,$06,$5A,$A8,$72,$5A,$B8,$34,$61,$8D,$03,$5A,$B6,$14,$61,$F5,$02,$5A,$20,$E2,$5A,$40,$DA,$5A,$60,$52,$5A,$80,$37,$5A,$E0
     34618D035AB61461
     F5025A20E25A40DA
     5A60525A80375AE0
3A27 195A23E25A430D5A (    vgm_music.asm):00491             FCB $19,$5A,$23,$E2,$5A,$43,$0D,$5A,$63,$60,$5A,$83,$56,$5A,$E3,$49,$5A,$C0,$06,$5A,$B0,$30,$61,$C6,$01,$5A,$A1,$8F,$5A,$B1,$38,$61
     63605A83565AE349
     5AC0065AB03061C6
     015AA18F5AB13861
3A47 0D0A5A42DB5A450E (    vgm_music.asm):00492             FCB $0D,$0A,$5A,$42,$DB,$5A,$45,$0E,$5A,$A2,$8F,$5A,$B2,$30,$61,$15,$68,$5A,$48,$DA,$5A,$4B,$0D,$5A,$A3,$80,$5A,$B3,$38,$61,$6B,$0C
     5AA28F5AB2306115
     685A48DA5A4B0D5A
     A3805AB338616B0C
3A67 5AB11861C6015AA4 (    vgm_music.asm):00493             FCB $5A,$B1,$18,$61,$C6,$01,$5A,$A4,$80,$5A,$B4,$38,$61,$E6,$66,$5A,$B3,$18,$61,$E9,$05,$5A,$4A,$DB,$5A,$4D,$0D,$5A,$A5,$72,$5A,$B5
     805AB43861E6665A
     B31861E9055A4ADB
     5A4D0D5AA5725AB5
3A87 386153055AB4185A (    vgm_music.asm):00494             FCB $38,$61,$53,$05,$5A,$B4,$18,$5A,$A6,$72,$5A,$B6,$38,$61,$E8,$73,$5A,$B2,$10,$61,$6B,$0C,$5A,$A1,$6B,$5A,$B1,$38,$61,$8D,$03,$5A
     A6725AB63861E873
     5AB210616B0C5AA1
     6B5AB138618D035A
3AA7 B61861C6015A22B2 (    vgm_music.asm):00495             FCB $B6,$18,$61,$C6,$01,$5A,$22,$B2,$5A,$42,$1D,$5A,$62,$42,$5A,$82,$39,$5A,$E2,$1D,$5A,$25,$22,$5A,$45,$05,$5A,$65,$A0,$5A,$85,$0A
     5A421D5A62425A82
     395AE21D5A25225A
     45055A65A05A850A
3AC7 5AE5355AC2045AB2 (    vgm_music.asm):00496             FCB $5A,$E5,$35,$5A,$C2,$04,$5A,$B2,$34,$61,$18,$07,$5A,$48,$DB,$5A,$4B,$0E,$5A,$A3,$6B,$5A,$B3,$38,$61,$32,$0E,$5A,$B5,$18,$61,$C0
     346118075A48DB5A
     4B0E5AA36B5AB338
     61320E5AB51861C0
3AE7 1E5AB21461B5215A (    vgm_music.asm):00497             FCB $1E,$5A,$B2,$14,$61,$B5,$21,$5A,$29,$B2,$5A,$49,$1E,$5A,$69,$42,$5A,$89,$39,$5A,$E9,$1D,$5A,$2C,$22,$5A,$4C,$06,$5A,$6C,$A0,$5A
     29B25A491E5A6942
     5A89395AE91D5A2C
     225A4C065A6CA05A
3B07 8C0A5AEC355AC404 (    vgm_music.asm):00498             FCB $8C,$0A,$5A,$EC,$35,$5A,$C4,$04,$5A,$A4,$8F,$5A,$B4,$34,$61,$19,$07,$5A,$B1,$18,$5A,$B3,$18,$61,$0D,$0A,$5A,$B8,$14,$61,$EA,$05
     5AA48F5AB4346119
     075AB1185AB31861
     0D0A5AB81461EA05
3B27 5AB01061BB045AB7 (    vgm_music.asm):00499             FCB $5A,$B0,$10,$61,$BB,$04,$5A,$B7,$18,$61,$A5,$0A,$5A,$B4,$14,$61,$53,$05,$5A,$4D,$0E,$5A,$A5,$6B,$5A,$B5,$34,$61,$EA,$05,$5A,$30
     1861A50A5AB41461
     53055A4D0E5AA56B
     5AB53461EA055A30
3B47 E25A50DB5A70525A (    vgm_music.asm):00500             FCB $E2,$5A,$50,$DB,$5A,$70,$52,$5A,$90,$37,$5A,$F0,$19,$5A,$33,$E2,$5A,$53,$0E,$5A,$73,$60,$5A,$93,$56,$5A,$F3,$49,$5A,$C6,$06,$5A
     90375AF0195A33E2
     5A530E5A73605A93
     565AF3495AC6065A
3B67 A68F5AB630619700 (    vgm_music.asm):00501             FCB $A6,$8F,$5A,$B6,$30,$61,$97,$00,$5A,$31,$22,$5A,$51,$86,$5A,$71,$84,$5A,$91,$17,$5A,$F1,$00,$5A,$34,$A2,$5A,$54,$87,$5A,$74,$75
     5A31225A51865A71
     845A91175AF1005A
     34A25A54875A7475
3B87 5A94175AF4005AC7 (    vgm_music.asm):00502             FCB $5A,$94,$17,$5A,$F4,$00,$5A,$C7,$07,$5A,$A7,$C0,$5A,$B7,$34,$5A,$32,$B2,$5A,$52,$1C,$5A,$72,$42,$5A,$92,$39,$5A,$F2,$1D,$5A,$35
     075AA7C05AB7345A
     32B25A521C5A7242
     5A92395AF21D5A35
3BA7 225A55055A75A05A (    vgm_music.asm):00503             FCB $22,$5A,$55,$05,$5A,$75,$A0,$5A,$95,$0A,$5A,$F5,$35,$5A,$C8,$04,$5A,$A8,$8F,$5A,$B8,$34,$61,$5E,$02,$5A,$40,$D9,$5A,$43,$0A,$5A
     950A5AF5355AC804
     5AA88F5AB834615E
     025A40D95A430A5A
3BC7 B03461FFFF61B50A (    vgm_music.asm):00504             FCB $B0,$34,$61,$FF,$FF,$61,$B5,$0A,$5A,$21,$E2,$5A,$41,$D8,$5A,$61,$52,$5A,$81,$37,$5A,$E1,$19,$5A,$24,$E2,$5A,$44,$09,$5A,$64,$60
     5A21E25A41D85A61
     525A81375AE1195A
     24E25A44095A6460
3BE7 5A84565AE4495AC1 (    vgm_music.asm):00505             FCB $5A,$84,$56,$5A,$E4,$49,$5A,$C1,$06,$5A,$A1,$B5,$5A,$B1,$34,$61,$F5,$02,$5A,$22,$22,$5A,$42,$86,$5A,$62,$84,$5A,$82,$17,$5A,$E2
     065AA1B55AB13461
     F5025A22225A4286
     5A62845A82175AE2
3C07 005A25A25A45875A (    vgm_music.asm):00506             FCB $00,$5A,$25,$A2,$5A,$45,$87,$5A,$65,$75,$5A,$85,$17,$5A,$E5,$00,$5A,$C2,$07,$5A,$A2,$B5,$5A,$B2,$34,$61,$76,$09,$5A,$B0,$14,$61
     65755A85175AE500
     5AC2075AA2B55AB2
     346176095AB01461
3C27 DF085AB714617D30 (    vgm_music.asm):00507             FCB $DF,$08,$5A,$B7,$14,$61,$7D,$30,$5A,$B6,$10,$61,$94,$2A,$5A,$B8,$14,$61,$19,$07,$5A,$B5,$14,$61,$55,$12,$5A,$B2,$14,$61,$EA,$05
     5AB61061942A5AB8
     146119075AB51461
     55125AB21461EA05
3C47 5AB114619A0D5A28 (    vgm_music.asm):00508             FCB $5A,$B1,$14,$61,$9A,$0D,$5A,$28,$B2,$5A,$48,$1B,$5A,$68,$42,$5A,$88,$39,$5A,$E8,$1D,$5A,$2B,$22,$5A,$4B,$04,$5A,$6B,$A0,$5A,$8B
     B25A481B5A68425A
     88395AE81D5A2B22
     5A4B045A6BA05A8B
3C67 0A5AEB355AC3045A (    vgm_music.asm):00509             FCB $0A,$5A,$EB,$35,$5A,$C3,$04,$5A,$A3,$8F,$5A,$B3,$34,$61,$3B,$42,$5A,$B3,$14,$61,$E2,$15,$5A,$49,$1B,$5A,$4C,$04,$5A,$B4,$34,$61
     A38F5AB334613B42
     5AB31461E2155A49
     1B5A4C045AB43461
3C87 7D305AA5C05AB534 (    vgm_music.asm):00510             FCB $7D,$30,$5A,$A5,$C0,$5A,$B5,$34,$61,$8D,$03,$5A,$B4,$14,$61,$C6,$01,$5A,$A6,$87,$5A,$B6,$34,$61,$97,$00,$5A,$31,$E2,$5A,$51,$DB
     618D035AB41461C6
     015AA6875AB63461
     97005A31E25A51DB
3CA7 5A71525A91375AF1 (    vgm_music.asm):00511             FCB $5A,$71,$52,$5A,$91,$37,$5A,$F1,$19,$5A,$34,$E2,$5A,$54,$0E,$5A,$74,$60,$5A,$94,$56,$5A,$F4,$49,$5A,$C7,$06,$5A,$A7,$98,$5A,$B7
     195A34E25A540E5A
     74605A94565AF449
     5AC7065AA7985AB7
3CC7 346124045A521B5A (    vgm_music.asm):00512             FCB $34,$61,$24,$04,$5A,$52,$1B,$5A,$55,$03,$5A,$A8,$C0,$5A,$B8,$34,$61,$FF,$FF,$61,$FF,$FF,$61,$49,$1E,$5A,$B8,$14,$61,$53,$05,$5A
     55035AA8C05AB834
     61FFFF61FFFF6149
     1E5AB8146153055A
3CE7 B6145AB714618C03 (    vgm_music.asm):00513             FCB $B6,$14,$5A,$B7,$14,$61,$8C,$03,$5A,$B5,$14,$61,$00,$74,$61,$00,$6E,$75,$72,$61,$00,$6C,$74,$61,$00,$72,$61,$00,$72,$73,$61,$00
     5AB5146100746100
     6E757261006C7461
     0072610072736100
3D07 6D737461006A6100 (    vgm_music.asm):00514             FCB $6D,$73,$74,$61,$00,$6A,$61,$00,$6B,$61,$00,$6E,$63,$61,$00,$65,$5A,$00,$2E,$61,$00,$6E,$74,$72,$63,$77,$73,$75,$72,$61,$00,$6C
     6B61006E63610065
     5A002E61006E7472
     637773757261006C
3D27                  (    vgm_music.asm):00515         ENDSONG
                      (    vgm_music.asm):00516         ;------------------------------------------------------------------------------
                      (    vgm_music.asm):00517         ; EOF
                      (    vgm_music.asm):00518         ;------------------------------------------------------------------------------
