                      (vgm_monkey_island):00001         ;------------------------------------------------------------------------------
                      (vgm_monkey_island):00002         ; PROJECT: VGM PLAYER
                      (vgm_monkey_island):00003         ; VERSION: 0.0.1
                      (vgm_monkey_island):00004         ;    FILE: vgm_music.asm
                      (vgm_monkey_island):00005         ;  AUTHOR: CRAIG IANNELLO, PUGBUTT.COM
                      (vgm_monkey_island):00006         ;
                      (vgm_monkey_island):00007         ; DESCRIPTION: 
                      (vgm_monkey_island):00008         ;
                      (vgm_monkey_island):00009         ;   Plays song on the OPL3 module from a classic MS-DOS Game! 
                      (vgm_monkey_island):00010         ;
                      (vgm_monkey_island):00011         ;       Game Title: The Secret of Monkey Island
                      (vgm_monkey_island):00012         ;       Song Title: Lechuck's Theme (By the amazing Michael Z. Land!)
                      (vgm_monkey_island):00013         ;
                      (vgm_monkey_island):00014         ;------------------------------------------------------------------------------
     FFE0             (vgm_monkey_island):00015         OPL3_BASE   equ  $FFE0      ; ffe0 - ffe3: Music Chip YMF262 (OPL3)
                      (vgm_monkey_island):00016         ;------------------------------------------------------------------------------
                      (vgm_monkey_island):00017                     ORG     $1000   ; CODE & VARS
                      (vgm_monkey_island):00018         ; -----------------------------------------------------------------------------
                      (vgm_monkey_island):00019         ; PROGRAM ENTRYPOINT
                      (vgm_monkey_island):00020         ; -----------------------------------------------------------------------------
1000 8600             (vgm_monkey_island):00021         ENTRYPOINT  LDA  #$00
1002 C600             (vgm_monkey_island):00022                     LDB  #$00
1004 118600           (vgm_monkey_island):00023                     LDE  #$00
1007 BD10F6           (vgm_monkey_island):00024                     JSR  OPL_WRITE
100A 8608             (vgm_monkey_island):00025                     LDA  #$08
100C C640             (vgm_monkey_island):00026                     LDB  #$40
100E 118600           (vgm_monkey_island):00027                     LDE  #$00
1011 BD10F6           (vgm_monkey_island):00028                     JSR  OPL_WRITE
1014 86BD             (vgm_monkey_island):00029                     LDA  #$BD
1016 C600             (vgm_monkey_island):00030                     LDB  #$00
1018 118600           (vgm_monkey_island):00031                     LDE  #$00
101B BD10F6           (vgm_monkey_island):00032                     JSR  OPL_WRITE
101E 8600             (vgm_monkey_island):00033                     LDA  #$00
1020 C600             (vgm_monkey_island):00034                     LDB  #$00
1022 118601           (vgm_monkey_island):00035                     LDE  #$01
1025 BD10F6           (vgm_monkey_island):00036                     JSR  OPL_WRITE
1028 8608             (vgm_monkey_island):00037                     LDA  #$08
102A C640             (vgm_monkey_island):00038                     LDB  #$40
102C 118601           (vgm_monkey_island):00039                     LDE  #$01
102F BD10F6           (vgm_monkey_island):00040                     JSR  OPL_WRITE
1032 86BD             (vgm_monkey_island):00041                     LDA  #$BD
1034 C600             (vgm_monkey_island):00042                     LDB  #$00
1036 118601           (vgm_monkey_island):00043                     LDE  #$01
1039 BD10F6           (vgm_monkey_island):00044                     JSR  OPL_WRITE
103C 8E1127           (vgm_monkey_island):00045                     LDX  #SONG
103F A680             (vgm_monkey_island):00046         SONGLOOP    LDA  ,X+
1041 815A             (vgm_monkey_island):00047                     CMPA #$5A
1043 2765             (vgm_monkey_island):00048                     BEQ  WR_BANK0
1045 815E             (vgm_monkey_island):00049                     CMPA #$5E
1047 2761             (vgm_monkey_island):00050                     BEQ  WR_BANK0
1049 815F             (vgm_monkey_island):00051                     CMPA #$5F
104B 2750             (vgm_monkey_island):00052                     BEQ  WR_BANK1
104D 8161             (vgm_monkey_island):00053                     CMPA #$61
104F 273D             (vgm_monkey_island):00054                     BEQ  DLY_VAR0
1051 8162             (vgm_monkey_island):00055                     CMPA #$62
1053 272F             (vgm_monkey_island):00056                     BEQ  DLY_F0
1055 8163             (vgm_monkey_island):00057                     CMPA #$63
1057 2721             (vgm_monkey_island):00058                     BEQ  DLY_F1
1059 8180             (vgm_monkey_island):00059                     CMPA #$80
105B 2713             (vgm_monkey_island):00060                     BEQ  DLY_F2
105D 8170             (vgm_monkey_island):00061                     CMPA #$70
105F 2D53             (vgm_monkey_island):00062                     BLT  LOOPEND
1061 8180             (vgm_monkey_island):00063                     CMPA #$80
1063 2C4F             (vgm_monkey_island):00064                     BGE  LOOPEND
1065 840F             (vgm_monkey_island):00065         DLY_VAR1    ANDA #$0F     ; Delay Y = (A & 0xf)+1
1067 4C               (vgm_monkey_island):00066                     INCA
1068 1F82             (vgm_monkey_island):00067                     TFR  A,Y
106A BD111D           (vgm_monkey_island):00068                     JSR  DELAY
106D 7E10B4           (vgm_monkey_island):00069                     JMP  LOOPEND                             
1070 108E002D         (vgm_monkey_island):00070         DLY_F2      LDY  #45
1074 BD111D           (vgm_monkey_island):00071                     JSR  DELAY
1077 7E10B4           (vgm_monkey_island):00072                     JMP  LOOPEND                        
107A 108E0372         (vgm_monkey_island):00073         DLY_F1      LDY  #882
107E BD111D           (vgm_monkey_island):00074                     JSR  DELAY
1081 7E10B4           (vgm_monkey_island):00075                     JMP  LOOPEND                        
1084 108E02DF         (vgm_monkey_island):00076         DLY_F0      LDY  #735
1088 BD111D           (vgm_monkey_island):00077                     JSR  DELAY
108B 7E10B4           (vgm_monkey_island):00078                     JMP  LOOPEND                        
108E 10AE81           (vgm_monkey_island):00079         DLY_VAR0    LDY  ,X++
1091 1F20             (vgm_monkey_island):00080                     TFR  Y,D    ; Swap dumb little-endian word to big-endian
1093 1E89             (vgm_monkey_island):00081                     EXG  A,B    ; (As nature intended.)
1095 1F02             (vgm_monkey_island):00082                     TFR  D,Y
1097 BD111D           (vgm_monkey_island):00083                     JSR  DELAY
109A 7E10B4           (vgm_monkey_island):00084                     JMP  LOOPEND
109D A680             (vgm_monkey_island):00085         WR_BANK1    LDA  ,X+
109F E680             (vgm_monkey_island):00086                     LDB  ,X+
10A1 118601           (vgm_monkey_island):00087                     LDE  #1
10A4 BD10F6           (vgm_monkey_island):00088                     JSR  OPL_WRITE
10A7 7E10B4           (vgm_monkey_island):00089                     JMP  LOOPEND
10AA A680             (vgm_monkey_island):00090         WR_BANK0    LDA  ,X+
10AC E680             (vgm_monkey_island):00091                     LDB  ,X+
10AE 118600           (vgm_monkey_island):00092                     LDE  #0
10B1 BD10F6           (vgm_monkey_island):00093                     JSR  OPL_WRITE
10B4 8C8053           (vgm_monkey_island):00094         LOOPEND     CMPX #ENDSONG
10B7 2686             (vgm_monkey_island):00095                     BNE  SONGLOOP
10B9 8600             (vgm_monkey_island):00096                     LDA  #$00
10BB C600             (vgm_monkey_island):00097                     LDB  #$00
10BD 118600           (vgm_monkey_island):00098                     LDE  #$00
10C0 BD10F6           (vgm_monkey_island):00099                     JSR  OPL_WRITE
10C3 8608             (vgm_monkey_island):00100                     LDA  #$08
10C5 C640             (vgm_monkey_island):00101                     LDB  #$40
10C7 118600           (vgm_monkey_island):00102                     LDE  #$00
10CA BD10F6           (vgm_monkey_island):00103                     JSR  OPL_WRITE
10CD 86BD             (vgm_monkey_island):00104                     LDA  #$BD
10CF C600             (vgm_monkey_island):00105                     LDB  #$00
10D1 118600           (vgm_monkey_island):00106                     LDE  #$00
10D4 BD10F6           (vgm_monkey_island):00107                     JSR  OPL_WRITE
10D7 8600             (vgm_monkey_island):00108                     LDA  #$00
10D9 C600             (vgm_monkey_island):00109                     LDB  #$00
10DB 118601           (vgm_monkey_island):00110                     LDE  #$01
10DE BD10F6           (vgm_monkey_island):00111                     JSR  OPL_WRITE
10E1 8608             (vgm_monkey_island):00112                     LDA  #$08
10E3 C640             (vgm_monkey_island):00113                     LDB  #$40
10E5 118601           (vgm_monkey_island):00114                     LDE  #$01
10E8 BD10F6           (vgm_monkey_island):00115                     JSR  OPL_WRITE
10EB 86BD             (vgm_monkey_island):00116                     LDA  #$BD
10ED C600             (vgm_monkey_island):00117                     LDB  #$00
10EF 118601           (vgm_monkey_island):00118                     LDE  #$01
10F2 BD10F6           (vgm_monkey_island):00119                     JSR  OPL_WRITE            
10F5 39               (vgm_monkey_island):00120                     RTS             ; ALL DONE.
                      (vgm_monkey_island):00121         ; -----------------------------------------------------------------------------
                      (vgm_monkey_island):00122         ; A = REG NUM, B = VALUE, E = OPL3 Bank Number (0,1)           
                      (vgm_monkey_island):00123         ; -----------------------------------------------------------------------------
10F6 118100           (vgm_monkey_island):00124         OPL_WRITE   CMPE #00
10F9 2711             (vgm_monkey_island):00125                     BEQ  BANK0
10FB B7FFE2           (vgm_monkey_island):00126         BANK1       STA  OPL3_BASE+2
10FE 12               (vgm_monkey_island):00127                     NOP
10FF 12               (vgm_monkey_island):00128                     NOP
1100 12               (vgm_monkey_island):00129                     NOP
1101 12               (vgm_monkey_island):00130                     NOP
1102 12               (vgm_monkey_island):00131                     NOP
1103 F7FFE3           (vgm_monkey_island):00132                     STB  OPL3_BASE+3
1106 12               (vgm_monkey_island):00133                     NOP
1107 12               (vgm_monkey_island):00134                     NOP
1108 12               (vgm_monkey_island):00135                     NOP
1109 12               (vgm_monkey_island):00136                     NOP
110A 12               (vgm_monkey_island):00137                     NOP
110B 39               (vgm_monkey_island):00138                     RTS
110C B7FFE0           (vgm_monkey_island):00139         BANK0       STA  OPL3_BASE+0
110F 12               (vgm_monkey_island):00140                     NOP
1110 12               (vgm_monkey_island):00141                     NOP
1111 12               (vgm_monkey_island):00142                     NOP
1112 12               (vgm_monkey_island):00143                     NOP
1113 12               (vgm_monkey_island):00144                     NOP
1114 F7FFE1           (vgm_monkey_island):00145                     STB  OPL3_BASE+1
1117 12               (vgm_monkey_island):00146                     NOP
1118 12               (vgm_monkey_island):00147                     NOP
1119 12               (vgm_monkey_island):00148                     NOP
111A 12               (vgm_monkey_island):00149                     NOP
111B 12               (vgm_monkey_island):00150                     NOP
111C 39               (vgm_monkey_island):00151                     RTS
                      (vgm_monkey_island):00152         ; -----------------------------------------------------------------------------
                      (vgm_monkey_island):00153         ; Wait the number of sample periods given in Y. The sample rate is 44100 Hz
                      (vgm_monkey_island):00154         ; -----------------------------------------------------------------------------
111D C611             (vgm_monkey_island):00155         DELAY       LDB  #17
111F 5A               (vgm_monkey_island):00156         DLOOP       DECB
1120 26FD             (vgm_monkey_island):00157                     BNE  DLOOP
1122 313F             (vgm_monkey_island):00158                     LEAY -1,Y
1124 26F7             (vgm_monkey_island):00159                     BNE  DELAY
1126 39               (vgm_monkey_island):00160                     RTS
                      (vgm_monkey_island):00161         ; -----------------------------------------------------------------------------
1127                  (vgm_monkey_island):00162         SONG:  ; VGM Data
1127 5A01205A20215A21 (vgm_monkey_island):00163             FCB $5A,$01,$20,$5A,$20,$21,$5A,$21,$E1,$5A,$23,$61,$5A,$24,$61,$5A,$25,$20,$5A,$28,$22,$5A,$29,$26,$5A,$2A,$21,$5A,$2B,$22,$5A,$2C
     E15A23615A24615A
     25205A28225A2926
     5A2A215A2B225A2C
1147 245A2D615A31265A (vgm_monkey_island):00164             FCB $24,$5A,$2D,$61,$5A,$31,$26,$5A,$32,$26,$5A,$33,$20,$5A,$34,$24,$5A,$35,$24,$5A,$40,$94,$5A,$41,$CD,$5A,$42,$16,$5A,$43,$08,$5A
     32265A33205A3424
     5A35245A40945A41
     CD5A42165A43085A
1167 44035A481E5A49E7 (vgm_monkey_island):00165             FCB $44,$03,$5A,$48,$1E,$5A,$49,$E7,$5A,$4A,$52,$5A,$4B,$40,$5A,$4C,$8B,$5A,$4D,$0D,$5A,$50,$16,$5A,$51,$E7,$5A,$52,$E7,$5A,$54,$8B
     5A4A525A4B405A4C
     8B5A4D0D5A50165A
     51E75A52E75A548B
1187 5A558B5A60725A61 (vgm_monkey_island):00166             FCB $5A,$55,$8B,$5A,$60,$72,$5A,$61,$76,$5A,$62,$A8,$5A,$63,$82,$5A,$64,$65,$5A,$65,$D6,$5A,$68,$C6,$5A,$69,$80,$5A,$6A,$62,$5A,$6B
     765A62A85A63825A
     64655A65D65A68C6
     5A69805A6A625A6B
11A7 F45A6CF55A6D825A (vgm_monkey_island):00167             FCB $F4,$5A,$6C,$F5,$5A,$6D,$82,$5A,$70,$A8,$5A,$71,$80,$5A,$72,$80,$5A,$73,$D6,$5A,$74,$F5,$5A,$75,$F5,$5A,$80,$2D,$5A,$81,$3F,$5A
     70A85A71805A7280
     5A73D65A74F55A75
     F55A802D5A813F5A
11C7 824C5A833B5A842A (vgm_monkey_island):00168             FCB $82,$4C,$5A,$83,$3B,$5A,$84,$2A,$5A,$85,$FF,$5A,$88,$77,$5A,$89,$01,$5A,$8A,$2D,$5A,$8B,$F7,$5A,$8C,$07,$5A,$8D,$3B,$5A,$90,$4C
     5A85FF5A88775A89
     015A8A2D5A8BF75A
     8C075A8D3B5A904C
11E7 5A91015A92015A93 (vgm_monkey_island):00169             FCB $5A,$91,$01,$5A,$92,$01,$5A,$93,$FF,$5A,$94,$07,$5A,$95,$07,$5A,$C0,$0C,$5A,$C1,$0E,$5A,$C3,$0A,$5A,$C4,$0E,$5A,$C5,$0C,$5A,$C7
     FF5A94075A95075A
     C00C5AC10E5AC30A
     5AC40E5AC50C5AC7
1207 0E5AC80E5AB02E80 (vgm_monkey_island):00170             FCB $0E,$5A,$C8,$0E,$5A,$B0,$2E,$80,$5A,$B1,$12,$5A,$C1,$00,$5A,$21,$00,$5A,$41,$14,$80,$5A,$61,$C8,$5A,$81,$4C,$5A,$24,$20,$80,$5A
     5AB1125AC1005A21
     005A4114805A61C8
     5A814C5A2420805A
1227 44005A64D65A84FF (vgm_monkey_island):00171             FCB $44,$00,$5A,$64,$D6,$5A,$84,$FF,$80,$5A,$A1,$90,$5A,$B1,$27,$61,$35,$01,$5A,$B2,$07,$80,$5A,$C2,$0A,$5A,$22,$22,$5A,$42,$1D,$80
     805AA1905AB12761
     35015AB207805AC2
     0A5A22225A421D80
1247 5A62C65A82775A25 (vgm_monkey_island):00172             FCB $5A,$62,$C6,$5A,$82,$77,$5A,$25,$22,$80,$5A,$45,$40,$5A,$65,$F4,$5A,$85,$F7,$80,$5A,$B2,$22,$61,$CA,$08,$5A,$B1,$07,$61,$31,$10
     22805A45405A65F4
     5A85F7805AB22261
     CA085AB107613110
1267 5AC10A5A212A5A41 (vgm_monkey_island):00173             FCB $5A,$C1,$0A,$5A,$21,$2A,$5A,$41,$25,$80,$5A,$61,$E6,$5A,$81,$D7,$5A,$24,$22,$80,$5A,$44,$07,$5A,$64,$F6,$5A,$84,$F7,$80,$5A,$A1
     25805A61E65A81D7
     5A2422805A44075A
     64F65A84F7805AA1
1287 005AB127805AB302 (vgm_monkey_island):00174             FCB $00,$5A,$B1,$27,$80,$5A,$B3,$02,$5A,$28,$2A,$5A,$48,$25,$80,$5A,$68,$E6,$5A,$88,$D7,$80,$5A,$4B,$07,$5A,$6B,$F6,$80,$5A,$B3,$26
     5A282A5A4825805A
     68E65A88D7805A4B
     075A6BF6805AB326
12A7 805AB40A5AC40A5A (vgm_monkey_island):00175             FCB $80,$5A,$B4,$0A,$5A,$C4,$0A,$5A,$29,$2A,$80,$5A,$49,$25,$5A,$69,$E6,$5A,$89,$D7,$80,$5A,$2C,$22,$5A,$4C,$07,$5A,$6C,$F6,$80,$5A
     292A805A49255A69
     E65A89D7805A2C22
     5A4C075A6CF6805A
12C7 8CF75AA4615AB426 (vgm_monkey_island):00176             FCB $8C,$F7,$5A,$A4,$61,$5A,$B4,$26,$61,$68,$07,$5A,$B4,$06,$61,$46,$03,$5A,$B3,$06,$61,$8D,$01,$5A,$B1,$07,$61,$58,$00,$5A,$B2,$02
     6168075AB4066146
     035AB306618D015A
     B1076158005AB202
12E7 617A095AC1005A21 (vgm_monkey_island):00177             FCB $61,$7A,$09,$5A,$C1,$00,$5A,$21,$00,$80,$5A,$41,$14,$5A,$61,$C8,$5A,$81,$4C,$80,$5A,$24,$20,$5A,$44,$00,$5A,$64,$D6,$80,$5A,$84
     00805A41145A61C8
     5A814C805A24205A
     44005A64D6805A84
1307 FF5AA1905AB12780 (vgm_monkey_island):00178             FCB $FF,$5A,$A1,$90,$5A,$B1,$27,$80,$5A,$C2,$00,$5A,$22,$21,$80,$5A,$42,$00,$5A,$62,$FA,$5A,$82,$6A,$80,$5A,$25,$21,$5A,$45,$0B,$5A
     5AC2005A2221805A
     42005A62FA5A826A
     805A25215A450B5A
1327 65AA5A85FA805AA2 (vgm_monkey_island):00179             FCB $65,$AA,$5A,$85,$FA,$80,$5A,$A2,$61,$5A,$B2,$2E,$61,$B0,$00,$5A,$B3,$2B,$61,$DC,$00,$5A,$B4,$2A,$5A,$B5,$0E,$80,$5A,$C5,$0A,$5A
     615AB22E61B0005A
     B32B61DC005AB42A
     5AB50E805AC50A5A
1347 2A2A5A4A255A6AE6 (vgm_monkey_island):00180             FCB $2A,$2A,$5A,$4A,$25,$5A,$6A,$E6,$80,$5A,$8A,$D7,$5A,$2D,$22,$80,$5A,$4D,$07,$5A,$6D,$F6,$5A,$8D,$F7,$80,$5A,$B5,$2A,$80,$5A,$B6
     805A8AD75A2D2280
     5A4D075A6DF65A8D
     F7805AB52A805AB6
1367 075AC60A5A302280 (vgm_monkey_island):00181             FCB $07,$5A,$C6,$0A,$5A,$30,$22,$80,$5A,$50,$1D,$5A,$70,$C6,$5A,$90,$77,$80,$5A,$33,$22,$5A,$53,$40,$5A,$73,$F4,$80,$5A,$93,$F7,$5A
     5A501D5A70C65A90
     77805A33225A5340
     5A73F4805A93F75A
1387 A661805AB62261E5 (vgm_monkey_island):00182             FCB $A6,$61,$80,$5A,$B6,$22,$61,$E5,$01,$5A,$B0,$0E,$61,$95,$07,$5A,$B1,$07,$61,$DB,$05,$5A,$B5,$0A,$61,$B1,$00,$5A,$B2,$0E,$61,$58
     015AB00E6195075A
     B10761DB055AB50A
     61B1005AB20E6158
13A7 005AB40A619E035A (vgm_monkey_island):00183             FCB $00,$5A,$B4,$0A,$61,$9E,$03,$5A,$B3,$0B,$61,$72,$03,$5A,$C0,$00,$5A,$20,$00,$5A,$40,$14,$5A,$60,$C8,$80,$5A,$80,$4C,$5A,$23,$20
     B30B6172035AC000
     5A20005A40145A60
     C8805A804C5A2320
13C7 805A43005A63D65A (vgm_monkey_island):00184             FCB $80,$5A,$43,$00,$5A,$63,$D6,$5A,$83,$FF,$80,$5A,$A0,$90,$5A,$B0,$27,$80,$5A,$C1,$0C,$5A,$21,$21,$5A,$41,$94,$5A,$61,$72,$80,$5A
     83FF805AA0905AB0
     27805AC10C5A2121
     5A41945A6172805A
13E7 812D5A24615A4408 (vgm_monkey_island):00185             FCB $81,$2D,$5A,$24,$61,$5A,$44,$08,$80,$5A,$64,$82,$5A,$84,$3B,$80,$5A,$A1,$00,$5A,$B1,$2E,$61,$84,$00,$5A,$C2,$0A,$5A,$22,$2A,$80
     805A64825A843B80
     5AA1005AB12E6184
     005AC20A5A222A80
1407 5A42255A62E65A82 (vgm_monkey_island):00186             FCB $5A,$42,$25,$5A,$62,$E6,$5A,$82,$D7,$80,$5A,$25,$22,$5A,$45,$07,$5A,$65,$F6,$80,$5A,$85,$F7,$5A,$A2,$00,$80,$5A,$B2,$27,$61,$85
     D7805A25225A4507
     5A65F6805A85F75A
     A200805AB2276185
1427 005AA361805AB326 (vgm_monkey_island):00187             FCB $00,$5A,$A3,$61,$80,$5A,$B3,$26,$61,$84,$00,$5A,$A4,$00,$80,$5A,$B4,$26,$61,$10,$07,$5A,$B6,$02,$61,$EE,$02,$5A,$B3,$06,$61,$09
     6184005AA400805A
     B4266110075AB602
     61EE025AB3066109
1447 015AB4066133065A (vgm_monkey_island):00188             FCB $01,$5A,$B4,$06,$61,$33,$06,$5A,$B2,$07,$61,$2B,$05,$5A,$C2,$0C,$5A,$22,$21,$5A,$42,$94,$80,$5A,$62,$72,$5A,$82,$2D,$5A,$25,$61
     B207612B055AC20C
     5A22215A4294805A
     62725A822D5A2561
1467 805A45085A65825A (vgm_monkey_island):00189             FCB $80,$5A,$45,$08,$5A,$65,$82,$5A,$85,$3B,$80,$5A,$A2,$61,$5A,$B2,$2E,$61,$61,$01,$5A,$28,$0C,$5A,$48,$00,$5A,$68,$78,$5A,$88,$4C
     853B805AA2615AB2
     2E6161015A280C5A
     48005A68785A884C
1487 805AE8025A2B1B5A (vgm_monkey_island):00190             FCB $80,$5A,$E8,$02,$5A,$2B,$1B,$5A,$4B,$03,$80,$5A,$6B,$AA,$5A,$8B,$8A,$5A,$A3,$00,$80,$5A,$B3,$2E,$80,$5A,$29,$22,$5A,$49,$1D,$5A
     4B03805A6BAA5A8B
     8A5AA300805AB32E
     805A29225A491D5A
14A7 69C6805A89775A4C (vgm_monkey_island):00191             FCB $69,$C6,$80,$5A,$89,$77,$5A,$4C,$40,$80,$5A,$6C,$F4,$80,$5A,$B4,$23,$5A,$B1,$0E,$61,$34,$06,$5A,$B3,$0E,$61,$5E,$0B,$5A,$B0,$07
     40805A6CF4805AB4
     235AB10E6134065A
     B30E615E0B5AB007
14C7 61E4065AC00A805A (vgm_monkey_island):00192             FCB $61,$E4,$06,$5A,$C0,$0A,$80,$5A,$20,$0C,$5A,$40,$00,$5A,$60,$78,$80,$5A,$E0,$02,$5A,$23,$1B,$5A,$43,$03,$80,$5A,$63,$AA,$5A,$83
     200C5A40005A6078
     805AE0025A231B5A
     4303805A63AA5A83
14E7 8A5AA000805AB02E (vgm_monkey_island):00193             FCB $8A,$5A,$A0,$00,$80,$5A,$B0,$2E,$61,$E5,$01,$5A,$C1,$0A,$5A,$21,$2A,$80,$5A,$41,$25,$5A,$61,$E6,$5A,$81,$D7,$80,$5A,$24,$22,$5A
     61E5015AC10A5A21
     2A805A41255A61E6
     5A81D7805A24225A
1507 44075A64F6805A84 (vgm_monkey_island):00194             FCB $44,$07,$5A,$64,$F6,$80,$5A,$84,$F7,$5A,$B1,$27,$80,$5A,$B2,$0E,$5A,$C2,$0A,$80,$5A,$22,$2A,$5A,$42,$25,$5A,$62,$E6,$5A,$82,$D7
     F75AB127805AB20E
     5AC20A805A222A5A
     42255A62E65A82D7
1527 805A25225A450780 (vgm_monkey_island):00195             FCB $80,$5A,$25,$22,$5A,$45,$07,$80,$5A,$65,$F6,$5A,$85,$F7,$5A,$A2,$00,$80,$5A,$B2,$26,$61,$55,$0F,$5A,$B1,$07,$61,$59,$00,$5A,$B2
     5A65F65A85F75AA2
     00805AB22661550F
     5AB1076159005AB2
1547 066158005AB40361 (vgm_monkey_island):00196             FCB $06,$61,$58,$00,$5A,$B4,$03,$61,$22,$04,$5A,$B0,$0E,$61,$96,$02,$5A,$C0,$0C,$5A,$20,$21,$5A,$40,$94,$5A,$60,$72,$80,$5A,$80,$2D
     22045AB00E619602
     5AC00C5A20215A40
     945A6072805A802D
1567 5AE0005A2361805A (vgm_monkey_island):00197             FCB $5A,$E0,$00,$5A,$23,$61,$80,$5A,$43,$08,$5A,$63,$82,$5A,$83,$3B,$80,$5A,$B0,$2F,$80,$5A,$C1,$00,$5A,$21,$00,$5A,$41,$14,$80,$5A
     43085A63825A833B
     805AB02F805AC100
     5A21005A4114805A
1587 61C85A814C5A2420 (vgm_monkey_island):00198             FCB $61,$C8,$5A,$81,$4C,$5A,$24,$20,$80,$5A,$44,$00,$5A,$64,$D6,$5A,$84,$FF,$80,$5A,$A1,$90,$5A,$B1,$27,$61,$B1,$00,$5A,$B2,$2A,$80
     805A44005A64D65A
     84FF805AA1905AB1
     2761B1005AB22A80
15A7 5A282A5A48255A68 (vgm_monkey_island):00199             FCB $5A,$28,$2A,$5A,$48,$25,$5A,$68,$E6,$80,$5A,$88,$D7,$5A,$E8,$00,$5A,$2B,$22,$80,$5A,$4B,$07,$5A,$6B,$F6,$5A,$8B,$F7,$80,$5A,$A3
     E6805A88D75AE800
     5A2B22805A4B075A
     6BF65A8BF7805AA3
15C7 615AB32A805A292A (vgm_monkey_island):00200             FCB $61,$5A,$B3,$2A,$80,$5A,$29,$2A,$5A,$49,$25,$5A,$69,$E6,$80,$5A,$89,$D7,$5A,$4C,$07,$80,$5A,$6C,$F6,$80,$5A,$B4,$2B,$61,$FB,$13
     5A49255A69E6805A
     89D75A4C07805A6C
     F6805AB42B61FB13
15E7 5AB30A6161015AB2 (vgm_monkey_island):00201             FCB $5A,$B3,$0A,$61,$61,$01,$5A,$B2,$0A,$61,$95,$02,$5A,$B4,$0B,$5A,$B0,$0F,$61,$E6,$01,$5A,$C0,$0A,$5A,$20,$2A,$5A,$40,$25,$5A,$60
     0A6195025AB40B5A
     B00F61E6015AC00A
     5A202A5A40255A60
1607 E6805A80D75A2322 (vgm_monkey_island):00202             FCB $E6,$80,$5A,$80,$D7,$5A,$23,$22,$80,$5A,$43,$07,$5A,$63,$F6,$5A,$83,$F7,$80,$5A,$B0,$27,$61,$08,$01,$5A,$B2,$26,$61,$94,$0C,$5A
     805A43075A63F65A
     83F7805AB0276108
     015AB22661940C5A
1627 B20661FF045AB107 (vgm_monkey_island):00203             FCB $B2,$06,$61,$FF,$04,$5A,$B1,$07,$61,$34,$01,$5A,$B0,$07,$61,$84,$05,$5A,$C0,$0C,$5A,$20,$21,$5A,$40,$94,$5A,$60,$72,$80,$5A,$80
     6134015AB0076184
     055AC00C5A20215A
     40945A6072805A80
1647 2D5A2361805A4308 (vgm_monkey_island):00204             FCB $2D,$5A,$23,$61,$80,$5A,$43,$08,$5A,$63,$82,$5A,$83,$3B,$80,$5A,$A0,$D4,$5A,$B0,$2E,$61,$30,$15,$5A,$B0,$0E,$61,$68,$07,$5A,$C0
     5A63825A833B805A
     A0D45AB02E613015
     5AB00E6168075AC0
1667 0A5A202A5A40255A (vgm_monkey_island):00205             FCB $0A,$5A,$20,$2A,$5A,$40,$25,$5A,$60,$E6,$80,$5A,$80,$D7,$5A,$23,$22,$80,$5A,$43,$07,$5A,$63,$F6,$5A,$83,$F7,$80,$5A,$A0,$3F,$5A
     60E6805A80D75A23
     22805A43075A63F6
     5A83F7805AA03F5A
1687 B0266127145AB006 (vgm_monkey_island):00206             FCB $B0,$26,$61,$27,$14,$5A,$B0,$06,$61,$46,$03,$5A,$C0,$00,$5A,$20,$21,$80,$5A,$40,$00,$5A,$60,$FA,$5A,$80,$6A,$80,$5A,$23,$21,$5A
     6146035AC0005A20
     21805A40005A60FA
     5A806A805A23215A
16A7 430B5A63AA805A83 (vgm_monkey_island):00207             FCB $43,$0B,$5A,$63,$AA,$80,$5A,$83,$FA,$5A,$A0,$61,$5A,$B0,$2E,$80,$5A,$C1,$0C,$5A,$21,$21,$80,$5A,$41,$94,$5A,$61,$72,$5A,$81,$2D
     FA5AA0615AB02E80
     5AC10C5A2121805A
     41945A61725A812D
16C7 805A24615A44085A (vgm_monkey_island):00208             FCB $80,$5A,$24,$61,$5A,$44,$08,$5A,$64,$82,$5A,$84,$3B,$80,$5A,$A1,$D4,$5A,$B1,$2E,$61,$DD,$00,$5A,$A2,$D4,$5A,$B2,$2A,$5A,$C3,$00
     64825A843B805AA1
     D45AB12E61DD005A
     A2D45AB22A5AC300
16E7 805A28005A48145A (vgm_monkey_island):00209             FCB $80,$5A,$28,$00,$5A,$48,$14,$5A,$68,$C8,$80,$5A,$88,$4C,$5A,$2B,$20,$5A,$4B,$00,$80,$5A,$6B,$D6,$5A,$8B,$FF,$5A,$A3,$90,$80,$5A
     68C8805A884C5A2B
     205A4B00805A6BD6
     5A8BFF5AA390805A
1707 B32761B0005AA43F (vgm_monkey_island):00210             FCB $B3,$27,$61,$B0,$00,$5A,$A4,$3F,$5A,$B4,$2A,$61,$B1,$00,$5A,$A5,$5E,$5A,$B5,$2B,$61,$EB,$0C,$5A,$B3,$07,$61,$46,$03,$5A,$B1,$0E
     5AB42A61B1005AA5
     5E5AB52B61EB0C5A
     B3076146035AB10E
1727 613D025AB20A6196 (vgm_monkey_island):00211             FCB $61,$3D,$02,$5A,$B2,$0A,$61,$96,$02,$5A,$B4,$0A,$61,$58,$00,$5A,$B0,$0E,$61,$09,$01,$5A,$B5,$0B,$61,$9E,$03,$5A,$C0,$0A,$80,$5A
     025AB40A6158005A
     B00E6109015AB50B
     619E035AC00A805A
1747 202A5A40255A60E6 (vgm_monkey_island):00212             FCB $20,$2A,$5A,$40,$25,$5A,$60,$E6,$80,$5A,$80,$D7,$5A,$23,$22,$5A,$43,$07,$80,$5A,$63,$F6,$5A,$83,$F7,$5A,$A0,$5E,$80,$5A,$B0,$27
     805A80D75A23225A
     4307805A63F65A83
     F75AA05E805AB027
1767 5AC10A805A212A5A (vgm_monkey_island):00213             FCB $5A,$C1,$0A,$80,$5A,$21,$2A,$5A,$41,$25,$5A,$61,$E6,$5A,$81,$D7,$80,$5A,$24,$22,$5A,$44,$07,$80,$5A,$64,$F6,$5A,$84,$F7,$80,$5A
     41255A61E65A81D7
     805A24225A440780
     5A64F65A84F7805A
1787 B1265AC200805A22 (vgm_monkey_island):00214             FCB $B1,$26,$5A,$C2,$00,$80,$5A,$22,$00,$5A,$42,$14,$5A,$62,$C8,$5A,$82,$4C,$80,$5A,$25,$20,$5A,$45,$00,$5A,$65,$D6,$80,$5A,$85,$FF
     005A42145A62C85A
     824C805A25205A45
     005A65D6805A85FF
17A7 5AA290805AB22761 (vgm_monkey_island):00215             FCB $5A,$A2,$90,$80,$5A,$B2,$27,$61,$DD,$00,$5A,$C3,$0A,$80,$5A,$28,$22,$5A,$48,$1D,$5A,$68,$C6,$5A,$88,$77,$80,$5A,$2B,$22,$5A,$4B
     DD005AC30A805A28
     225A481D5A68C65A
     8877805A2B225A4B
17C7 40805A6BF45A8BF7 (vgm_monkey_island):00216             FCB $40,$80,$5A,$6B,$F4,$5A,$8B,$F7,$5A,$A3,$3F,$80,$5A,$B3,$22,$61,$4C,$0E,$5A,$B1,$06,$61,$A7,$04,$5A,$B0,$07,$61,$CA,$03,$5A,$C0
     5AA33F805AB32261
     4C0E5AB10661A704
     5AB00761CA035AC0
17E7 0E5A20215A401E5A (vgm_monkey_island):00217             FCB $0E,$5A,$20,$21,$5A,$40,$1E,$5A,$60,$B2,$80,$5A,$80,$3E,$5A,$23,$21,$80,$5A,$43,$0C,$5A,$63,$93,$5A,$83,$3F,$80,$5A,$A0,$00,$5A
     60B2805A803E5A23
     21805A430C5A6393
     5A833F805AA0005A
1807 B02E5AC10E805A21 (vgm_monkey_island):00218             FCB $B0,$2E,$5A,$C1,$0E,$80,$5A,$21,$21,$5A,$41,$1E,$5A,$61,$B2,$80,$5A,$81,$3E,$5A,$24,$21,$5A,$44,$0C,$80,$5A,$64,$93,$5A,$84,$3F
     215A411E5A61B280
     5A813E5A24215A44
     0C805A64935A843F
1827 805AB12E805AC40E (vgm_monkey_island):00219             FCB $80,$5A,$B1,$2E,$80,$5A,$C4,$0E,$5A,$29,$21,$80,$5A,$49,$1E,$5A,$69,$B2,$5A,$89,$3E,$80,$5A,$2C,$21,$5A,$4C,$0C,$5A,$6C,$93,$80
     5A2921805A491E5A
     69B25A893E805A2C
     215A4C0C5A6C9380
1847 5A8C3F5AB42E805A (vgm_monkey_island):00220             FCB $5A,$8C,$3F,$5A,$B4,$2E,$80,$5A,$2A,$0C,$5A,$4A,$00,$80,$5A,$6A,$78,$5A,$8A,$4C,$5A,$EA,$02,$80,$5A,$2D,$1B,$5A,$4D,$03,$5A,$6D
     2A0C5A4A00805A6A
     785A8A4C5AEA0280
     5A2D1B5A4D035A6D
1867 AA5A8D8A805AA500 (vgm_monkey_island):00221             FCB $AA,$5A,$8D,$8A,$80,$5A,$A5,$00,$5A,$B5,$2E,$61,$B0,$00,$5A,$A6,$D4,$5A,$B6,$22,$5A,$B7,$0A,$80,$5A,$C7,$0C,$5A,$31,$21,$5A,$51
     5AB52E61B0005AA6
     D45AB6225AB70A80
     5AC70C5A31215A51
1887 94805A71725A912D (vgm_monkey_island):00222             FCB $94,$80,$5A,$71,$72,$5A,$91,$2D,$5A,$34,$61,$80,$5A,$54,$08,$5A,$74,$82,$5A,$94,$3B,$80,$5A,$A7,$3F,$5A,$B7,$2E,$61,$46,$03,$5A
     5A3461805A54085A
     74825A943B805AA7
     3F5AB72E6146035A
18A7 B30261B0055AB50E (vgm_monkey_island):00223             FCB $B3,$02,$61,$B0,$05,$5A,$B5,$0E,$61,$7A,$04,$5A,$B2,$07,$61,$B7,$0B,$5A,$C2,$0A,$5A,$22,$0C,$5A,$42,$00,$5A,$62,$78,$80,$5A,$E2
     617A045AB20761B7
     0B5AC20A5A220C5A
     42005A6278805AE2
18C7 025A251B805A4503 (vgm_monkey_island):00224             FCB $02,$5A,$25,$1B,$80,$5A,$45,$03,$5A,$65,$AA,$5A,$85,$8A,$80,$5A,$A2,$00,$5A,$B2,$2E,$61,$85,$00,$5A,$C3,$00,$5A,$28,$21,$5A,$48
     5A65AA5A858A805A
     A2005AB22E618500
     5AC3005A28215A48
18E7 00805A68FA5A886A (vgm_monkey_island):00225             FCB $00,$80,$5A,$68,$FA,$5A,$88,$6A,$80,$5A,$2B,$21,$5A,$4B,$0B,$5A,$6B,$AA,$5A,$8B,$FA,$80,$5A,$A3,$61,$5A,$B3,$2E,$80,$5A,$2A,$2A
     805A2B215A4B0B5A
     6BAA5A8BFA805AA3
     615AB32E805A2A2A
1907 5A4A25805A6AE65A (vgm_monkey_island):00226             FCB $5A,$4A,$25,$80,$5A,$6A,$E6,$5A,$8A,$D7,$5A,$EA,$00,$80,$5A,$2D,$22,$5A,$4D,$07,$5A,$6D,$F6,$5A,$8D,$F7,$80,$5A,$A5,$3F,$5A,$B5
     8AD75AEA00805A2D
     225A4D075A6DF65A
     8DF7805AA53F5AB5
1927 2661E2105AB20E61 (vgm_monkey_island):00227             FCB $26,$61,$E2,$10,$5A,$B2,$0E,$61,$E5,$01,$5A,$B6,$02,$61,$EE,$02,$5A,$B3,$0E,$61,$95,$02,$5A,$22,$2A,$80,$5A,$42,$25,$5A,$62,$E6
     E5015AB60261EE02
     5AB30E6195025A22
     2A805A42255A62E6
1947 5A82D75AE200805A (vgm_monkey_island):00228             FCB $5A,$82,$D7,$5A,$E2,$00,$80,$5A,$25,$22,$5A,$45,$07,$5A,$65,$F6,$5A,$85,$F7,$80,$5A,$A2,$3F,$5A,$B2,$2A,$80,$5A,$C3,$0A,$5A,$28
     25225A45075A65F6
     5A85F7805AA23F5A
     B22A805AC30A5A28
1967 2A5A4825805A68E6 (vgm_monkey_island):00229             FCB $2A,$5A,$48,$25,$80,$5A,$68,$E6,$5A,$88,$D7,$80,$5A,$2B,$22,$5A,$4B,$07,$5A,$6B,$F6,$5A,$8B,$F7,$80,$5A,$A3,$D4,$5A,$B3,$2A,$80
     5A88D7805A2B225A
     4B075A6BF65A8BF7
     805AA3D45AB32A80
1987 5A302A5A5025805A (vgm_monkey_island):00230             FCB $5A,$30,$2A,$5A,$50,$25,$80,$5A,$70,$E6,$5A,$90,$D7,$80,$5A,$53,$07,$5A,$73,$F6,$80,$5A,$A6,$5E,$5A,$B6,$2B,$5A,$B8,$0E,$80,$5A
     70E65A90D7805A53
     075A73F6805AA65E
     5AB62B5AB80E805A
19A7 C80A5A32225A521D (vgm_monkey_island):00231             FCB $C8,$0A,$5A,$32,$22,$5A,$52,$1D,$80,$5A,$72,$C6,$5A,$92,$77,$5A,$35,$22,$80,$5A,$55,$40,$5A,$75,$F4,$5A,$95,$F7,$80,$5A,$A8,$5E
     805A72C65A92775A
     3522805A55405A75
     F45A95F7805AA85E
19C7 5AB82361B0005AB5 (vgm_monkey_island):00232             FCB $5A,$B8,$23,$61,$B0,$00,$5A,$B5,$06,$61,$B1,$00,$5A,$C5,$08,$5A,$2A,$20,$80,$5A,$4A,$1C,$5A,$6A,$62,$5A,$8A,$75,$5A,$EA,$01,$80
     0661B1005AC5085A
     2A20805A4A1C5A6A
     625A8A755AEA0180
19E7 5A4D005A6DA8805A (vgm_monkey_island):00233             FCB $5A,$4D,$00,$5A,$6D,$A8,$80,$5A,$8D,$F5,$5A,$A5,$00,$5A,$B5,$2A,$61,$35,$01,$5A,$B7,$0E,$61,$E5,$01,$5A,$B5,$0A,$61,$E5,$01,$5A
     8DF55AA5005AB52A
     6135015AB70E61E5
     015AB50A61E5015A
1A07 B40E6158005AB00E (vgm_monkey_island):00234             FCB $B4,$0E,$61,$58,$00,$5A,$B0,$0E,$61,$46,$03,$5A,$B1,$0E,$61,$82,$0A,$5A,$B3,$0A,$61,$3D,$02,$5A,$B6,$0B,$61,$B9,$01,$5A,$B2,$0A
     6146035AB10E6182
     0A5AB30A613D025A
     B60B61B9015AB20A
1A27 6185005AC0085A20 (vgm_monkey_island):00235             FCB $61,$85,$00,$5A,$C0,$08,$5A,$20,$20,$5A,$40,$1C,$5A,$60,$62,$80,$5A,$80,$75,$5A,$E0,$01,$5A,$23,$22,$5A,$43,$00,$80,$5A,$63,$A8
     205A401C5A606280
     5A80755AE0015A23
     225A4300805A63A8
1A47 5A83F5805AB02A5A (vgm_monkey_island):00236             FCB $5A,$83,$F5,$80,$5A,$B0,$2A,$5A,$C1,$0A,$80,$5A,$21,$2A,$5A,$41,$25,$5A,$61,$E6,$80,$5A,$81,$D7,$5A,$24,$22,$5A,$44,$07,$80,$5A
     C10A805A212A5A41
     255A61E6805A81D7
     5A24225A4407805A
1A67 64F65A84F75AA15E (vgm_monkey_island):00237             FCB $64,$F6,$5A,$84,$F7,$5A,$A1,$5E,$80,$5A,$B1,$27,$61,$23,$04,$5A,$B8,$03,$61,$08,$01,$5A,$B0,$0A,$61,$68,$0C,$5A,$B1,$07,$61,$10
     805AB1276123045A
     B8036108015AB00A
     61680C5AB1076110
1A87 075AC00E5A20215A (vgm_monkey_island):00238             FCB $07,$5A,$C0,$0E,$5A,$20,$21,$5A,$40,$1E,$5A,$60,$B2,$80,$5A,$80,$3E,$5A,$E0,$00,$5A,$23,$21,$5A,$43,$0C,$80,$5A,$63,$93,$5A,$83
     401E5A60B2805A80
     3E5AE0005A23215A
     430C805A63935A83
1AA7 3F805AB02E805A21 (vgm_monkey_island):00239             FCB $3F,$80,$5A,$B0,$2E,$80,$5A,$21,$22,$5A,$41,$1D,$5A,$61,$C6,$80,$5A,$81,$77,$5A,$44,$40,$80,$5A,$64,$F4,$5A,$A1,$2E,$80,$5A,$B1
     225A411D5A61C680
     5A81775A4440805A
     64F45AA12E805AB1
1AC7 23805AC20E5A2221 (vgm_monkey_island):00240             FCB $23,$80,$5A,$C2,$0E,$5A,$22,$21,$80,$5A,$42,$1E,$5A,$62,$B2,$5A,$82,$3E,$80,$5A,$25,$21,$5A,$45,$0C,$5A,$65,$93,$5A,$85,$3F,$80
     805A421E5A62B25A
     823E805A25215A45
     0C5A65935A853F80
1AE7 5AA2615AB22E805A (vgm_monkey_island):00241             FCB $5A,$A2,$61,$5A,$B2,$2E,$80,$5A,$C3,$0E,$5A,$28,$21,$5A,$48,$1E,$80,$5A,$68,$B2,$5A,$88,$3E,$80,$5A,$2B,$21,$5A,$4B,$0C,$5A,$6B
     C30E5A28215A481E
     805A68B25A883E80
     5A2B215A4B0C5A6B
1B07 935A8B3F805AB32E (vgm_monkey_island):00242             FCB $93,$5A,$8B,$3F,$80,$5A,$B3,$2E,$80,$5A,$C4,$08,$5A,$29,$20,$5A,$49,$1C,$80,$5A,$69,$62,$5A,$89,$75,$5A,$E9,$01,$5A,$2C,$22,$80
     805AC4085A29205A
     491C805A69625A89
     755AE9015A2C2280
1B27 5A4C005A6CA85A8C (vgm_monkey_island):00243             FCB $5A,$4C,$00,$5A,$6C,$A8,$5A,$8C,$F5,$80,$5A,$A4,$00,$5A,$B4,$2B,$80,$5A,$C5,$0A,$5A,$2A,$0C,$5A,$4A,$00,$80,$5A,$6A,$78,$5A,$8A
     F5805AA4005AB42B
     805AC50A5A2A0C5A
     4A00805A6A785A8A
1B47 4C5AEA025A2D1B80 (vgm_monkey_island):00244             FCB $4C,$5A,$EA,$02,$5A,$2D,$1B,$80,$5A,$4D,$03,$5A,$6D,$AA,$5A,$8D,$8A,$80,$5A,$B5,$2E,$61,$58,$00,$5A,$C6,$00,$5A,$30,$21,$5A,$50
     5A4D035A6DAA5A8D
     8A805AB52E615800
     5AC6005A30215A50
1B67 00805A70FA5A906A (vgm_monkey_island):00245             FCB $00,$80,$5A,$70,$FA,$5A,$90,$6A,$80,$5A,$33,$21,$5A,$53,$0B,$5A,$73,$AA,$5A,$93,$FA,$80,$5A,$A6,$61,$5A,$B6,$2E,$61,$B0,$00,$5A
     805A33215A530B5A
     73AA5A93FA805AA6
     615AB62E61B0005A
1B87 A72E5AB72B619D08 (vgm_monkey_island):00246             FCB $A7,$2E,$5A,$B7,$2B,$61,$9D,$08,$5A,$B4,$0B,$61,$F6,$03,$5A,$B5,$0E,$61,$E5,$01,$5A,$B2,$0E,$61,$09,$01,$5A,$B3,$0E,$61,$EE,$02
     5AB40B61F6035AB5
     0E61E5015AB20E61
     09015AB30E61EE02
1BA7 5AB00E61B9015AB6 (vgm_monkey_island):00247             FCB $5A,$B0,$0E,$61,$B9,$01,$5A,$B6,$0E,$61,$DC,$00,$5A,$B1,$03,$61,$11,$02,$5A,$B7,$0B,$61,$DD,$00,$5A,$C0,$0A,$5A,$20,$0C,$5A,$40
     0E61DC005AB10361
     11025AB70B61DD00
     5AC00A5A200C5A40
1BC7 00805A60785A804C (vgm_monkey_island):00248             FCB $00,$80,$5A,$60,$78,$5A,$80,$4C,$5A,$E0,$02,$5A,$23,$1B,$80,$5A,$43,$03,$5A,$63,$AA,$5A,$83,$8A,$80,$5A,$B0,$2E,$80,$5A,$C1,$08
     5AE0025A231B805A
     43035A63AA5A838A
     805AB02E805AC108
1BE7 5A21205A411C5A61 (vgm_monkey_island):00249             FCB $5A,$21,$20,$5A,$41,$1C,$5A,$61,$62,$80,$5A,$81,$75,$5A,$E1,$01,$80,$5A,$44,$00,$5A,$64,$A8,$5A,$84,$F5,$80,$5A,$A1,$00,$5A,$B1
     62805A81755AE101
     805A44005A64A85A
     84F5805AA1005AB1
1C07 2B6184005AC20A80 (vgm_monkey_island):00250             FCB $2B,$61,$84,$00,$5A,$C2,$0A,$80,$5A,$22,$2A,$5A,$42,$25,$5A,$62,$E6,$5A,$82,$D7,$80,$5A,$25,$22,$5A,$45,$07,$5A,$65,$F6,$80,$5A
     5A222A5A42255A62
     E65A82D7805A2522
     5A45075A65F6805A
1C27 85F75AA22E805AB2 (vgm_monkey_island):00251             FCB $85,$F7,$5A,$A2,$2E,$80,$5A,$B2,$23,$61,$8C,$06,$5A,$B1,$0B,$61,$B7,$0B,$5A,$B0,$0E,$61,$B9,$01,$5A,$B2,$03,$61,$D3,$04,$5A,$20
     23618C065AB10B61
     B70B5AB00E61B901
     5AB20361D3045A20
1C47 22805A401D5A60C6 (vgm_monkey_island):00252             FCB $22,$80,$5A,$40,$1D,$5A,$60,$C6,$5A,$80,$77,$80,$5A,$E0,$00,$5A,$23,$22,$5A,$43,$40,$5A,$63,$F4,$80,$5A,$83,$F7,$5A,$A0,$61,$5A
     5A8077805AE0005A
     23225A43405A63F4
     805A83F75AA0615A
1C67 B02261B0005AB12A (vgm_monkey_island):00253             FCB $B0,$22,$61,$B0,$00,$5A,$B1,$2A,$61,$B1,$00,$5A,$A2,$61,$5A,$B2,$2A,$80,$5A,$C3,$0A,$5A,$28,$2A,$5A,$48,$25,$80,$5A,$68,$E6,$5A
     61B1005AA2615AB2
     2A805AC30A5A282A
     5A4825805A68E65A
1C87 88D7805A2B225A4B (vgm_monkey_island):00254             FCB $88,$D7,$80,$5A,$2B,$22,$5A,$4B,$07,$5A,$6B,$F6,$5A,$8B,$F7,$80,$5A,$A3,$00,$5A,$B3,$2A,$80,$5A,$C4,$00,$5A,$29,$00,$5A,$49,$14
     075A6BF65A8BF780
     5AA3005AB32A805A
     C4005A29005A4914
1CA7 805A69C85A894C5A (vgm_monkey_island):00255             FCB $80,$5A,$69,$C8,$5A,$89,$4C,$5A,$E9,$00,$5A,$2C,$20,$80,$5A,$6C,$D6,$5A,$8C,$FF,$80,$5A,$A4,$90,$5A,$B4,$27,$80,$5A,$2A,$2A,$5A
     E9005A2C20805A6C
     D65A8CFF805AA490
     5AB427805A2A2A5A
1CC7 4A255A6AE6805A8A (vgm_monkey_island):00256             FCB $4A,$25,$5A,$6A,$E6,$80,$5A,$8A,$D7,$5A,$EA,$00,$5A,$2D,$22,$80,$5A,$4D,$07,$5A,$6D,$F6,$5A,$8D,$F7,$80,$5A,$A5,$2E,$5A,$B5,$2B
     D75AEA005A2D2280
     5A4D075A6DF65A8D
     F7805AA52E5AB52B
1CE7 6184005AC60C5A50 (vgm_monkey_island):00257             FCB $61,$84,$00,$5A,$C6,$0C,$5A,$50,$94,$5A,$70,$72,$80,$5A,$90,$2D,$5A,$33,$61,$5A,$53,$08,$80,$5A,$73,$82,$5A,$93,$3B,$80,$5A,$A6
     945A7072805A902D
     5A33615A5308805A
     73825A933B805AA6
1D07 2E5AB62B61C0075A (vgm_monkey_island):00258             FCB $2E,$5A,$B6,$2B,$61,$C0,$07,$5A,$B1,$0A,$61,$34,$06,$5A,$B4,$07,$61,$F6,$03,$5A,$B0,$02,$61,$61,$01,$5A,$B2,$0A,$61,$34,$01,$5A
     B10A6134065AB407
     61F6035AB0026161
     015AB20A6134015A
1D27 B60B6159005AB50B (vgm_monkey_island):00259             FCB $B6,$0B,$61,$59,$00,$5A,$B5,$0B,$61,$58,$00,$5A,$B3,$0A,$61,$3D,$02,$5A,$C0,$08,$5A,$20,$20,$80,$5A,$40,$1C,$5A,$60,$62,$5A,$80
     6158005AB30A613D
     025AC0085A202080
     5A401C5A60625A80
1D47 755AE001805A4300 (vgm_monkey_island):00260             FCB $75,$5A,$E0,$01,$80,$5A,$43,$00,$5A,$63,$A8,$5A,$83,$F5,$80,$5A,$A0,$00,$5A,$B0,$2A,$80,$5A,$C1,$0E,$5A,$21,$21,$80,$5A,$41,$1E
     5A63A85A83F5805A
     A0005AB02A805AC1
     0E5A2121805A411E
1D67 5A61B25A813E805A (vgm_monkey_island):00261             FCB $5A,$61,$B2,$5A,$81,$3E,$80,$5A,$E1,$00,$5A,$24,$21,$5A,$44,$0C,$5A,$64,$93,$80,$5A,$84,$3F,$5A,$A1,$D4,$5A,$B1,$2E,$80,$5A,$C2
     E1005A24215A440C
     5A6493805A843F5A
     A1D45AB12E805AC2
1D87 0E5A2221805A421E (vgm_monkey_island):00262             FCB $0E,$5A,$22,$21,$80,$5A,$42,$1E,$5A,$62,$B2,$5A,$82,$3E,$80,$5A,$25,$21,$5A,$45,$0C,$5A,$65,$93,$80,$5A,$85,$3F,$5A,$B2,$2E,$80
     5A62B25A823E805A
     25215A450C5A6593
     805A853F5AB22E80
1DA7 5AC30E5A2821805A (vgm_monkey_island):00263             FCB $5A,$C3,$0E,$5A,$28,$21,$80,$5A,$48,$1E,$5A,$68,$B2,$5A,$88,$3E,$80,$5A,$2B,$21,$5A,$4B,$0C,$5A,$6B,$93,$5A,$8B,$3F,$80,$5A,$B3
     481E5A68B25A883E
     805A2B215A4B0C5A
     6B935A8B3F805AB3
1DC7 2E805AC40A5A292A (vgm_monkey_island):00264             FCB $2E,$80,$5A,$C4,$0A,$5A,$29,$2A,$5A,$49,$25,$80,$5A,$69,$E6,$5A,$89,$D7,$80,$5A,$2C,$22,$5A,$4C,$07,$5A,$6C,$F6,$5A,$8C,$F7,$80
     5A4925805A69E65A
     89D7805A2C225A4C
     075A6CF65A8CF780
1DE7 5AA42E5AB4276158 (vgm_monkey_island):00265             FCB $5A,$A4,$2E,$5A,$B4,$27,$61,$58,$00,$5A,$C5,$00,$5A,$2A,$00,$80,$5A,$4A,$14,$5A,$6A,$C8,$5A,$8A,$4C,$80,$5A,$2D,$20,$5A,$4D,$00
     005AC5005A2A0080
     5A4A145A6AC85A8A
     4C805A2D205A4D00
1E07 5A6DD6805A8DFF5A (vgm_monkey_island):00266             FCB $5A,$6D,$D6,$80,$5A,$8D,$FF,$5A,$A5,$90,$5A,$B5,$27,$80,$5A,$C6,$00,$80,$5A,$50,$00,$5A,$70,$FA,$5A,$90,$6A,$80,$5A,$33,$21,$5A
     A5905AB527805AC6
     00805A50005A70FA
     5A906A805A33215A
1E27 530B5A73AA5A93FA (vgm_monkey_island):00267             FCB $53,$0B,$5A,$73,$AA,$5A,$93,$FA,$80,$5A,$A6,$61,$5A,$B6,$2E,$61,$EB,$0C,$5A,$B0,$0A,$61,$9F,$03,$5A,$B6,$0E,$61,$8B,$06,$5A,$B4
     805AA6615AB62E61
     EB0C5AB00A619F03
     5AB60E618B065AB4
1E47 076135015AC00C5A (vgm_monkey_island):00268             FCB $07,$61,$35,$01,$5A,$C0,$0C,$5A,$20,$21,$80,$5A,$40,$94,$5A,$60,$72,$5A,$80,$2D,$5A,$E0,$00,$80,$5A,$23,$61,$5A,$43,$08,$5A,$63
     2021805A40945A60
     725A802D5AE00080
     5A23615A43085A63
1E67 825A833B805AA02E (vgm_monkey_island):00269             FCB $82,$5A,$83,$3B,$80,$5A,$A0,$2E,$5A,$B0,$2B,$80,$5A,$29,$22,$5A,$49,$1D,$80,$5A,$69,$C6,$5A,$89,$77,$80,$5A,$4C,$40,$5A,$6C,$F4
     5AB02B805A29225A
     491D805A69C65A89
     77805A4C405A6CF4
1E87 805AA4005AB42261 (vgm_monkey_island):00270             FCB $80,$5A,$A4,$00,$5A,$B4,$22,$61,$56,$0A,$5A,$B5,$07,$61,$92,$11,$5A,$C5,$0A,$5A,$2A,$2A,$80,$5A,$4A,$25,$5A,$6A,$E6,$5A,$8A,$D7
     560A5AB507619211
     5AC50A5A2A2A805A
     4A255A6AE65A8AD7
1EA7 805A2D225A4D075A (vgm_monkey_island):00271             FCB $80,$5A,$2D,$22,$5A,$4D,$07,$5A,$6D,$F6,$5A,$8D,$F7,$80,$5A,$A5,$2E,$5A,$B5,$23,$61,$9D,$08,$5A,$B2,$0E,$61,$B1,$00,$5A,$B4,$02
     6DF65A8DF7805AA5
     2E5AB523619D085A
     B20E61B1005AB402
1EC7 6160015AB10E6159 (vgm_monkey_island):00272             FCB $61,$60,$01,$5A,$B1,$0E,$61,$59,$00,$5A,$B5,$03,$61,$95,$02,$5A,$B3,$0E,$61,$56,$0A,$5A,$C1,$0A,$5A,$21,$2A,$5A,$41,$25,$5A,$61
     005AB5036195025A
     B30E61560A5AC10A
     5A212A5A41255A61
1EE7 E6805A81D75A2422 (vgm_monkey_island):00273             FCB $E6,$80,$5A,$81,$D7,$5A,$24,$22,$5A,$44,$07,$80,$5A,$64,$F6,$5A,$84,$F7,$80,$5A,$A1,$61,$5A,$B1,$2A,$5A,$C2,$00,$80,$5A,$22,$00
     5A4407805A64F65A
     84F7805AA1615AB1
     2A5AC200805A2200
1F07 5A42145A62C8805A (vgm_monkey_island):00274             FCB $5A,$42,$14,$5A,$62,$C8,$80,$5A,$82,$4C,$5A,$25,$20,$5A,$45,$00,$80,$5A,$65,$D6,$5A,$85,$FF,$5A,$A2,$90,$80,$5A,$B2,$27,$5A,$C3
     824C5A25205A4500
     805A65D65A85FF5A
     A290805AB2275AC3
1F27 0A805A282A5A4825 (vgm_monkey_island):00275             FCB $0A,$80,$5A,$28,$2A,$5A,$48,$25,$5A,$68,$E6,$5A,$88,$D7,$80,$5A,$2B,$22,$5A,$4B,$07,$80,$5A,$6B,$F6,$5A,$8B,$F7,$80,$5A,$B3,$2A
     5A68E65A88D7805A
     2B225A4B07805A6B
     F65A8BF7805AB32A
1F47 805A292A5A49255A (vgm_monkey_island):00276             FCB $80,$5A,$29,$2A,$5A,$49,$25,$5A,$69,$E6,$5A,$89,$D7,$80,$5A,$4C,$07,$5A,$6C,$F6,$80,$5A,$A4,$2E,$80,$5A,$B4,$2B,$61,$AF,$05,$5A
     69E65A89D7805A4C
     075A6CF6805AA42E
     805AB42B61AF055A
1F67 B00B61C80D5AB40B (vgm_monkey_island):00277             FCB $B0,$0B,$61,$C8,$0D,$5A,$B4,$0B,$61,$58,$00,$5A,$B1,$0A,$61,$9E,$03,$5A,$B3,$0A,$61,$96,$02,$5A,$C0,$0A,$80,$5A,$20,$2A,$5A,$40
     6158005AB10A619E
     035AB30A6196025A
     C00A805A202A5A40
1F87 255A60E6805A80D7 (vgm_monkey_island):00278             FCB $25,$5A,$60,$E6,$80,$5A,$80,$D7,$5A,$23,$22,$5A,$43,$07,$80,$5A,$63,$F6,$5A,$83,$F7,$80,$5A,$B0,$27,$61,$7B,$04,$5A,$B2,$07,$61
     5A23225A4307805A
     63F65A83F7805AB0
     27617B045AB20761
1FA7 0E115AB007612204 (vgm_monkey_island):00279             FCB $0E,$11,$5A,$B0,$07,$61,$22,$04,$5A,$C0,$0E,$5A,$20,$21,$5A,$40,$1E,$5A,$60,$B2,$80,$5A,$80,$3E,$5A,$23,$21,$80,$5A,$43,$0C,$5A
     5AC00E5A20215A40
     1E5A60B2805A803E
     5A2321805A430C5A
1FC7 63935A833F805AA0 (vgm_monkey_island):00280             FCB $63,$93,$5A,$83,$3F,$80,$5A,$A0,$C7,$5A,$B0,$2B,$80,$5A,$C1,$0E,$5A,$21,$21,$5A,$41,$1E,$5A,$61,$B2,$80,$5A,$81,$3E,$5A,$24,$21
     C75AB02B805AC10E
     5A21215A411E5A61
     B2805A813E5A2421
1FE7 5A440C805A64935A (vgm_monkey_island):00281             FCB $5A,$44,$0C,$80,$5A,$64,$93,$5A,$84,$3F,$80,$5A,$A1,$AB,$5A,$B1,$2E,$5A,$C2,$0C,$80,$5A,$22,$21,$5A,$42,$94,$5A,$62,$72,$80,$5A
     843F805AA1AB5AB1
     2E5AC20C805A2221
     5A42945A6272805A
2007 822D5A25615A4508 (vgm_monkey_island):00282             FCB $82,$2D,$5A,$25,$61,$5A,$45,$08,$80,$5A,$65,$82,$5A,$85,$3B,$5A,$A2,$00,$80,$5A,$B2,$2B,$80,$5A,$C3,$0E,$80,$5A,$28,$21,$5A,$48
     805A65825A853B5A
     A200805AB22B805A
     C30E805A28215A48
2027 1E5A68B25A883E80 (vgm_monkey_island):00283             FCB $1E,$5A,$68,$B2,$5A,$88,$3E,$80,$5A,$2B,$21,$5A,$4B,$0C,$5A,$6B,$93,$80,$5A,$8B,$3F,$5A,$A3,$3F,$80,$5A,$B3,$2E,$61,$4B,$13,$5A
     5A2B215A4B0C5A6B
     93805A8B3F5AA33F
     805AB32E614B135A
2047 B30E61EE025AB20B (vgm_monkey_island):00284             FCB $B3,$0E,$61,$EE,$02,$5A,$B2,$0B,$61,$58,$00,$5A,$B1,$0E,$61,$58,$00,$5A,$B0,$0B,$61,$72,$03,$5A,$C0,$0A,$5A,$20,$2A,$5A,$40,$25
     6158005AB10E6158
     005AB00B6172035A
     C00A5A202A5A4025
2067 5A60E6805A80D75A (vgm_monkey_island):00285             FCB $5A,$60,$E6,$80,$5A,$80,$D7,$5A,$23,$22,$80,$5A,$43,$07,$5A,$63,$F6,$5A,$83,$F7,$80,$5A,$A0,$00,$5A,$B0,$23,$61,$67,$0C,$5A,$B0
     2322805A43075A63
     F65A83F7805AA000
     5AB02361670C5AB0
2087 03613C0C5AA0C780 (vgm_monkey_island):00286             FCB $03,$61,$3C,$0C,$5A,$A0,$C7,$80,$5A,$B0,$27,$5A,$C1,$0A,$5A,$21,$2A,$80,$5A,$41,$25,$5A,$61,$E6,$5A,$81,$D7,$80,$5A,$24,$22,$5A
     5AB0275AC10A5A21
     2A805A41255A61E6
     5A81D7805A24225A
20A7 44075A64F6805A84 (vgm_monkey_island):00287             FCB $44,$07,$5A,$64,$F6,$80,$5A,$84,$F7,$5A,$A1,$3F,$80,$5A,$B1,$2A,$5A,$C2,$0A,$5A,$22,$2A,$80,$5A,$42,$25,$5A,$62,$E6,$5A,$82,$D7
     F75AA13F805AB12A
     5AC20A5A222A805A
     42255A62E65A82D7
20C7 805A25225A45075A (vgm_monkey_island):00288             FCB $80,$5A,$25,$22,$5A,$45,$07,$5A,$65,$F6,$80,$5A,$85,$F7,$5A,$B2,$2B,$80,$5A,$C3,$0C,$80,$5A,$48,$94,$5A,$68,$72,$5A,$88,$2D,$80
     65F6805A85F75AB2
     2B805AC30C805A48
     945A68725A882D80
20E7 5A2B615A4B085A6B (vgm_monkey_island):00289             FCB $5A,$2B,$61,$5A,$4B,$08,$5A,$6B,$82,$5A,$8B,$3B,$80,$5A,$A3,$00,$5A,$B3,$2B,$61,$58,$00,$5A,$C4,$00,$5A,$29,$00,$80,$5A,$49,$14
     825A8B3B805AA300
     5AB32B6158005AC4
     005A2900805A4914
2107 5A69C85A894C805A (vgm_monkey_island):00290             FCB $5A,$69,$C8,$5A,$89,$4C,$80,$5A,$2C,$20,$5A,$4C,$00,$5A,$6C,$D6,$80,$5A,$8C,$FF,$5A,$A4,$90,$80,$5A,$B4,$27,$61,$85,$00,$5A,$C5
     2C205A4C005A6CD6
     805A8CFF5AA49080
     5AB4276185005AC5
2127 005A2A215A4A005A (vgm_monkey_island):00291             FCB $00,$5A,$2A,$21,$5A,$4A,$00,$5A,$6A,$FA,$80,$5A,$8A,$6A,$5A,$2D,$21,$5A,$4D,$0B,$80,$5A,$6D,$AA,$5A,$8D,$FA,$80,$5A,$A5,$61,$5A
     6AFA805A8A6A5A2D
     215A4D0B805A6DAA
     5A8DFA805AA5615A
2147 B52E61AD0F5AB407 (vgm_monkey_island):00292             FCB $B5,$2E,$61,$AD,$0F,$5A,$B4,$07,$61,$3D,$02,$5A,$B5,$0E,$61,$61,$01,$5A,$B1,$0A,$80,$5A,$B0,$07,$61,$C2,$02,$5A,$B3,$0B,$61,$DC
     613D025AB50E6161
     015AB10A805AB007
     61C2025AB30B61DC
2167 005AB20B618D015A (vgm_monkey_island):00293             FCB $00,$5A,$B2,$0B,$61,$8D,$01,$5A,$A0,$00,$80,$5A,$B0,$27,$5A,$C1,$0E,$5A,$21,$21,$80,$5A,$41,$1E,$5A,$61,$B2,$5A,$81,$3E,$80,$5A
     A000805AB0275AC1
     0E5A2121805A411E
     5A61B25A813E805A
2187 24215A440C5A6493 (vgm_monkey_island):00294             FCB $24,$21,$5A,$44,$0C,$5A,$64,$93,$80,$5A,$84,$3F,$5A,$A1,$AB,$5A,$B1,$2E,$80,$5A,$C2,$0E,$5A,$22,$21,$80,$5A,$42,$1E,$5A,$62,$B2
     805A843F5AA1AB5A
     B12E805AC20E5A22
     21805A421E5A62B2
21A7 5A823E805A25215A (vgm_monkey_island):00295             FCB $5A,$82,$3E,$80,$5A,$25,$21,$5A,$45,$0C,$5A,$65,$93,$5A,$85,$3F,$80,$5A,$A2,$3F,$5A,$B2,$2E,$61,$58,$00,$5A,$C3,$0E,$5A,$48,$1E
     450C5A65935A853F
     805AA23F5AB22E61
     58005AC30E5A481E
21C7 805A68B25A883E80 (vgm_monkey_island):00296             FCB $80,$5A,$68,$B2,$5A,$88,$3E,$80,$5A,$2B,$21,$5A,$4B,$0C,$5A,$6B,$93,$5A,$8B,$3F,$80,$5A,$A3,$C7,$5A,$B3,$2B,$61,$B0,$00,$5A,$B4
     5A2B215A4B0C5A6B
     935A8B3F805AA3C7
     5AB32B61B0005AB4
21E7 2761B0005AC50A5A (vgm_monkey_island):00297             FCB $27,$61,$B0,$00,$5A,$C5,$0A,$5A,$2A,$22,$5A,$4A,$1D,$5A,$6A,$C6,$80,$5A,$8A,$77,$5A,$2D,$22,$80,$5A,$4D,$40,$5A,$6D,$F4,$5A,$8D
     2A225A4A1D5A6AC6
     805A8A775A2D2280
     5A4D405A6DF45A8D
2207 F7805AA5005AB522 (vgm_monkey_island):00298             FCB $F7,$80,$5A,$A5,$00,$5A,$B5,$22,$61,$3A,$11,$5A,$B0,$07,$61,$D2,$04,$5A,$20,$22,$5A,$40,$1D,$5A,$60,$C6,$80,$5A,$80,$77,$5A,$43
     613A115AB00761D2
     045A20225A401D5A
     60C6805A80775A43
2227 40805A63F45AA03F (vgm_monkey_island):00299             FCB $40,$80,$5A,$63,$F4,$5A,$A0,$3F,$80,$5A,$B0,$22,$5A,$C6,$0C,$80,$5A,$50,$94,$5A,$70,$72,$5A,$90,$2D,$80,$5A,$33,$61,$5A,$53,$08
     805AB0225AC60C80
     5A50945A70725A90
     2D805A33615A5308
2247 805A73825A933B5A (vgm_monkey_island):00300             FCB $80,$5A,$73,$82,$5A,$93,$3B,$5A,$A6,$00,$80,$5A,$B6,$2B,$61,$E5,$01,$5A,$C7,$0A,$80,$5A,$31,$0C,$5A,$51,$00,$5A,$71,$78,$80,$5A
     A600805AB62B61E5
     015AC70A805A310C
     5A51005A7178805A
2267 914C5AF1025A341B (vgm_monkey_island):00301             FCB $91,$4C,$5A,$F1,$02,$5A,$34,$1B,$5A,$54,$03,$80,$5A,$74,$AA,$5A,$94,$8A,$80,$5A,$A7,$00,$5A,$B7,$2E,$61,$22,$04,$5A,$B5,$02,$61
     5A5403805A74AA5A
     948A805AA7005AB7
     2E6122045AB50261
2287 11025AB40761DD00 (vgm_monkey_island):00302             FCB $11,$02,$5A,$B4,$07,$61,$DD,$00,$5A,$B7,$0E,$61,$0E,$11,$5A,$C4,$0A,$5A,$29,$2A,$80,$5A,$49,$25,$5A,$69,$E6,$5A,$89,$D7,$80,$5A
     5AB70E610E115AC4
     0A5A292A805A4925
     5A69E65A89D7805A
22A7 2C225A4C075A6CF6 (vgm_monkey_island):00303             FCB $2C,$22,$5A,$4C,$07,$5A,$6C,$F6,$80,$5A,$8C,$F7,$5A,$A4,$00,$5A,$B4,$23,$61,$B0,$00,$5A,$2A,$0C,$5A,$4A,$00,$5A,$6A,$78,$80,$5A
     805A8CF75AA4005A
     B42361B0005A2A0C
     5A4A005A6A78805A
22C7 8A4C5AEA025A2D1B (vgm_monkey_island):00304             FCB $8A,$4C,$5A,$EA,$02,$5A,$2D,$1B,$5A,$4D,$03,$80,$5A,$6D,$AA,$5A,$8D,$8A,$80,$5A,$B5,$2E,$61,$84,$00,$5A,$C7,$00,$5A,$31,$21,$80
     5A4D03805A6DAA5A
     8D8A805AB52E6184
     005AC7005A312180
22E7 5A71FA5A916A5AF1 (vgm_monkey_island):00305             FCB $5A,$71,$FA,$5A,$91,$6A,$5A,$F1,$00,$80,$5A,$34,$21,$5A,$54,$0B,$5A,$94,$FA,$80,$5A,$A7,$61,$5A,$B7,$2E,$61,$AE,$0A,$5A,$B1,$0E
     00805A34215A540B
     5A94FA805AA7615A
     B72E61AE0A5AB10E
2307 61F7035AB30B618D (vgm_monkey_island):00306             FCB $61,$F7,$03,$5A,$B3,$0B,$61,$8D,$01,$5A,$B2,$0E,$61,$60,$01,$5A,$B5,$0E,$61,$7B,$04,$5A,$B4,$03,$61,$61,$01,$5A,$B7,$0E,$80,$5A
     015AB20E6160015A
     B50E617B045AB403
     6161015AB70E805A
2327 C10A5A212A5A4125 (vgm_monkey_island):00307             FCB $C1,$0A,$5A,$21,$2A,$5A,$41,$25,$5A,$61,$E6,$80,$5A,$81,$D7,$5A,$24,$22,$5A,$44,$07,$80,$5A,$64,$F6,$5A,$84,$F7,$80,$5A,$A1,$00
     5A61E6805A81D75A
     24225A4407805A64
     F65A84F7805AA100
2347 5AB12B5AC20A805A (vgm_monkey_island):00308             FCB $5A,$B1,$2B,$5A,$C2,$0A,$80,$5A,$22,$2A,$5A,$42,$25,$5A,$62,$E6,$80,$5A,$82,$D7,$5A,$25,$22,$5A,$45,$07,$80,$5A,$65,$F6,$5A,$85
     222A5A42255A62E6
     805A82D75A25225A
     4507805A65F65A85
2367 F75AA2C7805AB227 (vgm_monkey_island):00309             FCB $F7,$5A,$A2,$C7,$80,$5A,$B2,$27,$5A,$B0,$02,$80,$5A,$20,$2A,$5A,$40,$25,$5A,$60,$E6,$80,$5A,$80,$D7,$80,$5A,$43,$07,$5A,$63,$F6
     5AB002805A202A5A
     40255A60E6805A80
     D7805A43075A63F6
2387 805AB02A805AC30A (vgm_monkey_island):00310             FCB $80,$5A,$B0,$2A,$80,$5A,$C3,$0A,$5A,$28,$22,$5A,$48,$1D,$5A,$68,$C6,$80,$5A,$88,$77,$5A,$2B,$22,$5A,$4B,$40,$80,$5A,$6B,$F4,$5A
     5A28225A481D5A68
     C6805A88775A2B22
     5A4B40805A6BF45A
23A7 8BF7805AA3005AB3 (vgm_monkey_island):00311             FCB $8B,$F7,$80,$5A,$A3,$00,$5A,$B3,$23,$5A,$B6,$0B,$61,$DD,$00,$5A,$C4,$00,$80,$5A,$29,$00,$5A,$49,$14,$5A,$69,$C8,$5A,$89,$4C,$80
     235AB60B61DD005A
     C400805A29005A49
     145A69C85A894C80
23C7 5A2C205A4C00805A (vgm_monkey_island):00312             FCB $5A,$2C,$20,$5A,$4C,$00,$80,$5A,$6C,$D6,$5A,$8C,$FF,$5A,$A4,$90,$80,$5A,$B4,$27,$61,$CF,$18,$5A,$B2,$07,$61,$B0,$00,$5A,$B0,$0A
     6CD65A8CFF5AA490
     805AB42761CF185A
     B20761B0005AB00A
23E7 6109015AA0005AB0 (vgm_monkey_island):00313             FCB $61,$09,$01,$5A,$A0,$00,$5A,$B0,$27,$61,$72,$03,$5A,$B1,$0B,$61,$58,$00,$5A,$B3,$03,$61,$5D,$10,$5A,$B4,$07,$61,$4F,$04,$5A,$C1
     276172035AB10B61
     58005AB303615D10
     5AB407614F045AC1
2407 0C805A21215A4194 (vgm_monkey_island):00314             FCB $0C,$80,$5A,$21,$21,$5A,$41,$94,$5A,$61,$72,$80,$5A,$81,$2D,$5A,$24,$61,$5A,$44,$08,$80,$5A,$64,$82,$5A,$84,$3B,$80,$5A,$B1,$2E
     5A6172805A812D5A
     24615A4408805A64
     825A843B805AB12E
2427 6185005A22225A42 (vgm_monkey_island):00315             FCB $61,$85,$00,$5A,$22,$22,$5A,$42,$1D,$80,$5A,$62,$C6,$5A,$82,$77,$80,$5A,$45,$40,$5A,$65,$F4,$80,$5A,$A2,$00,$5A,$B2,$22,$80,$5A
     1D805A62C65A8277
     805A45405A65F480
     5AA2005AB222805A
2447 C3005A28215A4800 (vgm_monkey_island):00316             FCB $C3,$00,$5A,$28,$21,$5A,$48,$00,$80,$5A,$68,$FA,$5A,$88,$6A,$5A,$2B,$21,$80,$5A,$4B,$0B,$5A,$6B,$AA,$5A,$8B,$FA,$80,$5A,$A3,$61
     805A68FA5A886A5A
     2B21805A4B0B5A6B
     AA5A8BFA805AA361
2467 5AB32E618D015AB0 (vgm_monkey_island):00317             FCB $5A,$B3,$2E,$61,$8D,$01,$5A,$B0,$07,$61,$A4,$13,$5A,$B3,$0E,$61,$B8,$06,$5A,$B2,$02,$61,$34,$01,$5A,$B0,$26,$61,$85,$00,$5A,$B0
     0761A4135AB30E61
     B8065AB202613401
     5AB0266185005AB0
2487 0661D8145A20225A (vgm_monkey_island):00318             FCB $06,$61,$D8,$14,$5A,$20,$22,$5A,$40,$1D,$80,$5A,$60,$C6,$5A,$80,$77,$80,$5A,$43,$40,$5A,$63,$F4,$80,$5A,$A0,$61,$5A,$B0,$22,$61
     401D805A60C65A80
     77805A43405A63F4
     805AA0615AB02261
24A7 84005AB10E615800 (vgm_monkey_island):00319             FCB $84,$00,$5A,$B1,$0E,$61,$58,$00,$5A,$C1,$0A,$80,$5A,$21,$2A,$5A,$41,$25,$5A,$61,$E6,$5A,$81,$D7,$80,$5A,$24,$22,$5A,$44,$07,$5A
     5AC10A805A212A5A
     41255A61E65A81D7
     805A24225A44075A
24C7 64F6805A84F75AA1 (vgm_monkey_island):00320             FCB $64,$F6,$80,$5A,$84,$F7,$5A,$A1,$61,$80,$5A,$B1,$2A,$80,$5A,$22,$2A,$5A,$42,$25,$5A,$62,$E6,$80,$5A,$82,$D7,$5A,$45,$07,$80,$5A
     61805AB12A805A22
     2A5A42255A62E680
     5A82D75A4507805A
24E7 65F6805AB22B5AC3 (vgm_monkey_island):00321             FCB $65,$F6,$80,$5A,$B2,$2B,$5A,$C3,$0A,$80,$5A,$28,$2A,$5A,$48,$25,$5A,$68,$E6,$5A,$88,$D7,$80,$5A,$2B,$22,$5A,$4B,$07,$80,$5A,$6B
     0A805A282A5A4825
     5A68E65A88D7805A
     2B225A4B07805A6B
2507 F65A8BF75AA30080 (vgm_monkey_island):00322             FCB $F6,$5A,$8B,$F7,$5A,$A3,$00,$80,$5A,$B3,$2A,$61,$B0,$00,$5A,$B4,$27,$61,$3A,$11,$5A,$B4,$07,$61,$F6,$03,$5A,$B3,$0A,$61,$E5,$01
     5AB32A61B0005AB4
     27613A115AB40761
     F6035AB30A61E501
2527 5AB10A61B1005AB0 (vgm_monkey_island):00323             FCB $5A,$B1,$0A,$61,$B1,$00,$5A,$B0,$02,$61,$84,$00,$5A,$C0,$0C,$5A,$20,$21,$5A,$40,$94,$5A,$60,$72,$80,$5A,$80,$2D,$5A,$23,$61,$80
     026184005AC00C5A
     20215A40945A6072
     805A802D5A236180
2547 5A43085A63825A83 (vgm_monkey_island):00324             FCB $5A,$43,$08,$5A,$63,$82,$5A,$83,$3B,$80,$5A,$A0,$00,$5A,$B0,$2E,$61,$09,$01,$5A,$A1,$00,$5A,$B1,$27,$80,$5A,$B2,$0B,$5A,$C2,$00
     3B805AA0005AB02E
     6109015AA1005AB1
     27805AB20B5AC200
2567 805A22215A42005A (vgm_monkey_island):00325             FCB $80,$5A,$22,$21,$5A,$42,$00,$5A,$62,$FA,$80,$5A,$82,$6A,$5A,$25,$21,$5A,$45,$0B,$80,$5A,$65,$AA,$5A,$85,$FA,$5A,$A2,$61,$80,$5A
     62FA805A826A5A25
     215A450B805A65AA
     5A85FA5AA261805A
2587 B22E5AC300805A28 (vgm_monkey_island):00326             FCB $B2,$2E,$5A,$C3,$00,$80,$5A,$28,$00,$5A,$48,$14,$5A,$68,$C8,$5A,$88,$4C,$80,$5A,$2B,$20,$5A,$4B,$00,$80,$5A,$6B,$D6,$5A,$8B,$FF
     005A48145A68C85A
     884C805A2B205A4B
     00805A6BD65A8BFF
25A7 5AA390805AB32761 (vgm_monkey_island):00327             FCB $5A,$A3,$90,$80,$5A,$B3,$27,$61,$43,$12,$5A,$B2,$0E,$61,$D2,$04,$5A,$C2,$0C,$5A,$42,$94,$80,$5A,$62,$72,$5A,$82,$2D,$5A,$25,$61
     43125AB20E61D204
     5AC20C5A4294805A
     62725A822D5A2561
25C7 805A45085A65825A (vgm_monkey_island):00328             FCB $80,$5A,$45,$08,$5A,$65,$82,$5A,$85,$3B,$80,$5A,$B2,$2E,$61,$84,$00,$5A,$C4,$0A,$5A,$29,$22,$80,$5A,$49,$1D,$5A,$69,$C6,$5A,$89
     853B805AB22E6184
     005AC40A5A292280
     5A491D5A69C65A89
25E7 77805A2C225A4C40 (vgm_monkey_island):00329             FCB $77,$80,$5A,$2C,$22,$5A,$4C,$40,$5A,$6C,$F4,$80,$5A,$8C,$F7,$5A,$A4,$00,$5A,$B4,$23,$61,$B1,$00,$5A,$B5,$2E,$61,$72,$03,$5A,$B1
     5A6CF4805A8CF75A
     A4005AB42361B100
     5AB52E6172035AB1
2607 0761B0005AB00E61 (vgm_monkey_island):00330             FCB $07,$61,$B0,$00,$5A,$B0,$0E,$61,$34,$06,$5A,$B5,$0E,$61,$7A,$04,$5A,$B3,$07,$61,$82,$0A,$5A,$B2,$0E,$61,$DD,$00,$5A,$C0,$0A,$5A
     34065AB50E617A04
     5AB30761820A5AB2
     0E61DD005AC00A5A
2627 200C5A40005A6078 (vgm_monkey_island):00331             FCB $20,$0C,$5A,$40,$00,$5A,$60,$78,$80,$5A,$80,$4C,$5A,$E0,$02,$5A,$23,$1B,$5A,$43,$03,$80,$5A,$63,$AA,$5A,$83,$8A,$80,$5A,$B0,$2E
     805A804C5AE0025A
     231B5A4303805A63
     AA5A838A805AB02E
2647 61B9015AB126618D (vgm_monkey_island):00332             FCB $61,$B9,$01,$5A,$B1,$26,$61,$8D,$01,$5A,$B4,$03,$61,$FD,$0E,$5A,$B1,$06,$61,$ED,$02,$5A,$B0,$0E,$61,$46,$03,$5A,$C0,$0C,$80,$5A
     015AB40361FD0E5A
     B10661ED025AB00E
     6146035AC00C805A
2667 20215A40945A6072 (vgm_monkey_island):00333             FCB $20,$21,$5A,$40,$94,$5A,$60,$72,$5A,$80,$2D,$80,$5A,$E0,$00,$5A,$23,$61,$5A,$43,$08,$5A,$63,$82,$80,$5A,$83,$3B,$80,$5A,$B0,$2F
     5A802D805AE0005A
     23615A43085A6382
     805A833B805AB02F
2687 6161015AA1615AB1 (vgm_monkey_island):00334             FCB $61,$61,$01,$5A,$A1,$61,$5A,$B1,$2A,$80,$5A,$C2,$0A,$5A,$22,$2A,$5A,$42,$25,$5A,$62,$E6,$80,$5A,$82,$D7,$5A,$25,$22,$80,$5A,$45
     2A805AC20A5A222A
     5A42255A62E6805A
     82D75A2522805A45
26A7 075A65F65A85F780 (vgm_monkey_island):00335             FCB $07,$5A,$65,$F6,$5A,$85,$F7,$80,$5A,$A2,$00,$5A,$B2,$2A,$61,$DC,$00,$5A,$B3,$27,$80,$5A,$29,$2A,$5A,$49,$25,$5A,$69,$E6,$5A,$89
     5AA2005AB22A61DC
     005AB327805A292A
     5A49255A69E65A89
26C7 D7805A4C075A6CF6 (vgm_monkey_island):00336             FCB $D7,$80,$5A,$4C,$07,$5A,$6C,$F6,$61,$58,$00,$5A,$B4,$2B,$61,$CE,$18,$5A,$B0,$0F,$61,$E5,$01,$5A,$C0,$0A,$5A,$20,$2A,$5A,$40,$25
     6158005AB42B61CE
     185AB00F61E5015A
     C00A5A202A5A4025
26E7 805A60E65A80D780 (vgm_monkey_island):00337             FCB $80,$5A,$60,$E6,$5A,$80,$D7,$80,$5A,$23,$22,$5A,$43,$07,$5A,$63,$F6,$5A,$83,$F7,$80,$5A,$B0,$27,$61,$DC,$00,$5A,$B1,$0A,$61,$8D
     5A23225A43075A63
     F65A83F7805AB027
     61DC005AB10A618D
2707 015AB40B5AB20A61 (vgm_monkey_island):00338             FCB $01,$5A,$B4,$0B,$5A,$B2,$0A,$61,$2A,$0A,$5A,$B3,$07,$61,$67,$0C,$5A,$C1,$0C,$5A,$21,$21,$5A,$41,$94,$80,$5A,$61,$72,$5A,$81,$2D
     2A0A5AB30761670C
     5AC10C5A21215A41
     94805A61725A812D
2727 5A2461805A44085A (vgm_monkey_island):00339             FCB $5A,$24,$61,$80,$5A,$44,$08,$5A,$64,$82,$5A,$84,$3B,$80,$5A,$A1,$5E,$5A,$B1,$2F,$61,$72,$03,$5A,$B0,$07,$61,$BF,$11,$5A,$B1,$0F
     64825A843B805AA1
     5E5AB12F6172035A
     B00761BF115AB10F
2747 61E4065AA03F5AB0 (vgm_monkey_island):00340             FCB $61,$E4,$06,$5A,$A0,$3F,$5A,$B0,$26,$61,$88,$15,$5A,$B0,$06,$61,$96,$02,$5A,$C0,$0C,$5A,$20,$21,$80,$5A,$40,$94,$5A,$60,$72,$5A
     266188155AB00661
     96025AC00C5A2021
     805A40945A60725A
2767 802D805A23615A43 (vgm_monkey_island):00341             FCB $80,$2D,$80,$5A,$23,$61,$5A,$43,$08,$5A,$63,$82,$80,$5A,$83,$3B,$5A,$A0,$5E,$5A,$B0,$2F,$80,$5A,$C1,$00,$80,$5A,$21,$00,$5A,$41
     085A6382805A833B
     5AA05E5AB02F805A
     C100805A21005A41
2787 145A61C85A814C80 (vgm_monkey_island):00342             FCB $14,$5A,$61,$C8,$5A,$81,$4C,$80,$5A,$24,$20,$5A,$44,$00,$80,$5A,$64,$D6,$5A,$84,$FF,$5A,$A1,$90,$80,$5A,$B1,$27,$61,$84,$00,$5A
     5A24205A4400805A
     64D65A84FF5AA190
     805AB1276184005A
27A7 A2D4805AB22A5AC3 (vgm_monkey_island):00343             FCB $A2,$D4,$80,$5A,$B2,$2A,$5A,$C3,$0A,$5A,$28,$2A,$80,$5A,$48,$25,$5A,$68,$E6,$5A,$88,$D7,$80,$5A,$2B,$22,$5A,$4B,$07,$5A,$6B,$F6
     0A5A282A805A4825
     5A68E65A88D7805A
     2B225A4B075A6BF6
27C7 805A8BF75AA35E80 (vgm_monkey_island):00344             FCB $80,$5A,$8B,$F7,$5A,$A3,$5E,$80,$5A,$B3,$2B,$5A,$C4,$00,$5A,$29,$21,$80,$5A,$49,$00,$5A,$69,$FA,$5A,$89,$6A,$80,$5A,$2C,$21,$5A
     5AB32B5AC4005A29
     21805A49005A69FA
     5A896A805A2C215A
27E7 4C0B5A6CAA805A8C (vgm_monkey_island):00345             FCB $4C,$0B,$5A,$6C,$AA,$80,$5A,$8C,$FA,$5A,$A4,$61,$5A,$B4,$2E,$80,$5A,$2A,$2A,$80,$5A,$4A,$25,$5A,$6A,$E6,$5A,$8A,$D7,$5A,$EA,$00
     FA5AA4615AB42E80
     5A2A2A805A4A255A
     6AE65A8AD75AEA00
2807 805A2D225A4D075A (vgm_monkey_island):00346             FCB $80,$5A,$2D,$22,$5A,$4D,$07,$5A,$6D,$F6,$5A,$8D,$F7,$80,$5A,$A5,$3F,$5A,$B5,$2A,$61,$AD,$0F,$5A,$B1,$07,$61,$83,$05,$5A,$B2,$0A
     6DF65A8DF7805AA5
     3F5AB52A61AD0F5A
     B1076183055AB20A
2827 61B1005AB00F6158 (vgm_monkey_island):00347             FCB $61,$B1,$00,$5A,$B0,$0F,$61,$58,$00,$5A,$B4,$0E,$61,$E5,$01,$5A,$B3,$0B,$61,$58,$00,$5A,$B5,$0A,$61,$B1,$00,$5A,$C0,$0A,$5A,$20
     005AB40E61E5015A
     B30B6158005AB50A
     61B1005AC00A5A20
2847 22805A401D5A60C6 (vgm_monkey_island):00348             FCB $22,$80,$5A,$40,$1D,$5A,$60,$C6,$5A,$80,$77,$80,$5A,$23,$22,$5A,$43,$40,$5A,$63,$F4,$80,$5A,$83,$F7,$5A,$A0,$3F,$5A,$B0,$22,$61
     5A8077805A23225A
     43405A63F4805A83
     F75AA03F5AB02261
2867 E5015AB12761B000 (vgm_monkey_island):00349             FCB $E5,$01,$5A,$B1,$27,$61,$B0,$00,$5A,$A2,$5E,$5A,$B2,$27,$61,$16,$17,$5A,$C3,$0E,$80,$5A,$28,$21,$5A,$48,$1E,$5A,$68,$B2,$5A,$88
     5AA25E5AB2276116
     175AC30E805A2821
     5A481E5A68B25A88
2887 3E805A2B215A4B0C (vgm_monkey_island):00350             FCB $3E,$80,$5A,$2B,$21,$5A,$4B,$0C,$80,$5A,$6B,$93,$5A,$8B,$3F,$5A,$A3,$3F,$80,$5A,$B3,$2E,$80,$5A,$C4,$0A,$5A,$29,$22,$5A,$49,$1D
     805A6B935A8B3F5A
     A33F805AB32E805A
     C40A5A29225A491D
28A7 5A69C6805A89775A (vgm_monkey_island):00351             FCB $5A,$69,$C6,$80,$5A,$89,$77,$5A,$2C,$22,$5A,$4C,$40,$80,$5A,$6C,$F4,$5A,$8C,$F7,$80,$5A,$A4,$D4,$5A,$B4,$22,$5A,$C5,$0E,$80,$5A
     2C225A4C40805A6C
     F45A8CF7805AA4D4
     5AB4225AC50E805A
28C7 2A215A4A1E5A6AB2 (vgm_monkey_island):00352             FCB $2A,$21,$5A,$4A,$1E,$5A,$6A,$B2,$80,$5A,$8A,$3E,$5A,$2D,$21,$5A,$4D,$0C,$80,$5A,$6D,$93,$5A,$8D,$3F,$5A,$A5,$D4,$80,$5A,$B5,$2E
     805A8A3E5A2D215A
     4D0C805A6D935A8D
     3F5AA5D4805AB52E
28E7 805AC60E805A501E (vgm_monkey_island):00353             FCB $80,$5A,$C6,$0E,$80,$5A,$50,$1E,$5A,$70,$B2,$5A,$90,$3E,$80,$5A,$33,$21,$5A,$53,$0C,$5A,$73,$93,$5A,$93,$3F,$80,$5A,$B6,$2E,$80
     5A70B25A903E805A
     33215A530C5A7393
     5A933F805AB62E80
2907 5AC70C805A51945A (vgm_monkey_island):00354             FCB $5A,$C7,$0C,$80,$5A,$51,$94,$5A,$71,$72,$5A,$91,$2D,$80,$5A,$34,$61,$5A,$54,$08,$5A,$74,$82,$80,$5A,$94,$3B,$5A,$A7,$D4,$80,$5A
     71725A912D805A34
     615A54085A748280
     5A943B5AA7D4805A
2927 B72E5A320C805A52 (vgm_monkey_island):00355             FCB $B7,$2E,$5A,$32,$0C,$80,$5A,$52,$00,$5A,$72,$78,$5A,$92,$4C,$80,$5A,$F2,$02,$5A,$35,$1B,$5A,$55,$03,$5A,$75,$AA,$80,$5A,$95,$8A
     005A72785A924C80
     5AF2025A351B5A55
     035A75AA805A958A
2947 5AA8005AB82E616A (vgm_monkey_island):00356             FCB $5A,$A8,$00,$5A,$B8,$2E,$61,$6A,$02,$5A,$B2,$07,$61,$E5,$01,$5A,$B0,$02,$61,$57,$05,$5A,$B1,$07,$61,$9E,$03,$5A,$B8,$0E,$61,$E3
     025AB20761E5015A
     B0026157055AB107
     619E035AB80E61E3
2967 0B5A200C5A40005A (vgm_monkey_island):00357             FCB $0B,$5A,$20,$0C,$5A,$40,$00,$5A,$60,$78,$5A,$80,$4C,$80,$5A,$E0,$02,$5A,$23,$1B,$5A,$43,$03,$80,$5A,$63,$AA,$5A,$83,$8A,$5A,$A0
     60785A804C805AE0
     025A231B5A430380
     5A63AA5A838A5AA0
2987 00805AB02E805A21 (vgm_monkey_island):00358             FCB $00,$80,$5A,$B0,$2E,$80,$5A,$21,$21,$5A,$41,$00,$5A,$61,$FA,$80,$5A,$81,$6A,$5A,$24,$21,$5A,$44,$0B,$80,$5A,$64,$AA,$5A,$84,$FA
     215A41005A61FA80
     5A816A5A24215A44
     0B805A64AA5A84FA
29A7 805AA1615AB12E61 (vgm_monkey_island):00359             FCB $80,$5A,$A1,$61,$5A,$B1,$2E,$61,$60,$01,$5A,$A2,$3F,$5A,$B2,$26,$61,$85,$00,$5A,$B4,$02,$61,$EA,$11,$5A,$B0,$0E,$61,$9E,$03,$5A
     60015AA23F5AB226
     6185005AB40261EA
     115AB00E619E035A
29C7 B10E61DD005A2022 (vgm_monkey_island):00360             FCB $B1,$0E,$61,$DD,$00,$5A,$20,$22,$5A,$40,$1D,$5A,$60,$C6,$5A,$80,$77,$80,$5A,$E0,$00,$5A,$23,$22,$5A,$43,$40,$5A,$63,$F4,$80,$5A
     5A401D5A60C65A80
     77805AE0005A2322
     5A43405A63F4805A
29E7 83F75AA05E805AB0 (vgm_monkey_island):00361             FCB $83,$F7,$5A,$A0,$5E,$80,$5A,$B0,$23,$61,$DC,$00,$5A,$C1,$08,$5A,$21,$20,$5A,$41,$1C,$80,$5A,$61,$62,$5A,$81,$75,$5A,$E1,$01,$5A
     2361DC005AC1085A
     21205A411C805A61
     625A81755AE1015A
2A07 2422805A44005A64 (vgm_monkey_island):00362             FCB $24,$22,$80,$5A,$44,$00,$5A,$64,$A8,$5A,$84,$F5,$80,$5A,$A1,$00,$5A,$B1,$2A,$80,$5A,$C4,$00,$5A,$29,$00,$5A,$49,$14,$80,$5A,$69
     A85A84F5805AA100
     5AB12A805AC4005A
     29005A4914805A69
2A27 C85A894C805A2C20 (vgm_monkey_island):00363             FCB $C8,$5A,$89,$4C,$80,$5A,$2C,$20,$5A,$4C,$00,$5A,$6C,$D6,$5A,$8C,$FF,$80,$5A,$A4,$90,$5A,$B4,$27,$80,$5A,$32,$2A,$5A,$52,$25,$80
     5A4C005A6CD65A8C
     FF805AA4905AB427
     805A322A5A522580
2A47 5A72E65A92D75AF2 (vgm_monkey_island):00364             FCB $5A,$72,$E6,$5A,$92,$D7,$5A,$F2,$00,$5A,$35,$22,$80,$5A,$55,$07,$5A,$75,$F6,$5A,$95,$F7,$80,$5A,$A8,$D4,$5A,$B8,$2A,$5A,$B7,$0E
     005A3522805A5507
     5A75F65A95F7805A
     A8D45AB82A5AB70E
2A67 805AC70A5A312A80 (vgm_monkey_island):00365             FCB $80,$5A,$C7,$0A,$5A,$31,$2A,$80,$5A,$51,$25,$5A,$71,$E6,$5A,$91,$D7,$80,$5A,$34,$22,$5A,$54,$07,$5A,$74,$F6,$5A,$94,$F7,$80,$5A
     5A51255A71E65A91
     D7805A34225A5407
     5A74F65A94F7805A
2A87 A73F5AB72A805AB2 (vgm_monkey_island):00366             FCB $A7,$3F,$5A,$B7,$2A,$80,$5A,$B2,$06,$61,$46,$03,$5A,$B6,$0E,$61,$58,$00,$5A,$B3,$0E,$61,$CA,$03,$5A,$B5,$0E,$61,$09,$01,$5A,$B1
     066146035AB60E61
     58005AB30E61CA03
     5AB50E6109015AB1
2AA7 0A61180D5AB80A61 (vgm_monkey_island):00367             FCB $0A,$61,$18,$0D,$5A,$B8,$0A,$61,$08,$01,$5A,$B0,$03,$61,$8D,$01,$5A,$C0,$08,$5A,$20,$20,$80,$5A,$40,$1C,$5A,$60,$62,$5A,$80,$75
     08015AB003618D01
     5AC0085A2020805A
     401C5A60625A8075
2AC7 5AE001805A43005A (vgm_monkey_island):00368             FCB $5A,$E0,$01,$80,$5A,$43,$00,$5A,$63,$A8,$5A,$83,$F5,$80,$5A,$A0,$00,$5A,$B0,$2A,$61,$B9,$01,$5A,$C1,$0A,$5A,$21,$2A,$5A,$41,$25
     63A85A83F5805AA0
     005AB02A61B9015A
     C10A5A212A5A4125
2AE7 805A61E65A81D75A (vgm_monkey_island):00369             FCB $80,$5A,$61,$E6,$5A,$81,$D7,$5A,$E1,$00,$80,$5A,$44,$07,$5A,$64,$F6,$5A,$84,$F7,$80,$5A,$A1,$5E,$5A,$B1,$27,$5A,$B7,$0A,$61,$3D
     E100805A44075A64
     F65A84F7805AA15E
     5AB1275AB70A613D
2B07 025AB00A617B045A (vgm_monkey_island):00370             FCB $02,$5A,$B0,$0A,$61,$7B,$04,$5A,$B4,$07,$61,$AD,$0F,$5A,$B1,$07,$5A,$C0,$0C,$5A,$20,$21,$80,$5A,$40,$94,$5A,$60,$72,$5A,$80,$2D
     B40761AD0F5AB107
     5AC00C5A2021805A
     40945A60725A802D
2B27 5AE000805A23615A (vgm_monkey_island):00371             FCB $5A,$E0,$00,$80,$5A,$23,$61,$5A,$43,$08,$5A,$63,$82,$80,$5A,$83,$3B,$5A,$A0,$AB,$5A,$B0,$2A,$80,$5A,$21,$22,$80,$5A,$41,$1D,$5A
     43085A6382805A83
     3B5AA0AB5AB02A80
     5A2122805A411D5A
2B47 61C65A8177805A44 (vgm_monkey_island):00372             FCB $61,$C6,$5A,$81,$77,$80,$5A,$44,$40,$5A,$64,$F4,$80,$5A,$A1,$AB,$5A,$B1,$22,$61,$B1,$00,$5A,$22,$0C,$5A,$42,$00,$5A,$62,$78,$5A
     405A64F4805AA1AB
     5AB12261B1005A22
     0C5A42005A62785A
2B67 824C805AE2025A25 (vgm_monkey_island):00373             FCB $82,$4C,$80,$5A,$E2,$02,$5A,$25,$1B,$5A,$45,$03,$80,$5A,$65,$AA,$5A,$85,$8A,$5A,$A2,$00,$80,$5A,$B2,$2E,$5A,$C3,$08,$80,$5A,$28
     1B5A4503805A65AA
     5A858A5AA200805A
     B22E5AC308805A28
2B87 205A481C5A68625A (vgm_monkey_island):00374             FCB $20,$5A,$48,$1C,$5A,$68,$62,$5A,$88,$75,$80,$5A,$E8,$01,$5A,$2B,$22,$5A,$4B,$00,$5A,$6B,$A8,$80,$5A,$8B,$F5,$5A,$A3,$00,$80,$5A
     8875805AE8015A2B
     225A4B005A6BA880
     5A8BF55AA300805A
2BA7 B32B5A2921805A49 (vgm_monkey_island):00375             FCB $B3,$2B,$5A,$29,$21,$80,$5A,$49,$00,$5A,$69,$FA,$5A,$89,$6A,$80,$5A,$2C,$21,$5A,$4C,$0B,$5A,$6C,$AA,$80,$5A,$8C,$FA,$5A,$A4,$61
     005A69FA5A896A80
     5A2C215A4C0B5A6C
     AA805A8CFA5AA461
2BC7 5AB42E61B0005AA5 (vgm_monkey_island):00376             FCB $5A,$B4,$2E,$61,$B0,$00,$5A,$A5,$AB,$5A,$B5,$2E,$61,$09,$01,$5A,$B6,$2E,$5A,$C7,$0E,$80,$5A,$31,$21,$5A,$51,$1E,$5A,$71,$B2,$5A
     AB5AB52E6109015A
     B62E5AC70E805A31
     215A511E5A71B25A
2BE7 913E805A34215A54 (vgm_monkey_island):00377             FCB $91,$3E,$80,$5A,$34,$21,$5A,$54,$0C,$80,$5A,$74,$93,$5A,$94,$3F,$80,$5A,$B7,$2E,$61,$07,$0B,$5A,$B2,$0E,$61,$58,$00,$5A,$B3,$0B
     0C805A74935A943F
     805AB72E61070B5A
     B20E6158005AB30B
2C07 61A6045AB70E6185 (vgm_monkey_island):00378             FCB $61,$A6,$04,$5A,$B7,$0E,$61,$85,$00,$5A,$B5,$0E,$61,$11,$02,$5A,$B0,$0A,$61,$3D,$02,$5A,$B6,$0E,$61,$61,$01,$5A,$B1,$02,$61,$DD
     005AB50E6111025A
     B00A613D025AB60E
     6161015AB10261DD
2C27 005AB40E6160015A (vgm_monkey_island):00379             FCB $00,$5A,$B4,$0E,$61,$60,$01,$5A,$C0,$08,$80,$5A,$20,$20,$5A,$40,$1C,$5A,$60,$62,$5A,$80,$75,$80,$5A,$E0,$01,$5A,$23,$22,$5A,$43
     C008805A20205A40
     1C5A60625A807580
     5AE0015A23225A43
2C47 005A63A8805A83F5 (vgm_monkey_island):00380             FCB $00,$5A,$63,$A8,$80,$5A,$83,$F5,$5A,$A0,$00,$80,$5A,$B0,$2B,$5A,$21,$0C,$80,$5A,$41,$00,$5A,$61,$78,$5A,$81,$4C,$80,$5A,$E1,$02
     5AA000805AB02B5A
     210C805A41005A61
     785A814C805AE102
2C67 5A241B5A44035A64 (vgm_monkey_island):00381             FCB $5A,$24,$1B,$5A,$44,$03,$5A,$64,$AA,$80,$5A,$84,$8A,$5A,$A1,$00,$5A,$B1,$2E,$61,$46,$03,$5A,$22,$2A,$5A,$42,$25,$80,$5A,$62,$E6
     AA805A848A5AA100
     5AB12E6146035A22
     2A5A4225805A62E6
2C87 5A82D75AE2005A25 (vgm_monkey_island):00382             FCB $5A,$82,$D7,$5A,$E2,$00,$5A,$25,$22,$80,$5A,$45,$07,$5A,$65,$F6,$5A,$85,$F7,$80,$5A,$A2,$2E,$5A,$B2,$23,$61,$D3,$04,$5A,$B0,$0B
     22805A45075A65F6
     5A85F7805AA22E5A
     B22361D3045AB00B
2CA7 617A095AB10E613D (vgm_monkey_island):00383             FCB $61,$7A,$09,$5A,$B1,$0E,$61,$3D,$02,$5A,$B2,$03,$61,$F6,$03,$5A,$C0,$0C,$5A,$20,$21,$80,$5A,$40,$94,$5A,$60,$72,$5A,$80,$2D,$80
     025AB20361F6035A
     C00C5A2021805A40
     945A60725A802D80
2CC7 5AE0005A23615A43 (vgm_monkey_island):00384             FCB $5A,$E0,$00,$5A,$23,$61,$5A,$43,$08,$5A,$63,$82,$80,$5A,$83,$3B,$5A,$A0,$AB,$80,$5A,$B0,$2A,$61,$84,$00,$5A,$21,$22,$5A,$41,$1D
     085A6382805A833B
     5AA0AB805AB02A61
     84005A21225A411D
2CE7 5A61C6805A81775A (vgm_monkey_island):00385             FCB $5A,$61,$C6,$80,$5A,$81,$77,$5A,$E1,$00,$5A,$24,$22,$5A,$44,$40,$80,$5A,$64,$F4,$5A,$84,$F7,$80,$5A,$A1,$AB,$5A,$B1,$22,$5A,$C2
     E1005A24225A4440
     805A64F45A84F780
     5AA1AB5AB1225AC2
2D07 08805A22205A421C (vgm_monkey_island):00386             FCB $08,$80,$5A,$22,$20,$5A,$42,$1C,$5A,$62,$62,$80,$5A,$82,$75,$5A,$E2,$01,$5A,$45,$00,$80,$5A,$65,$A8,$5A,$85,$F5,$5A,$A2,$00,$80
     5A6262805A82755A
     E2015A4500805A65
     A85A85F55AA20080
2D27 5AB22A6184005AC3 (vgm_monkey_island):00387             FCB $5A,$B2,$2A,$61,$84,$00,$5A,$C3,$00,$5A,$28,$00,$80,$5A,$48,$14,$5A,$68,$C8,$5A,$88,$4C,$80,$5A,$E8,$00,$5A,$2B,$20,$5A,$6B,$D6
     005A2800805A4814
     5A68C85A884C805A
     E8005A2B205A6BD6
2D47 805A8BFF5AA39080 (vgm_monkey_island):00388             FCB $80,$5A,$8B,$FF,$5A,$A3,$90,$80,$5A,$B3,$27,$61,$DD,$00,$5A,$C4,$0A,$5A,$29,$2A,$5A,$49,$25,$5A,$69,$E6,$80,$5A,$89,$D7,$5A,$2C
     5AB32761DD005AC4
     0A5A292A5A49255A
     69E6805A89D75A2C
2D67 225A4C07805A6CF6 (vgm_monkey_island):00389             FCB $22,$5A,$4C,$07,$80,$5A,$6C,$F6,$5A,$8C,$F7,$80,$5A,$A4,$00,$5A,$B4,$2A,$5A,$C5,$0A,$80,$5A,$2A,$2A,$5A,$4A,$25,$5A,$6A,$E6,$80
     5A8CF7805AA4005A
     B42A5AC50A805A2A
     2A5A4A255A6AE680
2D87 5A8AD75A2D225A4D (vgm_monkey_island):00390             FCB $5A,$8A,$D7,$5A,$2D,$22,$5A,$4D,$07,$80,$5A,$6D,$F6,$5A,$8D,$F7,$80,$5A,$B5,$2A,$80,$5A,$C6,$0A,$5A,$30,$2A,$80,$5A,$50,$25,$5A
     07805A6DF65A8DF7
     805AB52A805AC60A
     5A302A805A50255A
2DA7 70E65A90D7805A33 (vgm_monkey_island):00391             FCB $70,$E6,$5A,$90,$D7,$80,$5A,$33,$22,$5A,$53,$07,$5A,$73,$F6,$5A,$93,$F7,$80,$5A,$A6,$3F,$5A,$B6,$2A,$61,$60,$06,$5A,$B2,$0A,$61
     225A53075A73F65A
     93F7805AA63F5AB6
     2A6160065AB20A61
2DC7 44085AB30761DD00 (vgm_monkey_island):00392             FCB $44,$08,$5A,$B3,$07,$61,$DD,$00,$5A,$B0,$0A,$61,$69,$02,$5A,$B1,$02,$61,$E5,$01,$5A,$B6,$0A,$61,$61,$01,$5A,$B4,$0A,$80,$5A,$C0
     5AB00A6169025AB1
     0261E5015AB60A61
     61015AB40A805AC0
2DE7 085A2020805A401C (vgm_monkey_island):00393             FCB $08,$5A,$20,$20,$80,$5A,$40,$1C,$5A,$60,$62,$5A,$80,$75,$5A,$E0,$01,$80,$5A,$23,$22,$5A,$43,$00,$5A,$63,$A8,$80,$5A,$83,$F5,$5A
     5A60625A80755AE0
     01805A23225A4300
     5A63A8805A83F55A
2E07 A0005AB02A613401 (vgm_monkey_island):00394             FCB $A0,$00,$5A,$B0,$2A,$61,$34,$01,$5A,$C1,$0E,$80,$5A,$21,$21,$5A,$41,$1E,$5A,$61,$B2,$5A,$81,$3E,$80,$5A,$24,$21,$5A,$44,$0C,$80
     5AC10E805A21215A
     411E5A61B25A813E
     805A24215A440C80
2E27 5A64935A843F805A (vgm_monkey_island):00395             FCB $5A,$64,$93,$5A,$84,$3F,$80,$5A,$B1,$2E,$5A,$C2,$0E,$80,$5A,$22,$21,$5A,$42,$1E,$5A,$62,$B2,$5A,$82,$3E,$80,$5A,$E2,$00,$5A,$25
     B12E5AC20E805A22
     215A421E5A62B25A
     823E805AE2005A25
2E47 215A450C5A659380 (vgm_monkey_island):00396             FCB $21,$5A,$45,$0C,$5A,$65,$93,$80,$5A,$85,$3F,$5A,$A2,$3F,$80,$5A,$B2,$2E,$80,$5A,$C3,$0E,$5A,$28,$21,$5A,$48,$1E,$80,$5A,$68,$B2
     5A853F5AA23F805A
     B22E805AC30E5A28
     215A481E805A68B2
2E67 5A883E5A2B21805A (vgm_monkey_island):00397             FCB $5A,$88,$3E,$5A,$2B,$21,$80,$5A,$4B,$0C,$5A,$6B,$93,$5A,$8B,$3F,$80,$5A,$A3,$00,$5A,$B3,$2E,$80,$5A,$C4,$00,$5A,$29,$00,$5A,$49
     4B0C5A6B935A8B3F
     805AA3005AB32E80
     5AC4005A29005A49
2E87 145A69C8805A894C (vgm_monkey_island):00398             FCB $14,$5A,$69,$C8,$80,$5A,$89,$4C,$5A,$2C,$20,$80,$5A,$4C,$00,$5A,$6C,$D6,$5A,$8C,$FF,$80,$5A,$A4,$90,$5A,$B4,$27,$5A,$B5,$0A,$80
     5A2C20805A4C005A
     6CD65A8CFF805AA4
     905AB4275AB50A80
2EA7 5AC500805A2A215A (vgm_monkey_island):00399             FCB $5A,$C5,$00,$80,$5A,$2A,$21,$5A,$4A,$00,$5A,$6A,$FA,$5A,$8A,$6A,$80,$5A,$2D,$21,$5A,$4D,$0B,$5A,$6D,$AA,$80,$5A,$8D,$FA,$5A,$A5
     4A005A6AFA5A8A6A
     805A2D215A4D0B5A
     6DAA805A8DFA5AA5
2EC7 61805AB52E618500 (vgm_monkey_island):00400             FCB $61,$80,$5A,$B5,$2E,$61,$85,$00,$5A,$A6,$2E,$5A,$B6,$27,$61,$9D,$08,$5A,$B0,$0A,$61,$2A,$0A,$5A,$B6,$07,$61,$7A,$04,$5A,$B5,$0E
     5AA62E5AB627619D
     085AB00A612A0A5A
     B607617A045AB50E
2EE7 5AC00C5A2021805A (vgm_monkey_island):00401             FCB $5A,$C0,$0C,$5A,$20,$21,$80,$5A,$40,$94,$5A,$60,$72,$5A,$80,$2D,$5A,$E0,$00,$80,$5A,$23,$61,$5A,$43,$08,$5A,$63,$82,$80,$5A,$83
     40945A60725A802D
     5AE000805A23615A
     43085A6382805A83
2F07 3B5AA0AB5AB02A80 (vgm_monkey_island):00402             FCB $3B,$5A,$A0,$AB,$5A,$B0,$2A,$80,$5A,$C5,$0A,$5A,$2A,$22,$80,$5A,$4A,$1D,$5A,$6A,$C6,$5A,$8A,$77,$80,$5A,$2D,$22,$5A,$4D,$40,$5A
     5AC50A5A2A22805A
     4A1D5A6AC65A8A77
     805A2D225A4D405A
2F27 6DF4805A8DF75AA5 (vgm_monkey_island):00403             FCB $6D,$F4,$80,$5A,$8D,$F7,$5A,$A5,$2E,$5A,$B5,$23,$61,$29,$0F,$5A,$B4,$07,$61,$F6,$03,$5A,$B0,$0A,$61,$82,$0A,$5A,$C0,$0A,$80,$5A
     2E5AB52361290F5A
     B40761F6035AB00A
     61820A5AC00A805A
2F47 202A5A40255A60E6 (vgm_monkey_island):00404             FCB $20,$2A,$5A,$40,$25,$5A,$60,$E6,$5A,$80,$D7,$80,$5A,$23,$22,$5A,$43,$07,$80,$5A,$63,$F6,$5A,$83,$F7,$5A,$A0,$2E,$80,$5A,$B0,$23
     5A80D7805A23225A
     4307805A63F65A83
     F75AA02E805AB023
2F67 61550F5AB0036122 (vgm_monkey_island):00405             FCB $61,$55,$0F,$5A,$B0,$03,$61,$22,$09,$5A,$B2,$0E,$61,$58,$00,$5A,$C0,$0C,$80,$5A,$20,$21,$5A,$40,$94,$5A,$60,$72,$5A,$80,$2D,$80
     095AB20E6158005A
     C00C805A20215A40
     945A60725A802D80
2F87 5A23615A43085A63 (vgm_monkey_island):00406             FCB $5A,$23,$61,$5A,$43,$08,$5A,$63,$82,$80,$5A,$83,$3B,$5A,$A0,$AB,$80,$5A,$B0,$2A,$5A,$B3,$0E,$61,$58,$00,$5A,$B1,$0E,$61,$DD,$00
     82805A833B5AA0AB
     805AB02A5AB30E61
     58005AB10E61DD00
2FA7 5AC1005A21005A41 (vgm_monkey_island):00407             FCB $5A,$C1,$00,$5A,$21,$00,$5A,$41,$14,$80,$5A,$61,$C8,$5A,$81,$4C,$5A,$24,$20,$80,$5A,$44,$00,$5A,$64,$D6,$5A,$84,$FF,$80,$5A,$A1
     14805A61C85A814C
     5A2420805A44005A
     64D65A84FF805AA1
2FC7 905AB127805AC20A (vgm_monkey_island):00408             FCB $90,$5A,$B1,$27,$80,$5A,$C2,$0A,$5A,$22,$2A,$5A,$42,$25,$80,$5A,$62,$E6,$5A,$82,$D7,$5A,$25,$22,$80,$5A,$45,$07,$5A,$65,$F6,$5A
     5A222A5A4225805A
     62E65A82D75A2522
     805A45075A65F65A
2FE7 85F7805AA2AB5AB2 (vgm_monkey_island):00409             FCB $85,$F7,$80,$5A,$A2,$AB,$5A,$B2,$2A,$80,$5A,$C3,$0A,$5A,$28,$2A,$5A,$48,$25,$80,$5A,$68,$E6,$5A,$88,$D7,$5A,$2B,$22,$80,$5A,$4B
     2A805AC30A5A282A
     5A4825805A68E65A
     88D75A2B22805A4B
3007 075A6BF65A8BF780 (vgm_monkey_island):00410             FCB $07,$5A,$6B,$F6,$5A,$8B,$F7,$80,$5A,$A3,$3F,$5A,$B3,$2A,$80,$5A,$C4,$0A,$5A,$29,$2A,$5A,$49,$25,$5A,$69,$E6,$80,$5A,$89,$D7,$5A
     5AA33F5AB32A805A
     C40A5A292A5A4925
     5A69E6805A89D75A
3027 2C22805A4C075A6C (vgm_monkey_island):00411             FCB $2C,$22,$80,$5A,$4C,$07,$5A,$6C,$F6,$5A,$8C,$F7,$80,$5A,$A4,$00,$5A,$B4,$2A,$61,$2A,$0A,$5A,$B5,$03,$61,$B0,$05,$5A,$B0,$0A,$61
     F65A8CF7805AA400
     5AB42A612A0A5AB5
     0361B0055AB00A61
3047 34015AB40A61EE02 (vgm_monkey_island):00412             FCB $34,$01,$5A,$B4,$0A,$61,$EE,$02,$5A,$B3,$0A,$61,$61,$01,$5A,$B2,$0A,$61,$22,$04,$5A,$C0,$0A,$5A,$20,$2A,$5A,$40,$25,$5A,$60,$E6
     5AB30A6161015AB2
     0A6122045AC00A5A
     202A5A40255A60E6
3067 805A80D75A23225A (vgm_monkey_island):00413             FCB $80,$5A,$80,$D7,$5A,$23,$22,$5A,$43,$07,$80,$5A,$63,$F6,$5A,$83,$F7,$80,$5A,$A0,$2E,$5A,$B0,$27,$61,$F3,$12,$5A,$B0,$07,$61,$45
     4307805A63F65A83
     F7805AA02E5AB027
     61F3125AB0076145
3087 035AB1076196025A (vgm_monkey_island):00414             FCB $03,$5A,$B1,$07,$61,$96,$02,$5A,$C0,$0C,$80,$5A,$20,$21,$5A,$40,$94,$5A,$60,$72,$80,$5A,$80,$2D,$5A,$23,$61,$5A,$43,$08,$80,$5A
     C00C805A20215A40
     945A6072805A802D
     5A23615A4308805A
30A7 63825A833B5AA000 (vgm_monkey_island):00415             FCB $63,$82,$5A,$83,$3B,$5A,$A0,$00,$80,$5A,$B0,$2B,$61,$DD,$00,$5A,$C1,$0E,$5A,$21,$21,$5A,$41,$1E,$80,$5A,$61,$B2,$5A,$81,$3E,$80
     805AB02B61DD005A
     C10E5A21215A411E
     805A61B25A813E80
30C7 5A24215A440C5A64 (vgm_monkey_island):00416             FCB $5A,$24,$21,$5A,$44,$0C,$5A,$64,$93,$5A,$84,$3F,$80,$5A,$A1,$C7,$5A,$B1,$2B,$80,$5A,$C2,$0E,$5A,$22,$21,$5A,$42,$1E,$80,$5A,$62
     935A843F805AA1C7
     5AB12B805AC20E5A
     22215A421E805A62
30E7 B25A823E5A252180 (vgm_monkey_island):00417             FCB $B2,$5A,$82,$3E,$5A,$25,$21,$80,$5A,$45,$0C,$5A,$65,$93,$5A,$85,$3F,$80,$5A,$B2,$2E,$80,$5A,$C3,$0E,$5A,$28,$21,$5A,$48,$1E,$80
     5A450C5A65935A85
     3F805AB22E805AC3
     0E5A28215A481E80
3107 5A68B25A883E5A2B (vgm_monkey_island):00418             FCB $5A,$68,$B2,$5A,$88,$3E,$5A,$2B,$21,$80,$5A,$4B,$0C,$5A,$6B,$93,$5A,$8B,$3F,$80,$5A,$B3,$2E,$61,$D9,$0F,$5A,$B2,$0E,$61,$58,$00
     21805A4B0C5A6B93
     5A8B3F805AB32E61
     D90F5AB20E615800
3127 5AB30E61F7035AB1 (vgm_monkey_island):00419             FCB $5A,$B3,$0E,$61,$F7,$03,$5A,$B1,$0B,$61,$83,$05,$5A,$C1,$0A,$80,$5A,$21,$2A,$5A,$41,$25,$5A,$61,$E6,$80,$5A,$81,$D7,$5A,$24,$22
     0B6183055AC10A80
     5A212A5A41255A61
     E6805A81D75A2422
3147 5A4407805A64F65A (vgm_monkey_island):00420             FCB $5A,$44,$07,$80,$5A,$64,$F6,$5A,$84,$F7,$5A,$A1,$00,$80,$5A,$B1,$23,$61,$D2,$09,$5A,$B1,$03,$61,$D1,$0E,$5A,$A1,$3F,$5A,$B1,$2A
     84F75AA100805AB1
     2361D2095AB10361
     D10E5AA13F5AB12A
3167 805AC20A5A222A80 (vgm_monkey_island):00421             FCB $80,$5A,$C2,$0A,$5A,$22,$2A,$80,$5A,$42,$25,$5A,$62,$E6,$5A,$82,$D7,$80,$5A,$25,$22,$5A,$45,$07,$5A,$65,$F6,$5A,$85,$F7,$80,$5A
     5A42255A62E65A82
     D7805A25225A4507
     5A65F65A85F7805A
3187 A2C75AB227805AC3 (vgm_monkey_island):00422             FCB $A2,$C7,$5A,$B2,$27,$80,$5A,$C3,$0A,$5A,$28,$2A,$80,$5A,$48,$25,$5A,$68,$E6,$5A,$88,$D7,$80,$5A,$2B,$22,$5A,$4B,$07,$5A,$6B,$F6
     0A5A282A805A4825
     5A68E65A88D7805A
     2B225A4B075A6BF6
31A7 805A8BF75AA3005A (vgm_monkey_island):00423             FCB $80,$5A,$8B,$F7,$5A,$A3,$00,$5A,$B3,$2B,$61,$B1,$00,$5A,$C4,$00,$5A,$29,$00,$5A,$49,$14,$80,$5A,$69,$C8,$5A,$89,$4C,$80,$5A,$2C
     B32B61B1005AC400
     5A29005A4914805A
     69C85A894C805A2C
31C7 205A4C005A6CD65A (vgm_monkey_island):00424             FCB $20,$5A,$4C,$00,$5A,$6C,$D6,$5A,$8C,$FF,$80,$5A,$A4,$90,$5A,$B4,$27,$80,$5A,$C5,$00,$5A,$2A,$21,$5A,$4A,$00,$80,$5A,$6A,$FA,$5A
     8CFF805AA4905AB4
     27805AC5005A2A21
     5A4A00805A6AFA5A
31E7 8A6A5A2D21805A4D (vgm_monkey_island):00425             FCB $8A,$6A,$5A,$2D,$21,$80,$5A,$4D,$0B,$5A,$6D,$AA,$5A,$8D,$FA,$80,$5A,$A5,$61,$5A,$B5,$2E,$61,$BF,$11,$5A,$B4,$07,$61,$B0,$00,$5A
     0B5A6DAA5A8DFA80
     5AA5615AB52E61BF
     115AB40761B0005A
3207 B20761B1005AB30B (vgm_monkey_island):00426             FCB $B2,$07,$61,$B1,$00,$5A,$B3,$0B,$61,$08,$01,$5A,$B5,$0E,$61,$58,$00,$5A,$B1,$0A,$61,$A7,$04,$5A,$A1,$00,$5A,$B1,$27,$61,$84,$00
     6108015AB50E6158
     005AB10A61A7045A
     A1005AB127618400
3227 5AC200805A22005A (vgm_monkey_island):00427             FCB $5A,$C2,$00,$80,$5A,$22,$00,$5A,$42,$14,$5A,$62,$C8,$5A,$82,$4C,$80,$5A,$25,$20,$5A,$45,$00,$5A,$65,$D6,$80,$5A,$85,$FF,$5A,$A2
     42145A62C85A824C
     805A25205A45005A
     65D6805A85FF5AA2
3247 90805AB2275AC30E (vgm_monkey_island):00428             FCB $90,$80,$5A,$B2,$27,$5A,$C3,$0E,$5A,$28,$21,$80,$5A,$48,$1E,$5A,$68,$B2,$5A,$88,$3E,$80,$5A,$2B,$21,$5A,$4B,$0C,$5A,$6B,$93,$80
     5A2821805A481E5A
     68B25A883E805A2B
     215A4B0C5A6B9380
3267 5A8B3F5AA3C75AB3 (vgm_monkey_island):00429             FCB $5A,$8B,$3F,$5A,$A3,$C7,$5A,$B3,$2B,$80,$5A,$C4,$0E,$5A,$29,$21,$80,$5A,$49,$1E,$5A,$69,$B2,$5A,$89,$3E,$80,$5A,$2C,$21,$5A,$4C
     2B805AC40E5A2921
     805A491E5A69B25A
     893E805A2C215A4C
3287 0C5A6C93805A8C3F (vgm_monkey_island):00430             FCB $0C,$5A,$6C,$93,$80,$5A,$8C,$3F,$5A,$A4,$AB,$5A,$B4,$2E,$80,$5A,$C5,$0E,$80,$5A,$4A,$1E,$5A,$6A,$B2,$5A,$8A,$3E,$80,$5A,$4D,$0C
     5AA4AB5AB42E805A
     C50E805A4A1E5A6A
     B25A8A3E805A4D0C
32A7 5A6D935A8D3F805A (vgm_monkey_island):00431             FCB $5A,$6D,$93,$5A,$8D,$3F,$80,$5A,$A5,$3F,$5A,$B5,$2E,$61,$8D,$01,$5A,$30,$22,$5A,$50,$1D,$5A,$70,$C6,$80,$5A,$90,$77,$5A,$53,$40
     A53F5AB52E618D01
     5A30225A501D5A70
     C6805A90775A5340
32C7 805A73F4805AA600 (vgm_monkey_island):00432             FCB $80,$5A,$73,$F4,$80,$5A,$A6,$00,$5A,$B6,$23,$61,$5F,$0B,$5A,$B1,$07,$61,$56,$0A,$5A,$21,$22,$5A,$41,$1D,$5A,$61,$C6,$5A,$81,$77
     5AB623615F0B5AB1
     0761560A5A21225A
     411D5A61C65A8177
32E7 805A4440805A64F4 (vgm_monkey_island):00433             FCB $80,$5A,$44,$40,$80,$5A,$64,$F4,$5A,$A1,$3F,$80,$5A,$B1,$22,$5A,$C7,$0A,$80,$5A,$31,$0C,$5A,$51,$00,$5A,$71,$78,$5A,$91,$4C,$80
     5AA13F805AB1225A
     C70A805A310C5A51
     005A71785A914C80
3307 5AF1025A341B5A54 (vgm_monkey_island):00434             FCB $5A,$F1,$02,$5A,$34,$1B,$5A,$54,$03,$80,$5A,$74,$AA,$5A,$94,$8A,$5A,$A7,$00,$80,$5A,$B7,$2E,$61,$2B,$05,$5A,$B6,$03,$61,$C1,$07
     03805A74AA5A948A
     5AA700805AB72E61
     2B055AB60361C107
3327 5AB70E61B0005AB2 (vgm_monkey_island):00435             FCB $5A,$B7,$0E,$61,$B0,$00,$5A,$B2,$07,$61,$58,$00,$5A,$B0,$0B,$61,$B7,$0B,$5A,$C0,$0A,$5A,$20,$0C,$5A,$40,$00,$80,$5A,$60,$78,$5A
     076158005AB00B61
     B70B5AC00A5A200C
     5A4000805A60785A
3347 804C5AE0025A231B (vgm_monkey_island):00436             FCB $80,$4C,$5A,$E0,$02,$5A,$23,$1B,$80,$5A,$43,$03,$5A,$63,$AA,$5A,$83,$8A,$80,$5A,$B0,$2E,$80,$5A,$C2,$0A,$5A,$22,$2A,$5A,$42,$25
     805A43035A63AA5A
     838A805AB02E805A
     C20A5A222A5A4225
3367 5A62E6805A82D75A (vgm_monkey_island):00437             FCB $5A,$62,$E6,$80,$5A,$82,$D7,$5A,$25,$22,$80,$5A,$45,$07,$5A,$65,$F6,$5A,$85,$F7,$80,$5A,$A2,$00,$5A,$B2,$23,$80,$5A,$C6,$00,$5A
     2522805A45075A65
     F65A85F7805AA200
     5AB223805AC6005A
3387 30215A50005A70FA (vgm_monkey_island):00438             FCB $30,$21,$5A,$50,$00,$5A,$70,$FA,$80,$5A,$90,$6A,$5A,$33,$21,$5A,$53,$0B,$80,$5A,$73,$AA,$5A,$93,$FA,$80,$5A,$A6,$61,$5A,$B6,$2E
     805A906A5A33215A
     530B805A73AA5A93
     FA805AA6615AB62E
33A7 61E30B5AB50E6109 (vgm_monkey_island):00439             FCB $61,$E3,$0B,$5A,$B5,$0E,$61,$09,$01,$5A,$B4,$0E,$61,$08,$01,$5A,$B2,$03,$61,$96,$02,$5A,$B3,$0B,$61,$E5,$01,$5A,$B1,$02,$61,$B9
     015AB40E6108015A
     B2036196025AB30B
     61E5015AB10261B9
33C7 015AB00E61E5015A (vgm_monkey_island):00440             FCB $01,$5A,$B0,$0E,$61,$E5,$01,$5A,$B6,$0E,$61,$96,$02,$5A,$20,$2A,$80,$5A,$40,$25,$5A,$60,$E6,$5A,$80,$D7,$5A,$E0,$00,$80,$5A,$23
     B60E6196025A202A
     805A40255A60E65A
     80D75AE000805A23
33E7 225A43075A63F680 (vgm_monkey_island):00441             FCB $22,$5A,$43,$07,$5A,$63,$F6,$80,$5A,$83,$F7,$5A,$A0,$C7,$5A,$B0,$27,$80,$5A,$21,$2A,$80,$5A,$41,$25,$5A,$61,$E6,$5A,$81,$D7,$80
     5A83F75AA0C75AB0
     27805A212A805A41
     255A61E65A81D780
3407 5A44075A64F6805A (vgm_monkey_island):00442             FCB $5A,$44,$07,$5A,$64,$F6,$80,$5A,$A1,$00,$5A,$B1,$2B,$80,$5A,$C2,$00,$5A,$22,$00,$5A,$42,$14,$80,$5A,$62,$C8,$5A,$82,$4C,$80,$5A
     A1005AB12B805AC2
     005A22005A421480
     5A62C85A824C805A
3427 25205A45005A65D6 (vgm_monkey_island):00443             FCB $25,$20,$5A,$45,$00,$5A,$65,$D6,$5A,$85,$FF,$80,$5A,$A2,$90,$5A,$B2,$27,$61,$58,$00,$5A,$C3,$0A,$5A,$28,$2A,$5A,$48,$25,$5A,$68
     5A85FF805AA2905A
     B2276158005AC30A
     5A282A5A48255A68
3447 E6805A88D75A2B22 (vgm_monkey_island):00444             FCB $E6,$80,$5A,$88,$D7,$5A,$2B,$22,$80,$5A,$4B,$07,$5A,$6B,$F6,$5A,$8B,$F7,$80,$5A,$A3,$3F,$5A,$B3,$2A,$80,$5A,$C4,$0A,$5A,$29,$22
     805A4B075A6BF65A
     8BF7805AA33F5AB3
     2A805AC40A5A2922
3467 5A491D5A69C6805A (vgm_monkey_island):00445             FCB $5A,$49,$1D,$5A,$69,$C6,$80,$5A,$89,$77,$5A,$2C,$22,$80,$5A,$4C,$40,$5A,$6C,$F4,$5A,$8C,$F7,$80,$5A,$A4,$00,$5A,$B4,$22,$61,$B4
     89775A2C22805A4C
     405A6CF45A8CF780
     5AA4005AB42261B4
3487 155AB402614F045A (vgm_monkey_island):00446             FCB $15,$5A,$B4,$02,$61,$4F,$04,$5A,$29,$2A,$80,$5A,$49,$25,$5A,$69,$E6,$5A,$89,$D7,$80,$5A,$4C,$07,$5A,$6C,$F6,$80,$5A,$A4,$3F,$5A
     292A805A49255A69
     E65A89D7805A4C07
     5A6CF6805AA43F5A
34A7 B426805AB00761E5 (vgm_monkey_island):00447             FCB $B4,$26,$80,$5A,$B0,$07,$61,$E5,$01,$5A,$B3,$0A,$61,$F7,$03,$5A,$B1,$0B,$61,$DA,$0A,$5A,$B4,$06,$61,$C0,$07,$5A,$20,$22,$5A,$40
     015AB30A61F7035A
     B10B61DA0A5AB406
     61C0075A20225A40
34C7 1D805A60C65A8077 (vgm_monkey_island):00448             FCB $1D,$80,$5A,$60,$C6,$5A,$80,$77,$80,$5A,$43,$40,$5A,$63,$F4,$80,$5A,$A0,$00,$5A,$B0,$22,$80,$5A,$C1,$00,$5A,$21,$21,$5A,$41,$00
     805A43405A63F480
     5AA0005AB022805A
     C1005A21215A4100
34E7 805A61FA5A816A5A (vgm_monkey_island):00449             FCB $80,$5A,$61,$FA,$5A,$81,$6A,$5A,$24,$21,$80,$5A,$44,$0B,$5A,$64,$AA,$5A,$84,$FA,$80,$5A,$A1,$61,$5A,$B1,$2E,$80,$5A,$C3,$0C,$80
     2421805A440B5A64
     AA5A84FA805AA161
     5AB12E805AC30C80
3507 5A28215A48945A68 (vgm_monkey_island):00450             FCB $5A,$28,$21,$5A,$48,$94,$5A,$68,$72,$5A,$88,$2D,$80,$5A,$2B,$61,$5A,$4B,$08,$80,$5A,$6B,$82,$5A,$8B,$3B,$5A,$A3,$00,$80,$5A,$B3
     725A882D805A2B61
     5A4B08805A6B825A
     8B3B5AA300805AB3
3527 2E61DB055AB20761 (vgm_monkey_island):00451             FCB $2E,$61,$DB,$05,$5A,$B2,$07,$61,$18,$0D,$5A,$B1,$0E,$61,$C0,$07,$5A,$B0,$02,$61,$8D,$01,$5A,$20,$2A,$5A,$40,$25,$5A,$60,$E6,$5A
     180D5AB10E61C007
     5AB002618D015A20
     2A5A40255A60E65A
3547 80D7805A43075A63 (vgm_monkey_island):00452             FCB $80,$D7,$80,$5A,$43,$07,$5A,$63,$F6,$61,$58,$00,$5A,$B0,$26,$61,$5E,$10,$5A,$B0,$06,$61,$5F,$06,$5A,$20,$22,$5A,$40,$1D,$5A,$60
     F66158005AB02661
     5E105AB006615F06
     5A20225A401D5A60
3567 C6805A80775A4340 (vgm_monkey_island):00453             FCB $C6,$80,$5A,$80,$77,$5A,$43,$40,$80,$5A,$63,$F4,$80,$5A,$A0,$61,$5A,$B0,$22,$61,$84,$00,$5A,$21,$00,$5A,$41,$14,$80,$5A,$61,$C8
     805A63F4805AA061
     5AB0226184005A21
     005A4114805A61C8
3587 5A814C5A2420805A (vgm_monkey_island):00454             FCB $5A,$81,$4C,$5A,$24,$20,$80,$5A,$44,$00,$5A,$64,$D6,$5A,$84,$FF,$80,$5A,$A1,$90,$5A,$B1,$27,$5A,$B3,$0E,$80,$5A,$C2,$0A,$5A,$22
     44005A64D65A84FF
     805AA1905AB1275A
     B30E805AC20A5A22
35A7 2A805A42255A62E6 (vgm_monkey_island):00455             FCB $2A,$80,$5A,$42,$25,$5A,$62,$E6,$5A,$82,$D7,$80,$5A,$25,$22,$5A,$45,$07,$5A,$65,$F6,$80,$5A,$85,$F7,$5A,$A2,$00,$5A,$B2,$2A,$80
     5A82D7805A25225A
     45075A65F6805A85
     F75AA2005AB22A80
35C7 5AC30A5A282A805A (vgm_monkey_island):00456             FCB $5A,$C3,$0A,$5A,$28,$2A,$80,$5A,$48,$25,$5A,$68,$E6,$5A,$88,$D7,$80,$5A,$2B,$22,$5A,$4B,$07,$5A,$6B,$F6,$5A,$8B,$F7,$80,$5A,$B3
     48255A68E65A88D7
     805A2B225A4B075A
     6BF65A8BF7805AB3
35E7 2B61DD005AA4615A (vgm_monkey_island):00457             FCB $2B,$61,$DD,$00,$5A,$A4,$61,$5A,$B4,$2A,$61,$9A,$12,$5A,$B1,$07,$61,$9F,$03,$5A,$B0,$02,$61,$E5,$01,$5A,$B4,$0A,$61,$DC,$00,$5A
     B42A619A125AB107
     619F035AB00261E5
     015AB40A61DC005A
3607 202A5A40255A60E6 (vgm_monkey_island):00458             FCB $20,$2A,$5A,$40,$25,$5A,$60,$E6,$80,$5A,$80,$D7,$5A,$43,$07,$80,$5A,$63,$F6,$5A,$A0,$00,$80,$5A,$B0,$27,$5A,$C1,$0C,$80,$5A,$21
     805A80D75A430780
     5A63F65AA000805A
     B0275AC10C805A21
3627 215A41945A61725A (vgm_monkey_island):00459             FCB $21,$5A,$41,$94,$5A,$61,$72,$5A,$81,$2D,$80,$5A,$24,$61,$5A,$44,$08,$5A,$64,$82,$80,$5A,$84,$3B,$5A,$A1,$00,$80,$5A,$B1,$2E,$61
     812D805A24615A44
     085A6482805A843B
     5AA100805AB12E61
3647 B0005AB4265AC500 (vgm_monkey_island):00460             FCB $B0,$00,$5A,$B4,$26,$5A,$C5,$00,$80,$5A,$4A,$00,$5A,$6A,$FA,$5A,$8A,$6A,$80,$5A,$4D,$0B,$5A,$6D,$AA,$80,$5A,$8D,$FA,$5A,$A5,$61
     805A4A005A6AFA5A
     8A6A805A4D0B5A6D
     AA805A8DFA5AA561
3667 5AB52E6158005AB2 (vgm_monkey_island):00461             FCB $5A,$B5,$2E,$61,$58,$00,$5A,$B2,$0A,$80,$5A,$C2,$00,$5A,$22,$00,$5A,$42,$14,$5A,$62,$C8,$80,$5A,$82,$4C,$5A,$25,$20,$80,$5A,$45
     0A805AC2005A2200
     5A42145A62C8805A
     824C5A2520805A45
3687 005A65D65A85FF80 (vgm_monkey_island):00462             FCB $00,$5A,$65,$D6,$5A,$85,$FF,$80,$5A,$A2,$90,$5A,$B2,$27,$5A,$B3,$0B,$61,$5E,$10,$5A,$B4,$06,$61,$8B,$06,$5A,$B5,$0E,$61,$DD,$00
     5AA2905AB2275AB3
     0B615E105AB40661
     8B065AB50E61DD00
36A7 5AB0075A200C805A (vgm_monkey_island):00463             FCB $5A,$B0,$07,$5A,$20,$0C,$80,$5A,$40,$00,$5A,$60,$78,$5A,$80,$4C,$80,$5A,$E0,$02,$5A,$23,$1B,$5A,$43,$03,$5A,$63,$AA,$80,$5A,$83
     40005A60785A804C
     805AE0025A231B5A
     43035A63AA805A83
36C7 8A5AB02E805AC30C (vgm_monkey_island):00464             FCB $8A,$5A,$B0,$2E,$80,$5A,$C3,$0C,$5A,$28,$21,$80,$5A,$48,$94,$5A,$68,$72,$5A,$88,$2D,$80,$5A,$2B,$61,$5A,$4B,$08,$5A,$6B,$82,$80
     5A2821805A48945A
     68725A882D805A2B
     615A4B085A6B8280
36E7 5A8B3B5AA3615AB3 (vgm_monkey_island):00465             FCB $5A,$8B,$3B,$5A,$A3,$61,$5A,$B3,$2E,$80,$5A,$29,$22,$80,$5A,$49,$1D,$5A,$69,$C6,$5A,$89,$77,$80,$5A,$4C,$40,$5A,$6C,$F4,$80,$5A
     2E805A2922805A49
     1D5A69C65A897780
     5A4C405A6CF4805A
3707 A4005AB423615705 (vgm_monkey_island):00466             FCB $A4,$00,$5A,$B4,$23,$61,$57,$05,$5A,$B1,$0E,$61,$34,$06,$5A,$B2,$07,$5A,$B0,$0E,$61,$BF,$0C,$5A,$B3,$0E,$61,$DD,$00,$5A,$B0,$2E
     5AB10E6134065AB2
     075AB00E61BF0C5A
     B30E61DD005AB02E
3727 6119035AC10A805A (vgm_monkey_island):00467             FCB $61,$19,$03,$5A,$C1,$0A,$80,$5A,$21,$2A,$5A,$41,$25,$5A,$61,$E6,$5A,$81,$D7,$80,$5A,$24,$22,$5A,$44,$07,$5A,$64,$F6,$80,$5A,$84
     212A5A41255A61E6
     5A81D7805A24225A
     44075A64F6805A84
3747 F7805AB12661BF0C (vgm_monkey_island):00468             FCB $F7,$80,$5A,$B1,$26,$61,$BF,$0C,$5A,$B0,$0E,$61,$8C,$06,$5A,$B4,$03,$61,$58,$00,$5A,$B1,$06,$61,$EE,$02,$5A,$C0,$0C,$80,$5A,$20
     5AB00E618C065AB4
     036158005AB10661
     EE025AC00C805A20
3767 215A40945A607280 (vgm_monkey_island):00469             FCB $21,$5A,$40,$94,$5A,$60,$72,$80,$5A,$80,$2D,$5A,$E0,$00,$5A,$23,$61,$5A,$43,$08,$80,$5A,$63,$82,$5A,$83,$3B,$80,$5A,$B0,$2F,$61
     5A802D5AE0005A23
     615A4308805A6382
     5A833B805AB02F61
3787 35015AC1005A2100 (vgm_monkey_island):00470             FCB $35,$01,$5A,$C1,$00,$5A,$21,$00,$80,$5A,$41,$14,$5A,$61,$C8,$5A,$81,$4C,$80,$5A,$24,$20,$5A,$44,$00,$5A,$64,$D6,$80,$5A,$84,$FF
     805A41145A61C85A
     814C805A24205A44
     005A64D6805A84FF
37A7 5AA1905AB127805A (vgm_monkey_island):00471             FCB $5A,$A1,$90,$5A,$B1,$27,$80,$5A,$C2,$0A,$80,$5A,$22,$2A,$5A,$42,$25,$5A,$62,$E6,$5A,$82,$D7,$80,$5A,$25,$22,$5A,$45,$07,$80,$5A
     C20A805A222A5A42
     255A62E65A82D780
     5A25225A4507805A
37C7 65F65A85F75AA200 (vgm_monkey_island):00472             FCB $65,$F6,$5A,$85,$F7,$5A,$A2,$00,$80,$5A,$B2,$2A,$5A,$C3,$0A,$80,$5A,$28,$2A,$5A,$48,$25,$5A,$68,$E6,$5A,$88,$D7,$80,$5A,$2B,$22
     805AB22A5AC30A80
     5A282A5A48255A68
     E65A88D7805A2B22
37E7 5A4B075A6BF6805A (vgm_monkey_island):00473             FCB $5A,$4B,$07,$5A,$6B,$F6,$80,$5A,$8B,$F7,$80,$5A,$B3,$2A,$5A,$29,$2A,$80,$5A,$49,$25,$5A,$69,$E6,$5A,$89,$D7,$80,$5A,$4C,$07,$5A
     8BF7805AB32A5A29
     2A805A49255A69E6
     5A89D7805A4C075A
3807 6CF6805AB42B6153 (vgm_monkey_island):00474             FCB $6C,$F6,$80,$5A,$B4,$2B,$61,$53,$14,$5A,$B0,$0F,$61,$F7,$03,$5A,$B2,$0A,$61,$8D,$01,$5A,$C0,$0A,$5A,$20,$2A,$5A,$40,$25,$80,$5A
     145AB00F61F7035A
     B20A618D015AC00A
     5A202A5A4025805A
3827 60E65A80D75A2322 (vgm_monkey_island):00475             FCB $60,$E6,$5A,$80,$D7,$5A,$23,$22,$80,$5A,$43,$07,$5A,$63,$F6,$5A,$83,$F7,$80,$5A,$B0,$27,$5A,$B3,$0A,$61,$E5,$01,$5A,$B4,$0B,$61
     805A43075A63F65A
     83F7805AB0275AB3
     0A61E5015AB40B61
3847 180D5AB107612109 (vgm_monkey_island):00476             FCB $18,$0D,$5A,$B1,$07,$61,$21,$09,$5A,$C1,$0C,$80,$5A,$21,$21,$5A,$41,$94,$5A,$61,$72,$80,$5A,$81,$2D,$5A,$24,$61,$5A,$44,$08,$80
     5AC10C805A21215A
     41945A6172805A81
     2D5A24615A440880
3867 5A64825A843B805A (vgm_monkey_island):00477             FCB $5A,$64,$82,$5A,$84,$3B,$80,$5A,$A1,$D4,$5A,$B1,$2E,$61,$C9,$08,$5A,$B0,$07,$61,$0F,$0C,$5A,$B1,$0E,$61,$A6,$09,$5A,$A0,$3F,$5A
     A1D45AB12E61C908
     5AB007610F0C5AB1
     0E61A6095AA03F5A
3887 B0266165165AB006 (vgm_monkey_island):00478             FCB $B0,$26,$61,$65,$16,$5A,$B0,$06,$61,$58,$00,$5A,$C0,$0C,$5A,$20,$21,$80,$5A,$40,$94,$5A,$60,$72,$5A,$80,$2D,$80,$5A,$23,$61,$5A
     6158005AC00C5A20
     21805A40945A6072
     5A802D805A23615A
38A7 43085A6382805A83 (vgm_monkey_island):00479             FCB $43,$08,$5A,$63,$82,$80,$5A,$83,$3B,$5A,$A0,$D4,$80,$5A,$B0,$2E,$61,$DC,$00,$5A,$C1,$00,$5A,$21,$00,$5A,$41,$14,$5A,$61,$C8,$80
     3B5AA0D4805AB02E
     61DC005AC1005A21
     005A41145A61C880
38C7 5A814C5A2420805A (vgm_monkey_island):00480             FCB $5A,$81,$4C,$5A,$24,$20,$80,$5A,$44,$00,$5A,$64,$D6,$5A,$84,$FF,$80,$5A,$A1,$90,$5A,$B1,$27,$61,$B1,$00,$5A,$A2,$3F,$5A,$B2,$2A
     44005A64D65A84FF
     805AA1905AB12761
     B1005AA23F5AB22A
38E7 61B0005AA35E5AB3 (vgm_monkey_island):00481             FCB $61,$B0,$00,$5A,$A3,$5E,$5A,$B3,$2B,$5A,$C4,$00,$80,$5A,$29,$21,$5A,$49,$00,$5A,$69,$FA,$5A,$89,$6A,$80,$5A,$2C,$21,$5A,$4C,$0B
     2B5AC400805A2921
     5A49005A69FA5A89
     6A805A2C215A4C0B
3907 805A6CAA5A8CFA5A (vgm_monkey_island):00482             FCB $80,$5A,$6C,$AA,$5A,$8C,$FA,$5A,$A4,$61,$80,$5A,$B4,$2E,$5A,$C5,$0A,$80,$5A,$2A,$2A,$5A,$4A,$25,$5A,$6A,$E6,$5A,$8A,$D7,$80,$5A
     A461805AB42E5AC5
     0A805A2A2A5A4A25
     5A6AE65A8AD7805A
3927 2D225A4D075A6DF6 (vgm_monkey_island):00483             FCB $2D,$22,$5A,$4D,$07,$5A,$6D,$F6,$80,$5A,$8D,$F7,$5A,$A5,$D4,$80,$5A,$B5,$2A,$61,$B6,$10,$5A,$B0,$0E,$61,$08,$01,$5A,$B1,$07,$61
     805A8DF75AA5D480
     5AB52A61B6105AB0
     0E6108015AB10761
3947 96025AB40E614603 (vgm_monkey_island):00484             FCB $96,$02,$5A,$B4,$0E,$61,$46,$03,$5A,$C0,$0A,$5A,$20,$22,$80,$5A,$40,$1D,$5A,$60,$C6,$5A,$80,$77,$80,$5A,$23,$22,$5A,$43,$40,$5A
     5AC00A5A2022805A
     401D5A60C65A8077
     805A23225A43405A
3967 63F45A83F7805AA0 (vgm_monkey_island):00485             FCB $63,$F4,$5A,$83,$F7,$80,$5A,$A0,$3F,$5A,$B0,$22,$80,$5A,$C1,$0A,$80,$5A,$21,$22,$5A,$41,$1D,$5A,$61,$C6,$5A,$81,$77,$80,$5A,$24
     3F5AB022805AC10A
     805A21225A411D5A
     61C65A8177805A24
3987 225A44405A64F480 (vgm_monkey_island):00486             FCB $22,$5A,$44,$40,$5A,$64,$F4,$80,$5A,$84,$F7,$5A,$A1,$85,$80,$5A,$B1,$22,$61,$DD,$00,$5A,$C4,$0A,$5A,$29,$2A,$5A,$49,$25,$80,$5A
     5A84F75AA185805A
     B12261DD005AC40A
     5A292A5A4925805A
39A7 69E65A89D75A2C22 (vgm_monkey_island):00487             FCB $69,$E6,$5A,$89,$D7,$5A,$2C,$22,$80,$5A,$4C,$07,$5A,$6C,$F6,$5A,$8C,$F7,$80,$5A,$A4,$5E,$5A,$B4,$27,$80,$5A,$C6,$08,$5A,$30,$20
     805A4C075A6CF65A
     8CF7805AA45E5AB4
     27805AC6085A3020
39C7 5A501C805A70625A (vgm_monkey_island):00488             FCB $5A,$50,$1C,$80,$5A,$70,$62,$5A,$90,$75,$5A,$F0,$01,$5A,$33,$22,$80,$5A,$53,$00,$5A,$73,$A8,$5A,$93,$F5,$80,$5A,$A6,$00,$5A,$B6
     90755AF0015A3322
     805A53005A73A85A
     93F5805AA6005AB6
39E7 2A805AB50A5AC500 (vgm_monkey_island):00489             FCB $2A,$80,$5A,$B5,$0A,$5A,$C5,$00,$80,$5A,$2A,$00,$5A,$4A,$14,$5A,$6A,$C8,$80,$5A,$8A,$4C,$5A,$2D,$20,$5A,$4D,$00,$80,$5A,$6D,$D6
     805A2A005A4A145A
     6AC8805A8A4C5A2D
     205A4D00805A6DD6
3A07 5A8DFF5AA590805A (vgm_monkey_island):00490             FCB $5A,$8D,$FF,$5A,$A5,$90,$80,$5A,$B5,$27,$5A,$B3,$0B,$61,$09,$01,$5A,$B2,$0A,$61,$22,$04,$5A,$B6,$0A,$61,$3C,$07,$5A,$B1,$02,$61
     B5275AB30B610901
     5AB20A6122045AB6
     0A613C075AB10261
3A27 070B5AC10E5A2121 (vgm_monkey_island):00491             FCB $07,$0B,$5A,$C1,$0E,$5A,$21,$21,$5A,$41,$1E,$5A,$61,$B2,$80,$5A,$81,$3E,$5A,$24,$21,$5A,$44,$0C,$80,$5A,$64,$93,$5A,$84,$3F,$80
     5A411E5A61B2805A
     813E5A24215A440C
     805A64935A843F80
3A47 5AA1D45AB12E805A (vgm_monkey_island):00492             FCB $5A,$A1,$D4,$5A,$B1,$2E,$80,$5A,$C2,$0E,$5A,$22,$21,$5A,$42,$1E,$80,$5A,$62,$B2,$5A,$82,$3E,$5A,$25,$21,$80,$5A,$45,$0C,$5A,$65
     C20E5A22215A421E
     805A62B25A823E5A
     2521805A450C5A65
3A67 935A853F805AB22E (vgm_monkey_island):00493             FCB $93,$5A,$85,$3F,$80,$5A,$B2,$2E,$80,$5A,$28,$22,$5A,$48,$1D,$80,$5A,$68,$C6,$5A,$88,$77,$80,$5A,$4B,$40,$5A,$6B,$F4,$80,$5A,$A3
     805A28225A481D80
     5A68C65A8877805A
     4B405A6BF4805AA3
3A87 D45AB322805AC60C (vgm_monkey_island):00494             FCB $D4,$5A,$B3,$22,$80,$5A,$C6,$0C,$5A,$30,$21,$5A,$50,$94,$5A,$70,$72,$80,$5A,$90,$2D,$5A,$F0,$00,$5A,$33,$61,$80,$5A,$53,$08,$5A
     5A30215A50945A70
     72805A902D5AF000
     5A3361805A53085A
3AA7 73825A933B805AA6 (vgm_monkey_island):00495             FCB $73,$82,$5A,$93,$3B,$80,$5A,$A6,$3F,$5A,$B6,$2E,$80,$5A,$C7,$0E,$5A,$31,$21,$5A,$51,$1E,$5A,$71,$B2,$80,$5A,$91,$3E,$5A,$F1,$00
     3F5AB62E805AC70E
     5A31215A511E5A71
     B2805A913E5AF100
3AC7 5A34215A540C805A (vgm_monkey_island):00496             FCB $5A,$34,$21,$5A,$54,$0C,$80,$5A,$74,$93,$5A,$94,$3F,$80,$5A,$B7,$2E,$80,$5A,$32,$0C,$5A,$52,$00,$5A,$72,$78,$80,$5A,$92,$4C,$5A
     74935A943F805AB7
     2E805A320C5A5200
     5A7278805A924C5A
3AE7 F2025A351B5A5503 (vgm_monkey_island):00497             FCB $F2,$02,$5A,$35,$1B,$5A,$55,$03,$80,$5A,$75,$AA,$5A,$95,$8A,$5A,$A8,$00,$80,$5A,$B8,$2E,$61,$09,$01,$5A,$B4,$07,$61,$B0,$00,$5A
     805A75AA5A958A5A
     A800805AB82E6109
     015AB40761B0005A
3B07 B0026121095AB80E (vgm_monkey_island):00498             FCB $B0,$02,$61,$21,$09,$5A,$B8,$0E,$61,$2B,$05,$5A,$B5,$07,$61,$2A,$0A,$5A,$20,$0C,$5A,$40,$00,$80,$5A,$60,$78,$5A,$80,$4C,$5A,$E0
     612B055AB507612A
     0A5A200C5A400080
     5A60785A804C5AE0
3B27 02805A231B5A4303 (vgm_monkey_island):00499             FCB $02,$80,$5A,$23,$1B,$5A,$43,$03,$5A,$63,$AA,$5A,$83,$8A,$80,$5A,$A0,$00,$5A,$B0,$2E,$80,$5A,$C4,$08,$5A,$29,$20,$5A,$49,$1C,$80
     5A63AA5A838A805A
     A0005AB02E805AC4
     085A29205A491C80
3B47 5A69625A89755AE9 (vgm_monkey_island):00500             FCB $5A,$69,$62,$5A,$89,$75,$5A,$E9,$01,$80,$5A,$4C,$00,$5A,$6C,$A8,$5A,$8C,$F5,$80,$5A,$A4,$00,$5A,$B4,$2B,$61,$B0,$00,$5A,$2A,$21
     01805A4C005A6CA8
     5A8CF5805AA4005A
     B42B61B0005A2A21
3B67 5A4A005A6AFA805A (vgm_monkey_island):00501             FCB $5A,$4A,$00,$5A,$6A,$FA,$80,$5A,$8A,$6A,$5A,$2D,$21,$5A,$4D,$0B,$80,$5A,$6D,$AA,$5A,$8D,$FA,$80,$5A,$A5,$61,$5A,$B5,$2E,$80,$5A
     8A6A5A2D215A4D0B
     805A6DAA5A8DFA80
     5AA5615AB52E805A
3B87 322A5A52255A72E6 (vgm_monkey_island):00502             FCB $32,$2A,$5A,$52,$25,$5A,$72,$E6,$80,$5A,$92,$D7,$5A,$F2,$00,$5A,$35,$22,$5A,$55,$07,$80,$5A,$75,$F6,$5A,$95,$F7,$5A,$A8,$3F,$80
     805A92D75AF2005A
     35225A5507805A75
     F65A95F75AA83F80
3BA7 5AB8266183055AB4 (vgm_monkey_island):00503             FCB $5A,$B8,$26,$61,$83,$05,$5A,$B4,$0B,$61,$2B,$05,$5A,$B3,$02,$61,$9E,$03,$5A,$B0,$0E,$61,$19,$08,$5A,$20,$22,$5A,$40,$1D,$80,$5A
     0B612B055AB30261
     9E035AB00E611908
     5A20225A401D805A
3BC7 60C65A80775AE000 (vgm_monkey_island):00504             FCB $60,$C6,$5A,$80,$77,$5A,$E0,$00,$5A,$23,$22,$80,$5A,$43,$40,$5A,$63,$F4,$5A,$83,$F7,$80,$5A,$A0,$5E,$5A,$B0,$23,$5A,$B6,$0E,$61
     5A2322805A43405A
     63F45A83F7805AA0
     5E5AB0235AB60E61
3BE7 DD005AB50E615800 (vgm_monkey_island):00505             FCB $DD,$00,$5A,$B5,$0E,$61,$58,$00,$5A,$C3,$08,$80,$5A,$28,$20,$5A,$48,$1C,$5A,$68,$62,$80,$5A,$88,$75,$5A,$E8,$01,$5A,$4B,$00,$80
     5AC308805A28205A
     481C5A6862805A88
     755AE8015A4B0080
3C07 5A6BA85A8BF55AA3 (vgm_monkey_island):00506             FCB $5A,$6B,$A8,$5A,$8B,$F5,$5A,$A3,$00,$80,$5A,$B3,$2A,$5A,$C4,$00,$80,$5A,$29,$00,$5A,$49,$14,$5A,$69,$C8,$5A,$89,$4C,$80,$5A,$E9
     00805AB32A5AC400
     805A29005A49145A
     69C85A894C805AE9
3C27 005A2C20805A6CD6 (vgm_monkey_island):00507             FCB $00,$5A,$2C,$20,$80,$5A,$6C,$D6,$5A,$8C,$FF,$5A,$A4,$90,$80,$5A,$B4,$27,$61,$DC,$00,$5A,$C5,$0A,$5A,$2A,$2A,$80,$5A,$4A,$25,$5A
     5A8CFF5AA490805A
     B42761DC005AC50A
     5A2A2A805A4A255A
3C47 6AE65A8AD7805A2D (vgm_monkey_island):00508             FCB $6A,$E6,$5A,$8A,$D7,$80,$5A,$2D,$22,$5A,$4D,$07,$5A,$6D,$F6,$80,$5A,$8D,$F7,$5A,$A5,$3F,$80,$5A,$B5,$2A,$5A,$C6,$0A,$5A,$30,$2A
     225A4D075A6DF680
     5A8DF75AA53F805A
     B52A5AC60A5A302A
3C67 805A50255A70E65A (vgm_monkey_island):00509             FCB $80,$5A,$50,$25,$5A,$70,$E6,$5A,$90,$D7,$80,$5A,$33,$22,$5A,$53,$07,$5A,$73,$F6,$80,$5A,$93,$F7,$5A,$A6,$5E,$5A,$B6,$2B,$61,$84
     90D7805A33225A53
     075A73F6805A93F7
     5AA65E5AB62B6184
3C87 005AB80661E5015A (vgm_monkey_island):00510             FCB $00,$5A,$B8,$06,$61,$E5,$01,$5A,$B2,$0E,$61,$B9,$01,$5A,$B3,$0A,$61,$34,$06,$5A,$B1,$0E,$61,$96,$02,$5A,$B7,$0E,$61,$83,$05,$5A
     B20E61B9015AB30A
     6134065AB10E6196
     025AB70E6183055A
3CA7 B00361FF045AB60B (vgm_monkey_island):00511             FCB $B0,$03,$61,$FF,$04,$5A,$B6,$0B,$61,$84,$00,$5A,$C0,$08,$5A,$20,$20,$5A,$40,$1C,$80,$5A,$60,$62,$5A,$80,$75,$5A,$E0,$01,$80,$5A
     6184005AC0085A20
     205A401C805A6062
     5A80755AE001805A
3CC7 43005A63A85A83F5 (vgm_monkey_island):00512             FCB $43,$00,$5A,$63,$A8,$5A,$83,$F5,$80,$5A,$A0,$00,$5A,$B0,$2A,$61,$8D,$01,$5A,$B5,$0A,$80,$5A,$C1,$0A,$5A,$21,$2A,$5A,$41,$25,$80
     805AA0005AB02A61
     8D015AB50A805AC1
     0A5A212A5A412580
3CE7 5A61E65A81D75A24 (vgm_monkey_island):00513             FCB $5A,$61,$E6,$5A,$81,$D7,$5A,$24,$22,$80,$5A,$44,$07,$5A,$64,$F6,$5A,$84,$F7,$80,$5A,$A1,$5E,$5A,$B1,$27,$61,$0F,$0C,$5A,$B0,$0A
     22805A44075A64F6
     5A84F7805AA15E5A
     B127610F0C5AB00A
3D07 613D025AB4076195 (vgm_monkey_island):00514             FCB $61,$3D,$02,$5A,$B4,$07,$61,$95,$02,$5A,$B1,$07,$61,$2B,$05,$5A,$C0,$0C,$5A,$20,$21,$5A,$40,$94,$5A,$60,$72,$80,$5A,$80,$2D,$5A
     025AB107612B055A
     C00C5A20215A4094
     5A6072805A802D5A
3D27 E0005A23615A4308 (vgm_monkey_island):00515             FCB $E0,$00,$5A,$23,$61,$5A,$43,$08,$80,$5A,$63,$82,$5A,$83,$3B,$80,$5A,$A0,$AB,$5A,$B0,$2A,$80,$5A,$21,$22,$5A,$41,$1D,$5A,$61,$C6
     805A63825A833B80
     5AA0AB5AB02A805A
     21225A411D5A61C6
3D47 805A81775A444080 (vgm_monkey_island):00516             FCB $80,$5A,$81,$77,$5A,$44,$40,$80,$5A,$64,$F4,$5A,$A1,$2E,$80,$5A,$B1,$23,$61,$09,$01,$5A,$A2,$00,$5A,$B2,$2E,$80,$5A,$C3,$0A,$5A
     5A64F45AA12E805A
     B1236109015AA200
     5AB22E805AC30A5A
3D67 280C805A48005A68 (vgm_monkey_island):00517             FCB $28,$0C,$80,$5A,$48,$00,$5A,$68,$78,$5A,$88,$4C,$5A,$E8,$02,$80,$5A,$2B,$1B,$5A,$4B,$03,$5A,$6B,$AA,$5A,$8B,$8A,$80,$5A,$B3,$2E
     785A884C5AE80280
     5A2B1B5A4B035A6B
     AA5A8B8A805AB32E
3D87 805AC40E5A29215A (vgm_monkey_island):00518             FCB $80,$5A,$C4,$0E,$5A,$29,$21,$5A,$49,$1E,$80,$5A,$69,$B2,$5A,$89,$3E,$80,$5A,$2C,$21,$5A,$4C,$0C,$5A,$6C,$93,$5A,$8C,$3F,$80,$5A
     491E805A69B25A89
     3E805A2C215A4C0C
     5A6C935A8C3F805A
3DA7 A42E5AB42B805AC5 (vgm_monkey_island):00519             FCB $A4,$2E,$5A,$B4,$2B,$80,$5A,$C5,$00,$5A,$2A,$21,$5A,$4A,$00,$80,$5A,$6A,$FA,$5A,$8A,$6A,$5A,$2D,$21,$80,$5A,$4D,$0B,$5A,$6D,$AA
     005A2A215A4A0080
     5A6AFA5A8A6A5A2D
     21805A4D0B5A6DAA
3DC7 5A8DFA805AA5615A (vgm_monkey_island):00520             FCB $5A,$8D,$FA,$80,$5A,$A5,$61,$5A,$B5,$2E,$80,$5A,$C6,$0E,$5A,$30,$21,$5A,$50,$1E,$80,$5A,$70,$B2,$5A,$90,$3E,$5A,$33,$21,$80,$5A
     B52E805AC60E5A30
     215A501E805A70B2
     5A903E5A3321805A
3DE7 530C5A73935A933F (vgm_monkey_island):00521             FCB $53,$0C,$5A,$73,$93,$5A,$93,$3F,$80,$5A,$A6,$AB,$5A,$B6,$2E,$61,$C9,$08,$5A,$B3,$0E,$61,$95,$07,$5A,$B4,$0B,$61,$58,$00,$5A,$B0
     805AA6AB5AB62E61
     C9085AB30E619507
     5AB40B6158005AB0
3E07 0A6109015AB60E61 (vgm_monkey_island):00522             FCB $0A,$61,$09,$01,$5A,$B6,$0E,$61,$3D,$02,$5A,$B1,$03,$61,$B0,$00,$5A,$B5,$0E,$61,$35,$01,$5A,$B2,$0E,$61,$EE,$02,$5A,$C0,$0A,$5A
     3D025AB10361B000
     5AB50E6135015AB2
     0E61EE025AC00A5A
3E27 200C5A4000805A60 (vgm_monkey_island):00523             FCB $20,$0C,$5A,$40,$00,$80,$5A,$60,$78,$5A,$80,$4C,$5A,$E0,$02,$5A,$23,$1B,$80,$5A,$43,$03,$5A,$63,$AA,$5A,$83,$8A,$80,$5A,$A0,$00
     785A804C5AE0025A
     231B805A43035A63
     AA5A838A805AA000
3E47 5AB02E6169025A21 (vgm_monkey_island):00524             FCB $5A,$B0,$2E,$61,$69,$02,$5A,$21,$2A,$5A,$41,$25,$80,$5A,$61,$E6,$5A,$81,$D7,$80,$5A,$44,$07,$5A,$64,$F6,$80,$5A,$B1,$23,$61,$0F
     2A5A4125805A61E6
     5A81D7805A44075A
     64F6805AB123610F
3E67 0C5AB00E6195025A (vgm_monkey_island):00525             FCB $0C,$5A,$B0,$0E,$61,$95,$02,$5A,$B1,$03,$61,$2B,$05,$5A,$C0,$0C,$5A,$20,$21,$80,$5A,$40,$94,$5A,$60,$72,$5A,$80,$2D,$5A,$E0,$00
     B103612B055AC00C
     5A2021805A40945A
     60725A802D5AE000
3E87 805A23615A43085A (vgm_monkey_island):00526             FCB $80,$5A,$23,$61,$5A,$43,$08,$5A,$63,$82,$5A,$83,$3B,$80,$5A,$A0,$AB,$5A,$B0,$2A,$61,$B9,$01,$5A,$21,$22,$5A,$41,$1D,$80,$5A,$61
     63825A833B805AA0
     AB5AB02A61B9015A
     21225A411D805A61
3EA7 C65A8177805A4440 (vgm_monkey_island):00527             FCB $C6,$5A,$81,$77,$80,$5A,$44,$40,$5A,$64,$F4,$80,$5A,$A1,$61,$5A,$B1,$22,$80,$5A,$C2,$00,$5A,$22,$00,$5A,$42,$14,$80,$5A,$62,$C8
     5A64F4805AA1615A
     B122805AC2005A22
     005A4214805A62C8
3EC7 5A824C805A25205A (vgm_monkey_island):00528             FCB $5A,$82,$4C,$80,$5A,$25,$20,$5A,$45,$00,$5A,$65,$D6,$5A,$85,$FF,$80,$5A,$A2,$90,$5A,$B2,$27,$80,$5A,$28,$2A,$5A,$48,$25,$80,$5A
     45005A65D65A85FF
     805AA2905AB22780
     5A282A5A4825805A
3EE7 68E65A88D75AE800 (vgm_monkey_island):00529             FCB $68,$E6,$5A,$88,$D7,$5A,$E8,$00,$5A,$2B,$22,$80,$5A,$4B,$07,$5A,$6B,$F6,$5A,$8B,$F7,$80,$5A,$B3,$2A,$80,$5A,$C4,$0A,$80,$5A,$29
     5A2B22805A4B075A
     6BF65A8BF7805AB3
     2A805AC40A805A29
3F07 2A5A49255A69E65A (vgm_monkey_island):00530             FCB $2A,$5A,$49,$25,$5A,$69,$E6,$5A,$89,$D7,$80,$5A,$2C,$22,$5A,$4C,$07,$80,$5A,$6C,$F6,$5A,$8C,$F7,$5A,$A4,$AB,$80,$5A,$B4,$2A,$5A
     89D7805A2C225A4C
     07805A6CF65A8CF7
     5AA4AB805AB42A5A
3F27 C50A805A2A2A5A4A (vgm_monkey_island):00531             FCB $C5,$0A,$80,$5A,$2A,$2A,$5A,$4A,$25,$5A,$6A,$E6,$5A,$8A,$D7,$80,$5A,$2D,$22,$5A,$4D,$07,$5A,$6D,$F6,$80,$5A,$8D,$F7,$5A,$A5,$2E
     255A6AE65A8AD780
     5A2D225A4D075A6D
     F6805A8DF75AA52E
3F47 805AB52B618A105A (vgm_monkey_island):00532             FCB $80,$5A,$B5,$2B,$61,$8A,$10,$5A,$B0,$0A,$5A,$B2,$07,$61,$B0,$00,$5A,$B1,$02,$61,$3D,$07,$5A,$C0,$0E,$80,$5A,$40,$1E,$5A,$60,$B2
     B00A5AB20761B000
     5AB102613D075AC0
     0E805A401E5A60B2
3F67 5A803E805A23215A (vgm_monkey_island):00533             FCB $5A,$80,$3E,$80,$5A,$23,$21,$5A,$43,$0C,$80,$5A,$63,$93,$5A,$83,$3F,$80,$5A,$B0,$2E,$5A,$C1,$0E,$80,$5A,$21,$21,$5A,$41,$1E,$5A
     430C805A63935A83
     3F805AB02E5AC10E
     805A21215A411E5A
3F87 61B25A813E805A24 (vgm_monkey_island):00534             FCB $61,$B2,$5A,$81,$3E,$80,$5A,$24,$21,$5A,$44,$0C,$5A,$64,$93,$80,$5A,$84,$3F,$5A,$A1,$00,$80,$5A,$B1,$2E,$80,$5A,$B5,$0B,$61,$58
     215A440C5A649380
     5A843F5AA100805A
     B12E805AB50B6158
3FA7 005AC20E5A22215A (vgm_monkey_island):00535             FCB $00,$5A,$C2,$0E,$5A,$22,$21,$5A,$42,$1E,$80,$5A,$62,$B2,$5A,$82,$3E,$80,$5A,$25,$21,$5A,$45,$0C,$5A,$65,$93,$5A,$85,$3F,$80,$5A
     421E805A62B25A82
     3E805A25215A450C
     5A65935A853F805A
3FC7 A22E5AB22B61B000 (vgm_monkey_island):00536             FCB $A2,$2E,$5A,$B2,$2B,$61,$B0,$00,$5A,$B5,$27,$80,$5A,$C6,$00,$5A,$50,$00,$80,$5A,$70,$FA,$5A,$90,$6A,$80,$5A,$53,$0B,$5A,$73,$AA
     5AB527805AC6005A
     5000805A70FA5A90
     6A805A530B5A73AA
3FE7 5A93FA805AA6615A (vgm_monkey_island):00537             FCB $5A,$93,$FA,$80,$5A,$A6,$61,$5A,$B6,$2E,$80,$5A,$C7,$00,$5A,$31,$00,$5A,$51,$14,$5A,$71,$C8,$80,$5A,$91,$4C,$5A,$34,$20,$80,$5A
     B62E805AC7005A31
     005A51145A71C880
     5A914C5A3420805A
4007 54005A74D65A94FF (vgm_monkey_island):00538             FCB $54,$00,$5A,$74,$D6,$5A,$94,$FF,$80,$5A,$A7,$90,$5A,$B7,$27,$61,$B9,$01,$5A,$B4,$0A,$61,$E5,$01,$5A,$B3,$0A,$61,$79,$0E,$5A,$B5
     805AA7905AB72761
     B9015AB40A61E501
     5AB30A61790E5AB5
4027 0761DB055AB60E5A (vgm_monkey_island):00539             FCB $07,$61,$DB,$05,$5A,$B6,$0E,$5A,$C3,$0C,$80,$5A,$28,$21,$5A,$48,$94,$5A,$68,$72,$80,$5A,$88,$2D,$5A,$2B,$61,$5A,$4B,$08,$80,$5A
     C30C805A28215A48
     945A6872805A882D
     5A2B615A4B08805A
4047 6B825A8B3B805AA3 (vgm_monkey_island):00540             FCB $6B,$82,$5A,$8B,$3B,$80,$5A,$A3,$AB,$5A,$B3,$2A,$80,$5A,$29,$22,$5A,$49,$1D,$5A,$69,$C6,$80,$5A,$89,$77,$5A,$4C,$40,$80,$5A,$6C
     AB5AB32A805A2922
     5A491D5A69C6805A
     89775A4C40805A6C
4067 F45AA400805AB422 (vgm_monkey_island):00541             FCB $F4,$5A,$A4,$00,$80,$5A,$B4,$22,$61,$A4,$0E,$5A,$B7,$07,$61,$44,$0D,$5A,$B5,$23,$61,$FE,$09,$5A,$B3,$0A,$61,$94,$07,$5A,$B5,$03
     61A40E5AB7076144
     0D5AB52361FE095A
     B30A6194075AB503
4087 61FF045AA3615AB3 (vgm_monkey_island):00542             FCB $61,$FF,$04,$5A,$A3,$61,$5A,$B3,$2A,$61,$1A,$03,$5A,$B2,$0B,$80,$5A,$C2,$0A,$5A,$22,$2A,$5A,$42,$25,$5A,$62,$E6,$80,$5A,$82,$D7
     2A611A035AB20B80
     5AC20A5A222A5A42
     255A62E6805A82D7
40A7 5A25225A4507805A (vgm_monkey_island):00543             FCB $5A,$25,$22,$5A,$45,$07,$80,$5A,$65,$F6,$5A,$85,$F7,$80,$5A,$A2,$00,$5A,$B2,$2A,$5A,$B0,$0E,$80,$5A,$C0,$0A,$5A,$20,$2A,$5A,$40
     65F65A85F7805AA2
     005AB22A5AB00E80
     5AC00A5A202A5A40
40C7 25805A60E65A80D7 (vgm_monkey_island):00544             FCB $25,$80,$5A,$60,$E6,$5A,$80,$D7,$5A,$23,$22,$80,$5A,$43,$07,$5A,$63,$F6,$5A,$83,$F7,$80,$5A,$B0,$2A,$61,$B0,$00,$5A,$B5,$2B,$80
     5A2322805A43075A
     63F65A83F7805AB0
     2A61B0005AB52B80
40E7 5A30005A5014805A (vgm_monkey_island):00545             FCB $5A,$30,$00,$5A,$50,$14,$80,$5A,$70,$C8,$5A,$90,$4C,$80,$5A,$33,$20,$5A,$53,$00,$5A,$73,$D6,$5A,$93,$FF,$80,$5A,$A6,$90,$5A,$B6
     70C85A904C805A33
     205A53005A73D65A
     93FF805AA6905AB6
4107 27618D015AB40261 (vgm_monkey_island):00546             FCB $27,$61,$8D,$01,$5A,$B4,$02,$61,$95,$02,$5A,$B1,$0E,$61,$AD,$0F,$5A,$B3,$0A,$61,$2B,$05,$5A,$C1,$0A,$5A,$21,$2A,$5A,$41,$25,$80
     95025AB10E61AD0F
     5AB30A612B055AC1
     0A5A212A5A412580
4127 5A61E65A81D75A24 (vgm_monkey_island):00547             FCB $5A,$61,$E6,$5A,$81,$D7,$5A,$24,$22,$80,$5A,$44,$07,$5A,$64,$F6,$5A,$84,$F7,$80,$5A,$A1,$2E,$5A,$B1,$27,$61,$E6,$01,$5A,$B5,$0B
     22805A44075A64F6
     5A84F7805AA12E5A
     B12761E6015AB50B
4147 6145035AB00A613E (vgm_monkey_island):00548             FCB $61,$45,$03,$5A,$B0,$0A,$61,$3E,$02,$5A,$B2,$0A,$61,$3C,$07,$5A,$B6,$07,$61,$58,$00,$5A,$B1,$07,$61,$68,$07,$5A,$C0,$0C,$5A,$20
     025AB20A613C075A
     B6076158005AB107
     6168075AC00C5A20
4167 215A4094805A6072 (vgm_monkey_island):00549             FCB $21,$5A,$40,$94,$80,$5A,$60,$72,$5A,$80,$2D,$80,$5A,$23,$61,$5A,$43,$08,$5A,$63,$82,$5A,$83,$3B,$80,$5A,$A0,$00,$5A,$B0,$2A,$61
     5A802D805A23615A
     43085A63825A833B
     805AA0005AB02A61
4187 72035AC10E5A2121 (vgm_monkey_island):00550             FCB $72,$03,$5A,$C1,$0E,$5A,$21,$21,$80,$5A,$41,$1E,$5A,$61,$B2,$5A,$81,$3E,$80,$5A,$24,$21,$5A,$44,$0C,$5A,$64,$93,$80,$5A,$84,$3F
     805A411E5A61B25A
     813E805A24215A44
     0C5A6493805A843F
41A7 5AA1615AB12E805A (vgm_monkey_island):00551             FCB $5A,$A1,$61,$5A,$B1,$2E,$80,$5A,$C2,$0E,$5A,$22,$21,$80,$5A,$42,$1E,$5A,$62,$B2,$5A,$82,$3E,$80,$5A,$25,$21,$5A,$45,$0C,$5A,$65
     C20E5A2221805A42
     1E5A62B25A823E80
     5A25215A450C5A65
41C7 93805A853F5AB22E (vgm_monkey_island):00552             FCB $93,$80,$5A,$85,$3F,$5A,$B2,$2E,$61,$59,$00,$5A,$C3,$0E,$5A,$48,$1E,$5A,$68,$B2,$80,$5A,$88,$3E,$5A,$2B,$21,$80,$5A,$4B,$0C,$5A
     6159005AC30E5A48
     1E5A68B2805A883E
     5A2B21805A4B0C5A
41E7 6B935A8B3F805AA3 (vgm_monkey_island):00553             FCB $6B,$93,$5A,$8B,$3F,$80,$5A,$A3,$00,$5A,$B3,$2B,$61,$B7,$0B,$5A,$B1,$0E,$61,$8D,$01,$5A,$B2,$0E,$61,$58,$00,$5A,$B3,$0B,$61,$EE
     005AB32B61B70B5A
     B10E618D015AB20E
     6158005AB30B61EE
4207 025AB00A613F215A (vgm_monkey_island):00554             FCB $02,$5A,$B0,$0A,$61,$3F,$21,$5A,$B0,$2A,$80,$5A,$C1,$00,$5A,$21,$00,$80,$5A,$41,$14,$5A,$61,$C8,$5A,$81,$4C,$80,$5A,$24,$20,$5A
     B02A805AC1005A21
     00805A41145A61C8
     5A814C805A24205A
4227 44005A64D65A84FF (vgm_monkey_island):00555             FCB $44,$00,$5A,$64,$D6,$5A,$84,$FF,$80,$5A,$A1,$90,$5A,$B1,$27,$80,$5A,$C2,$00,$5A,$42,$00,$80,$5A,$62,$FA,$5A,$82,$6A,$80,$5A,$45
     805AA1905AB12780
     5AC2005A4200805A
     62FA5A826A805A45
4247 0B5A65AA5A85FA80 (vgm_monkey_island):00556             FCB $0B,$5A,$65,$AA,$5A,$85,$FA,$80,$5A,$A2,$61,$5A,$B2,$2E,$61,$58,$00,$5A,$C3,$0A,$5A,$28,$2A,$5A,$48,$25,$80,$5A,$68,$E6,$5A,$88
     5AA2615AB22E6158
     005AC30A5A282A5A
     4825805A68E65A88
4267 D75A2B22805A4B07 (vgm_monkey_island):00557             FCB $D7,$5A,$2B,$22,$80,$5A,$4B,$07,$5A,$6B,$F6,$5A,$8B,$F7,$80,$5A,$A3,$61,$5A,$B3,$2A,$80,$5A,$29,$2A,$5A,$49,$25,$5A,$69,$E6,$80
     5A6BF65A8BF7805A
     A3615AB32A805A29
     2A5A49255A69E680
4287 5A89D7805A4C075A (vgm_monkey_island):00558             FCB $5A,$89,$D7,$80,$5A,$4C,$07,$5A,$6C,$F6,$80,$5A,$B4,$2B,$61,$B0,$00,$5A,$A5,$00,$5A,$B5,$2A,$61,$1F,$13,$5A,$B1,$07,$61,$09,$01
     6CF6805AB42B61B0
     005AA5005AB52A61
     1F135AB107610901
42A7 5AB00A61E5015AB2 (vgm_monkey_island):00559             FCB $5A,$B0,$0A,$61,$E5,$01,$5A,$B2,$0E,$61,$9E,$03,$5A,$C0,$0E,$80,$5A,$40,$1E,$5A,$60,$B2,$80,$5A,$80,$3E,$5A,$23,$21,$5A,$43,$0C
     0E619E035AC00E80
     5A401E5A60B2805A
     803E5A23215A430C
42C7 805A63935A833F5A (vgm_monkey_island):00560             FCB $80,$5A,$63,$93,$5A,$83,$3F,$5A,$A0,$61,$80,$5A,$B0,$2E,$5A,$C1,$0A,$80,$5A,$21,$2A,$5A,$41,$25,$5A,$61,$E6,$5A,$81,$D7,$80,$5A
     A061805AB02E5AC1
     0A805A212A5A4125
     5A61E65A81D7805A
42E7 24225A4407805A64 (vgm_monkey_island):00561             FCB $24,$22,$5A,$44,$07,$80,$5A,$64,$F6,$5A,$84,$F7,$5A,$A1,$00,$80,$5A,$B1,$27,$80,$5A,$22,$00,$5A,$42,$14,$5A,$62,$C8,$5A,$82,$4C
     F65A84F75AA10080
     5AB127805A22005A
     42145A62C85A824C
4307 805A25205A45005A (vgm_monkey_island):00562             FCB $80,$5A,$25,$20,$5A,$45,$00,$5A,$65,$D6,$80,$5A,$85,$FF,$5A,$A2,$90,$80,$5A,$B2,$27,$5A,$C6,$0E,$5A,$30,$21,$80,$5A,$50,$1E,$5A
     65D6805A85FF5AA2
     90805AB2275AC60E
     5A3021805A501E5A
4327 70B25A903E805A33 (vgm_monkey_island):00563             FCB $70,$B2,$5A,$90,$3E,$80,$5A,$33,$21,$5A,$53,$0C,$5A,$73,$93,$80,$5A,$93,$3F,$5A,$A6,$00,$5A,$B6,$2E,$61,$59,$00,$5A,$B5,$0A,$80
     215A530C5A739380
     5A933F5AA6005AB6
     2E6159005AB50A80
4347 5AC50E5A2A215A4A (vgm_monkey_island):00564             FCB $5A,$C5,$0E,$5A,$2A,$21,$5A,$4A,$1E,$5A,$6A,$B2,$80,$5A,$8A,$3E,$5A,$2D,$21,$5A,$4D,$0C,$80,$5A,$6D,$93,$5A,$8D,$3F,$80,$5A,$B5
     1E5A6AB2805A8A3E
     5A2D215A4D0C805A
     6D935A8D3F805AB5
4367 2B5AC70A805A3122 (vgm_monkey_island):00565             FCB $2B,$5A,$C7,$0A,$80,$5A,$31,$22,$5A,$51,$1D,$5A,$71,$C6,$80,$5A,$91,$77,$5A,$34,$22,$5A,$54,$40,$80,$5A,$74,$F4,$5A,$94,$F7,$5A
     5A511D5A71C6805A
     91775A34225A5440
     805A74F45A94F75A
4387 A700805AB722618D (vgm_monkey_island):00566             FCB $A7,$00,$80,$5A,$B7,$22,$61,$8D,$01,$5A,$B4,$0B,$61,$61,$01,$5A,$B3,$0A,$61,$FC,$13,$5A,$B1,$07,$61,$34,$01,$5A,$21,$0C,$80,$5A
     015AB40B6161015A
     B30A61FC135AB107
     6134015A210C805A
43A7 41005A61785A814C (vgm_monkey_island):00567             FCB $41,$00,$5A,$61,$78,$5A,$81,$4C,$5A,$E1,$02,$80,$5A,$24,$1B,$5A,$44,$03,$5A,$64,$AA,$80,$5A,$84,$8A,$5A,$B1,$2E,$80,$5A,$C3,$0C
     5AE102805A241B5A
     44035A64AA805A84
     8A5AB12E805AC30C
43C7 5A2821805A48945A (vgm_monkey_island):00568             FCB $5A,$28,$21,$80,$5A,$48,$94,$5A,$68,$72,$5A,$88,$2D,$80,$5A,$2B,$61,$5A,$4B,$08,$5A,$6B,$82,$80,$5A,$8B,$3B,$5A,$A3,$00,$5A,$B3
     68725A882D805A2B
     615A4B085A6B8280
     5A8B3B5AA3005AB3
43E7 2A805A29225A491D (vgm_monkey_island):00569             FCB $2A,$80,$5A,$29,$22,$5A,$49,$1D,$80,$5A,$69,$C6,$5A,$89,$77,$80,$5A,$4C,$40,$5A,$6C,$F4,$80,$5A,$A4,$61,$5A,$B4,$22,$61,$FF,$04
     805A69C65A897780
     5A4C405A6CF4805A
     A4615AB42261FF04
4407 5AB702612B055AB2 (vgm_monkey_island):00570             FCB $5A,$B7,$02,$61,$2B,$05,$5A,$B2,$07,$61,$B1,$00,$5A,$B1,$0E,$61,$9C,$0D,$5A,$B1,$2E,$61,$69,$02,$5A,$22,$21,$80,$5A,$42,$00,$5A
     0761B1005AB10E61
     9C0D5AB12E616902
     5A2221805A42005A
4427 62FA5A826A805A25 (vgm_monkey_island):00571             FCB $62,$FA,$5A,$82,$6A,$80,$5A,$25,$21,$5A,$45,$0B,$5A,$65,$AA,$5A,$85,$FA,$80,$5A,$A2,$61,$5A,$B2,$2E,$80,$5A,$31,$2A,$5A,$51,$25
     215A450B5A65AA5A
     85FA805AA2615AB2
     2E805A312A5A5125
4447 805A71E65A91D780 (vgm_monkey_island):00572             FCB $80,$5A,$71,$E6,$5A,$91,$D7,$80,$5A,$54,$07,$5A,$74,$F6,$80,$5A,$B7,$26,$61,$61,$01,$5A,$B6,$0E,$61,$A6,$04,$5A,$B4,$02,$61,$09
     5A54075A74F6805A
     B7266161015AB60E
     61A6045AB4026109
4467 015AB706619E035A (vgm_monkey_island):00573             FCB $01,$5A,$B7,$06,$61,$9E,$03,$5A,$B0,$0E,$61,$D3,$04,$5A,$B1,$0E,$5A,$B5,$0B,$61,$61,$01,$5A,$B3,$0A,$61,$DB,$05,$5A,$C0,$00,$80
     B00E61D3045AB10E
     5AB50B6161015AB3
     0A61DB055AC00080
4487 5A20005A40145A60 (vgm_monkey_island):00574             FCB $5A,$20,$00,$5A,$40,$14,$5A,$60,$C8,$80,$5A,$80,$4C,$5A,$23,$20,$5A,$43,$00,$80,$5A,$63,$D6,$5A,$83,$FF,$80,$5A,$A0,$90,$5A,$B0
     C8805A804C5A2320
     5A4300805A63D65A
     83FF805AA0905AB0
44A7 276135015AB20E80 (vgm_monkey_island):00575             FCB $27,$61,$35,$01,$5A,$B2,$0E,$80,$5A,$21,$2A,$5A,$41,$25,$5A,$61,$E6,$5A,$81,$D7,$80,$5A,$E1,$00,$5A,$24,$22,$5A,$44,$07,$80,$5A
     5A212A5A41255A61
     E65A81D7805AE100
     5A24225A4407805A
44C7 64F65A84F7805AB1 (vgm_monkey_island):00576             FCB $64,$F6,$5A,$84,$F7,$80,$5A,$B1,$2A,$5A,$C2,$0A,$80,$5A,$22,$2A,$5A,$42,$25,$5A,$62,$E6,$5A,$82,$D7,$80,$5A,$25,$22,$5A,$45,$07
     2A5AC20A805A222A
     5A42255A62E65A82
     D7805A25225A4507
44E7 5A65F6805A85F75A (vgm_monkey_island):00577             FCB $5A,$65,$F6,$80,$5A,$85,$F7,$5A,$A2,$00,$80,$5A,$B2,$2B,$5A,$C3,$0A,$5A,$28,$2A,$80,$5A,$48,$25,$5A,$68,$E6,$5A,$88,$D7,$80,$5A
     A200805AB22B5AC3
     0A5A282A805A4825
     5A68E65A88D7805A
4507 2B225A4B075A6BF6 (vgm_monkey_island):00578             FCB $2B,$22,$5A,$4B,$07,$5A,$6B,$F6,$80,$5A,$8B,$F7,$5A,$A3,$61,$5A,$B3,$2A,$61,$35,$01,$5A,$A4,$00,$5A,$B4,$23,$61,$CE,$18,$5A,$B0
     805A8BF75AA3615A
     B32A6135015AA400
     5AB42361CE185AB0
4527 0761DD005AC00A5A (vgm_monkey_island):00579             FCB $07,$61,$DD,$00,$5A,$C0,$0A,$5A,$20,$2A,$80,$5A,$40,$25,$5A,$60,$E6,$5A,$80,$D7,$80,$5A,$23,$22,$5A,$43,$07,$5A,$63,$F6,$5A,$83
     202A805A40255A60
     E65A80D7805A2322
     5A43075A63F65A83
4547 F7805AA0005AB027 (vgm_monkey_island):00580             FCB $F7,$80,$5A,$A0,$00,$5A,$B0,$27,$61,$35,$01,$5A,$B4,$03,$61,$DB,$05,$5A,$B3,$0A,$61,$3D,$02,$5A,$B1,$0A,$61,$61,$01,$5A,$B2,$0B
     6135015AB40361DB
     055AB30A613D025A
     B10A6161015AB20B
4567 6146035AB007617A (vgm_monkey_island):00581             FCB $61,$46,$03,$5A,$B0,$07,$61,$7A,$09,$5A,$C0,$00,$80,$5A,$20,$00,$5A,$40,$14,$5A,$60,$C8,$5A,$80,$4C,$80,$5A,$23,$20,$5A,$43,$00
     095AC000805A2000
     5A40145A60C85A80
     4C805A23205A4300
4587 805A63D65A83FF5A (vgm_monkey_island):00582             FCB $80,$5A,$63,$D6,$5A,$83,$FF,$5A,$A0,$90,$80,$5A,$B0,$27,$80,$5A,$C1,$0E,$5A,$21,$21,$5A,$41,$1E,$5A,$61,$B2,$80,$5A,$81,$3E,$5A
     A090805AB027805A
     C10E5A21215A411E
     5A61B2805A813E5A
45A7 2421805A440C5A64 (vgm_monkey_island):00583             FCB $24,$21,$80,$5A,$44,$0C,$5A,$64,$93,$5A,$84,$3F,$80,$5A,$A1,$2E,$5A,$B1,$2B,$80,$5A,$C2,$0E,$5A,$22,$21,$5A,$42,$1E,$5A,$62,$B2
     935A843F805AA12E
     5AB12B805AC20E5A
     22215A421E5A62B2
45C7 805A823E5A25215A (vgm_monkey_island):00584             FCB $80,$5A,$82,$3E,$5A,$25,$21,$5A,$45,$0C,$80,$5A,$65,$93,$5A,$85,$3F,$80,$5A,$A2,$61,$5A,$B2,$2E,$5A,$C3,$0C,$80,$5A,$28,$21,$5A
     450C805A65935A85
     3F805AA2615AB22E
     5AC30C805A28215A
45E7 48945A6872805A88 (vgm_monkey_island):00585             FCB $48,$94,$5A,$68,$72,$80,$5A,$88,$2D,$5A,$2B,$61,$5A,$4B,$08,$80,$5A,$6B,$82,$5A,$8B,$3B,$5A,$A3,$00,$80,$5A,$B3,$2E,$5A,$C4,$0E
     2D5A2B615A4B0880
     5A6B825A8B3B5AA3
     00805AB32E5AC40E
4607 805A29215A491E5A (vgm_monkey_island):00586             FCB $80,$5A,$29,$21,$5A,$49,$1E,$5A,$69,$B2,$80,$5A,$89,$3E,$5A,$2C,$21,$5A,$4C,$0C,$80,$5A,$6C,$93,$5A,$8C,$3F,$80,$5A,$B4,$2E,$61
     69B2805A893E5A2C
     215A4C0C805A6C93
     5A8C3F805AB42E61
4627 69025AC50A5A2A22 (vgm_monkey_island):00587             FCB $69,$02,$5A,$C5,$0A,$5A,$2A,$22,$80,$5A,$4A,$1D,$5A,$6A,$C6,$5A,$8A,$77,$80,$5A,$2D,$22,$5A,$4D,$40,$5A,$6D,$F4,$80,$5A,$8D,$F7
     805A4A1D5A6AC65A
     8A77805A2D225A4D
     405A6DF4805A8DF7
4647 5AA52E805AB52361 (vgm_monkey_island):00588             FCB $5A,$A5,$2E,$80,$5A,$B5,$23,$61,$07,$0B,$5A,$B2,$0E,$61,$B0,$00,$5A,$B0,$07,$61,$46,$03,$5A,$B4,$0E,$61,$B9,$01,$5A,$B1,$0B,$61
     070B5AB20E61B000
     5AB0076146035AB4
     0E61B9015AB10B61
4667 58005AB30E618C06 (vgm_monkey_island):00589             FCB $58,$00,$5A,$B3,$0E,$61,$8C,$06,$5A,$B0,$27,$61,$C2,$02,$5A,$C1,$0A,$5A,$21,$2A,$5A,$41,$25,$5A,$61,$E6,$80,$5A,$81,$D7,$5A,$24
     5AB02761C2025AC1
     0A5A212A5A41255A
     61E6805A81D75A24
4687 225A4407805A64F6 (vgm_monkey_island):00590             FCB $22,$5A,$44,$07,$80,$5A,$64,$F6,$5A,$84,$F7,$80,$5A,$B1,$23,$61,$71,$08,$5A,$B5,$03,$61,$09,$01,$5A,$B1,$03,$61,$93,$0C,$5A,$C1
     5A84F7805AB12361
     71085AB503610901
     5AB10361930C5AC1
46A7 0C5A21215A41945A (vgm_monkey_island):00591             FCB $0C,$5A,$21,$21,$5A,$41,$94,$5A,$61,$72,$80,$5A,$81,$2D,$5A,$24,$61,$80,$5A,$44,$08,$5A,$64,$82,$5A,$84,$3B,$80,$5A,$A1,$00,$5A
     6172805A812D5A24
     61805A44085A6482
     5A843B805AA1005A
46C7 B12E805AC2005A42 (vgm_monkey_island):00592             FCB $B1,$2E,$80,$5A,$C2,$00,$5A,$42,$00,$80,$5A,$62,$FA,$5A,$82,$6A,$80,$5A,$45,$0B,$5A,$65,$AA,$5A,$85,$FA,$80,$5A,$B2,$2E,$61,$8C
     00805A62FA5A826A
     805A450B5A65AA5A
     85FA805AB22E618C
46E7 015AC30A805A282A (vgm_monkey_island):00593             FCB $01,$5A,$C3,$0A,$80,$5A,$28,$2A,$5A,$48,$25,$5A,$68,$E6,$80,$5A,$88,$D7,$5A,$2B,$22,$5A,$4B,$07,$80,$5A,$6B,$F6,$5A,$8B,$F7,$5A
     5A48255A68E6805A
     88D75A2B225A4B07
     805A6BF65A8BF75A
4707 A361805AB32A805A (vgm_monkey_island):00594             FCB $A3,$61,$80,$5A,$B3,$2A,$80,$5A,$C4,$0A,$5A,$29,$2A,$5A,$49,$25,$80,$5A,$69,$E6,$5A,$89,$D7,$5A,$2C,$22,$80,$5A,$4C,$07,$5A,$6C
     C40A5A292A5A4925
     805A69E65A89D75A
     2C22805A4C075A6C
4727 F65A8CF7805AA42E (vgm_monkey_island):00595             FCB $F6,$5A,$8C,$F7,$80,$5A,$A4,$2E,$5A,$B4,$2B,$80,$5A,$2A,$2A,$5A,$4A,$25,$5A,$6A,$E6,$80,$5A,$8A,$D7,$80,$5A,$4D,$07,$5A,$6D,$F6
     5AB42B805A2A2A5A
     4A255A6AE6805A8A
     D7805A4D075A6DF6
4747 805AA5005AB52A61 (vgm_monkey_island):00596             FCB $80,$5A,$A5,$00,$5A,$B5,$2A,$61,$8D,$01,$5A,$B0,$07,$61,$F4,$0D,$5A,$B3,$0A,$61,$08,$01,$5A,$B5,$0A,$61,$B9,$01,$5A,$B4,$0B,$61
     8D015AB00761F40D
     5AB30A6108015AB5
     0A61B9015AB40B61
4767 EE025AB10E613501 (vgm_monkey_island):00597             FCB $EE,$02,$5A,$B1,$0E,$61,$35,$01,$5A,$C0,$0E,$5A,$20,$21,$80,$5A,$40,$1E,$5A,$60,$B2,$5A,$80,$3E,$80,$5A,$23,$21,$5A,$43,$0C,$5A
     5AC00E5A2021805A
     401E5A60B25A803E
     805A23215A430C5A
4787 63935A833F805AA0 (vgm_monkey_island):00598             FCB $63,$93,$5A,$83,$3F,$80,$5A,$A0,$2E,$5A,$B0,$2B,$80,$5A,$C1,$0E,$5A,$41,$1E,$80,$5A,$61,$B2,$5A,$81,$3E,$80,$5A,$24,$21,$5A,$44
     2E5AB02B805AC10E
     5A411E805A61B25A
     813E805A24215A44
47A7 0C5A64935A843F80 (vgm_monkey_island):00599             FCB $0C,$5A,$64,$93,$5A,$84,$3F,$80,$5A,$A1,$61,$5A,$B1,$2E,$80,$5A,$C3,$0E,$5A,$28,$21,$5A,$48,$1E,$80,$5A,$68,$B2,$5A,$88,$3E,$5A
     5AA1615AB12E805A
     C30E5A28215A481E
     805A68B25A883E5A
47C7 2B21805A4B0C5A6B (vgm_monkey_island):00600             FCB $2B,$21,$80,$5A,$4B,$0C,$5A,$6B,$93,$5A,$8B,$3F,$80,$5A,$A3,$00,$5A,$B3,$2E,$80,$5A,$29,$22,$5A,$49,$1D,$80,$5A,$69,$C6,$5A,$89
     935A8B3F805AA300
     5AB32E805A29225A
     491D805A69C65A89
47E7 77805A4C405A6CF4 (vgm_monkey_island):00601             FCB $77,$80,$5A,$4C,$40,$5A,$6C,$F4,$80,$5A,$B4,$23,$61,$09,$01,$5A,$C5,$00,$80,$5A,$2A,$00,$5A,$4A,$14,$5A,$6A,$C8,$5A,$8A,$4C,$80
     805AB4236109015A
     C500805A2A005A4A
     145A6AC85A8A4C80
4807 5A2D205A4D005A6D (vgm_monkey_island):00602             FCB $5A,$2D,$20,$5A,$4D,$00,$5A,$6D,$D6,$80,$5A,$8D,$FF,$5A,$A5,$90,$80,$5A,$B5,$27,$5A,$C6,$0A,$5A,$30,$2A,$80,$5A,$50,$25,$5A,$70
     D6805A8DFF5AA590
     805AB5275AC60A5A
     302A805A50255A70
4827 E65A90D7805A3322 (vgm_monkey_island):00603             FCB $E6,$5A,$90,$D7,$80,$5A,$33,$22,$5A,$53,$07,$5A,$73,$F6,$80,$5A,$93,$F7,$5A,$A6,$2E,$5A,$B6,$27,$80,$5A,$B2,$0E,$61,$4B,$13,$5A
     5A53075A73F6805A
     93F75AA62E5AB627
     805AB20E614B135A
4847 B607611A035AC20C (vgm_monkey_island):00604             FCB $B6,$07,$61,$1A,$03,$5A,$C2,$0C,$5A,$42,$94,$5A,$62,$72,$80,$5A,$82,$2D,$5A,$25,$61,$80,$5A,$45,$08,$5A,$65,$82,$5A,$85,$3B,$80
     5A42945A6272805A
     822D5A2561805A45
     085A65825A853B80
4867 5AA23F5AB22E6184 (vgm_monkey_island):00605             FCB $5A,$A2,$3F,$5A,$B2,$2E,$61,$84,$00,$5A,$C6,$08,$5A,$30,$20,$5A,$50,$1C,$80,$5A,$70,$62,$5A,$90,$75,$5A,$F0,$01,$80,$5A,$53,$00
     005AC6085A30205A
     501C805A70625A90
     755AF001805A5300
4887 5A73A85A93F5805A (vgm_monkey_island):00606             FCB $5A,$73,$A8,$5A,$93,$F5,$80,$5A,$A6,$00,$5A,$B6,$2B,$80,$5A,$31,$22,$5A,$51,$1D,$80,$5A,$71,$C6,$5A,$91,$77,$80,$5A,$54,$40,$5A
     A6005AB62B805A31
     225A511D805A71C6
     5A9177805A54405A
48A7 74F4805AA7615AB7 (vgm_monkey_island):00607             FCB $74,$F4,$80,$5A,$A7,$61,$5A,$B7,$22,$5A,$B4,$03,$61,$F5,$08,$5A,$B6,$0B,$61,$2A,$0A,$5A,$B5,$07,$61,$8C,$06,$5A,$C4,$08,$5A,$29
     225AB40361F5085A
     B60B612A0A5AB507
     618C065AC4085A29
48C7 20805A491C5A6962 (vgm_monkey_island):00608             FCB $20,$80,$5A,$49,$1C,$5A,$69,$62,$5A,$89,$75,$80,$5A,$E9,$01,$5A,$4C,$00,$5A,$6C,$A8,$80,$5A,$8C,$F5,$5A,$A4,$00,$5A,$B4,$2B,$61
     5A8975805AE9015A
     4C005A6CA8805A8C
     F55AA4005AB42B61
48E7 1A035AC50A805A2A (vgm_monkey_island):00609             FCB $1A,$03,$5A,$C5,$0A,$80,$5A,$2A,$2A,$5A,$4A,$25,$5A,$6A,$E6,$5A,$8A,$D7,$80,$5A,$2D,$22,$5A,$4D,$07,$80,$5A,$6D,$F6,$5A,$8D,$F7
     2A5A4A255A6AE65A
     8AD7805A2D225A4D
     07805A6DF65A8DF7
4907 5AA52E805AB52361 (vgm_monkey_island):00610             FCB $5A,$A5,$2E,$80,$5A,$B5,$23,$61,$46,$03,$5A,$B4,$0B,$61,$EE,$02,$5A,$B7,$02,$61,$E4,$06,$5A,$B5,$03,$61,$7A,$04,$5A,$B3,$0E,$61
     46035AB40B61EE02
     5AB70261E4065AB5
     03617A045AB30E61
4927 B1005AB00B61B901 (vgm_monkey_island):00611             FCB $B1,$00,$5A,$B0,$0B,$61,$B9,$01,$5A,$B1,$0E,$61,$84,$00,$5A,$C0,$0C,$5A,$40,$94,$80,$5A,$60,$72,$5A,$80,$2D,$80,$5A,$23,$61,$5A
     5AB10E6184005AC0
     0C5A4094805A6072
     5A802D805A23615A
4947 43085A63825A833B (vgm_monkey_island):00612             FCB $43,$08,$5A,$63,$82,$5A,$83,$3B,$80,$5A,$A0,$61,$5A,$B0,$2E,$61,$35,$01,$5A,$C1,$0A,$80,$5A,$21,$22,$5A,$41,$1D,$5A,$61,$C6,$5A
     805AA0615AB02E61
     35015AC10A805A21
     225A411D5A61C65A
4967 8177805A24225A44 (vgm_monkey_island):00613             FCB $81,$77,$80,$5A,$24,$22,$5A,$44,$40,$80,$5A,$64,$F4,$5A,$84,$F7,$5A,$A1,$2E,$80,$5A,$B1,$23,$5A,$C3,$00,$80,$5A,$48,$00,$5A,$68
     40805A64F45A84F7
     5AA12E805AB1235A
     C300805A48005A68
4987 FA5A886A805A4B0B (vgm_monkey_island):00614             FCB $FA,$5A,$88,$6A,$80,$5A,$4B,$0B,$80,$5A,$6B,$AA,$5A,$8B,$FA,$5A,$A3,$61,$80,$5A,$B3,$2E,$5A,$C4,$00,$5A,$29,$00,$80,$5A,$49,$14
     805A6BAA5A8BFA5A
     A361805AB32E5AC4
     005A2900805A4914
49A7 5A69C85A894C805A (vgm_monkey_island):00615             FCB $5A,$69,$C8,$5A,$89,$4C,$80,$5A,$E9,$00,$5A,$2C,$20,$5A,$6C,$D6,$80,$5A,$8C,$FF,$5A,$A4,$90,$80,$5A,$B4,$27,$61,$85,$00,$5A,$B2
     E9005A2C205A6CD6
     805A8CFF5AA49080
     5AB4276185005AB2
49C7 0E61B0005AC20A80 (vgm_monkey_island):00616             FCB $0E,$61,$B0,$00,$5A,$C2,$0A,$80,$5A,$22,$2A,$5A,$42,$25,$5A,$62,$E6,$80,$5A,$82,$D7,$5A,$25,$22,$5A,$45,$07,$80,$5A,$65,$F6,$5A
     5A222A5A42255A62
     E6805A82D75A2522
     5A4507805A65F65A
49E7 85F75AA261805AB2 (vgm_monkey_island):00617             FCB $85,$F7,$5A,$A2,$61,$80,$5A,$B2,$2A,$61,$B1,$00,$5A,$B5,$2B,$80,$5A,$C6,$0A,$5A,$30,$2A,$5A,$50,$25,$80,$5A,$70,$E6,$5A,$90,$D7
     2A61B1005AB52B80
     5AC60A5A302A5A50
     25805A70E65A90D7
4A07 5AF000805A53075A (vgm_monkey_island):00618             FCB $5A,$F0,$00,$80,$5A,$53,$07,$5A,$73,$F6,$5A,$93,$F7,$80,$5A,$B6,$2A,$61,$81,$0F,$5A,$B2,$0A,$61,$58,$00,$5A,$B1,$03,$61,$09,$01
     73F65A93F7805AB6
     2A61810F5AB20A61
     58005AB103610901
4A27 5AB50B6158005AB6 (vgm_monkey_island):00619             FCB $5A,$B5,$0B,$61,$58,$00,$5A,$B6,$0A,$61,$2B,$05,$5A,$C1,$08,$5A,$21,$20,$80,$5A,$41,$1C,$5A,$61,$62,$5A,$81,$75,$5A,$E1,$01,$80
     0A612B055AC1085A
     2120805A411C5A61
     625A81755AE10180
4A47 5A44005A64A85A84 (vgm_monkey_island):00620             FCB $5A,$44,$00,$5A,$64,$A8,$5A,$84,$F5,$80,$5A,$A1,$00,$5A,$B1,$2A,$61,$69,$02,$5A,$B4,$07,$61,$09,$01,$5A,$B1,$0A,$61,$E5,$01,$5A
     F5805AA1005AB12A
     6169025AB4076109
     015AB10A61E5015A
4A67 B30E610E115AC10A (vgm_monkey_island):00621             FCB $B3,$0E,$61,$0E,$11,$5A,$C1,$0A,$5A,$21,$2A,$80,$5A,$41,$25,$5A,$61,$E6,$5A,$81,$D7,$5A,$E1,$00,$80,$5A,$44,$07,$5A,$64,$F6,$80
     5A212A805A41255A
     61E65A81D75AE100
     805A44075A64F680
4A87 5A84F75AA1615AB1 (vgm_monkey_island):00622             FCB $5A,$84,$F7,$5A,$A1,$61,$5A,$B1,$26,$61,$11,$02,$5A,$C2,$0C,$5A,$22,$21,$5A,$42,$94,$80,$5A,$62,$72,$5A,$82,$2D,$80,$5A,$25,$61
     266111025AC20C5A
     22215A4294805A62
     725A822D805A2561
4AA7 5A45085A65825A85 (vgm_monkey_island):00623             FCB $5A,$45,$08,$5A,$65,$82,$5A,$85,$3B,$80,$5A,$A2,$3F,$5A,$B2,$2E,$80,$5A,$C3,$08,$5A,$28,$20,$5A,$48,$1C,$80,$5A,$68,$62,$5A,$88
     3B805AA23F5AB22E
     805AC3085A28205A
     481C805A68625A88
4AC7 755AE8015A2B2280 (vgm_monkey_island):00624             FCB $75,$5A,$E8,$01,$5A,$2B,$22,$80,$5A,$4B,$00,$5A,$6B,$A8,$5A,$8B,$F5,$80,$5A,$A3,$00,$5A,$B3,$2A,$61,$34,$01,$5A,$B4,$27,$5A,$C5
     5A4B005A6BA85A8B
     F5805AA3005AB32A
     6134015AB4275AC5
4AE7 0E805A2A215A4A1E (vgm_monkey_island):00625             FCB $0E,$80,$5A,$2A,$21,$5A,$4A,$1E,$5A,$6A,$B2,$5A,$8A,$3E,$80,$5A,$2D,$21,$5A,$4D,$0C,$80,$5A,$6D,$93,$5A,$8D,$3F,$5A,$A5,$C7,$80
     5A6AB25A8A3E805A
     2D215A4D0C805A6D
     935A8D3F5AA5C780
4B07 5AB52B5AC60E805A (vgm_monkey_island):00626             FCB $5A,$B5,$2B,$5A,$C6,$0E,$80,$5A,$30,$21,$5A,$50,$1E,$5A,$70,$B2,$5A,$90,$3E,$80,$5A,$33,$21,$5A,$53,$0C,$5A,$73,$93,$80,$5A,$93
     30215A501E5A70B2
     5A903E805A33215A
     530C5A7393805A93
4B27 3F5AA63F805AB62E (vgm_monkey_island):00627             FCB $3F,$5A,$A6,$3F,$80,$5A,$B6,$2E,$80,$5A,$C7,$0E,$5A,$31,$21,$80,$5A,$51,$1E,$5A,$71,$B2,$5A,$91,$3E,$80,$5A,$34,$21,$5A,$54,$0C
     805AC70E5A312180
     5A511E5A71B25A91
     3E805A34215A540C
4B47 5A7493805A943F5A (vgm_monkey_island):00628             FCB $5A,$74,$93,$80,$5A,$94,$3F,$5A,$A7,$00,$5A,$B7,$2B,$80,$5A,$32,$22,$80,$5A,$52,$1D,$5A,$72,$C6,$5A,$92,$77,$80,$5A,$55,$40,$5A
     A7005AB72B805A32
     22805A521D5A72C6
     5A9277805A55405A
4B67 75F4805AA8005AB8 (vgm_monkey_island):00629             FCB $75,$F4,$80,$5A,$A8,$00,$5A,$B8,$23,$80,$5A,$B0,$0E,$61,$2B,$05,$5A,$B3,$0A,$61,$58,$00,$5A,$B1,$06,$61,$A7,$04,$5A,$B6,$0E,$61
     23805AB00E612B05
     5AB30A6158005AB1
     0661A7045AB60E61
4B87 35015AB50B61ED02 (vgm_monkey_island):00630             FCB $35,$01,$5A,$B5,$0B,$61,$ED,$02,$5A,$B7,$0B,$61,$B9,$01,$5A,$B4,$07,$61,$B1,$00,$5A,$B2,$0E,$61,$10,$07,$5A,$C0,$08,$5A,$20,$20
     5AB70B61B9015AB4
     0761B1005AB20E61
     10075AC0085A2020
4BA7 805A401C5A60625A (vgm_monkey_island):00631             FCB $80,$5A,$40,$1C,$5A,$60,$62,$5A,$80,$75,$5A,$E0,$01,$80,$5A,$23,$22,$5A,$43,$00,$5A,$63,$A8,$5A,$83,$F5,$80,$5A,$A0,$00,$5A,$B0
     80755AE001805A23
     225A43005A63A85A
     83F5805AA0005AB0
4BC7 2A6185005AC10080 (vgm_monkey_island):00632             FCB $2A,$61,$85,$00,$5A,$C1,$00,$80,$5A,$21,$00,$5A,$41,$14,$5A,$61,$C8,$5A,$81,$4C,$80,$5A,$24,$20,$5A,$44,$00,$5A,$64,$D6,$80,$5A
     5A21005A41145A61
     C85A814C805A2420
     5A44005A64D6805A
4BE7 84FF5AA190805AB1 (vgm_monkey_island):00633             FCB $84,$FF,$5A,$A1,$90,$80,$5A,$B1,$27,$61,$35,$01,$5A,$C2,$0A,$5A,$22,$2A,$5A,$42,$25,$80,$5A,$62,$E6,$5A,$82,$D7,$5A,$25,$22,$80
     276135015AC20A5A
     222A5A4225805A62
     E65A82D75A252280
4C07 5A45075A65F65A85 (vgm_monkey_island):00634             FCB $5A,$45,$07,$5A,$65,$F6,$5A,$85,$F7,$80,$5A,$A2,$00,$5A,$B2,$23,$80,$5A,$B0,$0A,$61,$EE,$02,$5A,$B8,$03,$61,$BF,$0C,$5A,$B2,$03
     F7805AA2005AB223
     805AB00A61EE025A
     B80361BF0C5AB203
4C27 614F045AB10761E5 (vgm_monkey_island):00635             FCB $61,$4F,$04,$5A,$B1,$07,$61,$E5,$01,$5A,$C0,$0C,$5A,$20,$21,$5A,$40,$94,$80,$5A,$60,$72,$5A,$80,$2D,$5A,$E0,$00,$5A,$23,$61,$80
     015AC00C5A20215A
     4094805A60725A80
     2D5AE0005A236180
4C47 5A43085A63825A83 (vgm_monkey_island):00636             FCB $5A,$43,$08,$5A,$63,$82,$5A,$83,$3B,$80,$5A,$A0,$C7,$5A,$B0,$2B,$80,$5A,$21,$21,$5A,$41,$00,$80,$5A,$61,$FA,$5A,$81,$6A,$5A,$24
     3B805AA0C75AB02B
     805A21215A410080
     5A61FA5A816A5A24
4C67 21805A440B5A64AA (vgm_monkey_island):00637             FCB $21,$80,$5A,$44,$0B,$5A,$64,$AA,$5A,$84,$FA,$80,$5A,$A1,$61,$5A,$B1,$2E,$80,$5A,$C2,$08,$5A,$22,$20,$5A,$42,$1C,$5A,$62,$62,$80
     5A84FA805AA1615A
     B12E805AC2085A22
     205A421C5A626280
4C87 5A82755AE201805A (vgm_monkey_island):00638             FCB $5A,$82,$75,$5A,$E2,$01,$80,$5A,$45,$00,$5A,$65,$A8,$5A,$85,$F5,$80,$5A,$B2,$2B,$61,$61,$01,$5A,$C3,$0A,$5A,$28,$2A,$5A,$48,$25
     45005A65A85A85F5
     805AB22B6161015A
     C30A5A282A5A4825
4CA7 805A68E65A88D75A (vgm_monkey_island):00639             FCB $80,$5A,$68,$E6,$5A,$88,$D7,$5A,$E8,$00,$80,$5A,$4B,$07,$5A,$6B,$F6,$5A,$8B,$F7,$80,$5A,$A3,$C7,$5A,$B3,$27,$80,$5A,$C4,$0A,$5A
     E800805A4B075A6B
     F65A8BF7805AA3C7
     5AB327805AC40A5A
4CC7 292A805A49255A69 (vgm_monkey_island):00640             FCB $29,$2A,$80,$5A,$49,$25,$5A,$69,$E6,$5A,$89,$D7,$80,$5A,$2C,$22,$5A,$4C,$07,$5A,$6C,$F6,$80,$5A,$8C,$F7,$5A,$A4,$00,$5A,$B4,$2B
     E65A89D7805A2C22
     5A4C075A6CF6805A
     8CF75AA4005AB42B
4CE7 805AC50A5A2A2A80 (vgm_monkey_island):00641             FCB $80,$5A,$C5,$0A,$5A,$2A,$2A,$80,$5A,$4A,$25,$5A,$6A,$E6,$5A,$8A,$D7,$80,$5A,$2D,$22,$5A,$4D,$07,$5A,$6D,$F6,$5A,$8D,$F7,$80,$5A
     5A4A255A6AE65A8A
     D7805A2D225A4D07
     5A6DF65A8DF7805A
4D07 A53F5AB52A805AB2 (vgm_monkey_island):00642             FCB $A5,$3F,$5A,$B5,$2A,$80,$5A,$B2,$0B,$61,$82,$0A,$5A,$B0,$0B,$61,$83,$05,$5A,$B3,$07,$61,$35,$01,$5A,$B5,$0A,$61,$F6,$03,$5A,$B1
     0B61820A5AB00B61
     83055AB307613501
     5AB50A61F6035AB1
4D27 0E6109015AB40B61 (vgm_monkey_island):00643             FCB $0E,$61,$09,$01,$5A,$B4,$0B,$61,$8D,$01,$5A,$C0,$08,$5A,$20,$20,$5A,$40,$1C,$80,$5A,$60,$62,$5A,$80,$75,$5A,$E0,$01,$5A,$23,$22
     8D015AC0085A2020
     5A401C805A60625A
     80755AE0015A2322
4D47 805A43005A63A85A (vgm_monkey_island):00644             FCB $80,$5A,$43,$00,$5A,$63,$A8,$5A,$83,$F5,$80,$5A,$A0,$00,$5A,$B0,$2B,$80,$5A,$C1,$0E,$5A,$41,$1E,$80,$5A,$61,$B2,$5A,$81,$3E,$80
     83F5805AA0005AB0
     2B805AC10E5A411E
     805A61B25A813E80
4D67 5A440C5A64935A84 (vgm_monkey_island):00645             FCB $5A,$44,$0C,$5A,$64,$93,$5A,$84,$3F,$80,$5A,$A1,$00,$5A,$B1,$2B,$80,$5A,$C2,$0A,$5A,$22,$22,$5A,$42,$1D,$5A,$62,$C6,$80,$5A,$82
     3F805AA1005AB12B
     805AC20A5A22225A
     421D5A62C6805A82
4D87 775AE200805A4540 (vgm_monkey_island):00646             FCB $77,$5A,$E2,$00,$80,$5A,$45,$40,$5A,$65,$F4,$5A,$85,$F7,$80,$5A,$B2,$23,$61,$58,$00,$5A,$C3,$0E,$5A,$28,$21,$5A,$48,$1E,$5A,$68
     5A65F45A85F7805A
     B2236158005AC30E
     5A28215A481E5A68
4DA7 B2805A883E5A2B21 (vgm_monkey_island):00647             FCB $B2,$80,$5A,$88,$3E,$5A,$2B,$21,$5A,$4B,$0C,$80,$5A,$6B,$93,$5A,$8B,$3F,$80,$5A,$A3,$3F,$5A,$B3,$2E,$80,$5A,$C4,$0E,$5A,$29,$21
     5A4B0C805A6B935A
     8B3F805AA33F5AB3
     2E805AC40E5A2921
4DC7 5A491E805A69B25A (vgm_monkey_island):00648             FCB $5A,$49,$1E,$80,$5A,$69,$B2,$5A,$89,$3E,$5A,$2C,$21,$80,$5A,$4C,$0C,$5A,$6C,$93,$5A,$8C,$3F,$80,$5A,$A4,$C7,$5A,$B4,$2B,$61,$B0
     893E5A2C21805A4C
     0C5A6C935A8C3F80
     5AA4C75AB42B61B0
4DE7 005AA5005AB52780 (vgm_monkey_island):00649             FCB $00,$5A,$A5,$00,$5A,$B5,$27,$80,$5A,$C6,$00,$5A,$30,$00,$5A,$50,$14,$5A,$70,$C8,$80,$5A,$90,$4C,$5A,$33,$20,$5A,$53,$00,$80,$5A
     5AC6005A30005A50
     145A70C8805A904C
     5A33205A5300805A
4E07 73D65A93FF805AA6 (vgm_monkey_island):00650             FCB $73,$D6,$5A,$93,$FF,$80,$5A,$A6,$90,$5A,$B6,$27,$61,$29,$0F,$5A,$B0,$0B,$61,$58,$00,$5A,$B5,$07,$61,$C1,$07,$5A,$C0,$0C,$5A,$20
     905AB62761290F5A
     B00B6158005AB507
     61C1075AC00C5A20
4E27 215A40945A607280 (vgm_monkey_island):00651             FCB $21,$5A,$40,$94,$5A,$60,$72,$80,$5A,$80,$2D,$5A,$E0,$00,$5A,$23,$61,$5A,$43,$08,$80,$5A,$63,$82,$5A,$83,$3B,$80,$5A,$B0,$2B,$61
     5A802D5AE0005A23
     615A4308805A6382
     5A833B805AB02B61
4E47 DD005A2A22805A4A (vgm_monkey_island):00652             FCB $DD,$00,$5A,$2A,$22,$80,$5A,$4A,$1D,$5A,$6A,$C6,$5A,$8A,$77,$80,$5A,$4D,$40,$5A,$6D,$F4,$80,$5A,$A5,$3F,$5A,$B5,$22,$61,$C2,$02
     1D5A6AC65A8A7780
     5A4D405A6DF4805A
     A53F5AB52261C202
4E67 5AB20361AD0F5AB6 (vgm_monkey_island):00653             FCB $5A,$B2,$03,$61,$AD,$0F,$5A,$B6,$07,$61,$3C,$07,$5A,$22,$2A,$80,$5A,$42,$25,$5A,$62,$E6,$5A,$82,$D7,$80,$5A,$45,$07,$5A,$65,$F6
     07613C075A222A80
     5A42255A62E65A82
     D7805A45075A65F6
4E87 805AB223805AC608 (vgm_monkey_island):00654             FCB $80,$5A,$B2,$23,$80,$5A,$C6,$08,$5A,$30,$20,$80,$5A,$50,$1C,$5A,$70,$62,$5A,$90,$75,$5A,$F0,$01,$80,$5A,$33,$22,$5A,$73,$A8,$5A
     5A3020805A501C5A
     70625A90755AF001
     805A33225A73A85A
4EA7 93F5805AA6005AB6 (vgm_monkey_island):00655             FCB $93,$F5,$80,$5A,$A6,$00,$5A,$B6,$2B,$61,$9D,$08,$5A,$B6,$0B,$61,$4E,$04,$5A,$B3,$0E,$61,$2B,$05,$5A,$B4,$0B,$61,$B1,$00,$5A,$B2
     2B619D085AB60B61
     4E045AB30E612B05
     5AB40B61B1005AB2
4EC7 036160015AB10B61 (vgm_monkey_island):00656             FCB $03,$61,$60,$01,$5A,$B1,$0B,$61,$DD,$00,$5A,$B5,$02,$61,$F6,$03,$5A,$C1,$00,$5A,$21,$00,$80,$5A,$41,$14,$5A,$61,$C8,$5A,$81,$4C
     DD005AB50261F603
     5AC1005A2100805A
     41145A61C85A814C
4EE7 805A24205A44005A (vgm_monkey_island):00657             FCB $80,$5A,$24,$20,$5A,$44,$00,$5A,$64,$D6,$80,$5A,$84,$FF,$5A,$A1,$90,$80,$5A,$B1,$27,$5A,$B0,$0B,$61,$84,$00,$5A,$C0,$08,$5A,$20
     64D6805A84FF5AA1
     90805AB1275AB00B
     6184005AC0085A20
4F07 205A401C5A606280 (vgm_monkey_island):00658             FCB $20,$5A,$40,$1C,$5A,$60,$62,$80,$5A,$80,$75,$5A,$E0,$01,$5A,$23,$22,$5A,$43,$00,$80,$5A,$63,$A8,$5A,$83,$F5,$80,$5A,$B0,$2A,$80
     5A80755AE0015A23
     225A4300805A63A8
     5A83F5805AB02A80
4F27 5AC2005A22215A42 (vgm_monkey_island):00659             FCB $5A,$C2,$00,$5A,$22,$21,$5A,$42,$00,$5A,$62,$FA,$80,$5A,$82,$6A,$5A,$25,$21,$80,$5A,$45,$0B,$5A,$65,$AA,$5A,$85,$FA,$80,$5A,$A2
     005A62FA805A826A
     5A2521805A450B5A
     65AA5A85FA805AA2
4F47 615AB22E5AC30A80 (vgm_monkey_island):00660             FCB $61,$5A,$B2,$2E,$5A,$C3,$0A,$80,$5A,$28,$2A,$5A,$48,$25,$5A,$68,$E6,$80,$5A,$88,$D7,$5A,$2B,$22,$5A,$4B,$07,$80,$5A,$6B,$F6,$5A
     5A282A5A48255A68
     E6805A88D75A2B22
     5A4B07805A6BF65A
4F67 8BF7805AA3C75AB3 (vgm_monkey_island):00661             FCB $8B,$F7,$80,$5A,$A3,$C7,$5A,$B3,$27,$80,$5A,$C4,$0A,$80,$5A,$29,$2A,$5A,$49,$25,$5A,$69,$E6,$5A,$89,$D7,$80,$5A,$2C,$22,$5A,$4C
     27805AC40A805A29
     2A5A49255A69E65A
     89D7805A2C225A4C
4F87 075A6CF6805A8CF7 (vgm_monkey_island):00662             FCB $07,$5A,$6C,$F6,$80,$5A,$8C,$F7,$5A,$A4,$00,$80,$5A,$B4,$2B,$5A,$2A,$2A,$80,$5A,$4A,$25,$5A,$6A,$E6,$5A,$8A,$D7,$80,$5A,$4D,$07
     5AA400805AB42B5A
     2A2A805A4A255A6A
     E65A8AD7805A4D07
4FA7 5A6DF6805AB52A80 (vgm_monkey_island):00663             FCB $5A,$6D,$F6,$80,$5A,$B5,$2A,$80,$5A,$C6,$0A,$5A,$30,$22,$80,$5A,$50,$1D,$5A,$70,$C6,$5A,$90,$77,$5A,$F0,$00,$80,$5A,$53,$40,$5A
     5AC60A5A3022805A
     501D5A70C65A9077
     5AF000805A53405A
4FC7 73F45A93F7805AB6 (vgm_monkey_island):00664             FCB $73,$F4,$5A,$93,$F7,$80,$5A,$B6,$23,$61,$45,$08,$5A,$B0,$0A,$61,$05,$10,$5A,$B1,$07,$61,$58,$00,$5A,$B2,$0E,$80,$5A,$C0,$0C,$5A
     236145085AB00A61
     05105AB107615800
     5AB20E805AC00C5A
4FE7 20215A4094805A60 (vgm_monkey_island):00665             FCB $20,$21,$5A,$40,$94,$80,$5A,$60,$72,$5A,$80,$2D,$5A,$E0,$00,$5A,$23,$61,$80,$5A,$43,$08,$5A,$63,$82,$5A,$83,$3B,$80,$5A,$B0,$2B
     725A802D5AE0005A
     2361805A43085A63
     825A833B805AB02B
5007 5AB50A805AC10A5A (vgm_monkey_island):00666             FCB $5A,$B5,$0A,$80,$5A,$C1,$0A,$5A,$21,$2A,$80,$5A,$41,$25,$5A,$61,$E6,$5A,$81,$D7,$80,$5A,$24,$22,$5A,$44,$07,$5A,$64,$F6,$5A,$84
     212A805A41255A61
     E65A81D7805A2422
     5A44075A64F65A84
5027 F7805AA1005AB127 (vgm_monkey_island):00667             FCB $F7,$80,$5A,$A1,$00,$5A,$B1,$27,$80,$5A,$B4,$0B,$61,$6A,$02,$5A,$B6,$03,$61,$46,$03,$5A,$B3,$07,$61,$9C,$0D,$5A,$B1,$07,$61,$ED
     805AB40B616A025A
     B6036146035AB307
     619C0D5AB10761ED
5047 025AB00B618D015A (vgm_monkey_island):00668             FCB $02,$5A,$B0,$0B,$61,$8D,$01,$5A,$A0,$AB,$5A,$B0,$2A,$61,$61,$01,$5A,$C1,$0E,$5A,$21,$21,$5A,$41,$1E,$80,$5A,$61,$B2,$5A,$81,$3E
     A0AB5AB02A616101
     5AC10E5A21215A41
     1E805A61B25A813E
5067 5A2421805A440C5A (vgm_monkey_island):00669             FCB $5A,$24,$21,$80,$5A,$44,$0C,$5A,$64,$93,$5A,$84,$3F,$80,$5A,$B1,$2E,$80,$5A,$C2,$0E,$5A,$42,$1E,$5A,$62,$B2,$80,$5A,$82,$3E,$80
     64935A843F805AB1
     2E805AC20E5A421E
     5A62B2805A823E80
5087 5A450C5A65935A85 (vgm_monkey_island):00670             FCB $5A,$45,$0C,$5A,$65,$93,$5A,$85,$3F,$80,$5A,$A2,$2E,$5A,$B2,$2B,$80,$5A,$C3,$0E,$5A,$28,$21,$5A,$48,$1E,$5A,$68,$B2,$80,$5A,$88
     3F805AA22E5AB22B
     805AC30E5A28215A
     481E5A68B2805A88
50A7 3E5A2B215A4B0C80 (vgm_monkey_island):00671             FCB $3E,$5A,$2B,$21,$5A,$4B,$0C,$80,$5A,$6B,$93,$5A,$8B,$3F,$80,$5A,$A3,$AB,$5A,$B3,$2A,$5A,$C4,$00,$80,$5A,$29,$00,$5A,$49,$14,$5A
     5A6B935A8B3F805A
     A3AB5AB32A5AC400
     805A29005A49145A
50C7 69C8805A894C5A2C (vgm_monkey_island):00672             FCB $69,$C8,$80,$5A,$89,$4C,$5A,$2C,$20,$5A,$4C,$00,$80,$5A,$6C,$D6,$5A,$8C,$FF,$5A,$A4,$90,$80,$5A,$B4,$27,$61,$09,$01,$5A,$2A,$22
     205A4C00805A6CD6
     5A8CFF5AA490805A
     B4276109015A2A22
50E7 5A4A1D805A6AC65A (vgm_monkey_island):00673             FCB $5A,$4A,$1D,$80,$5A,$6A,$C6,$5A,$8A,$77,$80,$5A,$4D,$40,$5A,$6D,$F4,$80,$5A,$A5,$AB,$5A,$B5,$22,$61,$19,$08,$5A,$B2,$0B,$61,$22
     8A77805A4D405A6D
     F4805AA5AB5AB522
     6119085AB20B6122
5107 045AB10E61B1005A (vgm_monkey_island):00674             FCB $04,$5A,$B1,$0E,$61,$B1,$00,$5A,$B3,$0A,$61,$F6,$03,$5A,$B4,$07,$61,$61,$01,$5A,$B0,$0A,$61,$60,$06,$5A,$C0,$00,$5A,$20,$00,$5A
     B30A61F6035AB407
     6161015AB00A6160
     065AC0005A20005A
5127 40145A60C8805A80 (vgm_monkey_island):00675             FCB $40,$14,$5A,$60,$C8,$80,$5A,$80,$4C,$5A,$23,$20,$80,$5A,$43,$00,$5A,$63,$D6,$5A,$83,$FF,$80,$5A,$A0,$90,$5A,$B0,$27,$80,$5A,$C1
     4C5A2320805A4300
     5A63D65A83FF805A
     A0905AB027805AC1
5147 0A5A212A5A412580 (vgm_monkey_island):00676             FCB $0A,$5A,$21,$2A,$5A,$41,$25,$80,$5A,$61,$E6,$5A,$81,$D7,$5A,$24,$22,$80,$5A,$44,$07,$5A,$64,$F6,$5A,$84,$F7,$80,$5A,$A1,$AB,$5A
     5A61E65A81D75A24
     22805A44075A64F6
     5A84F7805AA1AB5A
5167 B1226169075AB502 (vgm_monkey_island):00677             FCB $B1,$22,$61,$69,$07,$5A,$B5,$02,$61,$94,$07,$5A,$B1,$02,$61,$A6,$09,$5A,$C1,$0C,$5A,$21,$21,$5A,$41,$94,$5A,$61,$72,$80,$5A,$81
     6194075AB10261A6
     095AC10C5A21215A
     41945A6172805A81
5187 2D5A2461805A4408 (vgm_monkey_island):00678             FCB $2D,$5A,$24,$61,$80,$5A,$44,$08,$5A,$64,$82,$5A,$84,$3B,$80,$5A,$B1,$2A,$80,$5A,$C2,$00,$5A,$42,$00,$80,$5A,$62,$FA,$5A,$82,$6A
     5A64825A843B805A
     B12A805AC2005A42
     00805A62FA5A826A
51A7 805A450B5A65AA5A (vgm_monkey_island):00679             FCB $80,$5A,$45,$0B,$5A,$65,$AA,$5A,$85,$FA,$80,$5A,$A2,$61,$5A,$B2,$2E,$80,$5A,$C3,$08,$5A,$28,$20,$80,$5A,$48,$1C,$5A,$68,$62,$5A
     85FA805AA2615AB2
     2E805AC3085A2820
     805A481C5A68625A
51C7 88755AE801805A2B (vgm_monkey_island):00680             FCB $88,$75,$5A,$E8,$01,$80,$5A,$2B,$22,$5A,$4B,$00,$5A,$6B,$A8,$80,$5A,$8B,$F5,$5A,$A3,$00,$5A,$B3,$2A,$80,$5A,$C4,$0A,$5A,$29,$2A
     225A4B005A6BA880
     5A8BF55AA3005AB3
     2A805AC40A5A292A
51E7 805A49255A69E65A (vgm_monkey_island):00681             FCB $80,$5A,$49,$25,$5A,$69,$E6,$5A,$89,$D7,$80,$5A,$2C,$22,$5A,$4C,$07,$5A,$6C,$F6,$5A,$8C,$F7,$80,$5A,$A4,$2E,$5A,$B4,$27,$80,$5A
     89D7805A2C225A4C
     075A6CF65A8CF780
     5AA42E5AB427805A
5207 2A2A5A4A25805A6A (vgm_monkey_island):00682             FCB $2A,$2A,$5A,$4A,$25,$80,$5A,$6A,$E6,$5A,$8A,$D7,$80,$5A,$4D,$07,$5A,$6D,$F6,$80,$5A,$A5,$00,$5A,$B5,$2A,$80,$5A,$30,$2A,$5A,$50
     E65A8AD7805A4D07
     5A6DF6805AA5005A
     B52A805A302A5A50
5227 25805A70E65A90D7 (vgm_monkey_island):00683             FCB $25,$80,$5A,$70,$E6,$5A,$90,$D7,$80,$5A,$53,$07,$5A,$73,$F6,$80,$5A,$A6,$AB,$5A,$B6,$2A,$61,$61,$01,$5A,$B0,$07,$61,$3D,$02,$5A
     805A53075A73F680
     5AA6AB5AB62A6161
     015AB007613D025A
5247 B30A61180D5AB10A (vgm_monkey_island):00684             FCB $B3,$0A,$61,$18,$0D,$5A,$B1,$0A,$61,$B9,$01,$5A,$B4,$07,$61,$46,$03,$5A,$B6,$0A,$61,$34,$01,$5A,$B5,$0A,$61,$09,$01,$5A,$C0,$0E
     61B9015AB4076146
     035AB60A6134015A
     B50A6109015AC00E
5267 805A20215A401E5A (vgm_monkey_island):00685             FCB $80,$5A,$20,$21,$5A,$40,$1E,$5A,$60,$B2,$5A,$80,$3E,$80,$5A,$23,$21,$5A,$43,$0C,$80,$5A,$63,$93,$5A,$83,$3F,$5A,$A0,$AB,$80,$5A
     60B25A803E805A23
     215A430C805A6393
     5A833F5AA0AB805A
5287 B02A5AC10E805A41 (vgm_monkey_island):00686             FCB $B0,$2A,$5A,$C1,$0E,$80,$5A,$41,$1E,$5A,$61,$B2,$5A,$81,$3E,$80,$5A,$24,$21,$5A,$44,$0C,$5A,$64,$93,$80,$5A,$84,$3F,$5A,$A1,$00
     1E5A61B25A813E80
     5A24215A440C5A64
     93805A843F5AA100
52A7 805AB12E5AC30E5A (vgm_monkey_island):00687             FCB $80,$5A,$B1,$2E,$5A,$C3,$0E,$5A,$28,$21,$80,$5A,$48,$1E,$5A,$68,$B2,$5A,$88,$3E,$80,$5A,$E8,$00,$5A,$2B,$21,$5A,$4B,$0C,$5A,$6B
     2821805A481E5A68
     B25A883E805AE800
     5A2B215A4B0C5A6B
52C7 93805A8B3F5AA32E (vgm_monkey_island):00688             FCB $93,$80,$5A,$8B,$3F,$5A,$A3,$2E,$5A,$B3,$2B,$80,$5A,$C4,$08,$5A,$29,$20,$80,$5A,$49,$1C,$5A,$69,$62,$5A,$89,$75,$5A,$E9,$01,$80
     5AB32B805AC4085A
     2920805A491C5A69
     625A89755AE90180
52E7 5A4C005A6CA8805A (vgm_monkey_island):00689             FCB $5A,$4C,$00,$5A,$6C,$A8,$80,$5A,$8C,$F5,$5A,$A4,$00,$5A,$B4,$2A,$61,$59,$00,$5A,$2A,$22,$80,$5A,$4A,$1D,$5A,$6A,$C6,$5A,$8A,$77
     8CF55AA4005AB42A
     6159005A2A22805A
     4A1D5A6AC65A8A77
5307 805A4D405A6DF480 (vgm_monkey_island):00690             FCB $80,$5A,$4D,$40,$5A,$6D,$F4,$80,$5A,$A5,$AB,$80,$5A,$B5,$22,$5A,$C6,$00,$5A,$30,$00,$80,$5A,$50,$14,$5A,$70,$C8,$5A,$90,$4C,$80
     5AA5AB805AB5225A
     C6005A3000805A50
     145A70C85A904C80
5327 5A33205A53005A73 (vgm_monkey_island):00691             FCB $5A,$33,$20,$5A,$53,$00,$5A,$73,$D6,$80,$5A,$93,$FF,$5A,$A6,$90,$5A,$B6,$27,$80,$5A,$C7,$0A,$5A,$31,$2A,$80,$5A,$51,$25,$5A,$71
     D6805A93FF5AA690
     5AB627805AC70A5A
     312A805A51255A71
5347 E65A91D7805A3422 (vgm_monkey_island):00692             FCB $E6,$5A,$91,$D7,$80,$5A,$34,$22,$5A,$54,$07,$5A,$74,$F6,$80,$5A,$94,$F7,$5A,$A7,$AB,$5A,$B7,$26,$80,$5A,$B2,$0E,$61,$34,$01,$5A
     5A54075A74F6805A
     94F75AA7AB5AB726
     805AB20E6134015A
5367 C20A805A222A5A42 (vgm_monkey_island):00693             FCB $C2,$0A,$80,$5A,$22,$2A,$5A,$42,$25,$5A,$62,$E6,$5A,$82,$D7,$80,$5A,$25,$22,$5A,$45,$07,$5A,$65,$F6,$80,$5A,$85,$F7,$5A,$A2,$00
     255A62E65A82D780
     5A25225A45075A65
     F6805A85F75AA200
5387 805AB2265AB40A61 (vgm_monkey_island):00694             FCB $80,$5A,$B2,$26,$5A,$B4,$0A,$61,$3C,$07,$5A,$B7,$06,$61,$8D,$01,$5A,$B2,$06,$61,$B7,$0B,$5A,$C2,$0C,$5A,$22,$21,$5A,$42,$94,$80
     3C075AB706618D01
     5AB20661B70B5AC2
     0C5A22215A429480
53A7 5A62725A822D5A25 (vgm_monkey_island):00695             FCB $5A,$62,$72,$5A,$82,$2D,$5A,$25,$61,$80,$5A,$45,$08,$5A,$65,$82,$5A,$85,$3B,$80,$5A,$B2,$2B,$61,$8D,$01,$5A,$B4,$2B,$5A,$31,$22
     61805A45085A6582
     5A853B805AB22B61
     8D015AB42B5A3122
53C7 805A511D5A71C65A (vgm_monkey_island):00696             FCB $80,$5A,$51,$1D,$5A,$71,$C6,$5A,$91,$77,$80,$5A,$54,$40,$5A,$74,$F4,$80,$5A,$A7,$00,$5A,$B7,$22,$61,$09,$01,$5A,$B5,$02,$61,$AF
     9177805A54405A74
     F4805AA7005AB722
     6109015AB50261AF
53E7 055AB40B61FD0E5A (vgm_monkey_island):00697             FCB $05,$5A,$B4,$0B,$61,$FD,$0E,$5A,$B6,$07,$5A,$B2,$0B,$61,$83,$05,$5A,$C2,$08,$5A,$22,$20,$80,$5A,$42,$1C,$5A,$62,$62,$5A,$82,$75
     B6075AB20B618305
     5AC2085A2220805A
     421C5A62625A8275
5407 5AE201805A25225A (vgm_monkey_island):00698             FCB $5A,$E2,$01,$80,$5A,$25,$22,$5A,$45,$00,$5A,$65,$A8,$80,$5A,$85,$F5,$5A,$B2,$2B,$61,$B9,$01,$5A,$C4,$0A,$5A,$29,$2A,$5A,$49,$25
     45005A65A8805A85
     F55AB22B61B9015A
     C40A5A292A5A4925
5427 805A69E65A89D75A (vgm_monkey_island):00699             FCB $80,$5A,$69,$E6,$5A,$89,$D7,$5A,$E9,$00,$80,$5A,$4C,$07,$5A,$6C,$F6,$5A,$8C,$F7,$80,$5A,$A4,$AB,$5A,$B4,$22,$61,$E5,$01,$5A,$B2
     E900805A4C075A6C
     F65A8CF7805AA4AB
     5AB42261E5015AB2
5447 0B6121095AB70261 (vgm_monkey_island):00700             FCB $0B,$61,$21,$09,$5A,$B7,$02,$61,$96,$02,$5A,$B3,$0B,$61,$08,$01,$5A,$B1,$0E,$61,$D3,$04,$5A,$C1,$0C,$80,$5A,$41,$94,$5A,$61,$72
     96025AB30B610801
     5AB10E61D3045AC1
     0C805A41945A6172
5467 5A812D805A24615A (vgm_monkey_island):00701             FCB $5A,$81,$2D,$80,$5A,$24,$61,$5A,$44,$08,$5A,$64,$82,$80,$5A,$84,$3B,$5A,$A1,$2E,$5A,$B1,$2B,$61,$DD,$00,$5A,$B0,$0A,$61,$34,$01
     44085A6482805A84
     3B5AA12E5AB12B61
     DD005AB00A613401
5487 5AC0005A4000805A (vgm_monkey_island):00702             FCB $5A,$C0,$00,$5A,$40,$00,$80,$5A,$60,$FA,$5A,$80,$6A,$80,$5A,$43,$0B,$5A,$63,$AA,$5A,$83,$FA,$80,$5A,$A0,$61,$5A,$B0,$2E,$80,$5A
     60FA5A806A805A43
     0B5A63AA5A83FA80
     5AA0615AB02E805A
54A7 C20A5A22225A421D (vgm_monkey_island):00703             FCB $C2,$0A,$5A,$22,$22,$5A,$42,$1D,$5A,$62,$C6,$80,$5A,$82,$77,$5A,$E2,$00,$80,$5A,$45,$40,$5A,$65,$F4,$5A,$85,$F7,$80,$5A,$A2,$AB
     5A62C6805A82775A
     E200805A45405A65
     F45A85F7805AA2AB
54C7 5AB222805AC3005A (vgm_monkey_island):00704             FCB $5A,$B2,$22,$80,$5A,$C3,$00,$5A,$28,$00,$5A,$48,$14,$5A,$68,$C8,$80,$5A,$88,$4C,$5A,$2B,$20,$5A,$4B,$00,$80,$5A,$6B,$D6,$5A,$8B
     28005A48145A68C8
     805A884C5A2B205A
     4B00805A6BD65A8B
54E7 FF805AA3905AB327 (vgm_monkey_island):00705             FCB $FF,$80,$5A,$A3,$90,$5A,$B3,$27,$61,$60,$01,$5A,$2A,$2A,$5A,$4A,$25,$80,$5A,$6A,$E6,$5A,$8A,$D7,$80,$5A,$4D,$07,$5A,$6D,$F6,$80
     6160015A2A2A5A4A
     25805A6AE65A8AD7
     805A4D075A6DF680
5507 5AA52E5AB527805A (vgm_monkey_island):00706             FCB $5A,$A5,$2E,$5A,$B5,$27,$80,$5A,$C6,$0A,$5A,$30,$2A,$5A,$50,$25,$5A,$70,$E6,$80,$5A,$90,$D7,$5A,$33,$22,$80,$5A,$53,$07,$5A,$73
     C60A5A302A5A5025
     5A70E6805A90D75A
     3322805A53075A73
5527 F65A93F7805AA600 (vgm_monkey_island):00707             FCB $F6,$5A,$93,$F7,$80,$5A,$A6,$00,$5A,$B6,$2A,$80,$5A,$31,$2A,$5A,$51,$25,$5A,$71,$E6,$80,$5A,$91,$D7,$5A,$54,$07,$80,$5A,$74,$F6
     5AB62A805A312A5A
     51255A71E6805A91
     D75A5407805A74F6
5547 805AA7AB5AB72A80 (vgm_monkey_island):00708             FCB $80,$5A,$A7,$AB,$5A,$B7,$2A,$80,$5A,$B4,$02,$61,$42,$12,$5A,$B1,$0B,$61,$11,$02,$5A,$B5,$07,$61,$EE,$02,$5A,$B6,$0A,$61,$58,$00
     5AB4026142125AB1
     0B6111025AB50761
     EE025AB60A615800
5567 5AB00E6185005AB3 (vgm_monkey_island):00709             FCB $5A,$B0,$0E,$61,$85,$00,$5A,$B3,$07,$61,$B9,$01,$5A,$B2,$02,$61,$B0,$00,$5A,$B7,$0A,$61,$30,$15,$5A,$C0,$0E,$80,$5A,$40,$1E,$5A
     0761B9015AB20261
     B0005AB70A613015
     5AC00E805A401E5A
5587 60B25A803E805A43 (vgm_monkey_island):00710             FCB $60,$B2,$5A,$80,$3E,$80,$5A,$43,$0C,$5A,$63,$93,$80,$5A,$83,$3F,$5A,$A0,$00,$5A,$B0,$2B,$80,$5A,$C1,$0E,$80,$5A,$41,$1E,$5A,$61
     0C5A6393805A833F
     5AA0005AB02B805A
     C10E805A411E5A61
55A7 B2805A813E5A2421 (vgm_monkey_island):00711             FCB $B2,$80,$5A,$81,$3E,$5A,$24,$21,$5A,$44,$0C,$80,$5A,$64,$93,$5A,$84,$3F,$5A,$A1,$3F,$80,$5A,$B1,$2E,$5A,$C2,$0C,$80,$5A,$22,$21
     5A440C805A64935A
     843F5AA13F805AB1
     2E5AC20C805A2221
55C7 5A42945A62725A82 (vgm_monkey_island):00712             FCB $5A,$42,$94,$5A,$62,$72,$5A,$82,$2D,$80,$5A,$25,$61,$5A,$45,$08,$80,$5A,$65,$82,$5A,$85,$3B,$5A,$A2,$00,$80,$5A,$B2,$2B,$5A,$C3
     2D805A25615A4508
     805A65825A853B5A
     A200805AB22B5AC3
55E7 0E5A2821805A481E (vgm_monkey_island):00713             FCB $0E,$5A,$28,$21,$80,$5A,$48,$1E,$5A,$68,$B2,$5A,$88,$3E,$80,$5A,$2B,$21,$5A,$4B,$0C,$5A,$6B,$93,$80,$5A,$8B,$3F,$5A,$A3,$C7,$80
     5A68B25A883E805A
     2B215A4B0C5A6B93
     805A8B3F5AA3C780
5607 5AB32B61DC005AC4 (vgm_monkey_island):00714             FCB $5A,$B3,$2B,$61,$DC,$00,$5A,$C4,$00,$80,$5A,$29,$00,$5A,$49,$14,$5A,$69,$C8,$5A,$89,$4C,$80,$5A,$2C,$20,$5A,$4C,$00,$80,$5A,$6C
     00805A29005A4914
     5A69C85A894C805A
     2C205A4C00805A6C
5627 D65A8CFF5AA49080 (vgm_monkey_island):00715             FCB $D6,$5A,$8C,$FF,$5A,$A4,$90,$80,$5A,$B4,$27,$5A,$C5,$08,$5A,$2A,$20,$80,$5A,$4A,$1C,$5A,$6A,$62,$5A,$8A,$75,$80,$5A,$EA,$01,$5A
     5AB4275AC5085A2A
     20805A4A1C5A6A62
     5A8A75805AEA015A
5647 4D005A6DA8805A8D (vgm_monkey_island):00716             FCB $4D,$00,$5A,$6D,$A8,$80,$5A,$8D,$F5,$5A,$A5,$00,$80,$5A,$B5,$2A,$5A,$30,$22,$80,$5A,$50,$1D,$5A,$70,$C6,$5A,$90,$77,$80,$5A,$53
     F55AA500805AB52A
     5A3022805A501D5A
     70C65A9077805A53
5667 405A73F4805AB623 (vgm_monkey_island):00717             FCB $40,$5A,$73,$F4,$80,$5A,$B6,$23,$61,$83,$0A,$5A,$B3,$0B,$5A,$B5,$0A,$61,$60,$01,$5A,$B1,$0E,$61,$D3,$04,$5A,$B4,$07,$61,$EE,$02
     61830A5AB30B5AB5
     0A6160015AB10E61
     D3045AB40761EE02
5687 5AB00B6133065AC0 (vgm_monkey_island):00718             FCB $5A,$B0,$0B,$61,$33,$06,$5A,$C0,$08,$5A,$20,$20,$5A,$40,$1C,$80,$5A,$60,$62,$5A,$80,$75,$5A,$E0,$01,$80,$5A,$23,$22,$5A,$43,$00
     085A20205A401C80
     5A60625A80755AE0
     01805A23225A4300
56A7 5A63A85A83F5805A (vgm_monkey_island):00719             FCB $5A,$63,$A8,$5A,$83,$F5,$80,$5A,$B0,$2A,$80,$5A,$C1,$00,$5A,$21,$00,$5A,$41,$14,$80,$5A,$61,$C8,$5A,$81,$4C,$5A,$24,$20,$80,$5A
     B02A805AC1005A21
     005A4114805A61C8
     5A814C5A2420805A
56C7 44005A64D65A84FF (vgm_monkey_island):00720             FCB $44,$00,$5A,$64,$D6,$5A,$84,$FF,$80,$5A,$A1,$90,$5A,$B1,$27,$61,$84,$00,$5A,$C3,$0A,$80,$5A,$28,$2A,$5A,$48,$25,$5A,$68,$E6,$80
     805AA1905AB12761
     84005AC30A805A28
     2A5A48255A68E680
56E7 5A88D75A2B225A4B (vgm_monkey_island):00721             FCB $5A,$88,$D7,$5A,$2B,$22,$5A,$4B,$07,$80,$5A,$6B,$F6,$5A,$8B,$F7,$5A,$A3,$00,$80,$5A,$B3,$23,$61,$EE,$02,$5A,$B0,$0A,$61,$79,$09
     07805A6BF65A8BF7
     5AA300805AB32361
     EE025AB00A617909
5707 5AB603612A0A5AB3 (vgm_monkey_island):00722             FCB $5A,$B6,$03,$61,$2A,$0A,$5A,$B3,$03,$61,$35,$01,$5A,$C0,$00,$5A,$20,$21,$80,$5A,$40,$00,$5A,$60,$FA,$5A,$80,$6A,$5A,$E0,$00,$80
     036135015AC0005A
     2021805A40005A60
     FA5A806A5AE00080
5727 5A23215A430B5A63 (vgm_monkey_island):00723             FCB $5A,$23,$21,$5A,$43,$0B,$5A,$63,$AA,$5A,$83,$FA,$80,$5A,$A0,$61,$5A,$B0,$2E,$61,$DC,$00,$5A,$B1,$07,$61,$DD,$00,$5A,$C1,$0A,$5A
     AA5A83FA805AA061
     5AB02E61DC005AB1
     0761DD005AC10A5A
5747 212A5A4125805A61 (vgm_monkey_island):00724             FCB $21,$2A,$5A,$41,$25,$80,$5A,$61,$E6,$5A,$81,$D7,$5A,$24,$22,$80,$5A,$44,$07,$5A,$64,$F6,$5A,$84,$F7,$80,$5A,$A1,$00,$5A,$B1,$2B
     E65A81D75A242280
     5A44075A64F65A84
     F7805AA1005AB12B
5767 61B1005AA3C75AB3 (vgm_monkey_island):00725             FCB $61,$B1,$00,$5A,$A3,$C7,$5A,$B3,$27,$80,$5A,$C4,$0A,$5A,$29,$2A,$5A,$49,$25,$5A,$69,$E6,$80,$5A,$89,$D7,$5A,$2C,$22,$5A,$4C,$07
     27805AC40A5A292A
     5A49255A69E6805A
     89D75A2C225A4C07
5787 805A6CF65A8CF780 (vgm_monkey_island):00726             FCB $80,$5A,$6C,$F6,$5A,$8C,$F7,$80,$5A,$A4,$3F,$5A,$B4,$2A,$61,$9D,$08,$5A,$B2,$0B,$61,$C8,$0D,$5A,$C2,$0E,$80,$5A,$42,$1E,$5A,$62
     5AA43F5AB42A619D
     085AB20B61C80D5A
     C20E805A421E5A62
57A7 B25A823E805A2521 (vgm_monkey_island):00727             FCB $B2,$5A,$82,$3E,$80,$5A,$25,$21,$5A,$45,$0C,$5A,$65,$93,$80,$5A,$85,$3F,$80,$5A,$B2,$2B,$5A,$B3,$07,$5A,$C3,$0E,$80,$5A,$28,$21
     5A450C5A6593805A
     853F805AB22B5AB3
     075AC30E805A2821
57C7 5A481E5A68B2805A (vgm_monkey_island):00728             FCB $5A,$48,$1E,$5A,$68,$B2,$80,$5A,$88,$3E,$5A,$2B,$21,$5A,$4B,$0C,$80,$5A,$6B,$93,$5A,$8B,$3F,$80,$5A,$B3,$2B,$80,$5A,$C5,$0E,$5A
     883E5A2B215A4B0C
     805A6B935A8B3F80
     5AB32B805AC50E5A
57E7 2A215A4A1E805A6A (vgm_monkey_island):00729             FCB $2A,$21,$5A,$4A,$1E,$80,$5A,$6A,$B2,$5A,$8A,$3E,$5A,$EA,$00,$5A,$2D,$21,$80,$5A,$4D,$0C,$5A,$6D,$93,$5A,$8D,$3F,$80,$5A,$A5,$3F
     B25A8A3E5AEA005A
     2D21805A4D0C5A6D
     935A8D3F805AA53F
5807 5AB52E61B1005AB6 (vgm_monkey_island):00730             FCB $5A,$B5,$2E,$61,$B1,$00,$5A,$B6,$23,$80,$5A,$B4,$0A,$5A,$C4,$08,$5A,$29,$20,$80,$5A,$49,$1C,$5A,$69,$62,$5A,$89,$75,$80,$5A,$E9
     23805AB40A5AC408
     5A2920805A491C5A
     69625A8975805AE9
5827 015A4C005A6CA880 (vgm_monkey_island):00731             FCB $01,$5A,$4C,$00,$5A,$6C,$A8,$80,$5A,$8C,$F5,$5A,$A4,$00,$5A,$B4,$2B,$61,$B0,$00,$5A,$A7,$00,$80,$5A,$B7,$27,$5A,$B1,$0B,$80,$5A
     5A8CF55AA4005AB4
     2B61B0005AA70080
     5AB7275AB10B805A
5847 C1005A21005A4114 (vgm_monkey_island):00732             FCB $C1,$00,$5A,$21,$00,$5A,$41,$14,$5A,$61,$C8,$80,$5A,$81,$4C,$5A,$24,$20,$80,$5A,$44,$00,$5A,$64,$D6,$5A,$84,$FF,$80,$5A,$A1,$90
     5A61C8805A814C5A
     2420805A44005A64
     D65A84FF805AA190
5867 5AB127618D015AB0 (vgm_monkey_island):00733             FCB $5A,$B1,$27,$61,$8D,$01,$5A,$B0,$0E,$61,$0E,$11,$5A,$B4,$0B,$61,$E5,$01,$5A,$B7,$07,$61,$95,$02,$5A,$C0,$0C,$5A,$40,$94,$80,$5A
     0E610E115AB40B61
     E5015AB707619502
     5AC00C5A4094805A
5887 60725A802D805A23 (vgm_monkey_island):00734             FCB $60,$72,$5A,$80,$2D,$80,$5A,$23,$61,$5A,$43,$08,$5A,$63,$82,$5A,$83,$3B,$80,$5A,$A0,$00,$5A,$B0,$2B,$61,$84,$00,$5A,$C4,$0A,$80
     615A43085A63825A
     833B805AA0005AB0
     2B6184005AC40A80
58A7 5A29225A491D5A69 (vgm_monkey_island):00735             FCB $5A,$29,$22,$5A,$49,$1D,$5A,$69,$C6,$5A,$89,$77,$80,$5A,$E9,$00,$5A,$4C,$40,$5A,$6C,$F4,$80,$5A,$8C,$F7,$5A,$A4,$3F,$80,$5A,$B4
     C65A8977805AE900
     5A4C405A6CF4805A
     8CF75AA43F805AB4
58C7 2261B1005AB60361 (vgm_monkey_island):00736             FCB $22,$61,$B1,$00,$5A,$B6,$03,$61,$30,$15,$5A,$B1,$07,$61,$DB,$05,$5A,$C1,$08,$5A,$21,$20,$80,$5A,$41,$1C,$5A,$61,$62,$5A,$81,$75
     30155AB10761DB05
     5AC1085A2120805A
     411C5A61625A8175
58E7 5AE101805A24225A (vgm_monkey_island):00737             FCB $5A,$E1,$01,$80,$5A,$24,$22,$5A,$64,$A8,$80,$5A,$84,$F5,$5A,$A1,$00,$5A,$B1,$2A,$61,$61,$01,$5A,$30,$2A,$5A,$50,$25,$5A,$70,$E6
     64A8805A84F55AA1
     005AB12A6161015A
     302A5A50255A70E6
5907 805A90D7805A5307 (vgm_monkey_island):00738             FCB $80,$5A,$90,$D7,$80,$5A,$53,$07,$5A,$73,$F6,$80,$5A,$B6,$23,$61,$22,$04,$5A,$B1,$0A,$61,$E4,$06,$5A,$B6,$03,$61,$DC,$05,$5A,$B4
     5A73F6805AB62361
     22045AB10A61E406
     5AB60361DC055AB4
5927 026108015AB50E61 (vgm_monkey_island):00739             FCB $02,$61,$08,$01,$5A,$B5,$0E,$61,$7B,$04,$5A,$C1,$00,$5A,$21,$00,$5A,$41,$14,$80,$5A,$61,$C8,$5A,$81,$4C,$5A,$E1,$00,$5A,$24,$20
     7B045AC1005A2100
     5A4114805A61C85A
     814C5AE1005A2420
5947 805A64D65A84FF80 (vgm_monkey_island):00740             FCB $80,$5A,$64,$D6,$5A,$84,$FF,$80,$5A,$A1,$90,$5A,$B1,$27,$80,$5A,$B3,$0B,$61,$B1,$00,$5A,$C3,$0A,$5A,$28,$22,$80,$5A,$48,$1D,$5A
     5AA1905AB127805A
     B30B61B1005AC30A
     5A2822805A481D5A
5967 68C65A8877805A2B (vgm_monkey_island):00741             FCB $68,$C6,$5A,$88,$77,$80,$5A,$2B,$22,$5A,$4B,$40,$5A,$6B,$F4,$80,$5A,$8B,$F7,$5A,$A3,$00,$80,$5A,$B3,$23,$5A,$C4,$00,$5A,$29,$21
     225A4B405A6BF480
     5A8BF75AA300805A
     B3235AC4005A2921
5987 805A49005A69FA5A (vgm_monkey_island):00742             FCB $80,$5A,$49,$00,$5A,$69,$FA,$5A,$89,$6A,$80,$5A,$2C,$21,$5A,$4C,$0B,$5A,$6C,$AA,$80,$5A,$8C,$FA,$5A,$A4,$61,$5A,$B4,$2E,$80,$5A
     896A805A2C215A4C
     0B5A6CAA805A8CFA
     5AA4615AB42E805A
59A7 C5085A2A20805A4A (vgm_monkey_island):00743             FCB $C5,$08,$5A,$2A,$20,$80,$5A,$4A,$1C,$5A,$6A,$62,$5A,$8A,$75,$5A,$EA,$01,$80,$5A,$2D,$22,$5A,$4D,$00,$5A,$6D,$A8,$80,$5A,$8D,$F5
     1C5A6A625A8A755A
     EA01805A2D225A4D
     005A6DA8805A8DF5
59C7 5AA5005AB52A61B0 (vgm_monkey_island):00744             FCB $5A,$A5,$00,$5A,$B5,$2A,$61,$B0,$00,$5A,$B6,$2B,$61,$DD,$00,$5A,$A7,$3F,$5A,$B7,$2A,$80,$5A,$32,$2A,$80,$5A,$52,$25,$5A,$72,$E6
     005AB62B61DD005A
     A73F5AB72A805A32
     2A805A52255A72E6
59E7 5A92D7805A55075A (vgm_monkey_island):00745             FCB $5A,$92,$D7,$80,$5A,$55,$07,$5A,$75,$F6,$80,$5A,$A8,$C7,$5A,$B8,$27,$61,$84,$00,$5A,$B2,$0B,$61,$DD,$00,$5A,$B0,$0B,$61,$EC,$07
     75F6805AA8C75AB8
     276184005AB20B61
     DD005AB00B61EC07
5A07 5AB50A61210E5AB0 (vgm_monkey_island):00746             FCB $5A,$B5,$0A,$61,$21,$0E,$5A,$B0,$2B,$5A,$B8,$07,$61,$8D,$01,$5A,$B1,$07,$61,$34,$01,$5A,$C1,$0A,$5A,$21,$2A,$5A,$41,$25,$5A,$61
     2B5AB807618D015A
     B1076134015AC10A
     5A212A5A41255A61
5A27 E6805A81D75A2422 (vgm_monkey_island):00747             FCB $E6,$80,$5A,$81,$D7,$5A,$24,$22,$5A,$44,$07,$80,$5A,$64,$F6,$5A,$84,$F7,$80,$5A,$A1,$00,$5A,$B1,$27,$61,$34,$01,$5A,$B4,$0E,$61
     5A4407805A64F65A
     84F7805AA1005AB1
     276134015AB40E61
5A47 B1005AB303619E03 (vgm_monkey_island):00748             FCB $B1,$00,$5A,$B3,$03,$61,$9E,$03,$5A,$B7,$0A,$61,$9E,$03,$5A,$B6,$0B,$61,$71,$08,$5A,$B1,$07,$61,$B0,$00,$5A,$B0,$0B,$61,$C2,$02
     5AB70A619E035AB6
     0B6171085AB10761
     B0005AB00B61C202
5A67 5AA0AB5AB02A61B9 (vgm_monkey_island):00749             FCB $5A,$A0,$AB,$5A,$B0,$2A,$61,$B9,$01,$5A,$C1,$00,$5A,$21,$00,$5A,$41,$14,$80,$5A,$61,$C8,$5A,$81,$4C,$5A,$24,$20,$80,$5A,$44,$00
     015AC1005A21005A
     4114805A61C85A81
     4C5A2420805A4400
5A87 5A64D65A84FF805A (vgm_monkey_island):00750             FCB $5A,$64,$D6,$5A,$84,$FF,$80,$5A,$A1,$90,$5A,$B1,$27,$61,$B0,$00,$5A,$A2,$2E,$5A,$B2,$2B,$80,$5A,$C3,$0E,$80,$5A,$28,$21,$5A,$48
     A1905AB12761B000
     5AA22E5AB22B805A
     C30E805A28215A48
5AA7 1E5A68B25A883E80 (vgm_monkey_island):00751             FCB $1E,$5A,$68,$B2,$5A,$88,$3E,$80,$5A,$2B,$21,$5A,$4B,$0C,$5A,$6B,$93,$80,$5A,$8B,$3F,$5A,$A3,$AB,$80,$5A,$B3,$2A,$5A,$C4,$0E,$80
     5A2B215A4B0C5A6B
     93805A8B3F5AA3AB
     805AB32A5AC40E80
5AC7 5A491E5A69B25A89 (vgm_monkey_island):00752             FCB $5A,$49,$1E,$5A,$69,$B2,$5A,$89,$3E,$80,$5A,$4C,$0C,$5A,$6C,$93,$80,$5A,$8C,$3F,$5A,$A4,$00,$5A,$B4,$2E,$80,$5A,$C5,$0A,$5A,$2A
     3E805A4C0C5A6C93
     805A8C3F5AA4005A
     B42E805AC50A5A2A
5AE7 22805A4A1D5A6AC6 (vgm_monkey_island):00753             FCB $22,$80,$5A,$4A,$1D,$5A,$6A,$C6,$5A,$8A,$77,$5A,$EA,$00,$80,$5A,$4D,$40,$5A,$6D,$F4,$80,$5A,$8D,$F7,$5A,$A5,$AB,$5A,$B5,$22,$61
     5A8A775AEA00805A
     4D405A6DF4805A8D
     F75AA5AB5AB52261
5B07 3B0C5AB40E615800 (vgm_monkey_island):00754             FCB $3B,$0C,$5A,$B4,$0E,$61,$58,$00,$5A,$B2,$0B,$61,$3D,$02,$5A,$B1,$07,$61,$3E,$02,$5A,$B3,$0A,$61,$FE,$04,$5A,$B0,$0A,$61,$E6,$01
     5AB20B613D025AB1
     07613E025AB30A61
     FE045AB00A61E601
5B27 5AB502805AC0005A (vgm_monkey_island):00755             FCB $5A,$B5,$02,$80,$5A,$C0,$00,$5A,$20,$00,$5A,$40,$14,$5A,$60,$C8,$80,$5A,$80,$4C,$5A,$23,$20,$5A,$43,$00,$80,$5A,$63,$D6,$5A,$83
     20005A40145A60C8
     805A804C5A23205A
     4300805A63D65A83
5B47 FF805AA0905AB027 (vgm_monkey_island):00756             FCB $FF,$80,$5A,$A0,$90,$5A,$B0,$27,$61,$E5,$01,$5A,$C1,$0A,$5A,$21,$2A,$80,$5A,$41,$25,$5A,$61,$E6,$5A,$81,$D7,$80,$5A,$24,$22,$5A
     61E5015AC10A5A21
     2A805A41255A61E6
     5A81D7805A24225A
5B67 44075A64F6805A84 (vgm_monkey_island):00757             FCB $44,$07,$5A,$64,$F6,$80,$5A,$84,$F7,$5A,$A1,$AB,$5A,$B1,$22,$61,$8A,$10,$5A,$B1,$02,$61,$83,$05,$5A,$C1,$0C,$5A,$21,$21,$80,$5A
     F75AA1AB5AB12261
     8A105AB102618305
     5AC10C5A2121805A
5B87 41945A61725A812D (vgm_monkey_island):00758             FCB $41,$94,$5A,$61,$72,$5A,$81,$2D,$80,$5A,$24,$61,$5A,$44,$08,$5A,$64,$82,$80,$5A,$84,$3B,$5A,$B1,$2A,$80,$5A,$C2,$00,$80,$5A,$42
     805A24615A44085A
     6482805A843B5AB1
     2A805AC200805A42
5BA7 005A62FA5A826A80 (vgm_monkey_island):00759             FCB $00,$5A,$62,$FA,$5A,$82,$6A,$80,$5A,$45,$0B,$5A,$65,$AA,$80,$5A,$85,$FA,$5A,$A2,$61,$80,$5A,$B2,$2E,$5A,$C3,$08,$80,$5A,$28,$20
     5A450B5A65AA805A
     85FA5AA261805AB2
     2E5AC308805A2820
5BC7 5A481C5A6862805A (vgm_monkey_island):00760             FCB $5A,$48,$1C,$5A,$68,$62,$80,$5A,$88,$75,$5A,$E8,$01,$5A,$2B,$22,$5A,$4B,$00,$80,$5A,$6B,$A8,$5A,$8B,$F5,$80,$5A,$A3,$00,$5A,$B3
     88755AE8015A2B22
     5A4B00805A6BA85A
     8BF5805AA3005AB3
5BE7 2A5AC40A805A2922 (vgm_monkey_island):00761             FCB $2A,$5A,$C4,$0A,$80,$5A,$29,$22,$5A,$49,$1D,$5A,$69,$C6,$80,$5A,$89,$77,$5A,$2C,$22,$5A,$4C,$40,$80,$5A,$6C,$F4,$5A,$8C,$F7,$80
     5A491D5A69C6805A
     89775A2C225A4C40
     805A6CF45A8CF780
5C07 5AB4236161015A2A (vgm_monkey_island):00762             FCB $5A,$B4,$23,$61,$61,$01,$5A,$2A,$2A,$5A,$4A,$25,$5A,$6A,$E6,$5A,$8A,$D7,$80,$5A,$4D,$07,$5A,$6D,$F6,$80,$5A,$A5,$2E,$80,$5A,$B5
     2A5A4A255A6AE65A
     8AD7805A4D075A6D
     F6805AA52E805AB5
5C27 276184005AA6AB80 (vgm_monkey_island):00763             FCB $27,$61,$84,$00,$5A,$A6,$AB,$80,$5A,$B6,$2A,$61,$85,$00,$5A,$A7,$00,$5A,$B7,$2A,$61,$58,$00,$5A,$B0,$07,$61,$08,$01,$5A,$B3,$0A
     5AB62A6185005AA7
     005AB72A6158005A
     B0076108015AB30A
5C47 61A50E5AB10A61B9 (vgm_monkey_island):00764             FCB $61,$A5,$0E,$5A,$B1,$0A,$61,$B9,$01,$5A,$B5,$07,$61,$E5,$01,$5A,$B6,$0A,$61,$9E,$03,$5A,$C0,$0E,$5A,$20,$21,$80,$5A,$40,$1E,$5A
     015AB50761E5015A
     B60A619E035AC00E
     5A2021805A401E5A
5C67 60B25A803E805A23 (vgm_monkey_island):00765             FCB $60,$B2,$5A,$80,$3E,$80,$5A,$23,$21,$5A,$43,$0C,$5A,$63,$93,$80,$5A,$83,$3F,$5A,$A0,$2E,$5A,$B0,$2B,$80,$5A,$C1,$08,$5A,$21,$20
     215A430C5A639380
     5A833F5AA02E5AB0
     2B805AC1085A2120
5C87 5A411C805A61625A (vgm_monkey_island):00766             FCB $5A,$41,$1C,$80,$5A,$61,$62,$5A,$81,$75,$5A,$E1,$01,$80,$5A,$24,$22,$5A,$44,$00,$5A,$64,$A8,$5A,$84,$F5,$80,$5A,$A1,$00,$5A,$B1
     81755AE101805A24
     225A44005A64A85A
     84F5805AA1005AB1
5CA7 2A805AC30E5A2821 (vgm_monkey_island):00767             FCB $2A,$80,$5A,$C3,$0E,$5A,$28,$21,$5A,$48,$1E,$80,$5A,$68,$B2,$5A,$88,$3E,$5A,$E8,$00,$80,$5A,$2B,$21,$5A,$4B,$0C,$5A,$6B,$93,$5A
     5A481E805A68B25A
     883E5AE800805A2B
     215A4B0C5A6B935A
5CC7 8B3F805AB32E805A (vgm_monkey_island):00768             FCB $8B,$3F,$80,$5A,$B3,$2E,$80,$5A,$C5,$0E,$5A,$2A,$21,$5A,$4A,$1E,$80,$5A,$6A,$B2,$5A,$8A,$3E,$80,$5A,$2D,$21,$5A,$4D,$0C,$5A,$6D
     C50E5A2A215A4A1E
     805A6AB25A8A3E80
     5A2D215A4D0C5A6D
5CE7 935A8D3F805AA5AB (vgm_monkey_island):00769             FCB $93,$5A,$8D,$3F,$80,$5A,$A5,$AB,$5A,$B5,$2A,$80,$5A,$B7,$0A,$61,$84,$00,$5A,$C6,$00,$5A,$30,$00,$80,$5A,$50,$14,$5A,$70,$C8,$5A
     5AB52A805AB70A61
     84005AC6005A3000
     805A50145A70C85A
5D07 904C805A33205A53 (vgm_monkey_island):00770             FCB $90,$4C,$80,$5A,$33,$20,$5A,$53,$00,$5A,$73,$D6,$80,$5A,$93,$FF,$5A,$A6,$90,$5A,$B6,$27,$61,$85,$00,$5A,$B1,$0A,$61,$ED,$02,$5A
     005A73D6805A93FF
     5AA6905AB6276185
     005AB10A61ED025A
5D27 B20E6183055AB403 (vgm_monkey_island):00771             FCB $B2,$0E,$61,$83,$05,$5A,$B4,$03,$61,$B7,$0B,$5A,$C1,$0A,$5A,$21,$2A,$5A,$41,$25,$5A,$61,$E6,$80,$5A,$81,$D7,$5A,$E1,$00,$80,$5A
     61B70B5AC10A5A21
     2A5A41255A61E680
     5A81D75AE100805A
5D47 44075A64F65A84F7 (vgm_monkey_island):00772             FCB $44,$07,$5A,$64,$F6,$5A,$84,$F7,$80,$5A,$A1,$AB,$5A,$B1,$26,$80,$5A,$C2,$0A,$5A,$22,$2A,$5A,$42,$25,$5A,$62,$E6,$80,$5A,$82,$D7
     805AA1AB5AB12680
     5AC20A5A222A5A42
     255A62E6805A82D7
5D67 5A25225A4507805A (vgm_monkey_island):00773             FCB $5A,$25,$22,$5A,$45,$07,$80,$5A,$65,$F6,$5A,$85,$F7,$80,$5A,$A2,$00,$5A,$B2,$26,$80,$5A,$C4,$0C,$5A,$29,$21,$80,$5A,$49,$94,$5A
     65F65A85F7805AA2
     005AB226805AC40C
     5A2921805A49945A
5D87 69725A892D805A2C (vgm_monkey_island):00774             FCB $69,$72,$5A,$89,$2D,$80,$5A,$2C,$61,$5A,$4C,$08,$5A,$6C,$82,$80,$5A,$8C,$3B,$80,$5A,$B4,$2B,$61,$DD,$00,$5A,$C7,$08,$5A,$31,$20
     615A4C085A6C8280
     5A8C3B805AB42B61
     DD005AC7085A3120
5DA7 5A511C5A7162805A (vgm_monkey_island):00775             FCB $5A,$51,$1C,$5A,$71,$62,$80,$5A,$91,$75,$5A,$F1,$01,$5A,$54,$00,$80,$5A,$74,$A8,$5A,$94,$F5,$80,$5A,$B7,$2B,$80,$5A,$32,$22,$5A
     91755AF1015A5400
     805A74A85A94F580
     5AB72B805A32225A
5DC7 521D5A72C6805A92 (vgm_monkey_island):00776             FCB $52,$1D,$5A,$72,$C6,$80,$5A,$92,$77,$5A,$55,$40,$80,$5A,$75,$F4,$5A,$A8,$2E,$80,$5A,$B8,$23,$61,$B8,$06,$5A,$B7,$0B,$61,$60,$01
     775A5540805A75F4
     5AA82E805AB82361
     B8065AB70B616001
5DE7 5AB206619E035AB1 (vgm_monkey_island):00777             FCB $5A,$B2,$06,$61,$9E,$03,$5A,$B1,$06,$61,$69,$07,$5A,$B4,$0B,$61,$07,$06,$5A,$B6,$07,$61,$8D,$01,$5A,$B8,$03,$80,$5A,$C1,$08,$5A
     066169075AB40B61
     07065AB607618D01
     5AB803805AC1085A
5E07 21205A411C5A6162 (vgm_monkey_island):00778             FCB $21,$20,$5A,$41,$1C,$5A,$61,$62,$80,$5A,$81,$75,$5A,$E1,$01,$80,$5A,$44,$00,$5A,$64,$A8,$5A,$84,$F5,$80,$5A,$A1,$00,$5A,$B1,$2B
     805A81755AE10180
     5A44005A64A85A84
     F5805AA1005AB12B
5E27 6170085AB10B6145 (vgm_monkey_island):00779             FCB $61,$70,$08,$5A,$B1,$0B,$61,$45,$08,$5A,$B3,$0E,$61,$EE,$02,$5A,$B5,$0A,$61,$E5,$01,$5A,$B0,$0B,$61,$8D,$01,$5A,$C0,$0A,$5A,$20
     085AB30E61EE025A
     B50A61E5015AB00B
     618D015AC00A5A20
5E47 2A5A40255A60E680 (vgm_monkey_island):00780             FCB $2A,$5A,$40,$25,$5A,$60,$E6,$80,$5A,$80,$D7,$5A,$23,$22,$80,$5A,$43,$07,$5A,$63,$F6,$5A,$83,$F7,$80,$5A,$A0,$AB,$5A,$B0,$22,$80
     5A80D75A2322805A
     43075A63F65A83F7
     805AA0AB5AB02280
5E67 5AC10C5A21215A41 (vgm_monkey_island):00781             FCB $5A,$C1,$0C,$5A,$21,$21,$5A,$41,$94,$5A,$61,$72,$80,$5A,$81,$2D,$5A,$E1,$00,$5A,$24,$61,$5A,$44,$08,$80,$5A,$64,$82,$5A,$84,$3B
     945A6172805A812D
     5AE1005A24615A44
     08805A64825A843B
5E87 805AA12E5AB12B61 (vgm_monkey_island):00782             FCB $80,$5A,$A1,$2E,$5A,$B1,$2B,$61,$8D,$01,$5A,$C2,$00,$80,$5A,$22,$00,$5A,$42,$14,$5A,$62,$C8,$80,$5A,$82,$4C,$5A,$25,$20,$5A,$45
     8D015AC200805A22
     005A42145A62C880
     5A824C5A25205A45
5EA7 00805A65D65A85FF (vgm_monkey_island):00783             FCB $00,$80,$5A,$65,$D6,$5A,$85,$FF,$5A,$A2,$90,$80,$5A,$B2,$27,$80,$5A,$C3,$00,$5A,$48,$00,$80,$5A,$68,$FA,$5A,$88,$6A,$80,$5A,$4B
     5AA290805AB22780
     5AC3005A4800805A
     68FA5A886A805A4B
5EC7 0B5A6BAA5A8BFA80 (vgm_monkey_island):00784             FCB $0B,$5A,$6B,$AA,$5A,$8B,$FA,$80,$5A,$A3,$61,$5A,$B3,$2E,$80,$5A,$C4,$0A,$5A,$29,$22,$5A,$49,$1D,$5A,$69,$C6,$80,$5A,$89,$77,$5A
     5AA3615AB32E805A
     C40A5A29225A491D
     5A69C6805A89775A
5EE7 2C22805A4C405A6C (vgm_monkey_island):00785             FCB $2C,$22,$80,$5A,$4C,$40,$5A,$6C,$F4,$5A,$8C,$F7,$80,$5A,$A4,$AB,$5A,$B4,$22,$80,$5A,$C5,$08,$5A,$2A,$20,$5A,$4A,$1C,$5A,$6A,$62
     F45A8CF7805AA4AB
     5AB422805AC5085A
     2A205A4A1C5A6A62
5F07 805A8A755AEA015A (vgm_monkey_island):00786             FCB $80,$5A,$8A,$75,$5A,$EA,$01,$5A,$2D,$22,$5A,$4D,$00,$80,$5A,$6D,$A8,$5A,$8D,$F5,$80,$5A,$A5,$00,$5A,$B5,$2A,$61,$11,$02,$5A,$C6
     2D225A4D00805A6D
     A85A8DF5805AA500
     5AB52A6111025AC6
5F27 0A5A302A5A502580 (vgm_monkey_island):00787             FCB $0A,$5A,$30,$2A,$5A,$50,$25,$80,$5A,$70,$E6,$5A,$90,$D7,$80,$5A,$33,$22,$5A,$53,$07,$5A,$73,$F6,$5A,$93,$F7,$80,$5A,$A6,$2E,$5A
     5A70E65A90D7805A
     33225A53075A73F6
     5A93F7805AA62E5A
5F47 B627805AB50A6182 (vgm_monkey_island):00788             FCB $B6,$27,$80,$5A,$B5,$0A,$61,$82,$0A,$5A,$B0,$02,$61,$DB,$05,$5A,$B1,$0B,$61,$6A,$02,$5A,$B0,$2A,$80,$5A,$C1,$0A,$5A,$21,$2A,$80
     0A5AB00261DB055A
     B10B616A025AB02A
     805AC10A5A212A80
5F67 5A41255A61E65A81 (vgm_monkey_island):00789             FCB $5A,$41,$25,$5A,$61,$E6,$5A,$81,$D7,$80,$5A,$24,$22,$5A,$44,$07,$5A,$64,$F6,$5A,$84,$F7,$80,$5A,$A1,$00,$5A,$B1,$2A,$61,$D3,$04
     D7805A24225A4407
     5A64F65A84F7805A
     A1005AB12A61D304
5F87 5AB6076184005AB2 (vgm_monkey_island):00790             FCB $5A,$B6,$07,$61,$84,$00,$5A,$B2,$07,$61,$B9,$01,$5A,$B3,$0E,$61,$58,$00,$5A,$B4,$02,$61,$B6,$10,$5A,$B1,$0A,$61,$4F,$04,$5A,$A1
     0761B9015AB30E61
     58005AB40261B610
     5AB10A614F045AA1
5FA7 AB5AB126805AB00A (vgm_monkey_island):00791             FCB $AB,$5A,$B1,$26,$80,$5A,$B0,$0A,$61,$58,$00,$5A,$C0,$0C,$5A,$20,$21,$80,$5A,$40,$94,$5A,$60,$72,$5A,$80,$2D,$80,$5A,$23,$61,$5A
     6158005AC00C5A20
     21805A40945A6072
     5A802D805A23615A
5FC7 43085A6382805A83 (vgm_monkey_island):00792             FCB $43,$08,$5A,$63,$82,$80,$5A,$83,$3B,$5A,$A0,$00,$5A,$B0,$2B,$61,$35,$01,$5A,$B2,$27,$80,$5A,$C3,$08,$5A,$28,$20,$5A,$48,$1C,$80
     3B5AA0005AB02B61
     35015AB227805AC3
     085A28205A481C80
5FE7 5A68625A88755AE8 (vgm_monkey_island):00793             FCB $5A,$68,$62,$5A,$88,$75,$5A,$E8,$01,$5A,$2B,$22,$80,$5A,$4B,$00,$5A,$6B,$A8,$5A,$8B,$F5,$80,$5A,$A3,$00,$5A,$B3,$2A,$80,$5A,$C4
     015A2B22805A4B00
     5A6BA85A8BF5805A
     A3005AB32A805AC4
6007 0E5A29215A491E5A (vgm_monkey_island):00794             FCB $0E,$5A,$29,$21,$5A,$49,$1E,$5A,$69,$B2,$80,$5A,$89,$3E,$5A,$2C,$21,$80,$5A,$4C,$0C,$5A,$6C,$93,$5A,$8C,$3F,$80,$5A,$A4,$3F,$5A
     69B2805A893E5A2C
     21805A4C0C5A6C93
     5A8C3F805AA43F5A
6027 B42E805AC50E5A2A (vgm_monkey_island):00795             FCB $B4,$2E,$80,$5A,$C5,$0E,$5A,$2A,$21,$5A,$4A,$1E,$5A,$6A,$B2,$80,$5A,$8A,$3E,$5A,$EA,$00,$5A,$2D,$21,$5A,$4D,$0C,$80,$5A,$6D,$93
     215A4A1E5A6AB280
     5A8A3E5AEA005A2D
     215A4D0C805A6D93
6047 5A8D3F805AA5C75A (vgm_monkey_island):00796             FCB $5A,$8D,$3F,$80,$5A,$A5,$C7,$5A,$B5,$2B,$61,$58,$00,$5A,$30,$22,$5A,$50,$1D,$5A,$70,$C6,$5A,$90,$77,$80,$5A,$53,$40,$80,$5A,$73
     B52B6158005A3022
     5A501D5A70C65A90
     77805A5340805A73
6067 F45AA600805AB623 (vgm_monkey_island):00797             FCB $F4,$5A,$A6,$00,$80,$5A,$B6,$23,$5A,$C7,$0E,$80,$5A,$31,$21,$5A,$51,$1E,$5A,$71,$B2,$5A,$91,$3E,$80,$5A,$F1,$00,$5A,$34,$21,$5A
     5AC70E805A31215A
     511E5A71B25A913E
     805AF1005A34215A
6087 540C805A74935A94 (vgm_monkey_island):00798             FCB $54,$0C,$80,$5A,$74,$93,$5A,$94,$3F,$80,$5A,$B7,$2B,$61,$7B,$04,$5A,$B1,$06,$61,$B9,$01,$5A,$B3,$0A,$61,$B7,$06,$5A,$B4,$0E,$61
     3F805AB72B617B04
     5AB10661B9015AB3
     0A61B7065AB40E61
60A7 59005AB50B611102 (vgm_monkey_island):00799             FCB $59,$00,$5A,$B5,$0B,$61,$11,$02,$5A,$B7,$0B,$61,$DC,$00,$5A,$B2,$07,$61,$45,$08,$5A,$C1,$00,$80,$5A,$21,$00,$5A,$41,$14,$5A,$61
     5AB70B61DC005AB2
     076145085AC10080
     5A21005A41145A61
60C7 C8805A814C5A2420 (vgm_monkey_island):00800             FCB $C8,$80,$5A,$81,$4C,$5A,$24,$20,$5A,$44,$00,$80,$5A,$64,$D6,$5A,$84,$FF,$5A,$A1,$90,$80,$5A,$B1,$27,$5A,$C2,$08,$80,$5A,$22,$20
     5A4400805A64D65A
     84FF5AA190805AB1
     275AC208805A2220
60E7 5A421C5A62625A82 (vgm_monkey_island):00801             FCB $5A,$42,$1C,$5A,$62,$62,$5A,$82,$75,$80,$5A,$E2,$01,$5A,$25,$22,$80,$5A,$65,$A8,$5A,$85,$F5,$5A,$A2,$00,$80,$5A,$B2,$2A,$61,$E5
     75805AE2015A2522
     805A65A85A85F55A
     A200805AB22A61E5
6107 015AC30A805A282A (vgm_monkey_island):00802             FCB $01,$5A,$C3,$0A,$80,$5A,$28,$2A,$5A,$48,$25,$5A,$68,$E6,$80,$5A,$88,$D7,$5A,$E8,$00,$5A,$4B,$07,$80,$5A,$6B,$F6,$5A,$8B,$F7,$80
     5A48255A68E6805A
     88D75AE8005A4B07
     805A6BF65A8BF780
6127 5AB323618D015AB2 (vgm_monkey_island):00803             FCB $5A,$B3,$23,$61,$8D,$01,$5A,$B2,$0A,$61,$0F,$0C,$5A,$B6,$03,$61,$FE,$09,$5A,$B2,$2B,$5A,$B3,$03,$80,$5A,$C3,$00,$5A,$28,$21,$80
     0A610F0C5AB60361
     FE095AB22B5AB303
     805AC3005A282180
6147 5A48005A68FA5A88 (vgm_monkey_island):00804             FCB $5A,$48,$00,$5A,$68,$FA,$5A,$88,$6A,$80,$5A,$2B,$21,$5A,$4B,$0B,$5A,$6B,$AA,$80,$5A,$8B,$FA,$5A,$A3,$61,$5A,$B3,$2E,$61,$84,$00
     6A805A2B215A4B0B
     5A6BAA805A8BFA5A
     A3615AB32E618400
6167 5AC40A805A292A5A (vgm_monkey_island):00805             FCB $5A,$C4,$0A,$80,$5A,$29,$2A,$5A,$49,$25,$5A,$69,$E6,$5A,$89,$D7,$80,$5A,$2C,$22,$5A,$4C,$07,$80,$5A,$6C,$F6,$5A,$8C,$F7,$5A,$A4
     49255A69E65A89D7
     805A2C225A4C0780
     5A6CF65A8CF75AA4
6187 00805AB42B5AC50A (vgm_monkey_island):00806             FCB $00,$80,$5A,$B4,$2B,$5A,$C5,$0A,$80,$5A,$2A,$2A,$5A,$4A,$25,$5A,$6A,$E6,$5A,$8A,$D7,$80,$5A,$2D,$22,$5A,$4D,$07,$5A,$6D,$F6,$80
     805A2A2A5A4A255A
     6AE65A8AD7805A2D
     225A4D075A6DF680
61A7 5A8DF7805AB5275A (vgm_monkey_island):00807             FCB $5A,$8D,$F7,$80,$5A,$B5,$27,$5A,$30,$2A,$80,$5A,$50,$25,$5A,$70,$E6,$5A,$90,$D7,$80,$5A,$53,$07,$5A,$73,$F6,$80,$5A,$A6,$3F,$5A
     302A805A50255A70
     E65A90D7805A5307
     5A73F6805AA63F5A
61C7 B62A61B0005AB00B (vgm_monkey_island):00808             FCB $B6,$2A,$61,$B0,$00,$5A,$B0,$0B,$61,$61,$01,$5A,$B2,$0B,$61,$EE,$02,$5A,$B1,$07,$61,$FD,$0E,$5A,$B5,$07,$61,$4E,$04,$5A,$B3,$0E
     6161015AB20B61EE
     025AB10761FD0E5A
     B507614E045AB30E
61E7 61DD005AC0085A20 (vgm_monkey_island):00809             FCB $61,$DD,$00,$5A,$C0,$08,$5A,$20,$20,$5A,$40,$1C,$5A,$60,$62,$80,$5A,$80,$75,$5A,$E0,$01,$5A,$23,$22,$80,$5A,$43,$00,$5A,$63,$A8
     205A401C5A606280
     5A80755AE0015A23
     22805A43005A63A8
6207 5A83F5805AB02B5A (vgm_monkey_island):00810             FCB $5A,$83,$F5,$80,$5A,$B0,$2B,$5A,$B6,$0A,$80,$5A,$C1,$0A,$5A,$21,$22,$5A,$41,$1D,$80,$5A,$61,$C6,$5A,$81,$77,$80,$5A,$24,$22,$5A
     B60A805AC10A5A21
     225A411D805A61C6
     5A8177805A24225A
6227 44405A64F45A84F7 (vgm_monkey_island):00811             FCB $44,$40,$5A,$64,$F4,$5A,$84,$F7,$80,$5A,$A1,$00,$5A,$B1,$23,$80,$5A,$B4,$0B,$61,$B1,$00,$5A,$C2,$00,$80,$5A,$22,$00,$5A,$42,$14
     805AA1005AB12380
     5AB40B61B1005AC2
     00805A22005A4214
6247 5A62C85A824C805A (vgm_monkey_island):00812             FCB $5A,$62,$C8,$5A,$82,$4C,$80,$5A,$E2,$00,$5A,$25,$20,$80,$5A,$65,$D6,$5A,$85,$FF,$5A,$A2,$90,$80,$5A,$B2,$27,$80,$5A,$C3,$0E,$5A
     E2005A2520805A65
     D65A85FF5AA29080
     5AB227805AC30E5A
6267 481E5A68B2805A88 (vgm_monkey_island):00813             FCB $48,$1E,$5A,$68,$B2,$80,$5A,$88,$3E,$5A,$4B,$0C,$80,$5A,$6B,$93,$5A,$8B,$3F,$80,$5A,$A3,$00,$5A,$B3,$2B,$61,$B0,$00,$5A,$B4,$27
     3E5A4B0C805A6B93
     5A8B3F805AA3005A
     B32B61B0005AB427
6287 805AC50E5A2A2180 (vgm_monkey_island):00814             FCB $80,$5A,$C5,$0E,$5A,$2A,$21,$80,$5A,$4A,$1E,$5A,$6A,$B2,$5A,$8A,$3E,$80,$5A,$2D,$21,$5A,$4D,$0C,$5A,$6D,$93,$80,$5A,$8D,$3F,$5A
     5A4A1E5A6AB25A8A
     3E805A2D215A4D0C
     5A6D93805A8D3F5A
62A7 B52B61290F5AB407 (vgm_monkey_island):00815             FCB $B5,$2B,$61,$29,$0F,$5A,$B4,$07,$61,$B9,$01,$5A,$B0,$0B,$61,$35,$01,$5A,$C0,$0E,$5A,$20,$21,$5A,$40,$1E,$80,$5A,$60,$B2,$5A,$80
     61B9015AB00B6135
     015AC00E5A20215A
     401E805A60B25A80
62C7 3E5AE0005A232180 (vgm_monkey_island):00816             FCB $3E,$5A,$E0,$00,$5A,$23,$21,$80,$5A,$43,$0C,$5A,$63,$93,$5A,$83,$3F,$80,$5A,$A0,$3F,$5A,$B0,$2E,$61,$CA,$03,$5A,$C4,$0C,$5A,$29
     5A430C5A63935A83
     3F805AA03F5AB02E
     61CA035AC40C5A29
62E7 21805A49945A6972 (vgm_monkey_island):00817             FCB $21,$80,$5A,$49,$94,$5A,$69,$72,$5A,$89,$2D,$80,$5A,$2C,$61,$5A,$4C,$08,$5A,$6C,$82,$80,$5A,$8C,$3B,$5A,$B4,$2B,$80,$5A,$30,$22
     5A892D805A2C615A
     4C085A6C82805A8C
     3B5AB42B805A3022
6307 805A501D5A70C65A (vgm_monkey_island):00818             FCB $80,$5A,$50,$1D,$5A,$70,$C6,$5A,$90,$77,$80,$5A,$53,$40,$5A,$73,$F4,$80,$5A,$B6,$22,$61,$72,$03,$5A,$B1,$03,$61,$EA,$11,$5A,$B2
     9077805A53405A73
     F4805AB622617203
     5AB10361EA115AB2
6327 0761D3045A212A5A (vgm_monkey_island):00819             FCB $07,$61,$D3,$04,$5A,$21,$2A,$5A,$41,$25,$5A,$61,$E6,$80,$5A,$81,$D7,$80,$5A,$44,$07,$5A,$64,$F6,$80,$5A,$B1,$23,$5A,$C2,$0C,$80
     41255A61E6805A81
     D7805A44075A64F6
     805AB1235AC20C80
6347 5A22215A42945A62 (vgm_monkey_island):00820             FCB $5A,$22,$21,$5A,$42,$94,$5A,$62,$72,$80,$5A,$82,$2D,$5A,$25,$61,$5A,$45,$08,$80,$5A,$65,$82,$5A,$85,$3B,$80,$5A,$A2,$AB,$5A,$B2
     72805A822D5A2561
     5A4508805A65825A
     853B805AA2AB5AB2
6367 2A6184005AC7085A (vgm_monkey_island):00821             FCB $2A,$61,$84,$00,$5A,$C7,$08,$5A,$31,$20,$80,$5A,$51,$1C,$5A,$71,$62,$5A,$91,$75,$80,$5A,$F1,$01,$5A,$34,$22,$5A,$54,$00,$5A,$74
     3120805A511C5A71
     625A9175805AF101
     5A34225A54005A74
6387 A8805A94F55AB72A (vgm_monkey_island):00822             FCB $A8,$80,$5A,$94,$F5,$5A,$B7,$2A,$61,$07,$06,$5A,$B7,$0A,$61,$96,$02,$5A,$B4,$0B,$61,$3C,$07,$5A,$B5,$0B,$61,$46,$03,$5A,$B1,$03
     6107065AB70A6196
     025AB40B613C075A
     B50B6146035AB103
63A7 6108015AB30B61CA (vgm_monkey_island):00823             FCB $61,$08,$01,$5A,$B3,$0B,$61,$CA,$03,$5A,$C1,$0C,$5A,$21,$21,$5A,$41,$94,$80,$5A,$61,$72,$5A,$81,$2D,$5A,$24,$61,$80,$5A,$44,$08
     035AC10C5A21215A
     4194805A61725A81
     2D5A2461805A4408
63C7 5A64825A843B805A (vgm_monkey_island):00824             FCB $5A,$64,$82,$5A,$84,$3B,$80,$5A,$A1,$61,$5A,$B1,$2A,$80,$5A,$C3,$00,$5A,$48,$00,$80,$5A,$68,$FA,$5A,$88,$6A,$80,$5A,$4B,$0B,$5A
     A1615AB12A805AC3
     005A4800805A68FA
     5A886A805A4B0B5A
63E7 6BAA5A8BFA805AA3 (vgm_monkey_island):00825             FCB $6B,$AA,$5A,$8B,$FA,$80,$5A,$A3,$61,$5A,$B3,$2E,$80,$5A,$C4,$00,$5A,$29,$00,$5A,$49,$14,$80,$5A,$69,$C8,$5A,$89,$4C,$80,$5A,$2C
     615AB32E805AC400
     5A29005A4914805A
     69C85A894C805A2C
6407 205A4C005A6CD65A (vgm_monkey_island):00826             FCB $20,$5A,$4C,$00,$5A,$6C,$D6,$5A,$8C,$FF,$80,$5A,$A4,$90,$5A,$B4,$27,$80,$5A,$C5,$08,$5A,$2A,$20,$5A,$4A,$1C,$80,$5A,$6A,$62,$5A
     8CFF805AA4905AB4
     27805AC5085A2A20
     5A4A1C805A6A625A
6427 8A755AEA015A2D22 (vgm_monkey_island):00827             FCB $8A,$75,$5A,$EA,$01,$5A,$2D,$22,$80,$5A,$4D,$00,$5A,$6D,$A8,$5A,$8D,$F5,$80,$5A,$A5,$00,$5A,$B5,$2A,$80,$5A,$C7,$0A,$5A,$31,$22
     805A4D005A6DA85A
     8DF5805AA5005AB5
     2A805AC70A5A3122
6447 5A511D805A71C65A (vgm_monkey_island):00828             FCB $5A,$51,$1D,$80,$5A,$71,$C6,$5A,$91,$77,$5A,$F1,$00,$80,$5A,$54,$40,$5A,$74,$F4,$5A,$94,$F7,$80,$5A,$B7,$23,$80,$5A,$32,$2A,$5A
     91775AF100805A54
     405A74F45A94F780
     5AB723805A322A5A
6467 52255A72E6805A92 (vgm_monkey_island):00829             FCB $52,$25,$5A,$72,$E6,$80,$5A,$92,$D7,$80,$5A,$55,$07,$5A,$75,$F6,$80,$5A,$A8,$00,$5A,$B8,$2B,$61,$11,$02,$5A,$B6,$02,$61,$34,$06
     D7805A55075A75F6
     805AA8005AB82B61
     11025AB602613406
6487 5AB20A6195025AB5 (vgm_monkey_island):00830             FCB $5A,$B2,$0A,$61,$95,$02,$5A,$B5,$0A,$61,$9E,$03,$5A,$B0,$0E,$61,$FE,$09,$5A,$C0,$0C,$5A,$40,$94,$5A,$60,$72,$80,$5A,$80,$2D,$5A
     0A619E035AB00E61
     FE095AC00C5A4094
     5A6072805A802D5A
64A7 23615A4308805A63 (vgm_monkey_island):00831             FCB $23,$61,$5A,$43,$08,$80,$5A,$63,$82,$5A,$83,$3B,$80,$5A,$B0,$2A,$61,$DD,$00,$5A,$B7,$03,$61,$58,$00,$5A,$B3,$0E,$61,$B0,$00,$5A
     825A833B805AB02A
     61DD005AB7036158
     005AB30E61B0005A
64C7 B4076159005AC20A (vgm_monkey_island):00832             FCB $B4,$07,$61,$59,$00,$5A,$C2,$0A,$80,$5A,$22,$2A,$5A,$42,$25,$5A,$62,$E6,$80,$5A,$82,$D7,$5A,$25,$22,$5A,$45,$07,$80,$5A,$65,$F6
     805A222A5A42255A
     62E6805A82D75A25
     225A4507805A65F6
64E7 5A85F75AA200805A (vgm_monkey_island):00833             FCB $5A,$85,$F7,$5A,$A2,$00,$80,$5A,$B2,$27,$61,$35,$01,$5A,$B1,$0A,$61,$B9,$01,$5A,$B8,$0B,$61,$D8,$14,$5A,$B0,$0A,$61,$84,$00,$5A
     B2276135015AB10A
     61B9015AB80B61D8
     145AB00A6184005A
6507 A000805AB02A6135 (vgm_monkey_island):00834             FCB $A0,$00,$80,$5A,$B0,$2A,$61,$35,$01,$5A,$C1,$0A,$5A,$21,$22,$5A,$41,$1D,$5A,$61,$C6,$80,$5A,$81,$77,$5A,$24,$22,$5A,$44,$40,$80
     015AC10A5A21225A
     411D5A61C6805A81
     775A24225A444080
6527 5A64F45A84F7805A (vgm_monkey_island):00835             FCB $5A,$64,$F4,$5A,$84,$F7,$80,$5A,$A1,$00,$5A,$B1,$22,$80,$5A,$C3,$0E,$5A,$48,$1E,$5A,$68,$B2,$80,$5A,$88,$3E,$5A,$4B,$0C,$80,$5A
     A1005AB122805AC3
     0E5A481E5A68B280
     5A883E5A4B0C805A
6547 6B935A8B3F805AA3 (vgm_monkey_island):00836             FCB $6B,$93,$5A,$8B,$3F,$80,$5A,$A3,$00,$5A,$B3,$2B,$5A,$B2,$07,$80,$5A,$C2,$0E,$5A,$22,$21,$5A,$42,$1E,$80,$5A,$62,$B2,$5A,$82,$3E
     005AB32B5AB20780
     5AC20E5A22215A42
     1E805A62B25A823E
6567 5A2521805A450C5A (vgm_monkey_island):00837             FCB $5A,$25,$21,$80,$5A,$45,$0C,$5A,$65,$93,$5A,$85,$3F,$80,$5A,$B2,$2E,$80,$5A,$C4,$0E,$5A,$29,$21,$5A,$49,$1E,$80,$5A,$69,$B2,$5A
     65935A853F805AB2
     2E805AC40E5A2921
     5A491E805A69B25A
6587 893E5A2C21805A4C (vgm_monkey_island):00838             FCB $89,$3E,$5A,$2C,$21,$80,$5A,$4C,$0C,$5A,$6C,$93,$5A,$8C,$3F,$80,$5A,$A4,$61,$5A,$B4,$2A,$61,$94,$0C,$5A,$B4,$0A,$61,$E5,$01,$5A
     0C5A6C935A8C3F80
     5AA4615AB42A6194
     0C5AB40A61E5015A
65A7 B30B6111025AB20E (vgm_monkey_island):00839             FCB $B3,$0B,$61,$11,$02,$5A,$B2,$0E,$61,$71,$08,$5A,$C2,$0A,$5A,$22,$2A,$80,$5A,$42,$25,$5A,$62,$E6,$5A,$82,$D7,$80,$5A,$25,$22,$5A
     6171085AC20A5A22
     2A805A42255A62E6
     5A82D7805A25225A
65C7 45075A65F6805A85 (vgm_monkey_island):00840             FCB $45,$07,$5A,$65,$F6,$80,$5A,$85,$F7,$5A,$B2,$26,$61,$3B,$0C,$5A,$B0,$0A,$61,$4F,$04,$5A,$B2,$06,$61,$95,$02,$5A,$B1,$02,$61,$9E
     F75AB226613B0C5A
     B00A614F045AB206
     6195025AB102619E
65E7 035AC000805A2000 (vgm_monkey_island):00841             FCB $03,$5A,$C0,$00,$80,$5A,$20,$00,$5A,$40,$14,$5A,$60,$C8,$5A,$80,$4C,$80,$5A,$23,$20,$5A,$43,$00,$80,$5A,$63,$D6,$5A,$83,$FF,$5A
     5A40145A60C85A80
     4C805A23205A4300
     805A63D65A83FF5A
6607 A090805AB0276134 (vgm_monkey_island):00842             FCB $A0,$90,$80,$5A,$B0,$27,$61,$34,$01,$5A,$21,$2A,$5A,$41,$25,$80,$5A,$61,$E6,$5A,$81,$D7,$80,$5A,$44,$07,$5A,$64,$F6,$80,$5A,$B1
     015A212A5A412580
     5A61E65A81D7805A
     44075A64F6805AB1
6627 2A61B0005AB22B80 (vgm_monkey_island):00843             FCB $2A,$61,$B0,$00,$5A,$B2,$2B,$80,$5A,$C3,$0A,$5A,$28,$2A,$5A,$48,$25,$80,$5A,$68,$E6,$5A,$88,$D7,$5A,$2B,$22,$80,$5A,$4B,$07,$5A
     5AC30A5A282A5A48
     25805A68E65A88D7
     5A2B22805A4B075A
6647 6BF65A8BF7805AA3 (vgm_monkey_island):00844             FCB $6B,$F6,$5A,$8B,$F7,$80,$5A,$A3,$61,$5A,$B3,$2A,$80,$5A,$C4,$00,$5A,$49,$00,$5A,$69,$FA,$80,$5A,$89,$6A,$80,$5A,$4C,$0B,$5A,$6C
     615AB32A805AC400
     5A49005A69FA805A
     896A805A4C0B5A6C
6667 AA5A8CFA805AB42E (vgm_monkey_island):00845             FCB $AA,$5A,$8C,$FA,$80,$5A,$B4,$2E,$61,$58,$00,$5A,$C5,$0A,$5A,$2A,$22,$5A,$4A,$1D,$80,$5A,$6A,$C6,$5A,$8A,$77,$5A,$EA,$00,$80,$5A
     6158005AC50A5A2A
     225A4A1D805A6AC6
     5A8A775AEA00805A
6687 4D405A6DF45A8DF7 (vgm_monkey_island):00846             FCB $4D,$40,$5A,$6D,$F4,$5A,$8D,$F7,$80,$5A,$B5,$23,$61,$A5,$0E,$5A,$B4,$0E,$61,$9E,$03,$5A,$B0,$07,$61,$22,$04,$5A,$B1,$0A,$61,$6A
     805AB52361A50E5A
     B40E619E035AB007
     6122045AB10A616A
66A7 025AB0275AB30A61 (vgm_monkey_island):00847             FCB $02,$5A,$B0,$27,$5A,$B3,$0A,$61,$84,$00,$5A,$B2,$0B,$61,$35,$01,$5A,$B1,$27,$61,$B0,$00,$5A,$A2,$61,$5A,$B2,$26,$61,$45,$08,$5A
     84005AB20B613501
     5AB12761B0005AA2
     615AB2266145085A
66C7 B503614F045AB206 (vgm_monkey_island):00848             FCB $B5,$03,$61,$4F,$04,$5A,$B2,$06,$61,$94,$07,$5A,$B1,$07,$61,$7B,$04,$5A,$21,$0C,$80,$5A,$41,$00,$5A,$61,$78,$5A,$81,$4C,$80,$5A
     6194075AB107617B
     045A210C805A4100
     5A61785A814C805A
66E7 E1025A241B5A4403 (vgm_monkey_island):00849             FCB $E1,$02,$5A,$24,$1B,$5A,$44,$03,$5A,$64,$AA,$80,$5A,$84,$8A,$5A,$B1,$2E,$61,$58,$00,$5A,$22,$22,$5A,$42,$1D,$5A,$62,$C6,$5A,$82
     5A64AA805A848A5A
     B12E6158005A2222
     5A421D5A62C65A82
6707 77805A45405A65F4 (vgm_monkey_island):00850             FCB $77,$80,$5A,$45,$40,$5A,$65,$F4,$80,$5A,$A2,$00,$80,$5A,$B2,$26,$61,$96,$02,$5A,$B0,$07,$61,$EC,$07,$5A,$B1,$0E,$61,$44,$0D,$5A
     805AA200805AB226
     6196025AB00761EC
     075AB10E61440D5A
6727 C00A5A200C5A4000 (vgm_monkey_island):00851             FCB $C0,$0A,$5A,$20,$0C,$5A,$40,$00,$80,$5A,$60,$78,$5A,$E0,$02,$5A,$23,$1B,$80,$5A,$43,$03,$5A,$63,$AA,$5A,$83,$8A,$80,$5A,$A0,$00
     805A60785AE0025A
     231B805A43035A63
     AA5A838A805AA000
6747 5AB02E6185005AC1 (vgm_monkey_island):00852             FCB $5A,$B0,$2E,$61,$85,$00,$5A,$C1,$00,$5A,$21,$21,$80,$5A,$61,$FA,$5A,$81,$6A,$80,$5A,$E1,$00,$5A,$24,$21,$5A,$44,$0B,$80,$5A,$84
     005A2121805A61FA
     5A816A805AE1005A
     24215A440B805A84
6767 FA5AA161805AB12E (vgm_monkey_island):00853             FCB $FA,$5A,$A1,$61,$80,$5A,$B1,$2E,$61,$B9,$01,$5A,$A3,$00,$5A,$B3,$26,$61,$44,$0D,$5A,$B0,$0E,$61,$95,$02,$5A,$B3,$06,$61,$B1,$00
     61B9015AA3005AB3
     2661440D5AB00E61
     95025AB30661B100
6787 5AB20661B9015AB1 (vgm_monkey_island):00854             FCB $5A,$B2,$06,$61,$B9,$01,$5A,$B1,$0E,$61,$84,$00,$5A,$C0,$0C,$5A,$20,$21,$5A,$40,$94,$80,$5A,$60,$72,$5A,$80,$2D,$5A,$E0,$00,$5A
     0E6184005AC00C5A
     20215A4094805A60
     725A802D5AE0005A
67A7 2361805A43085A63 (vgm_monkey_island):00855             FCB $23,$61,$80,$5A,$43,$08,$5A,$63,$82,$5A,$83,$3B,$80,$5A,$A0,$61,$5A,$B0,$2A,$61,$1A,$03,$5A,$21,$00,$5A,$41,$14,$80,$5A,$61,$C8
     825A833B805AA061
     5AB02A611A035A21
     005A4114805A61C8
67C7 5A814C805A24205A (vgm_monkey_island):00856             FCB $5A,$81,$4C,$80,$5A,$24,$20,$5A,$44,$00,$5A,$64,$D6,$5A,$84,$FF,$80,$5A,$A1,$90,$5A,$B1,$27,$80,$5A,$22,$2A,$5A,$42,$25,$80,$5A
     44005A64D65A84FF
     805AA1905AB12780
     5A222A5A4225805A
67E7 62E65A82D7805A45 (vgm_monkey_island):00857             FCB $62,$E6,$5A,$82,$D7,$80,$5A,$45,$07,$5A,$65,$F6,$80,$5A,$B2,$2A,$61,$B0,$00,$5A,$B3,$2B,$80,$5A,$C4,$0A,$5A,$29,$2A,$5A,$49,$25
     075A65F6805AB22A
     61B0005AB32B805A
     C40A5A292A5A4925
6807 5A69E6805A89D75A (vgm_monkey_island):00858             FCB $5A,$69,$E6,$80,$5A,$89,$D7,$5A,$2C,$22,$80,$5A,$4C,$07,$5A,$6C,$F6,$5A,$8C,$F7,$80,$5A,$B4,$2A,$61,$A3,$13,$5A,$C5,$0C,$5A,$2A
     2C22805A4C075A6C
     F65A8CF7805AB42A
     61A3135AC50C5A2A
6827 215A4A94805A6A72 (vgm_monkey_island):00859             FCB $21,$5A,$4A,$94,$80,$5A,$6A,$72,$5A,$8A,$2D,$5A,$2D,$61,$80,$5A,$4D,$08,$5A,$6D,$82,$5A,$8D,$3B,$80,$5A,$B5,$2B,$61,$7B,$04,$5A
     5A8A2D5A2D61805A
     4D085A6D825A8D3B
     805AB52B617B045A
6847 B00A618D015AC00A (vgm_monkey_island):00860             FCB $B0,$0A,$61,$8D,$01,$5A,$C0,$0A,$5A,$20,$2A,$5A,$40,$25,$80,$5A,$60,$E6,$5A,$80,$D7,$5A,$23,$22,$80,$5A,$43,$07,$5A,$63,$F6,$5A
     5A202A5A4025805A
     60E65A80D75A2322
     805A43075A63F65A
6867 83F7805AA0005AB0 (vgm_monkey_island):00861             FCB $83,$F7,$80,$5A,$A0,$00,$5A,$B0,$27,$61,$C2,$02,$5A,$B2,$0A,$61,$B0,$00,$5A,$B4,$0A,$61,$B9,$01,$5A,$B3,$0B,$61,$C0,$0C,$5A,$B0
     2761C2025AB20A61
     B0005AB40A61B901
     5AB30B61C00C5AB0
6887 07613D025AC00C80 (vgm_monkey_island):00862             FCB $07,$61,$3D,$02,$5A,$C0,$0C,$80,$5A,$20,$21,$5A,$40,$94,$5A,$60,$72,$5A,$80,$2D,$80,$5A,$23,$61,$5A,$43,$08,$80,$5A,$63,$82,$5A
     5A20215A40945A60
     725A802D805A2361
     5A4308805A63825A
68A7 833B805AB02E6158 (vgm_monkey_island):00863             FCB $83,$3B,$80,$5A,$B0,$2E,$61,$58,$00,$5A,$B1,$07,$61,$EE,$02,$5A,$C1,$0E,$80,$5A,$21,$21,$5A,$41,$1E,$5A,$61,$B2,$80,$5A,$81,$3E
     005AB10761EE025A
     C10E805A21215A41
     1E5A61B2805A813E
68C7 5A24215A440C805A (vgm_monkey_island):00864             FCB $5A,$24,$21,$5A,$44,$0C,$80,$5A,$64,$93,$5A,$84,$3F,$5A,$A1,$2E,$80,$5A,$B1,$2F,$5A,$C2,$0E,$80,$5A,$22,$21,$5A,$42,$1E,$5A,$62
     64935A843F5AA12E
     805AB12F5AC20E80
     5A22215A421E5A62
68E7 B25A823E805A2521 (vgm_monkey_island):00865             FCB $B2,$5A,$82,$3E,$80,$5A,$25,$21,$5A,$45,$0C,$80,$5A,$65,$93,$5A,$85,$3F,$80,$5A,$B2,$2E,$80,$5A,$C3,$0E,$5A,$28,$21,$5A,$48,$1E
     5A450C805A65935A
     853F805AB22E805A
     C30E5A28215A481E
6907 805A68B25A883E80 (vgm_monkey_island):00866             FCB $80,$5A,$68,$B2,$5A,$88,$3E,$80,$5A,$2B,$21,$5A,$4B,$0C,$5A,$6B,$93,$5A,$8B,$3F,$80,$5A,$A3,$61,$5A,$B3,$2E,$80,$5A,$B5,$0B,$61
     5A2B215A4B0C5A6B
     935A8B3F805AA361
     5AB32E805AB50B61
6927 85005A29225A491D (vgm_monkey_island):00867             FCB $85,$00,$5A,$29,$22,$5A,$49,$1D,$5A,$69,$C6,$5A,$89,$77,$80,$5A,$4C,$40,$5A,$6C,$F4,$80,$5A,$A4,$2E,$80,$5A,$B4,$23,$61,$AD,$0F
     5A69C65A8977805A
     4C405A6CF4805AA4
     2E805AB42361AD0F
6947 5AB403614F045AB3 (vgm_monkey_island):00868             FCB $5A,$B4,$03,$61,$4F,$04,$5A,$B3,$0E,$61,$83,$05,$5A,$B0,$0E,$61,$58,$00,$5A,$C0,$0A,$80,$5A,$20,$22,$5A,$40,$1D,$5A,$60,$C6,$80
     0E6183055AB00E61
     58005AC00A805A20
     225A401D5A60C680
6967 5A80775A23225A43 (vgm_monkey_island):00869             FCB $5A,$80,$77,$5A,$23,$22,$5A,$43,$40,$80,$5A,$63,$F4,$5A,$83,$F7,$80,$5A,$A0,$2E,$5A,$B0,$23,$61,$B1,$00,$5A,$B3,$2E,$80,$5A,$29
     40805A63F45A83F7
     805AA02E5AB02361
     B1005AB32E805A29
6987 2A5A4925805A69E6 (vgm_monkey_island):00870             FCB $2A,$5A,$49,$25,$80,$5A,$69,$E6,$5A,$89,$D7,$80,$5A,$4C,$07,$5A,$6C,$F6,$80,$5A,$B4,$23,$61,$10,$07,$5A,$B3,$0E,$61,$4F,$04,$5A
     5A89D7805A4C075A
     6CF6805AB4236110
     075AB30E614F045A
69A7 B40361E5015AB10F (vgm_monkey_island):00871             FCB $B4,$03,$61,$E5,$01,$5A,$B1,$0F,$61,$EE,$02,$5A,$B2,$0E,$61,$E5,$01,$5A,$C1,$0C,$5A,$41,$94,$5A,$61,$72,$80,$5A,$81,$2D,$5A,$24
     61EE025AB20E61E5
     015AC10C5A41945A
     6172805A812D5A24
69C7 61805A44085A6482 (vgm_monkey_island):00872             FCB $61,$80,$5A,$44,$08,$5A,$64,$82,$5A,$84,$3B,$80,$5A,$A1,$00,$5A,$B1,$2E,$61,$2B,$05,$5A,$C2,$00,$80,$5A,$42,$00,$5A,$62,$FA,$80
     5A843B805AA1005A
     B12E612B055AC200
     805A42005A62FA80
69E7 5A826A5A450B805A (vgm_monkey_island):00873             FCB $5A,$82,$6A,$5A,$45,$0B,$80,$5A,$65,$AA,$5A,$85,$FA,$80,$5A,$A2,$61,$5A,$B2,$2E,$5A,$C3,$0A,$80,$5A,$28,$2A,$5A,$48,$25,$5A,$68
     65AA5A85FA805AA2
     615AB22E5AC30A80
     5A282A5A48255A68
6A07 E65A88D7805A2B22 (vgm_monkey_island):00874             FCB $E6,$5A,$88,$D7,$80,$5A,$2B,$22,$5A,$4B,$07,$80,$5A,$6B,$F6,$5A,$8B,$F7,$80,$5A,$B3,$2A,$5A,$C4,$00,$80,$5A,$29,$00,$5A,$49,$14
     5A4B07805A6BF65A
     8BF7805AB32A5AC4
     00805A29005A4914
6A27 5A69C85A894C805A (vgm_monkey_island):00875             FCB $5A,$69,$C8,$5A,$89,$4C,$80,$5A,$2C,$20,$5A,$4C,$00,$5A,$6C,$D6,$80,$5A,$8C,$FF,$5A,$A4,$90,$80,$5A,$B4,$27,$5A,$C5,$0A,$5A,$2A
     2C205A4C005A6CD6
     805A8CFF5AA49080
     5AB4275AC50A5A2A
6A47 2A805A4A255A6AE6 (vgm_monkey_island):00876             FCB $2A,$80,$5A,$4A,$25,$5A,$6A,$E6,$5A,$8A,$D7,$80,$5A,$2D,$22,$5A,$4D,$07,$5A,$6D,$F6,$80,$5A,$8D,$F7,$80,$5A,$B5,$2A,$61,$58,$00
     5A8AD7805A2D225A
     4D075A6DF6805A8D
     F7805AB52A615800
6A67 5A302A5A50255A70 (vgm_monkey_island):00877             FCB $5A,$30,$2A,$5A,$50,$25,$5A,$70,$E6,$5A,$90,$D7,$80,$5A,$53,$07,$80,$5A,$73,$F6,$5A,$A6,$2E,$80,$5A,$B6,$2B,$61,$58,$00,$5A,$B0
     E65A90D7805A5307
     805A73F65AA62E80
     5AB62B6158005AB0
6A87 03614D0E5AB20E61 (vgm_monkey_island):00878             FCB $03,$61,$4D,$0E,$5A,$B2,$0E,$61,$95,$02,$5A,$B3,$0A,$61,$61,$01,$5A,$B6,$0B,$61,$09,$01,$5A,$B4,$07,$61,$8C,$01,$5A,$B5,$0A,$61
     95025AB30A616101
     5AB60B6109015AB4
     07618C015AB50A61
6AA7 61015AB10E616A02 (vgm_monkey_island):00879             FCB $61,$01,$5A,$B1,$0E,$61,$6A,$02,$5A,$20,$2A,$5A,$40,$25,$5A,$60,$E6,$5A,$80,$D7,$80,$5A,$43,$07,$5A,$63,$F6,$61,$58,$00,$5A,$B0
     5A202A5A40255A60
     E65A80D7805A4307
     5A63F66158005AB0
6AC7 275AC10A5A212280 (vgm_monkey_island):00880             FCB $27,$5A,$C1,$0A,$5A,$21,$22,$80,$5A,$41,$1D,$5A,$61,$C6,$5A,$81,$77,$80,$5A,$24,$22,$5A,$44,$40,$5A,$64,$F4,$80,$5A,$84,$F7,$5A
     5A411D5A61C65A81
     77805A24225A4440
     5A64F4805A84F75A
6AE7 A12E805AB1235A22 (vgm_monkey_island):00881             FCB $A1,$2E,$80,$5A,$B1,$23,$5A,$22,$00,$80,$5A,$42,$14,$5A,$62,$C8,$5A,$82,$4C,$80,$5A,$25,$20,$5A,$45,$00,$5A,$65,$D6,$80,$5A,$85
     00805A42145A62C8
     5A824C805A25205A
     45005A65D6805A85
6B07 FF5AA2905AB22761 (vgm_monkey_island):00882             FCB $FF,$5A,$A2,$90,$5A,$B2,$27,$61,$39,$16,$5A,$C3,$0C,$5A,$28,$21,$5A,$48,$94,$80,$5A,$68,$72,$5A,$88,$2D,$5A,$2B,$61,$80,$5A,$4B
     39165AC30C5A2821
     5A4894805A68725A
     882D5A2B61805A4B
6B27 085A6B825A8B3B80 (vgm_monkey_island):00883             FCB $08,$5A,$6B,$82,$5A,$8B,$3B,$80,$5A,$A3,$C7,$5A,$B3,$2B,$61,$DC,$00,$5A,$B0,$07,$61,$59,$00,$5A,$C0,$0E,$80,$5A,$20,$21,$5A,$40
     5AA3C75AB32B61DC
     005AB0076159005A
     C00E805A20215A40
6B47 1E5A60B25A803E80 (vgm_monkey_island):00884             FCB $1E,$5A,$60,$B2,$5A,$80,$3E,$80,$5A,$23,$21,$5A,$43,$0C,$5A,$63,$93,$80,$5A,$83,$3F,$5A,$A0,$C7,$80,$5A,$B0,$2B,$5A,$C4,$0E,$80
     5A23215A430C5A63
     93805A833F5AA0C7
     805AB02B5AC40E80
6B67 5A29215A491E5A69 (vgm_monkey_island):00885             FCB $5A,$29,$21,$5A,$49,$1E,$5A,$69,$B2,$5A,$89,$3E,$80,$5A,$2C,$21,$5A,$4C,$0C,$80,$5A,$6C,$93,$5A,$8C,$3F,$5A,$A4,$00,$80,$5A,$B4
     B25A893E805A2C21
     5A4C0C805A6C935A
     8C3F5AA400805AB4
6B87 2F805AC50E5A2A21 (vgm_monkey_island):00886             FCB $2F,$80,$5A,$C5,$0E,$5A,$2A,$21,$5A,$4A,$1E,$80,$5A,$6A,$B2,$5A,$8A,$3E,$5A,$2D,$21,$80,$5A,$4D,$0C,$5A,$6D,$93,$5A,$8D,$3F,$80
     5A4A1E805A6AB25A
     8A3E5A2D21805A4D
     0C5A6D935A8D3F80
6BA7 5AA53F5AB52E6161 (vgm_monkey_island):00887             FCB $5A,$A5,$3F,$5A,$B5,$2E,$61,$61,$01,$5A,$30,$22,$5A,$50,$1D,$5A,$70,$C6,$5A,$90,$77,$80,$5A,$53,$40,$80,$5A,$73,$F4,$5A,$A6,$00
     015A30225A501D5A
     70C65A9077805A53
     40805A73F45AA600
6BC7 805AB6235A310C80 (vgm_monkey_island):00888             FCB $80,$5A,$B6,$23,$5A,$31,$0C,$80,$5A,$51,$00,$5A,$71,$78,$5A,$91,$4C,$80,$5A,$F1,$02,$5A,$34,$1B,$5A,$54,$03,$5A,$74,$AA,$80,$5A
     5A51005A71785A91
     4C805AF1025A341B
     5A54035A74AA805A
6BE7 948A805AB72E5AB1 (vgm_monkey_island):00889             FCB $94,$8A,$80,$5A,$B7,$2E,$5A,$B1,$03,$61,$71,$08,$5A,$B2,$07,$61,$96,$02,$5A,$B7,$0E,$61,$F6,$03,$5A,$B5,$0E,$61,$E5,$01,$5A,$B4
     036171085AB20761
     96025AB70E61F603
     5AB50E61E5015AB4
6C07 0F6169025AB00B61 (vgm_monkey_island):00890             FCB $0F,$61,$69,$02,$5A,$B0,$0B,$61,$E6,$01,$5A,$B3,$0B,$61,$E5,$01,$5A,$C0,$00,$5A,$40,$00,$80,$5A,$60,$FA,$5A,$80,$6A,$80,$5A,$43
     E6015AB30B61E501
     5AC0005A4000805A
     60FA5A806A805A43
6C27 0B5A63AA5A83FA80 (vgm_monkey_island):00891             FCB $0B,$5A,$63,$AA,$5A,$83,$FA,$80,$5A,$A0,$61,$5A,$B0,$2E,$80,$5A,$21,$2A,$5A,$41,$25,$80,$5A,$61,$E6,$5A,$81,$D7,$80,$5A,$44,$07
     5AA0615AB02E805A
     212A5A4125805A61
     E65A81D7805A4407
6C47 5A64F6805AA1005A (vgm_monkey_island):00892             FCB $5A,$64,$F6,$80,$5A,$A1,$00,$5A,$B1,$23,$61,$85,$00,$5A,$C2,$0A,$80,$5A,$22,$0C,$5A,$42,$00,$5A,$62,$78,$80,$5A,$E2,$02,$5A,$25
     B1236185005AC20A
     805A220C5A42005A
     6278805AE2025A25
6C67 1B5A4503805A65AA (vgm_monkey_island):00893             FCB $1B,$5A,$45,$03,$80,$5A,$65,$AA,$5A,$85,$8A,$5A,$A2,$00,$80,$5A,$B2,$2E,$61,$58,$00,$5A,$B6,$03,$61,$06,$10,$5A,$B1,$03,$61,$07
     5A858A5AA200805A
     B22E6158005AB603
     6106105AB1036107
6C87 065AC10C5A21215A (vgm_monkey_island):00894             FCB $06,$5A,$C1,$0C,$5A,$21,$21,$5A,$41,$94,$5A,$61,$72,$80,$5A,$81,$2D,$5A,$24,$61,$5A,$44,$08,$80,$5A,$64,$82,$5A,$84,$3B,$80,$5A
     41945A6172805A81
     2D5A24615A440880
     5A64825A843B805A
6CA7 A1C75AB12B5AB20E (vgm_monkey_island):00895             FCB $A1,$C7,$5A,$B1,$2B,$5A,$B2,$0E,$61,$8D,$01,$5A,$22,$2A,$80,$5A,$42,$25,$5A,$62,$E6,$5A,$82,$D7,$80,$5A,$E2,$00,$5A,$25,$22,$5A
     618D015A222A805A
     42255A62E65A82D7
     805AE2005A25225A
6CC7 45075A65F6805A85 (vgm_monkey_island):00896             FCB $45,$07,$5A,$65,$F6,$80,$5A,$85,$F7,$80,$5A,$B2,$2B,$5A,$C3,$0A,$5A,$28,$2A,$80,$5A,$48,$25,$5A,$68,$E6,$5A,$88,$D7,$80,$5A,$2B
     F7805AB22B5AC30A
     5A282A805A48255A
     68E65A88D7805A2B
6CE7 225A4B075A6BF680 (vgm_monkey_island):00897             FCB $22,$5A,$4B,$07,$5A,$6B,$F6,$80,$5A,$8B,$F7,$5A,$B3,$27,$80,$5A,$C4,$0A,$5A,$29,$2A,$80,$5A,$49,$25,$5A,$69,$E6,$5A,$89,$D7,$80
     5A8BF75AB327805A
     C40A5A292A805A49
     255A69E65A89D780
6D07 5A2C225A4C075A6C (vgm_monkey_island):00898             FCB $5A,$2C,$22,$5A,$4C,$07,$5A,$6C,$F6,$5A,$8C,$F7,$80,$5A,$A4,$3F,$5A,$B4,$2A,$61,$B1,$00,$5A,$B0,$0E,$61,$58,$00,$5A,$20,$00,$80
     F65A8CF7805AA43F
     5AB42A61B1005AB0
     0E6158005A200080
6D27 5A40145A60C85A80 (vgm_monkey_island):00899             FCB $5A,$40,$14,$5A,$60,$C8,$5A,$80,$4C,$80,$5A,$23,$20,$5A,$43,$00,$5A,$63,$D6,$80,$5A,$83,$FF,$5A,$A0,$90,$5A,$B0,$27,$80,$5A,$C5
     4C805A23205A4300
     5A63D6805A83FF5A
     A0905AB027805AC5
6D47 0A5A2A22805A4A1D (vgm_monkey_island):00900             FCB $0A,$5A,$2A,$22,$80,$5A,$4A,$1D,$5A,$6A,$C6,$5A,$8A,$77,$80,$5A,$2D,$22,$5A,$4D,$40,$5A,$6D,$F4,$80,$5A,$8D,$F7,$5A,$A5,$00,$5A
     5A6AC65A8A77805A
     2D225A4D405A6DF4
     805A8DF75AA5005A
6D67 B52361CF135AB10B (vgm_monkey_island):00901             FCB $B5,$23,$61,$CF,$13,$5A,$B1,$0B,$61,$7B,$04,$5A,$B4,$0A,$61,$58,$00,$5A,$C1,$0A,$5A,$21,$2A,$80,$5A,$41,$25,$5A,$61,$E6,$5A,$81
     617B045AB40A6158
     005AC10A5A212A80
     5A41255A61E65A81
6D87 D7805A24225A4407 (vgm_monkey_island):00902             FCB $D7,$80,$5A,$24,$22,$5A,$44,$07,$5A,$64,$F6,$80,$5A,$84,$F7,$5A,$A1,$00,$5A,$B1,$27,$61,$DD,$00,$5A,$B4,$26,$5A,$B3,$07,$61,$2B
     5A64F6805A84F75A
     A1005AB12761DD00
     5AB4265AB307612B
6DA7 055AB20B619E035A (vgm_monkey_island):00903             FCB $05,$5A,$B2,$0B,$61,$9E,$03,$5A,$B4,$06,$61,$58,$00,$5A,$B0,$07,$61,$3D,$02,$5A,$B5,$03,$61,$70,$0D,$5A,$C0,$0C,$80,$5A,$20,$21
     B4066158005AB007
     613D025AB5036170
     0D5AC00C805A2021
6DC7 5A40945A60725A80 (vgm_monkey_island):00904             FCB $5A,$40,$94,$5A,$60,$72,$5A,$80,$2D,$80,$5A,$23,$61,$5A,$43,$08,$5A,$63,$82,$80,$5A,$83,$3B,$5A,$A0,$00,$80,$5A,$B0,$2E,$61,$84
     2D805A23615A4308
     5A6382805A833B5A
     A000805AB02E6184
6DE7 005AC20E5A22215A (vgm_monkey_island):00905             FCB $00,$5A,$C2,$0E,$5A,$22,$21,$5A,$42,$1E,$5A,$62,$B2,$80,$5A,$82,$3E,$5A,$25,$21,$80,$5A,$45,$0C,$5A,$65,$93,$5A,$85,$3F,$80,$5A
     421E5A62B2805A82
     3E5A2521805A450C
     5A65935A853F805A
6E07 B22E805AC3005A28 (vgm_monkey_island):00906             FCB $B2,$2E,$80,$5A,$C3,$00,$5A,$28,$21,$5A,$48,$00,$5A,$68,$FA,$80,$5A,$88,$6A,$5A,$2B,$21,$5A,$4B,$0B,$80,$5A,$6B,$AA,$5A,$8B,$FA
     215A48005A68FA80
     5A886A5A2B215A4B
     0B805A6BAA5A8BFA
6E27 805AA3615AB32E5A (vgm_monkey_island):00907             FCB $80,$5A,$A3,$61,$5A,$B3,$2E,$5A,$C4,$0E,$80,$5A,$29,$21,$5A,$49,$1E,$5A,$69,$B2,$80,$5A,$89,$3E,$5A,$2C,$21,$5A,$4C,$0C,$80,$5A
     C40E805A29215A49
     1E5A69B2805A893E
     5A2C215A4C0C805A
6E47 6C935A8C3F5AA461 (vgm_monkey_island):00908             FCB $6C,$93,$5A,$8C,$3F,$5A,$A4,$61,$80,$5A,$B4,$2E,$5A,$C5,$0E,$80,$5A,$2A,$21,$5A,$4A,$1E,$5A,$6A,$B2,$5A,$8A,$3E,$80,$5A,$2D,$21
     805AB42E5AC50E80
     5A2A215A4A1E5A6A
     B25A8A3E805A2D21
6E67 5A4D0C805A6D935A (vgm_monkey_island):00909             FCB $5A,$4D,$0C,$80,$5A,$6D,$93,$5A,$8D,$3F,$80,$5A,$B5,$2F,$61,$DD,$00,$5A,$B6,$22,$61,$19,$08,$5A,$B4,$0E,$61,$ED,$02,$5A,$B5,$0F
     8D3F805AB52F61DD
     005AB6226119085A
     B40E61ED025AB50F
6E87 6158005AB20E61B1 (vgm_monkey_island):00910             FCB $61,$58,$00,$5A,$B2,$0E,$61,$B1,$00,$5A,$B1,$07,$61,$19,$08,$5A,$B3,$0E,$61,$10,$07,$5A,$B1,$26,$61,$C7,$12,$5A,$B6,$02,$61,$B9
     005AB1076119085A
     B30E6110075AB126
     61C7125AB60261B9
6EA7 015AB1066119035A (vgm_monkey_island):00911             FCB $01,$5A,$B1,$06,$61,$19,$03,$5A,$21,$22,$5A,$41,$1D,$5A,$61,$C6,$80,$5A,$81,$77,$5A,$44,$40,$80,$5A,$64,$F4,$80,$5A,$B1,$23,$80
     21225A411D5A61C6
     805A81775A444080
     5A64F4805AB12380
6EC7 5AC20A5A222A5A42 (vgm_monkey_island):00912             FCB $5A,$C2,$0A,$5A,$22,$2A,$5A,$42,$25,$5A,$62,$E6,$80,$5A,$82,$D7,$5A,$25,$22,$80,$5A,$45,$07,$5A,$65,$F6,$5A,$85,$F7,$80,$5A,$B2
     255A62E6805A82D7
     5A2522805A45075A
     65F65A85F7805AB2
6EE7 2B805A28005A4814 (vgm_monkey_island):00913             FCB $2B,$80,$5A,$28,$00,$5A,$48,$14,$5A,$68,$C8,$80,$5A,$88,$4C,$5A,$2B,$20,$5A,$4B,$00,$80,$5A,$6B,$D6,$5A,$8B,$FF,$80,$5A,$A3,$90
     5A68C8805A884C5A
     2B205A4B00805A6B
     D65A8BFF805AA390
6F07 5AB327805AC40A5A (vgm_monkey_island):00914             FCB $5A,$B3,$27,$80,$5A,$C4,$0A,$5A,$29,$2A,$80,$5A,$49,$25,$5A,$69,$E6,$5A,$89,$D7,$80,$5A,$2C,$22,$5A,$4C,$07,$5A,$6C,$F6,$80,$5A
     292A805A49255A69
     E65A89D7805A2C22
     5A4C075A6CF6805A
6F27 8CF75AA4005AB42A (vgm_monkey_island):00915             FCB $8C,$F7,$5A,$A4,$00,$5A,$B4,$2A,$80,$5A,$C5,$0A,$5A,$2A,$2A,$80,$5A,$4A,$25,$5A,$6A,$E6,$5A,$8A,$D7,$80,$5A,$2D,$22,$5A,$4D,$07
     805AC50A5A2A2A80
     5A4A255A6AE65A8A
     D7805A2D225A4D07
6F47 5A6DF65A8DF7805A (vgm_monkey_island):00916             FCB $5A,$6D,$F6,$5A,$8D,$F7,$80,$5A,$A5,$61,$5A,$B5,$2A,$61,$79,$0E,$5A,$B3,$07,$61,$82,$0A,$5A,$B4,$0A,$61,$B0,$00,$5A,$C3,$0E,$80
     A5615AB52A61790E
     5AB30761820A5AB4
     0A61B0005AC30E80
6F67 5A28215A481E5A68 (vgm_monkey_island):00917             FCB $5A,$28,$21,$5A,$48,$1E,$5A,$68,$B2,$80,$5A,$88,$3E,$5A,$2B,$21,$5A,$4B,$0C,$80,$5A,$6B,$93,$5A,$8B,$3F,$5A,$A3,$00,$80,$5A,$B3
     B2805A883E5A2B21
     5A4B0C805A6B935A
     8B3F5AA300805AB3
6F87 2E5AC40E805A2921 (vgm_monkey_island):00918             FCB $2E,$5A,$C4,$0E,$80,$5A,$29,$21,$5A,$49,$1E,$5A,$69,$B2,$5A,$89,$3E,$80,$5A,$2C,$21,$5A,$4C,$0C,$80,$5A,$6C,$93,$5A,$8C,$3F,$5A
     5A491E5A69B25A89
     3E805A2C215A4C0C
     805A6C935A8C3F5A
6FA7 A461805AB42E5AB1 (vgm_monkey_island):00919             FCB $A4,$61,$80,$5A,$B4,$2E,$5A,$B1,$03,$80,$5A,$C1,$0E,$5A,$21,$21,$5A,$41,$1E,$80,$5A,$61,$B2,$5A,$81,$3E,$80,$5A,$24,$21,$5A,$44
     03805AC10E5A2121
     5A411E805A61B25A
     813E805A24215A44
6FC7 0C5A64935A843F80 (vgm_monkey_island):00920             FCB $0C,$5A,$64,$93,$5A,$84,$3F,$80,$5A,$B1,$2F,$80,$5A,$30,$2A,$5A,$50,$25,$80,$5A,$70,$E6,$5A,$90,$D7,$80,$5A,$53,$07,$5A,$73,$F6
     5AB12F805A302A5A
     5025805A70E65A90
     D7805A53075A73F6
6FE7 805AA6615AB62680 (vgm_monkey_island):00921             FCB $80,$5A,$A6,$61,$5A,$B6,$26,$80,$5A,$C7,$00,$5A,$31,$00,$5A,$51,$14,$80,$5A,$71,$C8,$5A,$F1,$00,$5A,$34,$20,$80,$5A,$54,$00,$5A
     5AC7005A31005A51
     14805A71C85AF100
     5A3420805A54005A
7007 74D65A94FF805AA7 (vgm_monkey_island):00922             FCB $74,$D6,$5A,$94,$FF,$80,$5A,$A7,$90,$5A,$B7,$27,$61,$58,$00,$5A,$C8,$00,$5A,$32,$21,$5A,$52,$00,$5A,$72,$FA,$80,$5A,$92,$6A,$5A
     905AB7276158005A
     C8005A32215A5200
     5A72FA805A926A5A
7027 35215A550B805A75 (vgm_monkey_island):00923             FCB $35,$21,$5A,$55,$0B,$80,$5A,$75,$AA,$5A,$95,$FA,$80,$5A,$A8,$61,$5A,$B8,$2E,$80,$5A,$B5,$0A,$61,$C1,$02,$5A,$B2,$0B,$61,$8C,$06
     AA5A95FA805AA861
     5AB82E805AB50A61
     C1025AB20B618C06
7047 5AB6066184005AB4 (vgm_monkey_island):00924             FCB $5A,$B6,$06,$61,$84,$00,$5A,$B4,$0E,$61,$61,$01,$5A,$B3,$0E,$61,$09,$01,$5A,$B1,$0F,$61,$3D,$02,$5A,$B0,$0E,$61,$8C,$06,$5A,$B8
     0E6161015AB30E61
     09015AB10F613D02
     5AB00E618C065AB8
7067 0E61E5015AC00A5A (vgm_monkey_island):00925             FCB $0E,$61,$E5,$01,$5A,$C0,$0A,$5A,$20,$22,$5A,$40,$1D,$80,$5A,$60,$C6,$5A,$80,$77,$80,$5A,$23,$22,$5A,$43,$40,$5A,$63,$F4,$5A,$83
     20225A401D805A60
     C65A8077805A2322
     5A43405A63F45A83
7087 F7805AB026805AC1 (vgm_monkey_island):00926             FCB $F7,$80,$5A,$B0,$26,$80,$5A,$C1,$0A,$5A,$21,$0C,$5A,$41,$00,$80,$5A,$61,$78,$5A,$81,$4C,$5A,$E1,$02,$5A,$24,$1B,$80,$5A,$44,$03
     0A5A210C5A410080
     5A61785A814C5AE1
     025A241B805A4403
70A7 5A64AA5A848A805A (vgm_monkey_island):00927             FCB $5A,$64,$AA,$5A,$84,$8A,$80,$5A,$B1,$2E,$61,$AE,$0A,$5A,$B7,$07,$61,$58,$00,$5A,$B1,$0E,$61,$05,$10,$5A,$B1,$2E,$61,$96,$02,$5A
     B12E61AE0A5AB707
     6158005AB10E6105
     105AB12E6196025A
70C7 B2266119085AB006 (vgm_monkey_island):00928             FCB $B2,$26,$61,$19,$08,$5A,$B0,$06,$61,$57,$05,$5A,$B1,$0E,$61,$3D,$02,$5A,$B2,$06,$61,$71,$08,$5A,$C0,$0E,$5A,$20,$21,$5A,$40,$1E
     6157055AB10E613D
     025AB2066171085A
     C00E5A20215A401E
70E7 805A60B25A803E80 (vgm_monkey_island):00929             FCB $80,$5A,$60,$B2,$5A,$80,$3E,$80,$5A,$23,$21,$5A,$43,$0C,$5A,$63,$93,$5A,$83,$3F,$80,$5A,$A0,$61,$5A,$B0,$2E,$80,$5A,$21,$2A,$5A
     5A23215A430C5A63
     935A833F805AA061
     5AB02E805A212A5A
7107 4125805A61E65A81 (vgm_monkey_island):00930             FCB $41,$25,$80,$5A,$61,$E6,$5A,$81,$D7,$5A,$E1,$00,$5A,$24,$22,$80,$5A,$44,$07,$5A,$64,$F6,$5A,$84,$F7,$80,$5A,$B1,$2A,$61,$B0,$00
     D75AE1005A242280
     5A44075A64F65A84
     F7805AB12A61B000
7127 5AA2615AB22A805A (vgm_monkey_island):00931             FCB $5A,$A2,$61,$5A,$B2,$2A,$80,$5A,$C3,$00,$5A,$28,$00,$5A,$48,$14,$5A,$68,$C8,$80,$5A,$88,$4C,$5A,$2B,$20,$80,$5A,$4B,$00,$5A,$6B
     C3005A28005A4814
     5A68C8805A884C5A
     2B20805A4B005A6B
7147 D65A8BFF805AA390 (vgm_monkey_island):00932             FCB $D6,$5A,$8B,$FF,$80,$5A,$A3,$90,$5A,$B3,$27,$80,$5A,$C4,$0A,$5A,$29,$2A,$5A,$49,$25,$5A,$69,$E6,$80,$5A,$89,$D7,$5A,$2C,$22,$5A
     5AB327805AC40A5A
     292A5A49255A69E6
     805A89D75A2C225A
7167 4C07805A6CF65A8C (vgm_monkey_island):00933             FCB $4C,$07,$80,$5A,$6C,$F6,$5A,$8C,$F7,$80,$5A,$A4,$00,$5A,$B4,$2B,$5A,$C5,$0E,$80,$5A,$2A,$21,$5A,$4A,$1E,$5A,$6A,$B2,$80,$5A,$8A
     F7805AA4005AB42B
     5AC50E805A2A215A
     4A1E5A6AB2805A8A
7187 3E5A2D215A4D0C80 (vgm_monkey_island):00934             FCB $3E,$5A,$2D,$21,$5A,$4D,$0C,$80,$5A,$6D,$93,$5A,$8D,$3F,$5A,$A5,$00,$80,$5A,$B5,$2E,$5A,$C6,$0E,$80,$5A,$30,$21,$5A,$50,$1E,$5A
     5A6D935A8D3F5AA5
     00805AB52E5AC60E
     805A30215A501E5A
71A7 70B25A903E805A33 (vgm_monkey_island):00935             FCB $70,$B2,$5A,$90,$3E,$80,$5A,$33,$21,$5A,$53,$0C,$80,$5A,$73,$93,$5A,$93,$3F,$5A,$A6,$00,$80,$5A,$B6,$2F,$61,$C9,$08,$5A,$B0,$0E
     215A530C805A7393
     5A933F5AA600805A
     B62F61C9085AB00E
71C7 61B9015AB50E61DC (vgm_monkey_island):00936             FCB $61,$B9,$01,$5A,$B5,$0E,$61,$DC,$00,$5A,$B6,$0F,$61,$70,$0D,$5A,$C0,$08,$5A,$20,$20,$80,$5A,$40,$1C,$5A,$60,$62,$5A,$80,$75,$5A
     005AB60F61700D5A
     C0085A2020805A40
     1C5A60625A80755A
71E7 E001805A23225A43 (vgm_monkey_island):00937             FCB $E0,$01,$80,$5A,$23,$22,$5A,$43,$00,$5A,$63,$A8,$80,$5A,$83,$F5,$5A,$A0,$00,$5A,$B0,$2A,$80,$5A,$C5,$0A,$5A,$2A,$2A,$80,$5A,$4A
     005A63A8805A83F5
     5AA0005AB02A805A
     C50A5A2A2A805A4A
7207 255A6AE65A8AD780 (vgm_monkey_island):00938             FCB $25,$5A,$6A,$E6,$5A,$8A,$D7,$80,$5A,$2D,$22,$5A,$4D,$07,$5A,$6D,$F6,$5A,$8D,$F7,$80,$5A,$B5,$27,$80,$5A,$B2,$0A,$61,$B0,$00,$5A
     5A2D225A4D075A6D
     F65A8DF7805AB527
     805AB20A61B0005A
7227 B2265AB40B613E02 (vgm_monkey_island):00939             FCB $B2,$26,$5A,$B4,$0B,$61,$3E,$02,$5A,$B1,$0A,$61,$B0,$00,$5A,$B3,$07,$61,$8D,$01,$5A,$B0,$0A,$61,$70,$0D,$5A,$B2,$06,$61,$44,$08
     5AB10A61B0005AB3
     07618D015AB00A61
     700D5AB206614408
7247 5AB02B805A21225A (vgm_monkey_island):00940             FCB $5A,$B0,$2B,$80,$5A,$21,$22,$5A,$41,$1D,$5A,$61,$C6,$80,$5A,$81,$77,$5A,$44,$40,$80,$5A,$64,$F4,$80,$5A,$B1,$26,$61,$84,$00,$5A
     411D5A61C6805A81
     775A4440805A64F4
     805AB1266184005A
7267 B5076134065AB00B (vgm_monkey_island):00941             FCB $B5,$07,$61,$34,$06,$5A,$B0,$0B,$61,$77,$13,$5A,$B0,$2B,$61,$09,$01,$5A,$A2,$00,$80,$5A,$B2,$26,$61,$33,$06,$5A,$B1,$06,$61,$E5
     6177135AB02B6109
     015AA200805AB226
     6133065AB10661E5
7287 015AB00B61D10E5A (vgm_monkey_island):00942             FCB $01,$5A,$B0,$0B,$61,$D1,$0E,$5A,$B2,$06,$61,$84,$00,$5A,$C0,$0E,$5A,$20,$21,$5A,$40,$1E,$80,$5A,$60,$B2,$5A,$80,$3E,$5A,$E0,$00
     B2066184005AC00E
     5A20215A401E805A
     60B25A803E5AE000
72A7 5A2321805A430C5A (vgm_monkey_island):00943             FCB $5A,$23,$21,$80,$5A,$43,$0C,$5A,$63,$93,$5A,$83,$3F,$80,$5A,$B0,$2E,$80,$5A,$C1,$0E,$5A,$21,$21,$5A,$41,$1E,$80,$5A,$61,$B2,$5A
     63935A833F805AB0
     2E805AC10E5A2121
     5A411E805A61B25A
72C7 813E5A2421805A44 (vgm_monkey_island):00944             FCB $81,$3E,$5A,$24,$21,$80,$5A,$44,$0C,$5A,$64,$93,$5A,$84,$3F,$80,$5A,$A1,$61,$5A,$B1,$2E,$80,$5A,$C2,$0E,$80,$5A,$22,$21,$5A,$42
     0C5A64935A843F80
     5AA1615AB12E805A
     C20E805A22215A42
72E7 1E5A62B25A823E80 (vgm_monkey_island):00945             FCB $1E,$5A,$62,$B2,$5A,$82,$3E,$80,$5A,$25,$21,$5A,$45,$0C,$5A,$65,$93,$80,$5A,$85,$3F,$80,$5A,$B2,$2F,$5A,$28,$21,$80,$5A,$48,$00
     5A25215A450C5A65
     93805A853F805AB2
     2F5A2821805A4800
7307 5A68FA5A886A805A (vgm_monkey_island):00946             FCB $5A,$68,$FA,$5A,$88,$6A,$80,$5A,$2B,$21,$5A,$4B,$0B,$5A,$6B,$AA,$80,$5A,$8B,$FA,$5A,$A3,$61,$5A,$B3,$2E,$80,$5A,$C4,$08,$5A,$29
     2B215A4B0B5A6BAA
     805A8BFA5AA3615A
     B32E805AC4085A29
7327 20805A491C5A6962 (vgm_monkey_island):00947             FCB $20,$80,$5A,$49,$1C,$5A,$69,$62,$5A,$89,$75,$5A,$E9,$01,$80,$5A,$4C,$00,$5A,$6C,$A8,$5A,$8C,$F5,$80,$5A,$B4,$2A,$61,$B1,$00,$5A
     5A89755AE901805A
     4C005A6CA85A8CF5
     805AB42A61B1005A
7347 B52A805AC60A5A30 (vgm_monkey_island):00948             FCB $B5,$2A,$80,$5A,$C6,$0A,$5A,$30,$2A,$5A,$50,$25,$80,$5A,$70,$E6,$5A,$90,$D7,$80,$5A,$33,$22,$5A,$53,$07,$5A,$73,$F6,$5A,$93,$F7
     2A5A5025805A70E6
     5A90D7805A33225A
     53075A73F65A93F7
7367 805AA6615AB62A61 (vgm_monkey_island):00949             FCB $80,$5A,$A6,$61,$5A,$B6,$2A,$61,$B0,$00,$5A,$A7,$5E,$5A,$B7,$27,$80,$5A,$32,$00,$5A,$52,$14,$5A,$72,$C8,$80,$5A,$92,$4C,$5A,$35
     B0005AA75E5AB727
     805A32005A52145A
     72C8805A924C5A35
7387 20805A55005A75D6 (vgm_monkey_island):00950             FCB $20,$80,$5A,$55,$00,$5A,$75,$D6,$5A,$95,$FF,$80,$5A,$A8,$90,$5A,$B8,$27,$61,$22,$04,$5A,$B4,$0A,$61,$34,$06,$5A,$B1,$0E,$61,$B9
     5A95FF805AA8905A
     B8276122045AB40A
     6134065AB10E61B9
73A7 015AB00E61B0005A (vgm_monkey_island):00951             FCB $01,$5A,$B0,$0E,$61,$B0,$00,$5A,$B2,$0F,$61,$35,$01,$5A,$B8,$07,$61,$58,$00,$5A,$B3,$0E,$61,$58,$00,$5A,$B7,$07,$61,$7A,$09,$5A
     B20F6135015AB807
     6158005AB30E6158
     005AB707617A095A
73C7 C00A5A2022805A40 (vgm_monkey_island):00952             FCB $C0,$0A,$5A,$20,$22,$80,$5A,$40,$1D,$5A,$60,$C6,$5A,$80,$77,$80,$5A,$23,$22,$5A,$43,$40,$5A,$63,$F4,$80,$5A,$83,$F7,$5A,$B0,$26
     1D5A60C65A807780
     5A23225A43405A63
     F4805A83F75AB026
73E7 6109015AC1085A21 (vgm_monkey_island):00953             FCB $61,$09,$01,$5A,$C1,$08,$5A,$21,$20,$5A,$41,$1C,$5A,$61,$62,$80,$5A,$81,$75,$5A,$E1,$01,$5A,$24,$22,$80,$5A,$44,$00,$5A,$64,$A8
     205A411C5A616280
     5A81755AE1015A24
     22805A44005A64A8
7407 5A84F5805AA1005A (vgm_monkey_island):00954             FCB $5A,$84,$F5,$80,$5A,$A1,$00,$5A,$B1,$2A,$80,$5A,$C2,$0A,$5A,$22,$2A,$5A,$42,$25,$5A,$62,$E6,$80,$5A,$82,$D7,$5A,$25,$22,$5A,$45
     B12A805AC20A5A22
     2A5A42255A62E680
     5A82D75A25225A45
7427 07805A65F65A85F7 (vgm_monkey_island):00955             FCB $07,$80,$5A,$65,$F6,$5A,$85,$F7,$80,$5A,$B2,$27,$5A,$C3,$0A,$80,$5A,$28,$2A,$5A,$48,$25,$5A,$68,$E6,$80,$5A,$88,$D7,$5A,$2B,$22
     805AB2275AC30A80
     5A282A5A48255A68
     E6805A88D75A2B22
7447 5A4B07805A6BF65A (vgm_monkey_island):00956             FCB $5A,$4B,$07,$80,$5A,$6B,$F6,$5A,$8B,$F7,$80,$5A,$B3,$26,$80,$5A,$C4,$00,$80,$5A,$29,$00,$5A,$49,$14,$5A,$69,$C8,$5A,$89,$4C,$80
     8BF7805AB326805A
     C400805A29005A49
     145A69C85A894C80
7467 5AE9005A2C205A6C (vgm_monkey_island):00957             FCB $5A,$E9,$00,$5A,$2C,$20,$5A,$6C,$D6,$80,$5A,$8C,$FF,$5A,$A4,$90,$80,$5A,$B4,$27,$5A,$B6,$0A,$61,$8D,$01,$5A,$B5,$0A,$61,$DB,$0A
     D6805A8CFF5AA490
     805AB4275AB60A61
     8D015AB50A61DB0A
7487 5AB10A61B0005AB3 (vgm_monkey_island):00958             FCB $5A,$B1,$0A,$61,$B0,$00,$5A,$B3,$06,$61,$71,$08,$5A,$B2,$07,$61,$B0,$00,$5A,$C1,$0A,$80,$5A,$21,$22,$5A,$41,$1D,$5A,$61,$C6,$5A
     066171085AB20761
     B0005AC10A805A21
     225A411D5A61C65A
74A7 8177805AE1005A44 (vgm_monkey_island):00959             FCB $81,$77,$80,$5A,$E1,$00,$5A,$44,$40,$80,$5A,$64,$F4,$5A,$84,$F7,$80,$5A,$B1,$23,$61,$19,$03,$5A,$22,$0C,$5A,$42,$00,$5A,$62,$78
     40805A64F45A84F7
     805AB1236119035A
     220C5A42005A6278
74C7 805A824C5AE2025A (vgm_monkey_island):00960             FCB $80,$5A,$82,$4C,$5A,$E2,$02,$5A,$25,$1B,$5A,$45,$03,$80,$5A,$65,$AA,$5A,$85,$8A,$80,$5A,$B2,$2E,$61,$22,$04,$5A,$B0,$06,$61,$58
     251B5A4503805A65
     AA5A858A805AB22E
     6122045AB0066158
74E7 005AB40761A7045A (vgm_monkey_island):00961             FCB $00,$5A,$B4,$07,$61,$A7,$04,$5A,$B2,$0E,$61,$4C,$0E,$5A,$C0,$0E,$5A,$20,$21,$80,$5A,$40,$1E,$5A,$60,$B2,$5A,$80,$3E,$80,$5A,$23
     B20E614C0E5AC00E
     5A2021805A401E5A
     60B25A803E805A23
7507 215A430C5A63935A (vgm_monkey_island):00962             FCB $21,$5A,$43,$0C,$5A,$63,$93,$5A,$83,$3F,$80,$5A,$B0,$2E,$80,$5A,$C2,$0E,$5A,$22,$21,$80,$5A,$42,$1E,$5A,$62,$B2,$5A,$82,$3E,$80
     833F805AB02E805A
     C20E5A2221805A42
     1E5A62B25A823E80
7527 5AE2005A25215A45 (vgm_monkey_island):00963             FCB $5A,$E2,$00,$5A,$25,$21,$5A,$45,$0C,$5A,$65,$93,$80,$5A,$85,$3F,$5A,$A2,$61,$80,$5A,$B2,$2E,$5A,$28,$0C,$80,$5A,$48,$00,$5A,$68
     0C5A6593805A853F
     5AA261805AB22E5A
     280C805A48005A68
7547 785A884C5AE80280 (vgm_monkey_island):00964             FCB $78,$5A,$88,$4C,$5A,$E8,$02,$80,$5A,$2B,$1B,$5A,$4B,$03,$5A,$6B,$AA,$80,$5A,$8B,$8A,$5A,$A3,$00,$5A,$B3,$2E,$80,$5A,$29,$21,$80
     5A2B1B5A4B035A6B
     AA805A8B8A5AA300
     5AB32E805A292180
7567 5A49005A69FA5A89 (vgm_monkey_island):00965             FCB $5A,$49,$00,$5A,$69,$FA,$5A,$89,$6A,$80,$5A,$2C,$21,$5A,$4C,$0B,$5A,$6C,$AA,$5A,$8C,$FA,$80,$5A,$A4,$61,$5A,$B4,$2E,$80,$5A,$C5
     6A805A2C215A4C0B
     5A6CAA5A8CFA805A
     A4615AB42E805AC5
7587 0E5A2A215A4A1E80 (vgm_monkey_island):00966             FCB $0E,$5A,$2A,$21,$5A,$4A,$1E,$80,$5A,$6A,$B2,$5A,$8A,$3E,$80,$5A,$2D,$21,$5A,$4D,$0C,$5A,$6D,$93,$5A,$8D,$3F,$80,$5A,$B5,$2F,$61
     5A6AB25A8A3E805A
     2D215A4D0C5A6D93
     5A8D3F805AB52F61
75A7 8D015AA600805AB6 (vgm_monkey_island):00967             FCB $8D,$01,$5A,$A6,$00,$80,$5A,$B6,$26,$61,$B7,$0B,$5A,$B2,$0E,$61,$E5,$01,$5A,$B0,$0E,$61,$B1,$00,$5A,$B5,$0F,$61,$69,$02,$5A,$B3
     2661B70B5AB20E61
     E5015AB00E61B100
     5AB50F6169025AB3
75C7 0E618D015AB1035A (vgm_monkey_island):00968             FCB $0E,$61,$8D,$01,$5A,$B1,$03,$5A,$B6,$06,$61,$B0,$00,$5A,$B4,$0E,$61,$46,$03,$5A,$C0,$0A,$80,$5A,$20,$22,$5A,$40,$1D,$5A,$60,$C6
     B60661B0005AB40E
     6146035AC00A805A
     20225A401D5A60C6
75E7 805A80775A23225A (vgm_monkey_island):00969             FCB $80,$5A,$80,$77,$5A,$23,$22,$5A,$43,$40,$80,$5A,$63,$F4,$5A,$83,$F7,$80,$5A,$B0,$26,$61,$E5,$01,$5A,$21,$2A,$80,$5A,$41,$25,$5A
     4340805A63F45A83
     F7805AB02661E501
     5A212A805A41255A
7607 61E65A81D7805A44 (vgm_monkey_island):00970             FCB $61,$E6,$5A,$81,$D7,$80,$5A,$44,$07,$5A,$64,$F6,$61,$58,$00,$5A,$B1,$2A,$5A,$C2,$0A,$5A,$22,$2A,$80,$5A,$42,$25,$5A,$62,$E6,$5A
     075A64F66158005A
     B12A5AC20A5A222A
     805A42255A62E65A
7627 82D7805A25225A45 (vgm_monkey_island):00971             FCB $82,$D7,$80,$5A,$25,$22,$5A,$45,$07,$5A,$65,$F6,$80,$5A,$85,$F7,$5A,$B2,$2A,$80,$5A,$C3,$00,$5A,$28,$00,$80,$5A,$48,$14,$5A,$68
     075A65F6805A85F7
     5AB22A805AC3005A
     2800805A48145A68
7647 C85AE800805A2B20 (vgm_monkey_island):00972             FCB $C8,$5A,$E8,$00,$80,$5A,$2B,$20,$5A,$4B,$00,$5A,$6B,$D6,$5A,$8B,$FF,$80,$5A,$A3,$90,$5A,$B3,$27,$61,$58,$00,$5A,$C4,$0A,$5A,$29
     5A4B005A6BD65A8B
     FF805AA3905AB327
     6158005AC40A5A29
7667 2A5A4925805A69E6 (vgm_monkey_island):00973             FCB $2A,$5A,$49,$25,$80,$5A,$69,$E6,$5A,$89,$D7,$80,$5A,$2C,$22,$5A,$4C,$07,$5A,$6C,$F6,$5A,$8C,$F7,$80,$5A,$A4,$00,$5A,$B4,$2B,$61
     5A89D7805A2C225A
     4C075A6CF65A8CF7
     805AA4005AB42B61
7687 76185AB20A616101 (vgm_monkey_island):00974             FCB $76,$18,$5A,$B2,$0A,$61,$61,$01,$5A,$A2,$00,$5A,$B2,$27,$80,$5A,$B0,$06,$61,$85,$00,$5A,$20,$2A,$5A,$40,$25,$5A,$60,$E6,$5A,$80
     5AA2005AB227805A
     B0066185005A202A
     5A40255A60E65A80
76A7 D7805A43075A63F6 (vgm_monkey_island):00975             FCB $D7,$80,$5A,$43,$07,$5A,$63,$F6,$80,$5A,$A0,$61,$80,$5A,$B0,$26,$5A,$B4,$0B,$61,$35,$01,$5A,$B1,$0A,$61,$08,$01,$5A,$B3,$07,$61
     805AA061805AB026
     5AB40B6135015AB1
     0A6108015AB30761
76C7 06105AB00661DB05 (vgm_monkey_island):00976             FCB $06,$10,$5A,$B0,$06,$61,$DB,$05,$5A,$20,$22,$5A,$40,$1D,$80,$5A,$60,$C6,$5A,$80,$77,$80,$5A,$43,$40,$5A,$63,$F4,$80,$5A,$A0,$00
     5A20225A401D805A
     60C65A8077805A43
     405A63F4805AA000
76E7 5AB022805AC1005A (vgm_monkey_island):00977             FCB $5A,$B0,$22,$80,$5A,$C1,$00,$5A,$21,$21,$80,$5A,$41,$00,$5A,$61,$FA,$5A,$81,$6A,$80,$5A,$24,$21,$5A,$44,$0B,$5A,$64,$AA,$80,$5A
     2121805A41005A61
     FA5A816A805A2421
     5A440B5A64AA805A
7707 84FA5AA1615AB12E (vgm_monkey_island):00978             FCB $84,$FA,$5A,$A1,$61,$5A,$B1,$2E,$80,$5A,$C3,$0E,$5A,$28,$21,$80,$5A,$48,$1E,$5A,$68,$B2,$5A,$88,$3E,$80,$5A,$2B,$21,$5A,$4B,$0C
     805AC30E5A282180
     5A481E5A68B25A88
     3E805A2B215A4B0C
7727 5A6B93805A8B3F5A (vgm_monkey_island):00979             FCB $5A,$6B,$93,$80,$5A,$8B,$3F,$5A,$A3,$61,$5A,$B3,$2E,$80,$5A,$29,$0C,$80,$5A,$49,$00,$5A,$69,$78,$5A,$89,$4C,$5A,$E9,$02,$80,$5A
     A3615AB32E805A29
     0C805A49005A6978
     5A894C5AE902805A
7747 2C1B5A4C035A6CAA (vgm_monkey_island):00980             FCB $2C,$1B,$5A,$4C,$03,$5A,$6C,$AA,$5A,$8C,$8A,$80,$5A,$B4,$2E,$61,$DD,$00,$5A,$B5,$2E,$80,$5A,$C6,$0E,$5A,$30,$21,$5A,$50,$1E,$80
     5A8C8A805AB42E61
     DD005AB52E805AC6
     0E5A30215A501E80
7767 5A70B25A903E5A33 (vgm_monkey_island):00981             FCB $5A,$70,$B2,$5A,$90,$3E,$5A,$33,$21,$80,$5A,$53,$0C,$5A,$73,$93,$5A,$93,$3F,$80,$5A,$B6,$2F,$5A,$B2,$07,$61,$4D,$0E,$5A,$B4,$0E
     21805A530C5A7393
     5A933F805AB62F5A
     B207614D0E5AB40E
7787 6134015AB30E61B9 (vgm_monkey_island):00982             FCB $61,$34,$01,$5A,$B3,$0E,$61,$B9,$01,$5A,$B5,$0E,$61,$8D,$01,$5A,$B6,$0F,$61,$09,$01,$5A,$B1,$0E,$61,$D3,$04,$5A,$C1,$0A,$5A,$21
     015AB50E618D015A
     B60F6109015AB10E
     61D3045AC10A5A21
77A7 0C805A61785A814C (vgm_monkey_island):00983             FCB $0C,$80,$5A,$61,$78,$5A,$81,$4C,$5A,$E1,$02,$5A,$24,$1B,$80,$5A,$44,$03,$5A,$84,$8A,$80,$5A,$A1,$00,$5A,$B1,$2E,$61,$9E,$03,$5A
     5AE1025A241B805A
     44035A848A805AA1
     005AB12E619E035A
77C7 B22661FE095AB002 (vgm_monkey_island):00984             FCB $B2,$26,$61,$FE,$09,$5A,$B0,$02,$61,$EE,$02,$5A,$B1,$0E,$61,$3D,$02,$5A,$B2,$06,$61,$68,$07,$5A,$B0,$23,$61,$61,$01,$5A,$21,$2A
     61EE025AB10E613D
     025AB2066168075A
     B0236161015A212A
77E7 5A41255A61E6805A (vgm_monkey_island):00985             FCB $5A,$41,$25,$5A,$61,$E6,$80,$5A,$81,$D7,$5A,$E1,$00,$5A,$24,$22,$5A,$44,$07,$80,$5A,$64,$F6,$5A,$84,$F7,$80,$5A,$B1,$2A,$61,$85
     81D75AE1005A2422
     5A4407805A64F65A
     84F7805AB12A6185
7807 005AA261805AB22A (vgm_monkey_island):00986             FCB $00,$5A,$A2,$61,$80,$5A,$B2,$2A,$5A,$C3,$0A,$80,$5A,$28,$2A,$5A,$48,$25,$5A,$68,$E6,$5A,$88,$D7,$80,$5A,$2B,$22,$5A,$4B,$07,$80
     5AC30A805A282A5A
     48255A68E65A88D7
     805A2B225A4B0780
7827 5A6BF65A8BF75AA3 (vgm_monkey_island):00987             FCB $5A,$6B,$F6,$5A,$8B,$F7,$5A,$A3,$00,$80,$5A,$B3,$2B,$5A,$C4,$00,$80,$5A,$29,$00,$5A,$49,$14,$5A,$69,$C8,$80,$5A,$E9,$00,$5A,$2C
     00805AB32B5AC400
     805A29005A49145A
     69C8805AE9005A2C
7847 205A4C005A6CD680 (vgm_monkey_island):00988             FCB $20,$5A,$4C,$00,$5A,$6C,$D6,$80,$5A,$8C,$FF,$5A,$A4,$90,$80,$5A,$B4,$27,$61,$D1,$0E,$5A,$B4,$07,$61,$2A,$0A,$5A,$B2,$0A,$5A,$C2
     5A8CFF5AA490805A
     B42761D10E5AB407
     612A0A5AB20A5AC2
7867 0E805A22215A421E (vgm_monkey_island):00989             FCB $0E,$80,$5A,$22,$21,$5A,$42,$1E,$5A,$62,$B2,$5A,$82,$3E,$80,$5A,$25,$21,$5A,$45,$0C,$80,$5A,$65,$93,$5A,$85,$3F,$5A,$A2,$00,$80
     5A62B25A823E805A
     25215A450C805A65
     935A853F5AA20080
7887 5AB22E5AC40E805A (vgm_monkey_island):00990             FCB $5A,$B2,$2E,$5A,$C4,$0E,$80,$5A,$29,$21,$5A,$49,$1E,$5A,$69,$B2,$80,$5A,$89,$3E,$5A,$2C,$21,$5A,$4C,$0C,$80,$5A,$6C,$93,$5A,$8C
     29215A491E5A69B2
     805A893E5A2C215A
     4C0C805A6C935A8C
78A7 3F5AA461805AB42E (vgm_monkey_island):00991             FCB $3F,$5A,$A4,$61,$80,$5A,$B4,$2E,$61,$B0,$00,$5A,$B5,$2F,$5A,$B3,$0B,$80,$5A,$C3,$00,$5A,$28,$21,$5A,$48,$00,$5A,$68,$FA,$80,$5A
     61B0005AB52F5AB3
     0B805AC3005A2821
     5A48005A68FA805A
78C7 886A5A2B215A4B0B (vgm_monkey_island):00992             FCB $88,$6A,$5A,$2B,$21,$5A,$4B,$0B,$80,$5A,$6B,$AA,$5A,$8B,$FA,$80,$5A,$A3,$61,$5A,$B3,$2E,$80,$5A,$C6,$0A,$5A,$30,$2A,$80,$5A,$50
     805A6BAA5A8BFA80
     5AA3615AB32E805A
     C60A5A302A805A50
78E7 255A70E65A90D780 (vgm_monkey_island):00993             FCB $25,$5A,$70,$E6,$5A,$90,$D7,$80,$5A,$33,$22,$5A,$53,$07,$5A,$73,$F6,$5A,$93,$F7,$80,$5A,$B6,$27,$61,$B0,$00,$5A,$A7,$90,$5A,$B7
     5A33225A53075A73
     F65A93F7805AB627
     61B0005AA7905AB7
7907 27805AB0035AB10A (vgm_monkey_island):00994             FCB $27,$80,$5A,$B0,$03,$5A,$B1,$0A,$80,$5A,$20,$2A,$5A,$40,$25,$80,$5A,$60,$E6,$5A,$80,$D7,$80,$5A,$43,$07,$5A,$63,$F6,$80,$5A,$A0
     805A202A5A402580
     5A60E65A80D7805A
     43075A63F6805AA0
7927 615AB026614C0E5A (vgm_monkey_island):00995             FCB $61,$5A,$B0,$26,$61,$4C,$0E,$5A,$B4,$0E,$61,$B1,$00,$5A,$B0,$06,$61,$60,$01,$5A,$B5,$0F,$61,$85,$00,$5A,$B2,$0E,$61,$DB,$05,$5A
     B40E61B1005AB006
     6160015AB50F6185
     005AB20E61DB055A
7947 20225A401D805A60 (vgm_monkey_island):00996             FCB $20,$22,$5A,$40,$1D,$80,$5A,$60,$C6,$5A,$80,$77,$80,$5A,$43,$40,$5A,$63,$F4,$80,$5A,$A0,$00,$5A,$B0,$26,$80,$5A,$B6,$07,$61,$09
     C65A8077805A4340
     5A63F4805AA0005A
     B026805AB6076109
7967 015AB30E61820A5A (vgm_monkey_island):00997             FCB $01,$5A,$B3,$0E,$61,$82,$0A,$5A,$B7,$07,$61,$66,$11,$5A,$B1,$26,$61,$44,$0D,$5A,$B0,$06,$61,$34,$06,$5A,$B1,$06,$61,$9E,$03,$5A
     B7076166115AB126
     61440D5AB0066134
     065AB106619E035A
7987 C00E5A2021805A40 (vgm_monkey_island):00998             FCB $C0,$0E,$5A,$20,$21,$80,$5A,$40,$1E,$5A,$60,$B2,$5A,$80,$3E,$80,$5A,$23,$21,$5A,$43,$0C,$5A,$63,$93,$80,$5A,$83,$3F,$5A,$B0,$2E
     1E5A60B25A803E80
     5A23215A430C5A63
     93805A833F5AB02E
79A7 805AC10E5A21215A (vgm_monkey_island):00999             FCB $80,$5A,$C1,$0E,$5A,$21,$21,$5A,$41,$1E,$80,$5A,$61,$B2,$5A,$81,$3E,$80,$5A,$24,$21,$5A,$44,$0C,$5A,$64,$93,$5A,$84,$3F,$80,$5A
     411E805A61B25A81
     3E805A24215A440C
     5A64935A843F805A
79C7 A1615AB12E61DD00 (vgm_monkey_island):01000             FCB $A1,$61,$5A,$B1,$2E,$61,$DD,$00,$5A,$B2,$2F,$5A,$C3,$0A,$80,$5A,$28,$2A,$5A,$48,$25,$5A,$68,$E6,$80,$5A,$88,$D7,$5A,$2B,$22,$5A
     5AB22F5AC30A805A
     282A5A48255A68E6
     805A88D75A2B225A
79E7 4B07805A6BF65A8B (vgm_monkey_island):01001             FCB $4B,$07,$80,$5A,$6B,$F6,$5A,$8B,$F7,$5A,$A3,$00,$80,$5A,$B3,$2A,$5A,$C4,$00,$80,$5A,$29,$00,$5A,$49,$14,$5A,$69,$C8,$5A,$89,$4C
     F75AA300805AB32A
     5AC400805A29005A
     49145A69C85A894C
7A07 805A2C205A4C0080 (vgm_monkey_island):01002             FCB $80,$5A,$2C,$20,$5A,$4C,$00,$80,$5A,$6C,$D6,$5A,$8C,$FF,$5A,$A4,$90,$80,$5A,$B4,$27,$5A,$C5,$0A,$80,$5A,$2A,$2A,$5A,$4A,$25,$5A
     5A6CD65A8CFF5AA4
     90805AB4275AC50A
     805A2A2A5A4A255A
7A27 6AE65A8AD7805A2D (vgm_monkey_island):01003             FCB $6A,$E6,$5A,$8A,$D7,$80,$5A,$2D,$22,$5A,$4D,$07,$5A,$6D,$F6,$80,$5A,$8D,$F7,$80,$5A,$B5,$2B,$61,$84,$00,$5A,$A6,$61,$5A,$B6,$2A
     225A4D075A6DF680
     5A8DF7805AB52B61
     84005AA6615AB62A
7A47 6185005AC7085A31 (vgm_monkey_island):01004             FCB $61,$85,$00,$5A,$C7,$08,$5A,$31,$20,$5A,$51,$1C,$80,$5A,$71,$62,$5A,$91,$75,$5A,$F1,$01,$5A,$34,$22,$80,$5A,$74,$A8,$5A,$94,$F5
     205A511C805A7162
     5A91755AF1015A34
     22805A74A85A94F5
7A67 805AA7005AB72A61 (vgm_monkey_island):01005             FCB $80,$5A,$A7,$00,$5A,$B7,$2A,$61,$D3,$04,$5A,$B7,$0A,$61,$94,$07,$5A,$B1,$0E,$61,$3D,$02,$5A,$B2,$0F,$61,$09,$01,$5A,$B0,$0E,$61
     D3045AB70A619407
     5AB10E613D025AB2
     0F6109015AB00E61
7A87 C9085AC00A805A20 (vgm_monkey_island):01006             FCB $C9,$08,$5A,$C0,$0A,$80,$5A,$20,$2A,$5A,$40,$25,$5A,$60,$E6,$5A,$80,$D7,$80,$5A,$23,$22,$5A,$43,$07,$80,$5A,$63,$F6,$5A,$83,$F7
     2A5A40255A60E65A
     80D7805A23225A43
     07805A63F65A83F7
7AA7 805AB027805AC10A (vgm_monkey_island):01007             FCB $80,$5A,$B0,$27,$80,$5A,$C1,$0A,$5A,$21,$2A,$5A,$41,$25,$5A,$61,$E6,$80,$5A,$81,$D7,$5A,$24,$22,$80,$5A,$44,$07,$5A,$64,$F6,$5A
     5A212A5A41255A61
     E6805A81D75A2422
     805A44075A64F65A
7AC7 84F7805AB126805A (vgm_monkey_island):01008             FCB $84,$F7,$80,$5A,$B1,$26,$80,$5A,$C2,$08,$5A,$22,$20,$5A,$42,$1C,$5A,$62,$62,$80,$5A,$82,$75,$5A,$E2,$01,$5A,$25,$22,$5A,$45,$00
     C2085A22205A421C
     5A6262805A82755A
     E2015A25225A4500
7AE7 805A65A85A85F580 (vgm_monkey_island):01009             FCB $80,$5A,$65,$A8,$5A,$85,$F5,$80,$5A,$B2,$2A,$80,$5A,$B3,$0A,$61,$59,$00,$5A,$B5,$0B,$61,$58,$00,$5A,$B6,$0A,$61,$58,$00,$5A,$B4
     5AB22A805AB30A61
     59005AB50B615800
     5AB60A6158005AB4
7B07 07619E035AB20A61 (vgm_monkey_island):01010             FCB $07,$61,$9E,$03,$5A,$B2,$0A,$61,$C0,$0C,$5A,$B1,$06,$61,$18,$08,$5A,$21,$22,$80,$5A,$41,$1D,$5A,$61,$C6,$5A,$81,$77,$80,$5A,$44
     C00C5AB106611808
     5A2122805A411D5A
     61C65A8177805A44
7B27 405A64F4805AA100 (vgm_monkey_island):01011             FCB $40,$5A,$64,$F4,$80,$5A,$A1,$00,$5A,$B1,$26,$61,$B0,$00,$5A,$B2,$2B,$61,$B9,$01,$5A,$B0,$07,$61,$82,$0A,$5A,$B2,$0B,$61,$4C,$0E
     5AB12661B0005AB2
     2B61B9015AB00761
     820A5AB20B614C0E
7B47 5AC0085A20205A40 (vgm_monkey_island):01012             FCB $5A,$C0,$08,$5A,$20,$20,$5A,$40,$1C,$5A,$60,$62,$80,$5A,$80,$75,$5A,$E0,$01,$5A,$43,$00,$80,$5A,$63,$A8,$5A,$83,$F5,$80,$5A,$B0
     1C5A6062805A8075
     5AE0015A4300805A
     63A85A83F5805AB0
7B67 2B6134015AC20A5A (vgm_monkey_island):01013             FCB $2B,$61,$34,$01,$5A,$C2,$0A,$5A,$22,$2A,$80,$5A,$42,$25,$5A,$62,$E6,$5A,$82,$D7,$5A,$E2,$00,$80,$5A,$45,$07,$5A,$65,$F6,$80,$5A
     222A805A42255A62
     E65A82D75AE20080
     5A45075A65F6805A
7B87 85F75AB226611903 (vgm_monkey_island):01014             FCB $85,$F7,$5A,$B2,$26,$61,$19,$03,$5A,$B0,$0B,$61,$2B,$05,$5A,$B1,$06,$61,$70,$0D,$5A,$B2,$06,$61,$58,$00,$5A,$C0,$0E,$5A,$20,$21
     5AB00B612B055AB1
     0661700D5AB20661
     58005AC00E5A2021
7BA7 805A401E5A60B25A (vgm_monkey_island):01015             FCB $80,$5A,$40,$1E,$5A,$60,$B2,$5A,$80,$3E,$5A,$E0,$00,$80,$5A,$23,$21,$5A,$43,$0C,$5A,$63,$93,$80,$5A,$83,$3F,$5A,$A0,$61,$5A,$B0
     803E5AE000805A23
     215A430C5A639380
     5A833F5AA0615AB0
7BC7 2E805AC10E5A2121 (vgm_monkey_island):01016             FCB $2E,$80,$5A,$C1,$0E,$5A,$21,$21,$80,$5A,$41,$1E,$5A,$61,$B2,$5A,$81,$3E,$80,$5A,$24,$21,$5A,$44,$0C,$5A,$64,$93,$80,$5A,$84,$3F
     805A411E5A61B25A
     813E805A24215A44
     0C5A6493805A843F
7BE7 5AB12E6158005AC2 (vgm_monkey_island):01017             FCB $5A,$B1,$2E,$61,$58,$00,$5A,$C2,$0E,$5A,$22,$21,$5A,$42,$1E,$5A,$62,$B2,$80,$5A,$82,$3E,$5A,$25,$21,$5A,$45,$0C,$80,$5A,$65,$93
     0E5A22215A421E5A
     62B2805A823E5A25
     215A450C805A6593
7C07 5A853F805AB22F80 (vgm_monkey_island):01018             FCB $5A,$85,$3F,$80,$5A,$B2,$2F,$80,$5A,$C3,$00,$5A,$28,$21,$5A,$48,$00,$5A,$68,$FA,$80,$5A,$88,$6A,$5A,$2B,$21,$80,$5A,$4B,$0B,$5A
     5AC3005A28215A48
     005A68FA805A886A
     5A2B21805A4B0B5A
7C27 6BAA5A8BFA805AA3 (vgm_monkey_island):01019             FCB $6B,$AA,$5A,$8B,$FA,$80,$5A,$A3,$61,$5A,$B3,$2E,$80,$5A,$C4,$08,$5A,$29,$20,$5A,$49,$1C,$5A,$69,$62,$80,$5A,$89,$75,$5A,$E9,$01
     615AB32E805AC408
     5A29205A491C5A69
     62805A89755AE901
7C47 5A2C22805A6CA85A (vgm_monkey_island):01020             FCB $5A,$2C,$22,$80,$5A,$6C,$A8,$5A,$8C,$F5,$80,$5A,$A4,$00,$5A,$B4,$2A,$61,$85,$00,$5A,$C5,$00,$80,$5A,$2A,$00,$5A,$4A,$14,$5A,$6A
     8CF5805AA4005AB4
     2A6185005AC50080
     5A2A005A4A145A6A
7C67 C85A8A4C805A2D20 (vgm_monkey_island):01021             FCB $C8,$5A,$8A,$4C,$80,$5A,$2D,$20,$5A,$4D,$00,$80,$5A,$6D,$D6,$5A,$8D,$FF,$5A,$A5,$90,$80,$5A,$B5,$27,$61,$84,$00,$5A,$A6,$00,$80
     5A4D00805A6DD65A
     8DFF5AA590805AB5
     276184005AA60080
7C87 5AB62B5AC70A5A31 (vgm_monkey_island):01022             FCB $5A,$B6,$2B,$5A,$C7,$0A,$5A,$31,$2A,$80,$5A,$51,$25,$5A,$71,$E6,$5A,$91,$D7,$80,$5A,$F1,$00,$5A,$54,$07,$5A,$74,$F6,$80,$5A,$94
     2A805A51255A71E6
     5A91D7805AF1005A
     54075A74F6805A94
7CA7 F75AB72A805AC80A (vgm_monkey_island):01023             FCB $F7,$5A,$B7,$2A,$80,$5A,$C8,$0A,$5A,$32,$2A,$80,$5A,$52,$25,$5A,$72,$E6,$5A,$92,$D7,$80,$5A,$35,$22,$5A,$55,$07,$5A,$75,$F6,$80
     5A322A805A52255A
     72E65A92D7805A35
     225A55075A75F680
7CC7 5A95F75AA8615AB8 (vgm_monkey_island):01024             FCB $5A,$95,$F7,$5A,$A8,$61,$5A,$B8,$2A,$61,$E4,$06,$5A,$B4,$0A,$61,$DC,$05,$5A,$B0,$0E,$5A,$B2,$0F,$61,$58,$00,$5A,$B1,$0E,$61,$3D
     2A61E4065AB40A61
     DC055AB00E5AB20F
     6158005AB10E613D
7CE7 025AB5076157055A (vgm_monkey_island):01025             FCB $02,$5A,$B5,$07,$61,$57,$05,$5A,$B8,$0A,$61,$E5,$01,$5A,$B3,$0E,$61,$59,$00,$5A,$B6,$0B,$61,$B0,$00,$5A,$B7,$0A,$61,$E5,$01,$5A
     B80A61E5015AB30E
     6159005AB60B61B0
     005AB70A61E5015A
7D07 C00A5A2022805A40 (vgm_monkey_island):01026             FCB $C0,$0A,$5A,$20,$22,$80,$5A,$40,$1D,$5A,$60,$C6,$5A,$80,$77,$80,$5A,$23,$22,$5A,$43,$40,$5A,$63,$F4,$80,$5A,$83,$F7,$5A,$A0,$00
     1D5A60C65A807780
     5A23225A43405A63
     F4805A83F75AA000
7D27 5AB026805AC1085A (vgm_monkey_island):01027             FCB $5A,$B0,$26,$80,$5A,$C1,$08,$5A,$21,$20,$80,$5A,$41,$1C,$5A,$61,$62,$5A,$81,$75,$5A,$E1,$01,$80,$5A,$24,$22,$5A,$44,$00,$5A,$64
     2120805A411C5A61
     625A81755AE10180
     5A24225A44005A64
7D47 A85A84F5805AB12A (vgm_monkey_island):01028             FCB $A8,$5A,$84,$F5,$80,$5A,$B1,$2A,$80,$5A,$C2,$0A,$5A,$22,$2A,$5A,$42,$25,$80,$5A,$62,$E6,$5A,$82,$D7,$80,$5A,$25,$22,$5A,$45,$07
     805AC20A5A222A5A
     4225805A62E65A82
     D7805A25225A4507
7D67 5A65F65A85F7805A (vgm_monkey_island):01029             FCB $5A,$65,$F6,$5A,$85,$F7,$80,$5A,$B2,$27,$80,$5A,$C3,$0A,$5A,$28,$2A,$5A,$48,$25,$80,$5A,$68,$E6,$5A,$88,$D7,$5A,$2B,$22,$80,$5A
     B227805AC30A5A28
     2A5A4825805A68E6
     5A88D75A2B22805A
7D87 4B075A6BF65A8BF7 (vgm_monkey_island):01030             FCB $4B,$07,$5A,$6B,$F6,$5A,$8B,$F7,$80,$5A,$B3,$26,$61,$08,$01,$5A,$C4,$00,$5A,$29,$00,$80,$5A,$49,$14,$5A,$69,$C8,$5A,$89,$4C,$80
     805AB3266108015A
     C4005A2900805A49
     145A69C85A894C80
7DA7 5AE9005A2C205A6C (vgm_monkey_island):01031             FCB $5A,$E9,$00,$5A,$2C,$20,$5A,$6C,$D6,$80,$5A,$8C,$FF,$5A,$A4,$90,$5A,$B4,$27,$61,$C1,$07,$5A,$B1,$0A,$61,$AE,$0A,$5A,$B3,$06,$61
     D6805A8CFF5AA490
     5AB42761C1075AB1
     0A61AE0A5AB30661
7DC7 F6035AC10A805A21 (vgm_monkey_island):01032             FCB $F6,$03,$5A,$C1,$0A,$80,$5A,$21,$22,$5A,$41,$1D,$5A,$61,$C6,$5A,$81,$77,$80,$5A,$E1,$00,$5A,$44,$40,$5A,$64,$F4,$80,$5A,$84,$F7
     225A411D5A61C65A
     8177805AE1005A44
     405A64F4805A84F7
7DE7 805AB123805A280C (vgm_monkey_island):01033             FCB $80,$5A,$B1,$23,$80,$5A,$28,$0C,$5A,$48,$00,$5A,$68,$78,$80,$5A,$88,$4C,$5A,$E8,$02,$5A,$2B,$1B,$5A,$4B,$03,$80,$5A,$6B,$AA,$5A
     5A48005A6878805A
     884C5AE8025A2B1B
     5A4B03805A6BAA5A
7E07 8B8A805AA3005AB3 (vgm_monkey_island):01034             FCB $8B,$8A,$80,$5A,$A3,$00,$5A,$B3,$2E,$61,$3E,$02,$5A,$B0,$06,$61,$95,$02,$5A,$B2,$07,$61,$EE,$02,$5A,$B4,$07,$61,$A6,$04,$5A,$B3
     2E613E025AB00661
     95025AB20761EE02
     5AB40761A6045AB3
7E27 0E61EC0C5AC00E5A (vgm_monkey_island):01035             FCB $0E,$61,$EC,$0C,$5A,$C0,$0E,$5A,$20,$21,$5A,$40,$1E,$5A,$60,$B2,$80,$5A,$80,$3E,$5A,$23,$21,$5A,$43,$0C,$80,$5A,$63,$93,$5A,$83
     20215A401E5A60B2
     805A803E5A23215A
     430C805A63935A83
7E47 3F805AA0615AB02E (vgm_monkey_island):01036             FCB $3F,$80,$5A,$A0,$61,$5A,$B0,$2E,$5A,$C2,$0E,$80,$5A,$22,$21,$5A,$42,$1E,$5A,$62,$B2,$80,$5A,$82,$3E,$5A,$25,$21,$5A,$45,$0C,$80
     5AC20E805A22215A
     421E5A62B2805A82
     3E5A25215A450C80
7E67 5A65935A853F805A (vgm_monkey_island):01037             FCB $5A,$65,$93,$5A,$85,$3F,$80,$5A,$B2,$2E,$5A,$C3,$0E,$80,$5A,$28,$21,$5A,$48,$1E,$5A,$68,$B2,$5A,$88,$3E,$80,$5A,$E8,$00,$5A,$2B
     B22E5AC30E805A28
     215A481E5A68B25A
     883E805AE8005A2B
7E87 215A4B0C805A6B93 (vgm_monkey_island):01038             FCB $21,$5A,$4B,$0C,$80,$5A,$6B,$93,$5A,$8B,$3F,$80,$5A,$B3,$2F,$5A,$C4,$0A,$80,$5A,$29,$0C,$5A,$49,$00,$5A,$69,$78,$80,$5A,$E9,$02
     5A8B3F805AB32F5A
     C40A805A290C5A49
     005A6978805AE902
7EA7 5A2C1B5A4C035A6C (vgm_monkey_island):01039             FCB $5A,$2C,$1B,$5A,$4C,$03,$5A,$6C,$AA,$80,$5A,$8C,$8A,$5A,$A4,$00,$80,$5A,$B4,$2E,$61,$61,$01,$5A,$C5,$0A,$5A,$2A,$2A,$5A,$4A,$25
     AA805A8C8A5AA400
     805AB42E6161015A
     C50A5A2A2A5A4A25
7EC7 805A6AE65A8AD75A (vgm_monkey_island):01040             FCB $80,$5A,$6A,$E6,$5A,$8A,$D7,$5A,$2D,$22,$80,$5A,$4D,$07,$5A,$6D,$F6,$5A,$8D,$F7,$80,$5A,$A5,$00,$5A,$B5,$26,$80,$5A,$C6,$00,$5A
     2D22805A4D075A6D
     F65A8DF7805AA500
     5AB526805AC6005A
7EE7 3021805A50005A70 (vgm_monkey_island):01041             FCB $30,$21,$80,$5A,$50,$00,$5A,$70,$FA,$5A,$90,$6A,$80,$5A,$33,$21,$5A,$53,$0B,$5A,$73,$AA,$5A,$93,$FA,$80,$5A,$A6,$61,$5A,$B6,$2E
     FA5A906A805A3321
     5A530B5A73AA5A93
     FA805AA6615AB62E
7F07 61A6095AB20E6158 (vgm_monkey_island):01042             FCB $61,$A6,$09,$5A,$B2,$0E,$61,$58,$00,$5A,$B3,$0F,$61,$B0,$00,$5A,$B0,$0E,$61,$B1,$00,$5A,$B4,$0E,$61,$45,$03,$5A,$B1,$03,$61,$DD
     005AB30F61B0005A
     B00E61B1005AB40E
     6145035AB10361DD
7F27 005AB60E6134065A (vgm_monkey_island):01043             FCB $00,$5A,$B6,$0E,$61,$34,$06,$5A,$C0,$0A,$5A,$20,$22,$5A,$40,$1D,$80,$5A,$60,$C6,$5A,$80,$77,$80,$5A,$23,$22,$5A,$43,$40,$5A,$63
     C00A5A20225A401D
     805A60C65A807780
     5A23225A43405A63
7F47 F45A83F7805AA000 (vgm_monkey_island):01044             FCB $F4,$5A,$83,$F7,$80,$5A,$A0,$00,$5A,$B0,$26,$61,$35,$01,$5A,$B5,$06,$80,$5A,$21,$2A,$5A,$41,$25,$80,$5A,$61,$E6,$5A,$81,$D7,$80
     5AB0266135015AB5
     06805A212A5A4125
     805A61E65A81D780
7F67 5A44075A64F6805A (vgm_monkey_island):01045             FCB $5A,$44,$07,$5A,$64,$F6,$80,$5A,$B1,$2A,$80,$5A,$C2,$0A,$5A,$22,$2A,$5A,$42,$25,$5A,$62,$E6,$80,$5A,$82,$D7,$5A,$25,$22,$80,$5A
     B12A805AC20A5A22
     2A5A42255A62E680
     5A82D75A2522805A
7F87 45075A65F65A85F7 (vgm_monkey_island):01046             FCB $45,$07,$5A,$65,$F6,$5A,$85,$F7,$80,$5A,$B2,$2B,$80,$5A,$C3,$0A,$5A,$28,$2A,$5A,$48,$25,$5A,$68,$E6,$80,$5A,$88,$D7,$5A,$2B,$22
     805AB22B805AC30A
     5A282A5A48255A68
     E6805A88D75A2B22
7FA7 5A4B07805A6BF65A (vgm_monkey_island):01047             FCB $5A,$4B,$07,$80,$5A,$6B,$F6,$5A,$8B,$F7,$80,$5A,$A3,$61,$5A,$B3,$2A,$5A,$C4,$00,$80,$5A,$29,$00,$5A,$49,$14,$5A,$69,$C8,$80,$5A
     8BF7805AA3615AB3
     2A5AC400805A2900
     5A49145A69C8805A
7FC7 E9005A2C205A4C00 (vgm_monkey_island):01048             FCB $E9,$00,$5A,$2C,$20,$5A,$4C,$00,$80,$5A,$6C,$D6,$5A,$8C,$FF,$80,$5A,$A4,$90,$5A,$B4,$27,$61,$09,$01,$5A,$A5,$D4,$80,$5A,$B5,$2A
     805A6CD65A8CFF80
     5AA4905AB4276109
     015AA5D4805AB52A
7FE7 805AB50A61D10E5A (vgm_monkey_island):01049             FCB $80,$5A,$B5,$0A,$61,$D1,$0E,$5A,$B0,$06,$61,$E5,$01,$5A,$B3,$0A,$61,$58,$00,$5A,$B1,$0A,$61,$08,$01,$5A,$B2,$0B,$61,$46,$03,$5A
     B00661E5015AB30A
     6158005AB10A6108
     015AB20B6146035A
8007 B4076196025A202A (vgm_monkey_island):01050             FCB $B4,$07,$61,$96,$02,$5A,$20,$2A,$80,$5A,$40,$25,$5A,$60,$E6,$5A,$80,$D7,$80,$5A,$43,$07,$5A,$63,$F6,$80,$5A,$A0,$61,$5A,$B0,$26
     805A40255A60E65A
     80D7805A43075A63
     F6805AA0615AB026
8027 61B1005AB1276189 (vgm_monkey_island):01051             FCB $61,$B1,$00,$5A,$B1,$27,$61,$89,$10,$5A,$B0,$06,$61,$56,$0A,$5A,$B1,$07,$5A,$C0,$0C,$5A,$20,$21,$80,$5A,$40,$94,$5A,$60,$72,$5A
     105AB00661560A5A
     B1075AC00C5A2021
     805A40945A60725A
8047 802D805A23615A43 (vgm_monkey_island):01052             FCB $80,$2D,$80,$5A,$23,$61,$5A,$43,$08,$5A,$63,$82
     085A6382
8053                  (vgm_monkey_island):01053         ENDSONG
                      (vgm_monkey_island):01054         ;------------------------------------------------------------------------------
                      (vgm_monkey_island):01055         ; EOF
                      (vgm_monkey_island):01056         ;------------------------------------------------------------------------------
