                      (     newbasic.asm):00001         ;------------------------------------------------------------------------------
                      (     newbasic.asm):00002         ; PROJECT: TIME TEST
                      (     newbasic.asm):00003         ; VERSION: 0.0.1
                      (     newbasic.asm):00004         ;    FILE: time_test.asm
                      (     newbasic.asm):00005         ;  AUTHOR: CRAIG IANNELLO, PUGBUTT.COM
                      (     newbasic.asm):00006         ;
                      (     newbasic.asm):00007         ; DESCRIPTION: 
                      (     newbasic.asm):00008         ;   Experiments with realtime clock and 64-bit integers
                      (     newbasic.asm):00009         ;
                      (     newbasic.asm):00010         ;------------------------------------------------------------------------------
                      (     newbasic.asm):00011             INCLUDE DEFINES.D           ; COMMON DEFINITIONS
                      (        DEFINES.D):00001         ; -----------------------------------------------------------------------------
                      (        DEFINES.D):00002         ; IO DEVICE BASE ADDRESSES
                      (        DEFINES.D):00003         ; -----------------------------------------------------------------------------
                      (        DEFINES.D):00004         
     FFEC             (        DEFINES.D):00005         BANK_BASE   EQU  $FFEC      : FFEC - FFEF: MEMORY BANK REGS 0...3 (BUILT-IN)
     FFE8             (        DEFINES.D):00006         ACIA_BASE   EQU  $FFE8      ; FFE8 - FFEB: SERIAL UART R65C51P2 (BUILT-IN)
     FFE4             (        DEFINES.D):00007         VDP_BASE    EQU  $FFE4      ; FFE4 - FFE7: VIDEO CHIP V9958
     FFE0             (        DEFINES.D):00008         OPL3_BASE   EQU  $FFE0      ; FFE0 - FFE3: MUSIC CHIP YMF262 (OPL3)
     FFB0             (        DEFINES.D):00009         VIA_BASE    EQU  $FFB0      ; FFB0 - FFBF: W65C22 VIA (SD CARD, SPI, KB, GPIO)
                      (        DEFINES.D):00010         
                      (        DEFINES.D):00011         ; V9958 VDP REGISTERS
     FFE4             (        DEFINES.D):00012         VDAT        EQU  VDP_BASE+0 ; PORT 0: VRAM DATA (R/W)
     FFE5             (        DEFINES.D):00013         VREG        EQU  VDP_BASE+1 ; PORT 1: STATUS REG (R), REGISTER/SETUP (W), VRAM ADDR (W)
     FFE6             (        DEFINES.D):00014         VPAL        EQU  VDP_BASE+2 ; PORT 2: PALETTE REGISTERS (W)
     FFE7             (        DEFINES.D):00015         VIND        EQU  VDP_BASE+3 ; PORT 3: REGISTER-INDIRECT ADDRESSING (W)
                      (        DEFINES.D):00016         
                      (        DEFINES.D):00017         ; MEMORY BANK REGISTERS 0..3 (BASE ADDRESS IN DEFINES.D)
                      (        DEFINES.D):00018         ; THESE ARE WRITE-ONLY, SO WE KEEP COPIES OF 1 THROUGH 3 IN 
                      (        DEFINES.D):00019         ; VARS IN MAIN.ASM: SBANK_1...SBANK_3
                      (        DEFINES.D):00020         
     FFEC             (        DEFINES.D):00021         MBANK_0     EQU  BANK_BASE+0
     FFED             (        DEFINES.D):00022         MBANK_1     EQU  BANK_BASE+1
     FFEE             (        DEFINES.D):00023         MBANK_2     EQU  BANK_BASE+2
     FFEF             (        DEFINES.D):00024         MBANK_3     EQU  BANK_BASE+3
                      (        DEFINES.D):00025         ;------------------------------------------------------------------------------
                      (        DEFINES.D):00026         ; COMMON DEFINITIONS
                      (        DEFINES.D):00027         ;------------------------------------------------------------------------------
                      (        DEFINES.D):00028         ; ASCII CODES
     001B             (        DEFINES.D):00029         ESC         EQU  $1B    ; ESCAPE
     000A             (        DEFINES.D):00030         LF          EQU  $0A    ; LINE FEED
     000D             (        DEFINES.D):00031         CR          EQU  $0D    ; CARRIAGE RETURN
     0000             (        DEFINES.D):00032         NUL         EQU  $00    ; NULL
     0008             (        DEFINES.D):00033         BS          EQU  8      ; BACKSPACE 
     0020             (        DEFINES.D):00034         SPACE       EQU  $20
     007E             (        DEFINES.D):00035         TILDE       EQU  $7E
                      (        DEFINES.D):00036         
                      (        DEFINES.D):00037         ;------------------------------------------------------------------------------
                      (        DEFINES.D):00038         _DATE       STRUCT
0000s                 (        DEFINES.D):00039         YEAR        RMB  2      ; DATE AS INTEGERS
0002s                 (        DEFINES.D):00040         DAYYR       RMB  2
0004s                 (        DEFINES.D):00041         MON         RMB  1
0005s                 (        DEFINES.D):00042         DAYMON      RMB  1
0006s                 (        DEFINES.D):00043         HOUR        RMB  1
0007s                 (        DEFINES.D):00044         MIN         RMB  1
0008s                 (        DEFINES.D):00045         SEC         RMB  1
0009s                 (        DEFINES.D):00046         HUND        RMB  1
000As                 (        DEFINES.D):00047         YEARBCD     RMB  2      ; DATE AS BCD
000Cs                 (        DEFINES.D):00048         DAYYRBCD    RMB  2
000Es                 (        DEFINES.D):00049         MONBCD      RMB  1
000Fs                 (        DEFINES.D):00050         DAYMONBCD   RMB  1
0010s                 (        DEFINES.D):00051         HOURBCD     RMB  1
0011s                 (        DEFINES.D):00052         MINBCD      RMB  1
0012s                 (        DEFINES.D):00053         SECBCD      RMB  1
0013s                 (        DEFINES.D):00054         HUNDBCD     RMB  1
0014s                 (        DEFINES.D):00055                     ENDS
                      (        DEFINES.D):00056         ;------------------------------------------------------------------------------
                      (        DEFINES.D):00057         ; EOF
                      (        DEFINES.D):00058         ;------------------------------------------------------------------------------
                      (     newbasic.asm):00012             INCLUDE bios_func_tab.d     ; BIOS functions jump table
                      (  bios_func_tab.d):00001         ;------------------------------------------------------------------------------
                      (  bios_func_tab.d):00002         ; BIOS BIOS FUNCTION JUMP TABLE ADDRESSES
                      (  bios_func_tab.d):00003         ;------------------------------------------------------------------------------
     FEA0             (  bios_func_tab.d):00004         FUNC_BASE       EQU  $FEA0          ; SEE 6309/BOOT/MAIN.ASM FOR DEFS
                      (  bios_func_tab.d):00005         ;------------------------------------------------------------------------------
     FEA0             (  bios_func_tab.d):00006         BF_V_RESET      EQU  FUNC_BASE+0
     FEA3             (  bios_func_tab.d):00007         BF_UT_GETC      EQU  FUNC_BASE+3
     FEA6             (  bios_func_tab.d):00008         BF_UT_GETS      EQU  FUNC_BASE+6
     FEA9             (  bios_func_tab.d):00009         BF_UT_PUTC      EQU  FUNC_BASE+9    ;
     FEAC             (  bios_func_tab.d):00010         BF_UT_PUTS      EQU  FUNC_BASE+12
     FEAF             (  bios_func_tab.d):00011         BF_UT_WAITTX    EQU  FUNC_BASE+15
     FEB2             (  bios_func_tab.d):00012         BF_UT_CLRSCR    EQU  FUNC_BASE+18
     FEB5             (  bios_func_tab.d):00013         BF_S_HEXA       EQU  FUNC_BASE+21   ; CONVERT REG A TO HEX OCTET AT X, X+=2
     FEB8             (  bios_func_tab.d):00014         BF_S_EOL        EQU  FUNC_BASE+24   ; PUT CR, LF, $00 AT X, X+=3
     FEBB             (  bios_func_tab.d):00015         BF_S_LEN        EQU  FUNC_BASE+27   ; PUT LEN OF STRING AT X INTO REG B
     FEBE             (  bios_func_tab.d):00016         BF_S_CPY        EQU  FUNC_BASE+30   ; COPY STRING AT Y TO MEM AT X. X+=?
     FEC1             (  bios_func_tab.d):00017         BF_RTC_GETTIX   EQU  FUNC_BASE+33   ; GET CURRENT SYSTEM TICKS TO I64 AT X.
     FEC4             (  bios_func_tab.d):00018         BF_S_TOUPPER    EQU  FUNC_BASE+36   ; MAKE A UPPERCASE IF IT IS LOWERCASE
     FEC7             (  bios_func_tab.d):00019         BF_S_INTD       EQU  FUNC_BASE+39   ; CONVERT REG D TO STRING AT X, X+=?
     FECA             (  bios_func_tab.d):00020         BF_RTC_SETTIX   EQU  FUNC_BASE+42   ; SET CURRENT SYSTEM TICKS FROM I64 AT X.
                      (  bios_func_tab.d):00021         ;------------------------------------------------------------------------------
                      (  bios_func_tab.d):00022         ; EOF
                      (  bios_func_tab.d):00023         ;------------------------------------------------------------------------------
                      (     newbasic.asm):00013         ;------------------------------------------------------------------------------
                      (     newbasic.asm):00014         ; BASIC defines
                      (     newbasic.asm):00015         ;------------------------------------------------------------------------------
     003A             (     newbasic.asm):00016         STKBUF    EQU  58             STACK BUFFER ROOM 
     00FA             (     newbasic.asm):00017         LBUFMX    EQU  250            MAX NUMBER OF CHARS IN A BASIC LINE 
     00FA             (     newbasic.asm):00018         MAXLIN    EQU  $FA            MAXIMUM MS BYTE OF LINE NUMBER 
                      (     newbasic.asm):00019                                     ; PSEUDO OPS                      
     0021             (     newbasic.asm):00020         SKP1      EQU  $21            OP CODE OF BRN — SKIP ONE BYTE 
     008C             (     newbasic.asm):00021         SKP2      EQU  $8C            OP CODE OF CMPX # - SKIP TWO BYTES 
     0086             (     newbasic.asm):00022         SKP1LD    EQU  $86            OP CODE OF LDA # - SKIP THE NEXT BYTE 
                      (     newbasic.asm):00023         ; -----------------------------------------------------------------------------
                      (     newbasic.asm):00024         ; PROGRAM ENTRYPOINT
                      (     newbasic.asm):00025         ; -----------------------------------------------------------------------------
                      (     newbasic.asm):00026             ORG     $1000               ; Begin BASIC entrypoint, state & VARS
                      (     newbasic.asm):00027         ; -----------------------------------------------------------------------------
1000                  (     newbasic.asm):00028         ENTRYPOINT  
1000 7E9038           (     newbasic.asm):00029             JMP  RESVEC
                      (     newbasic.asm):00030         ; -----------------------------------------------------------------------------
                      (     newbasic.asm):00031         ; BASIC STATE VARS
                      (     newbasic.asm):00032         ; -----------------------------------------------------------------------------
1003                  (     newbasic.asm):00033         ENDFLG    RMB  1              STOP/END FLAG: POSITIVE=STOP, NEG=END 
1004                  (     newbasic.asm):00034         CHARAC    RMB  1              TERMINATOR FLAG 1 
1005                  (     newbasic.asm):00035         ENDCHR    RMB  1              TERMINATOR FLAG 2 
1006                  (     newbasic.asm):00036         TMPLOC    RMB  1              SCRATCH VARIABLE 
1007                  (     newbasic.asm):00037         IFCTR     RMB  1              IF COUNTER - HOW MANY IF STATEMENTS IN A LINE 
1008                  (     newbasic.asm):00038         DIMFLG    RMB  1              *DV* ARRAY FLAG 0=EVALUATE, 1=DIMENSIONING 
1009                  (     newbasic.asm):00039         VALTYP    RMB  1              *DV* *PV TYPE FLAG: 0=NUMERIC, $FF=STRING 
100A                  (     newbasic.asm):00040         GARBFL    RMB  1              *TV STRING SPACE HOUSEKEEPING FLAG 
100B                  (     newbasic.asm):00041         ARYDIS    RMB  1              DISABLE ARRAY SEARCH: 00=ALLOW SEARCH 
100C                  (     newbasic.asm):00042         INPFLG    RMB  1              *TV INPUT FLAG: READ=0, INPUT<>0 
100D                  (     newbasic.asm):00043         RELFLG    RMB  1              *TV RELATIONAL OPERATOR FLAG 
100E                  (     newbasic.asm):00044         TEMPPT    RMB  2              *PV TEMPORARY STRING STACK POINTER 
1010                  (     newbasic.asm):00045         LASTPT    RMB  2              *PV ADDR OF LAST USED STRING STACK ADDRESS 
1012                  (     newbasic.asm):00046         TEMPTR    RMB  2              TEMPORARY POINTER 
1014                  (     newbasic.asm):00047         TMPTR1    RMB  2              TEMPORARY DESCRIPTOR STORAGE (STACK SEARCH) 
1016                  (     newbasic.asm):00048         FPA2      RMB  4              FLOATING POINT ACCUMULATOR #2 MANTISSA 
101A                  (     newbasic.asm):00049         BOTSTK    RMB  2              BOTTOM OF STACK AT LAST CHECK 
101C                  (     newbasic.asm):00050         TXTTAB    RMB  2              *PV BEGINNING OF BASIC PROGRAM 
101E                  (     newbasic.asm):00051         VARTAB    RMB  2              *PV START OF VARIABLES 
1020                  (     newbasic.asm):00052         ARYTAB    RMB  2              *PV START OF ARRAYS 
1022                  (     newbasic.asm):00053         ARYEND    RMB  2              *PV END OF ARRAYS (+1) 
1024                  (     newbasic.asm):00054         FRETOP    RMB  2              *PV START OF STRING STORAGE (TOP OF FREE RAM) 
1026                  (     newbasic.asm):00055         STRTAB    RMB  2              *PV START OF STRING VARIABLES 
1028                  (     newbasic.asm):00056         FRESPC    RMB  2              UTILITY STRING POINTER 
102A                  (     newbasic.asm):00057         MEMSIZ    RMB  2              *PV TOP OF STRING SPACE 
102C                  (     newbasic.asm):00058         OLDTXT    RMB  2              SAVED LINE NUMBER DURING A "STOP" 
102E                  (     newbasic.asm):00059         BINVAL    RMB  2              BINARY VALUE OF A CONVERTED LINE NUMBER 
1030                  (     newbasic.asm):00060         OLDPTR    RMB  2              SAVED INPUT PTR DURING A "STOP" 
1032                  (     newbasic.asm):00061         TINPTR    RMB  2              TEMPORARY INPUT POINTER STORAGE 
1034                  (     newbasic.asm):00062         DATTXT    RMB  2              *PV 'DATA' STATEMENT LINE NUMBER POINTER 
1036                  (     newbasic.asm):00063         DATPTR    RMB  2              *PV 'DATA' STATEMENT ADDRESS POINTER 
1038                  (     newbasic.asm):00064         DATTMP    RMB  2              DATA POINTER FOR 'INPUT' & 'READ' 
103A                  (     newbasic.asm):00065         VARNAM    RMB  2              *TV TEMP STORAGE FOR A VARIABLE NAME 
103C                  (     newbasic.asm):00066         VARPTR    RMB  2              *TV POINTER TO A VARIABLE DESCRIPTOR 
103E                  (     newbasic.asm):00067         VARDES    RMB  2              TEMP POINTER TO A VARIABLE DESCRIPTOR 
1040                  (     newbasic.asm):00068         RELPTR    RMB  2              POINTER TO RELATIONAL OPERATOR PROCESSING ROUTINE 
1042                  (     newbasic.asm):00069         TRELFL    RMB  1              TEMPORARY RELATIONAL OPERATOR FLAG BYTE 
                      (     newbasic.asm):00070         ; FLOATING POINT ACCUMULATORS #3,4 & 5 ARE MOSTLY                      
                      (     newbasic.asm):00071         ; USED AS SCRATCH PAD VARIABLES.                      
                      (     newbasic.asm):00072         ; FLOATING POINT ACCUMULATOR #3 :PACKED: ($40-$44)                      
1043                  (     newbasic.asm):00073         V40       RMB  1               
1044                  (     newbasic.asm):00074         V41       RMB  1               
1045                  (     newbasic.asm):00075         V42       RMB  1               
1046                  (     newbasic.asm):00076         V43       RMB  1               
1047                  (     newbasic.asm):00077         V44       RMB  1               
                      (     newbasic.asm):00078         ; FLOATING POINT ACCUMULATOR #4 :PACKED: ($45-$49)                      
1048                  (     newbasic.asm):00079         V45       RMB  1               
1049                  (     newbasic.asm):00080         V46       RMB  1               
104A                  (     newbasic.asm):00081         V47       RMB  1               
104B                  (     newbasic.asm):00082         V48       RMB  2               
                      (     newbasic.asm):00083         ; FLOATING POINT ACCUMULATOR #5 :PACKED: ($4A—$4E)                      
104D                  (     newbasic.asm):00084         V4A       RMB  1               
104E                  (     newbasic.asm):00085         V4B       RMB  2               
1050                  (     newbasic.asm):00086         V4D       RMB  2               
                      (     newbasic.asm):00087         ; FLOATING POINT ACCUMULATOR #0                      
1052                  (     newbasic.asm):00088         FP0EXP    RMB  1              *PV FLOATING POINT ACCUMULATOR #0 EXPONENT 
1053                  (     newbasic.asm):00089         FPA0      RMB  4              *PV FLOATING POINT ACCUMULATOR #0 MANTISSA 
1057                  (     newbasic.asm):00090         FP0SGN    RMB  1              *PV FLOATING POINT ACCUMULATOR #0 SIGN 
1058                  (     newbasic.asm):00091         COEFCT    RMB  1              POLYNOMIAL COEFFICIENT COUNTER 
1059                  (     newbasic.asm):00092         STRDES    RMB  5              TEMPORARY STRING DESCRIPTOR 
105E                  (     newbasic.asm):00093         FPCARY    RMB  1              FLOATING POINT CARRY BYTE 
                      (     newbasic.asm):00094         ; FLOATING POINT ACCUMULATOR #1                      
105F                  (     newbasic.asm):00095         FP1EXP    RMB  1              *PV FLOATING POINT ACCUMULATOR #1 EXPONENT 
1060                  (     newbasic.asm):00096         FPA1      RMB  4              *PV FLOATING POINT ACCUMULATOR #1 MANTISSA 
1064                  (     newbasic.asm):00097         FP1SGN    RMB  1              *PV FLOATING POINT ACCUMULATOR #1 SIGN 
1065                  (     newbasic.asm):00098         RESSGN    RMB  1              SIGN OF RESULT OF FLOATING POINT OPERATION 
1066                  (     newbasic.asm):00099         FPSBYT    RMB  1              FLOATING POINT SUB BYTE (FIFTH BYTE) 
1067                  (     newbasic.asm):00100         COEFPT    RMB  2              POLYNOMIAL COEFFICIENT POINTER 
1069                  (     newbasic.asm):00101         LSTTXT    RMB  2              CURRENT LINE POINTER DURING LIST 
106B                  (     newbasic.asm):00102         CURLIN    RMB  2              *PV CURRENT LINE # OF BASIC PROGRAM, $FFFF = DIRECT 
106D                  (     newbasic.asm):00103         DEVCFW    RMB  1              *TV TAB FIELD WIDTH 
106E                  (     newbasic.asm):00104         DEVLCF    RMB  1              *TV TAB ZONE 
106F                  (     newbasic.asm):00105         DEVPOS    RMB  1              *TV PRINT POSITION 
1070                  (     newbasic.asm):00106         DEVWID    RMB  1              *TV PRINT WIDTH 
1071                  (     newbasic.asm):00107         RSTFLG    RMB  1              *PV WARM START FLAG: $55=WARM, OTHER=COLD 
1072                  (     newbasic.asm):00108         RSTVEC    RMB  2              *PV WARM START VECTOR - JUMP ADDRESS FOR WARM START 
1074                  (     newbasic.asm):00109         TOPRAM    RMB  2              *PV TOP OF RAM 
1076                  (     newbasic.asm):00110         IKEYIM    RMB  1              *TV INKEY$ RAM IMAGE 
1077                  (     newbasic.asm):00111         ZERO      RMB  2              *PV DUMMY - THESE TWO BYTES ARE ALWAYS ZERO 
                      (     newbasic.asm):00112         ; THE FOLLOWING BYTES ARE MOVED DOWN FROM ROM                      
1079                  (     newbasic.asm):00113         LPTCFW    RMB  1              16 
107A                  (     newbasic.asm):00114         LPTLCF    RMB  1              112 
107B                  (     newbasic.asm):00115         LPTWID    RMB  1              132 
107C                  (     newbasic.asm):00116         LPTPOS    RMB  1              0 
107D                  (     newbasic.asm):00117         EXECJP    RMB  2              LB4AA 
                      (     newbasic.asm):00118                                        
                      (     newbasic.asm):00119         ; THIS ROUTINE PICKS UP THE NEXT INPUT CHARACTER FROM                      
                      (     newbasic.asm):00120         ; BASIC. THE ADDRESS OF THE NEXT BASIC BYTE TO BE                      
                      (     newbasic.asm):00121         ; INTERPRETED IS STORED AT CHARAD.
                      (     newbasic.asm):00122         ;
                      (     newbasic.asm):00123         ; this gets copied to RAM from ROM around LA123
                      (     newbasic.asm):00124         ;
107F                  (     newbasic.asm):00125         GETNCH    RMB  6
1085                  (     newbasic.asm):00126         GETCCH    RMB  1
1086                  (     newbasic.asm):00127         CHARAD    RMB  5
                      (     newbasic.asm):00128                                        
108B                  (     newbasic.asm):00129         VAB       RMB  1              LOW ORDER FOUR BYTES OF THE PRODUCT 
108C                  (     newbasic.asm):00130         VAC       RMB  1                 OF A FLOATING POINT MULTIPLICATION 
108D                  (     newbasic.asm):00131         VAD       RMB  1                 THESE BYTES ARE USE AS RANDOM DATA 
108E                  (     newbasic.asm):00132         VAE       RMB  1                 BY THE RND STATEMENT 
                      (     newbasic.asm):00133                                        
                      (     newbasic.asm):00134         ; EXTENDED BASIC VARIABLES                      
108F                  (     newbasic.asm):00135         TRCFLG    RMB  1              *PV TRACE FLAG 0=OFF ELSE=ON 
1090                  (     newbasic.asm):00136         USRADR    RMB  2              *PV ADDRESS OF THE START OF USR VECTORS 
                      (     newbasic.asm):00137                                        
                      (     newbasic.asm):00138         ; EXTENDED BASIC SCRATCH PAD VARIABLES                      
1092                  (     newbasic.asm):00139         VCF       RMB  2               
1094                  (     newbasic.asm):00140         VD1       RMB  2               
1096                  (     newbasic.asm):00141         VD3       RMB  2               
1098                  (     newbasic.asm):00142         VD5       RMB  2               
109A                  (     newbasic.asm):00143         VD7       RMB  1               
109B                  (     newbasic.asm):00144         VD8       RMB  1               
109C                  (     newbasic.asm):00145         VD9       RMB  1               
109D                  (     newbasic.asm):00146         VDA       RMB  1               
109E                  (     newbasic.asm):00147         SW3VEC    RMB  3               
10A1                  (     newbasic.asm):00148         SW2VEC    RMB  3               
10A4                  (     newbasic.asm):00149         SWIVEC    RMB  3               
10A7                  (     newbasic.asm):00150         NMIVEC    RMB  3               
10AA                  (     newbasic.asm):00151         IRQVEC    RMB  3               
10AD                  (     newbasic.asm):00152         FRQVEC    RMB  3               
10B0                  (     newbasic.asm):00153         USRJMP    RMB  3              JUMP ADDRESS FOR BASIC'S USR FUNCTION 
10B3                  (     newbasic.asm):00154         RVSEED    RMB  1              * FLOATING POINT RANDOM NUMBER SEED EXPONENT 
10B4                  (     newbasic.asm):00155                   RMB  4              * MANTISSA: INITIALLY SET TO $804FC75259 
                      (     newbasic.asm):00156                                        
                      (     newbasic.asm):00157         ;** USR FUNCTION VECTOR ADDRESSES (EX BASIC ONLY)                      
10B8                  (     newbasic.asm):00158         USR0      RMB  2              USR 0 VECTOR 
10BA                  (     newbasic.asm):00159                   RMB  2              USR 1 
10BC                  (     newbasic.asm):00160                   RMB  2              USR 2 
10BE                  (     newbasic.asm):00161                   RMB  2              USR 3 
10C0                  (     newbasic.asm):00162                   RMB  2              USR 4 
10C2                  (     newbasic.asm):00163                   RMB  2              USR 5 
10C4                  (     newbasic.asm):00164                   RMB  2              USR 6 
10C6                  (     newbasic.asm):00165                   RMB  2              USR 7 
10C8                  (     newbasic.asm):00166                   RMB  2              USR 8 
10CA                  (     newbasic.asm):00167                   RMB  2              USR 9 
                      (     newbasic.asm):00168                                        
10CC                  (     newbasic.asm):00169         STRSTK    RMB  8*5            STRING DESCRIPTOR STACK 
10F4                  (     newbasic.asm):00170         LINHDR    RMB  2              LINE INPUT BUFFER HEADER 
10F6                  (     newbasic.asm):00171         LINBUF    RMB  LBUFMX+1       BASIC LINE INPUT BUFFER 
11F1                  (     newbasic.asm):00172         STRBUF    RMB  41             STRING BUFFER 
                      (     newbasic.asm):00173                                        
121A                  (     newbasic.asm):00174         PROGST    RMB  1              START OF PROGRAM SPACE 
                      (     newbasic.asm):00175         ;------------------------------------------------------------------------------
                      (     newbasic.asm):00176         ; BEGIN PROGRAM CODE
                      (     newbasic.asm):00177         ;------------------------------------------------------------------------------
                      (     newbasic.asm):00178                   ORG  $9000           
                      (     newbasic.asm):00179         ;------------------------------------------------------------------------------
                      (     newbasic.asm):00180         ; SERIAL ROUTINES
                      (     newbasic.asm):00181         ;------------------------------------------------------------------------------                               
                      (     newbasic.asm):00182         ; Wait for a keystroke from the console.
9000 8D03             (     newbasic.asm):00183         KEYWAIT   BSR  KEYIN          ; GET A CHARACTER FROM CONSOLE IN 
9002 27FC             (     newbasic.asm):00184                   BEQ  KEYWAIT        ; LOOP IF NO KEY DOWN 
9004 39               (     newbasic.asm):00185                   RTS                  
                      (     newbasic.asm):00186                                        
                      (     newbasic.asm):00187         ; THIS ROUTINE GETS A KEYSTROKE FROM THE KEYBOARD IF A KEY                      
                      (     newbasic.asm):00188         ; IS DOWN. IT RETURNS ZERO TRUE IF THERE WAS NO KEY DOWN.                      
9005 BDFEA3           (     newbasic.asm):00189         KEYIN     JSR  BF_UT_GETC
9008 847F             (     newbasic.asm):00190                   ANDA #$7F            
900A 39               (     newbasic.asm):00191                   RTS                  
                      (     newbasic.asm):00192                                        
                      (     newbasic.asm):00193         ; CONSOLE OUT                      
900B BDFEAF           (     newbasic.asm):00194         PUTCHR    JSR  BF_UT_WAITTX
900E 3402             (     newbasic.asm):00195                   PSHS A               
9010 810D             (     newbasic.asm):00196                   CMPA #CR            IS IT CARRIAGE RETURN? 
9012 270E             (     newbasic.asm):00197                   BEQ  NEWLINE        YES 
9014 BDFEA9           (     newbasic.asm):00198                   JSR  BF_UT_PUTC
9017 7C107C           (     newbasic.asm):00199                   INC  LPTPOS         INCREMENT CHARACTER COUNTER 
901A B6107C           (     newbasic.asm):00200                   LDA  LPTPOS         CHECK FOR END OF LINE PRINTER LINE 
901D B1107B           (     newbasic.asm):00201                   CMPA LPTWID         AT END OF LINE PRINTER LINE? 
9020 2513             (     newbasic.asm):00202                   BLO  PUTEND         NO 
9022 7F107C           (     newbasic.asm):00203         NEWLINE   CLR  LPTPOS         RESET CHARACTER COUNTER 
9025 BDFEAF           (     newbasic.asm):00204                   JSR  BF_UT_WAITTX
9028 860D             (     newbasic.asm):00205                   LDA  #CR
902A BDFEA9           (     newbasic.asm):00206                   JSR  BF_UT_PUTC
902D BDFEAF           (     newbasic.asm):00207                   JSR  BF_UT_WAITTX
9030 860A             (     newbasic.asm):00208                   LDA  #LF            DO LINEFEED AFTER CR 
9032 BDFEA9           (     newbasic.asm):00209                   JSR  BF_UT_PUTC
9035 3502             (     newbasic.asm):00210         PUTEND    PULS A               
9037 39               (     newbasic.asm):00211                   RTS                  
                      (     newbasic.asm):00212         ;------------------------------------------------------------------------------
                      (     newbasic.asm):00213         ; BASIC COLD-ENTRY
                      (     newbasic.asm):00214         ;------------------------------------------------------------------------------
9038                  (     newbasic.asm):00215         RESVEC:
9038                  (     newbasic.asm):00216         LA00E     ;LDS  #LINBUF+LBUFMX+1 SET STACK TO TOP OF LINE INPUT BUFFER
9038 B61071           (     newbasic.asm):00217                   LDA  RSTFLG         GET WARM START FLAG 
903B 8155             (     newbasic.asm):00218                   CMPA #$55           IS IT A WARM START? 
903D 260B             (     newbasic.asm):00219                   BNE  BACDST         NO - D0 A COLD START          
903F BE1072           (     newbasic.asm):00220                   LDX  RSTVEC         WARM START VECTOR 
9042 A684             (     newbasic.asm):00221                   LDA  ,X             GET FIRST BYTE OF WARM START ADDR 
9044 8112             (     newbasic.asm):00222                   CMPA #$12           IS IT NOP? 
9046 2602             (     newbasic.asm):00223                   BNE  BACDST         NO - DO A COLD START 
9048 6E84             (     newbasic.asm):00224                   JMP  ,X             YES, G0 THERE 
                      (     newbasic.asm):00225                 
                      (     newbasic.asm):00226         ;;;;;;;;;;;;;;;;;;;;;;;;;;
                      (     newbasic.asm):00227         ; COLD START ENTRY
                      (     newbasic.asm):00228         ;;;;;;;;;;;;;;;;;;;;;;;;;;
904A 8E1003           (     newbasic.asm):00229         BACDST    LDX  #ENDFLG        ; clear state vars space
904D 6F80             (     newbasic.asm):00230         LA077     CLR  ,X+           
904F 8C121A           (     newbasic.asm):00231                   CMPX #PROGST
9052 26F9             (     newbasic.asm):00232                   BNE  LA077 
9054 8E121A           (     newbasic.asm):00233                   LDX  #PROGST        SET TO START OF PROGRAM SPACE 
9057 6F80             (     newbasic.asm):00234                   CLR  ,X+            CLEAR 1ST BYTE OF BASIC PROGRAM 
9059 BF101C           (     newbasic.asm):00235                   STX  TXTTAB         BEGINNING OF BASIC PROGRAM 
905C                  (     newbasic.asm):00236         LA084     ;LDA  2,X            LOOK FOR END OF MEMORY 
                      (     newbasic.asm):00237                   ;COMA                * COMPLEMENT IT AND PUT IT BACK 
                      (     newbasic.asm):00238                   ;STA  2,X            * INTO SYSTEM MEMORY 
                      (     newbasic.asm):00239                   ;CMPA 2,X            IS IT RAM? 
                      (     newbasic.asm):00240                   ;BNE  LA093          BRANCH IF NOT (ROM, BAD RAM OR NO RAM) 
                      (     newbasic.asm):00241                   ;LEAX 1,X            MOVE POINTER UP ONE 
                      (     newbasic.asm):00242                   ;COM  1,X            RE-COMPLEMENT TO RESTORE BYTE 
                      (     newbasic.asm):00243                   ;BRA  LA084          KEEP LOOKING FOR END OF RAM 
905C 8E9000           (     newbasic.asm):00244                   LDX  #KEYWAIT       ; hard-coded end of ram
905F BF1074           (     newbasic.asm):00245         LA093     STX  TOPRAM         SAVE ABSOLUTE TOP OF RAM 
9062 BF102A           (     newbasic.asm):00246                   STX  MEMSIZ         SAVE TOP OF STRING SPACE 
9065 BF1026           (     newbasic.asm):00247                   STX  STRTAB         SAVE START OF STRING VARIABLES 
9068 3089FF38         (     newbasic.asm):00248                   LEAX -200,X         CLEAR 200 - DEFAULT STRING SPACE TO 200 BYTES 
906C BF1024           (     newbasic.asm):00249                   STX  FRETOP         SAVE START OF STRING SPACE 
                      (     newbasic.asm):00250                   ;TFR  X,S           ; PUT STACK THERE 
                      (     newbasic.asm):00251         
906F 3402             (     newbasic.asm):00252                   PSHS A
9071 8630             (     newbasic.asm):00253                   LDA  #'0'
9073 BDFEA9           (     newbasic.asm):00254                   JSR  BF_UT_PUTC
9076 3502             (     newbasic.asm):00255                   PULS A
                      (     newbasic.asm):00256         
                      (     newbasic.asm):00257         
9078 8E90E6           (     newbasic.asm):00258                   LDX  #LA10D         POINT X TO ROM SOURCE DATA 
907B CE1079           (     newbasic.asm):00259                   LDU  #LPTCFW        POINT U TO RAM DESTINATION 
907E C612             (     newbasic.asm):00260                   LDB  #18            MOVE 18 BYTES 
9080 BD91D4           (     newbasic.asm):00261                   JSR  LA59A          MOVE 18 BYTES FROM ROM TO RAM 
                      (     newbasic.asm):00262         
9083 3402             (     newbasic.asm):00263                   PSHS A
9085 8631             (     newbasic.asm):00264                   LDA  #'1'
9087 BDFEA9           (     newbasic.asm):00265                   JSR  BF_UT_PUTC
908A 3502             (     newbasic.asm):00266                   PULS A
                      (     newbasic.asm):00267         
                      (     newbasic.asm):00268                   ;LDU  #IRQVEC        POINT U TO NEXT RAM DESTINATION 
                      (     newbasic.asm):00269                   ;LDB  #4             MOVE 4 MORE BYTES 
                      (     newbasic.asm):00270                   ;JSR  LA59A          MOVE 4 BYTES FROM ROM TO RAM 
                      (     newbasic.asm):00271         
908C 3402             (     newbasic.asm):00272                   PSHS A
908E 8632             (     newbasic.asm):00273                   LDA  #'2'
9090 BDFEA9           (     newbasic.asm):00274                   JSR  BF_UT_PUTC
9093 3502             (     newbasic.asm):00275                   PULS A
                      (     newbasic.asm):00276         
9095 8639             (     newbasic.asm):00277                   LDA  #$39            
9097 B710F3           (     newbasic.asm):00278                   STA  LINHDR-1       PUT RTS IN LINHDR-1 
909A BD9508           (     newbasic.asm):00279                   JSR  LAD19          G0 DO A ‘NEW’ 
                      (     newbasic.asm):00280         
909D 3402             (     newbasic.asm):00281                   PSHS A
909F 8633             (     newbasic.asm):00282                   LDA  #'3'
90A1 BDFEA9           (     newbasic.asm):00283                   JSR  BF_UT_PUTC
90A4 3502             (     newbasic.asm):00284                   PULS A
                      (     newbasic.asm):00285         
                      (     newbasic.asm):00286         ; EXTENDED BASIC INITIALISATION                      
90A6 8E10B8           (     newbasic.asm):00287                   LDX  #USR0          INITIALIZE ADDRESS OF START OF 
90A9 BF1090           (     newbasic.asm):00288                   STX  USRADR         USR JUMP TABLE 
                      (     newbasic.asm):00289         ; INITIALIZE THE USR CALLS TO ‘FC ERROR’                      
90AC CE9D15           (     newbasic.asm):00290                   LDU  #LB44A         ADDRESS OF ‘FC ERROR’ ROUTINE 
90AF C60A             (     newbasic.asm):00291                   LDB  #10            10 USR CALLS IN EX BASIC 
90B1 EF81             (     newbasic.asm):00292         L8031     STU  ,X++           STORE ‘FC’ ERROR AT USR ADDRESSES 
90B3 5A               (     newbasic.asm):00293                   DECB                FINISHED ALL 10? 
90B4 26FB             (     newbasic.asm):00294                   BNE  L8031          NO 
                      (     newbasic.asm):00295                 
90B6 3402             (     newbasic.asm):00296                   PSHS A
90B8 8634             (     newbasic.asm):00297                   LDA  #'4'
90BA BDFEA9           (     newbasic.asm):00298                   JSR  BF_UT_PUTC
90BD 3502             (     newbasic.asm):00299                   PULS A
                      (     newbasic.asm):00300         
                      (     newbasic.asm):00301         ; HD6309 SBC can be USB powered, which means that
                      (     newbasic.asm):00302         ; power is applied before USB bridge enumerates.
                      (     newbasic.asm):00303         ; Therefore, to ensure that communications are
                      (     newbasic.asm):00304         ; established, wait for TWO characters to come in 
                      (     newbasic.asm):00305         ; from the SCC. This ensures that the copyright 
                      (     newbasic.asm):00306         ; banner is visible, also.
90BF                  (     newbasic.asm):00307         L8032     ;JSR  KEYIN
                      (     newbasic.asm):00308                   ;BEQ  L8032
90BF                  (     newbasic.asm):00309         L8033     ;JSR  KEYIN
                      (     newbasic.asm):00310                   ;BEQ  L8033
90BF BD9000           (     newbasic.asm):00311                   JSR  KEYWAIT
                      (     newbasic.asm):00312         
90C2 3402             (     newbasic.asm):00313                   PSHS A
90C4 8635             (     newbasic.asm):00314                   LDA  #'5'
90C6 BDFEA9           (     newbasic.asm):00315                   JSR  BF_UT_PUTC
90C9 3502             (     newbasic.asm):00316                   PULS A
                      (     newbasic.asm):00317         
                      (     newbasic.asm):00318         ; OUTPUT THE WELCOME BANNER AT COLDSTART
90CB 8E911D           (     newbasic.asm):00319                   LDX  #LA147-1       POINT X TO COLOR BASIC COPYRIGHT MESSAGE 
90CE BDE429           (     newbasic.asm):00320                   JSR  LB99C          PRINT ‘COLOR BASIC’ 
90D1 8E90DE           (     newbasic.asm):00321                   LDX  #BAWMST        WARM START ADDRESS 
90D4 BF1072           (     newbasic.asm):00322                   STX  RSTVEC         SAVE IT 
90D7 8655             (     newbasic.asm):00323                   LDA  #$55           WARM START FLAG 
90D9 B71071           (     newbasic.asm):00324                   STA  RSTFLG         SAVE IT 
90DC 2004             (     newbasic.asm):00325                   BRA  LA0F3          GO TO BASIC’S MAIN LOOP 
                      (     newbasic.asm):00326                 
                      (     newbasic.asm):00327         ;;;;;;;;;;;;;;;;;;;;;;;;;;                               
                      (     newbasic.asm):00328         ; WARM START ENTRY
                      (     newbasic.asm):00329         ;;;;;;;;;;;;;;;;;;;;;;;;;;                               
90DE 12               (     newbasic.asm):00330         BAWMST    NOP                 NOP REQ’D FOR WARM START  
90DF BD952A           (     newbasic.asm):00331                   JSR  LAD33          DO PART OF A NEW 
90E2 7E945A           (     newbasic.asm):00332         LA0F3     JMP  LAC73          GO TO MAIN LOOP OF BASIC 
                      (     newbasic.asm):00333         ;                              
                      (     newbasic.asm):00334         ; FIRQ SERVICE ROUTINE                      
90E5                  (     newbasic.asm):00335         BFRQSV                         
90E5 3B               (     newbasic.asm):00336                   RTI                  
                      (     newbasic.asm):00337         ;                              
                      (     newbasic.asm):00338         ; THESE BYTES ARE MOVED TO ADDRESSES $76 - $85 THE DIRECT PAGE                      
90E6 10               (     newbasic.asm):00339         LA10D     FCB  16             TAB FIELD WIDTH 
90E7 40               (     newbasic.asm):00340                   FCB  64             LAST TAB ZONE 
90E8 50               (     newbasic.asm):00341                   FCB  80             PRINTER WIDTH 
90E9 00               (     newbasic.asm):00342                   FCB  0              LINE PRINTER POSITION 
90EA 9D15             (     newbasic.asm):00343                   FDB  LB44A          ARGUMENT OF EXEC COMMAND - SET TO ‘FC’ ERROR 
                      (     newbasic.asm):00344         ; LINE INPUT ROUTINE                      
90EC 7C1087           (     newbasic.asm):00345                   INC  CHARAD+1        
90EF 2603             (     newbasic.asm):00346                   BNE  LA123           
90F1 7C1086           (     newbasic.asm):00347                   INC  CHARAD          
90F4 B60000           (     newbasic.asm):00348         LA123     LDA  >0000           
90F7 7E91E6           (     newbasic.asm):00349                   JMP  BROMHK          
                      (     newbasic.asm):00350         ;                              
                      (     newbasic.asm):00351         ; THESE BYTES ARE MOVED TO ADDRESSES $A7-$B1                      
90FA 7E91E5           (     newbasic.asm):00352                   JMP  BIRQSV         IRQ SERVICE 
90FD 7E90E5           (     newbasic.asm):00353                   JMP  BFRQSV         FIRQ SERVICE 
9100 7E9D15           (     newbasic.asm):00354                   JMP  LB44A          USR ADDRESS FOR 8K BASIC (INITIALIZED TO ‘FC’ ERROR) 
9103 80               (     newbasic.asm):00355                   FCB  $80            *RANDOM SEED 
9104 4FC7             (     newbasic.asm):00356                   FDB  $4FC7          *RANDON SEED OF MANTISSA 
9106 5259             (     newbasic.asm):00357                   FDB  $5259          *.811635157 
                      (     newbasic.asm):00358         ; BASIC COMMAND INTERPRETATION TABLE ROM IMAGE                      
9108 32               (     newbasic.asm):00359         COMVEC    FCB  50             50 BASIC COMMANDS 
9109 9245             (     newbasic.asm):00360                   FDB  LAA66          POINTS TO RESERVED WORDS 
910B 9352             (     newbasic.asm):00361                   FDB  LAB67          POINTS TO JUMP TABLE FOR COMMANDS 
910D 1D               (     newbasic.asm):00362                   FCB  29             29 BASIC SECONDARY COMMANDS 
910E 92E5             (     newbasic.asm):00363                   FDB  LAB1A          POINTS TO SECONDARY FUNCTION RESERVED WORDS 
9110 91F6             (     newbasic.asm):00364                   FDB  LAA29          POINTS TO SECONDARY FUNCTION JUMP TABLE 
9112 0000             (     newbasic.asm):00365                   FDB  0              NO MORE TABLES (RES WORDS=0) 
9114 0000             (     newbasic.asm):00366                   FDB  0              NO MORE TABLES 
9116 0000             (     newbasic.asm):00367                   FDB  0              NO MORE TABLES 
9118 0000             (     newbasic.asm):00368                   FDB  0              NO MORE TABLES 
911A 0000             (     newbasic.asm):00369                   FDB  0              NO MORE TABLES 
911C 0000             (     newbasic.asm):00370                   FDB  0              NO MORE TABLES (SECONDARY FNS =0) 
                      (     newbasic.asm):00371                                        
                      (     newbasic.asm):00372         ; COPYRIGHT MESSAGES                      
911E 0D               (     newbasic.asm):00373         LA147     FCB  CR
911F 3638303920455854 (     newbasic.asm):00374                   FCC  "6809 EXTENDED BASIC"  
     454E444544204241
     534943
9132 0D               (     newbasic.asm):00375                   FCB  CR              
9133 2843292031393832 (     newbasic.asm):00376                   FCC  "(C) 1982 BY MICROSOFT"  
     204259204D494352
     4F534F4654
9148 0D0D             (     newbasic.asm):00377         LA156     FCB  CR,CR           
914A 00               (     newbasic.asm):00378         LA165     FCB  $00             
                      (     newbasic.asm):00379                                        
914B 3416             (     newbasic.asm):00380         LA35F     PSHS X,B,A          SAVE REGISTERS 
914D BE1079           (     newbasic.asm):00381                   LDX  LPTCFW         TAB FIELD WIDTH AND TAB ZONE 
9150 FC107B           (     newbasic.asm):00382                   LDD  LPTWID         PRINTER WIDTH AND POSITION 
9153 BF106D           (     newbasic.asm):00383         LA37C     STX  DEVCFW         SAVE TAB FIELD WIDTH AND ZONE 
9156 F7106F           (     newbasic.asm):00384                   STB  DEVPOS         SAVE PRINT POSITION 
9159 B71070           (     newbasic.asm):00385                   STA  DEVWID         SAVE PRINT WIDTH 
915C 3596             (     newbasic.asm):00386                   PULS A,B,X,PC       RESTORE REGISTERS 
                      (     newbasic.asm):00387                                        
                      (     newbasic.asm):00388         ; THIS IS THE ROUTINE THAT GETS AN INPUT LINE FOR BASIC                      
                      (     newbasic.asm):00389         ; EXIT WITH BREAK KEY: CARRY = 1                      
                      (     newbasic.asm):00390         ; EXIT WITH ENTER KEY: CARRY = 0                      
915E                  (     newbasic.asm):00391         LA38D                          
915E 7F1076           (     newbasic.asm):00392         LA390     CLR  IKEYIM         RESET BREAK CHECK KEY TEMP KEY STORAGE 
9161 8E10F7           (     newbasic.asm):00393                   LDX  #LINBUF+1      INPUT LINE BUFFER 
9164 C601             (     newbasic.asm):00394                   LDB  #1             ACCB CHAR COUNTER: SET TO 1 TO ALLOW A 
                      (     newbasic.asm):00395                                 ;  BACKSPACE AS FIRST CHARACTER  
9166 BD9000           (     newbasic.asm):00396         LA39A     JSR  KEYWAIT        GO GET A CHARACTER FROM CONSOLE IN 
9169 8108             (     newbasic.asm):00397                   CMPA #BS            BACKSPACE 
916B 2607             (     newbasic.asm):00398                   BNE  LA3B4          NO 
916D 5A               (     newbasic.asm):00399                   DECB                YES - DECREMENT CHAR COUNTER 
916E 27EE             (     newbasic.asm):00400                   BEQ  LA390          BRANCH IF BACK AT START OF LINE AGAIN 
9170 301F             (     newbasic.asm):00401                   LEAX -1,X           DECREMENT BUFFER POINTER 
9172 2034             (     newbasic.asm):00402                   BRA  LA3E8          ECHO CHAR TO SCREEN 
9174 8115             (     newbasic.asm):00403         LA3B4     CMPA #$15           SHIFT RIGHT ARROW? 
9176 260A             (     newbasic.asm):00404                   BNE  LA3C2          NO 
                      (     newbasic.asm):00405         ; YES, RESET BUFFER TO BEGINNING AND ERASE CURRENT LINE                      
9178 5A               (     newbasic.asm):00406         LA3B8     DECB                DEC CHAR CTR 
9179 27E3             (     newbasic.asm):00407                   BEQ  LA390          GO BACK TO START IF CHAR CTR = 0 
917B 8608             (     newbasic.asm):00408                   LDA  #BS            BACKSPACE? 
917D BD900B           (     newbasic.asm):00409                   JSR  PUTCHR         SEND TO CONSOLE OUT (SCREEN) 
9180 20F6             (     newbasic.asm):00410                   BRA  LA3B8          KEEP GOING 
9182 8103             (     newbasic.asm):00411         LA3C2     CMPA #3             BREAK KEY? 
9184 1A01             (     newbasic.asm):00412                   ORCC #1             SET CARRY FLAG 
9186 2705             (     newbasic.asm):00413                   BEQ  LA3CD          BRANCH IF BREAK KEY DOWN 
9188 810D             (     newbasic.asm):00414         LA3C8     CMPA #CR            ENTER KEY? 
918A 260D             (     newbasic.asm):00415                   BNE  LA3D9          NO 
918C 4F               (     newbasic.asm):00416         LA3CC     CLRA                CLEAR CARRY FLAG IF ENTER KEY - END LINE ENTRY 
918D 3401             (     newbasic.asm):00417         LA3CD     PSHS CC             SAVE CARRY FLAG 
918F BDE3E2           (     newbasic.asm):00418                   JSR  LB958          SEND CR TO SCREEN 
9192 6F84             (     newbasic.asm):00419                   CLR  ,X             MAKE LAST BYTE IN INPUT BUFFER = 0 
9194 8E10F6           (     newbasic.asm):00420                   LDX  #LINBUF        RESET INPUT BUFFER POINTER 
9197 3581             (     newbasic.asm):00421                   PULS CC,PC          RESTORE CARRY FLAG 
                      (     newbasic.asm):00422                                        
                      (     newbasic.asm):00423         ; INSERT A CHARACTER INTO THE BASIC LINE INPUT BUFFER                      
9199 8120             (     newbasic.asm):00424         LA3D9     CMPA #$20           IS IT CONTROL CHAR? 
919B 25C9             (     newbasic.asm):00425                   BLO  LA39A          BRANCH IF CONTROL CHARACTER 
919D 817B             (     newbasic.asm):00426                   CMPA #'z+1          * 
919F 24C5             (     newbasic.asm):00427                   BCC  LA39A          * IGNORE IF > LOWER CASE Z 
91A1 C1FA             (     newbasic.asm):00428                   CMPB #LBUFMX        HAVE 250 OR MORE CHARACTERS BEEN ENTERED? 
91A3 24C1             (     newbasic.asm):00429                   BCC  LA39A          YES, IGNORE ANY MORE 
91A5 A780             (     newbasic.asm):00430                   STA  ,X+            PUT IT IN INPUT BUFFER 
91A7 5C               (     newbasic.asm):00431                   INCB                INCREMENT CHARACTER COUNTER 
91A8 BD900B           (     newbasic.asm):00432         LA3E8     JSR  PUTCHR         ECHO IT TO SCREEN 
91AB 20B9             (     newbasic.asm):00433                   BRA  LA39A          GO SET SOME MORE 
                      (     newbasic.asm):00434                                        
                      (     newbasic.asm):00435                                        
                      (     newbasic.asm):00436         ; EXEC                         
91AD 2706             (     newbasic.asm):00437         EXEC      BEQ  LA545          BRANCH IF NO ARGUMENT 
91AF BDA07A           (     newbasic.asm):00438                   JSR  LB73D          EVALUATE ARGUMENT - ARGUMENT RETURNED IN X 
91B2 BF107D           (     newbasic.asm):00439                   STX  EXECJP         STORE X TO EXEC JUMP ADDRESS 
91B5 6E9F107D         (     newbasic.asm):00440         LA545     JMP  [EXECJP]       GO DO IT 
                      (     newbasic.asm):00441                                        
                      (     newbasic.asm):00442         ; BREAK CHECK                      
91B9 7E9615           (     newbasic.asm):00443         LA549     JMP  LADEB          GO DO BREAK KEY CHECK 
                      (     newbasic.asm):00444                                        
                      (     newbasic.asm):00445         ; INKEY$                       
91BC B61076           (     newbasic.asm):00446         INKEY     LDA  IKEYIM         WAS A KEY DOWN IN THE BREAK CHECK? 
91BF 2603             (     newbasic.asm):00447                   BNE  LA56B          YES 
91C1 BD9005           (     newbasic.asm):00448                   JSR  KEYIN          GO GET A KEY 
91C4 7F1076           (     newbasic.asm):00449         LA56B     CLR  IKEYIM         CLEAR INKEY RAM IMAGE 
91C7 B71056           (     newbasic.asm):00450                   STA  FPA0+3         STORE THE KEY IN FPA0 
91CA 10260DF0         (     newbasic.asm):00451                   LBNE LB68F          CONVERT FPA0+3 TO A STRING 
91CE B71059           (     newbasic.asm):00452                   STA  STRDES         SET LENGTH OF STRING = 0 IF NO KEY DOWN 
91D1 7E9FCB           (     newbasic.asm):00453                   JMP  LB69B          PUT A NULL STRING ONTO THE STRING STACK 
                      (     newbasic.asm):00454                                        
                      (     newbasic.asm):00455         ; MOVE ACCB BYTES FROM (X) TO (U)                      
91D4 A680             (     newbasic.asm):00456         LA59A     LDA  ,X+            GET BYTE FROM X 
91D6 A7C0             (     newbasic.asm):00457                   STA  ,U+            STORE IT AT U 
91D8 5A               (     newbasic.asm):00458                   DECB                MOVED ALL BYTES? 
91D9 26F9             (     newbasic.asm):00459                   BNE  LA59A          NO 
91DB 39               (     newbasic.asm):00460         LA5A1     RTS                  
                      (     newbasic.asm):00461                                        
91DC 39               (     newbasic.asm):00462         LA5C4     RTS                  
                      (     newbasic.asm):00463                                        
                      (     newbasic.asm):00464         ; THIS ROUTINE WILL SCAN OFF THE FILE NAME FROM A BASIC LINE                      
                      (     newbasic.asm):00465         ; AND RETURN A SYNTAX ERROR IF THERE ARE ANY CHARACTERS                      
                      (     newbasic.asm):00466         ; FOLLOWING THE END OF THE NAME                      
91DD BD1085           (     newbasic.asm):00467         LA5C7     JSR  GETCCH         GET CURRENT INPUT CHAR FROM BASIC LINE 
91E0 27FA             (     newbasic.asm):00468         LA5C9     BEQ  LA5C4          RETURN IF END OF LINE 
91E2 7E9B01           (     newbasic.asm):00469                   JMP  LB277          SYNTAX ERROR IF ANY MORE CHARACTERS 
                      (     newbasic.asm):00470         ; IRQ SERVICE                      
91E5                  (     newbasic.asm):00471         BIRQSV                         
91E5 3B               (     newbasic.asm):00472         LA9C5     RTI  RETURN FROM INTERRUPT  
                      (     newbasic.asm):00473                                        
                      (     newbasic.asm):00474         ; SET CARRY IF NUMERIC - RETURN WITH                      
                      (     newbasic.asm):00475         ; ZERO FLAG SET IF ACCA = 0 OR 3A(:) - END                      
                      (     newbasic.asm):00476         ; OF BASIC LINE OR SUB LINE                      
91E6 813A             (     newbasic.asm):00477         BROMHK    CMPA #'9+1          IS THIS CHARACTER >=(ASCII 9)+1? 
91E8 240B             (     newbasic.asm):00478                   BHS  LAA28          BRANCH IF > 9; Z SET IF = COLON 
91EA 8120             (     newbasic.asm):00479                   CMPA #SPACE         SPACE? 
91EC 2603             (     newbasic.asm):00480                   BNE  LAA24          NO - SET CARRY IF NUMERIC 
91EE 7E107F           (     newbasic.asm):00481                   JMP  GETNCH         IF SPACE, GET NECT CHAR (IGNORE SPACES) 
91F1 8030             (     newbasic.asm):00482         LAA24     SUBA #'0            * SET CARRY IF 
91F3 80D0             (     newbasic.asm):00483                   SUBA #-'0           * CHARACTER > ASCII 0 
91F5 39               (     newbasic.asm):00484         LAA28     RTS                  
                      (     newbasic.asm):00485                                        
                      (     newbasic.asm):00486         ; DISPATCH TABLE FOR SECONDARY FUNCTIONS                      
                      (     newbasic.asm):00487         ; TOKENS ARE PRECEEDED BY $FF                      
                      (     newbasic.asm):00488         ; FIRST SET ALWAYS HAS ONE PARAMETER                      
91F6                  (     newbasic.asm):00489         FUNC_TAB                       
91F6 E7BD             (     newbasic.asm):00490         LAA29     FDB  SGN            SGN 
91F8 E848             (     newbasic.asm):00491                   FDB  INT            INT 
91FA E7DE             (     newbasic.asm):00492                   FDB  ABS            ABS 
91FC 10B0             (     newbasic.asm):00493                   FDB  USRJMP         USR 
     0083             (     newbasic.asm):00494         TOK_USR   EQU  (*-FUNC_TAB)/2+$7F     
     FF83             (     newbasic.asm):00495         TOK_FF_USR EQU  (*-FUNC_TAB)/2+$FF7F    
91FE EAC2             (     newbasic.asm):00496                   FDB  RND            RND 
9200 EB27             (     newbasic.asm):00497                   FDB  SIN            SIN 
9202 A090             (     newbasic.asm):00498                   FDB  PEEK           PEEK 
9204 9FAF             (     newbasic.asm):00499                   FDB  LEN            LEN 
9206 9DE7             (     newbasic.asm):00500                   FDB  STR            STR$ 
9208 A04E             (     newbasic.asm):00501                   FDB  VAL            VAL 
920A 9FD0             (     newbasic.asm):00502                   FDB  ASC            ASC 
920C 9FBB             (     newbasic.asm):00503                   FDB  CHR            CHR$ 
920E EBE2             (     newbasic.asm):00504                   FDB  ATN            ATN 
9210 EBA6             (     newbasic.asm):00505                   FDB  COS            COS 
9212 EBAF             (     newbasic.asm):00506                   FDB  TAN            TAN 
9214 ED2B             (     newbasic.asm):00507                   FDB  EXP            EXP 
9216 ED60             (     newbasic.asm):00508                   FDB  FIX            FIX 
9218 EC7A             (     newbasic.asm):00509                   FDB  LOG            LOG 
921A EEF4             (     newbasic.asm):00510                   FDB  POS            POS 
921C ECB6             (     newbasic.asm):00511                   FDB  SQR            SQR 
921E F430             (     newbasic.asm):00512                   FDB  HEXDOL         HEX$ 
                      (     newbasic.asm):00513         ; LEFT, RIGHT AND MID ARE TREATED SEPARATELY                      
9220 9FDB             (     newbasic.asm):00514                   FDB  LEFT           LEFT$ 
     0095             (     newbasic.asm):00515         TOK_LEFT  EQU  (*-FUNC_TAB)/2+$7F    
9222 9FF9             (     newbasic.asm):00516                   FDB  RIGHT          RIGHT$ 
9224 A000             (     newbasic.asm):00517                   FDB  MID            MID$ 
     0097             (     newbasic.asm):00518         TOK_MID   EQU  (*-FUNC_TAB)/2+$7F
                      (     newbasic.asm):00519         ; REMAINING FUNCTIONS                      
9226 91BC             (     newbasic.asm):00520                   FDB  INKEY          INKEY$ 
     0098             (     newbasic.asm):00521         TOK_INKEY EQU  (*-FUNC_TAB)/2+$7F
9228 9DD5             (     newbasic.asm):00522                   FDB  MEM            MEM 
922A EEFD             (     newbasic.asm):00523                   FDB  VARPT          VARPTR 
922C EFC3             (     newbasic.asm):00524                   FDB  INSTR          INSTR 
922E EF92             (     newbasic.asm):00525                   FDB  STRING         STRING$ 
     001D             (     newbasic.asm):00526         NUM_SEC_FNS EQU  (*-FUNC_TAB)/2 
                      (     newbasic.asm):00527                                        
                      (     newbasic.asm):00528         ; THIS TABLE CONTAINS PRECEDENCES AND DISPATCH ADDRESSES FOR ARITHMETIC                      
                      (     newbasic.asm):00529         ; AND LOGICAL OPERATORS - THE NEGATION OPERATORS DO NOT ACT ON TWO OPERANDS                      
                      (     newbasic.asm):00530         ; S0 THEY ARE NOT LISTED IN THIS TABLE. THEY ARE TREATED SEPARATELY IN THE                      
                      (     newbasic.asm):00531         ; EXPRESSION EVALUATION ROUTINE. THEY ARE:                      
                      (     newbasic.asm):00532         ; UNARY NEGATION (-), PRECEDENCE &7D AND LOGICAL NEGATION (NOT), PRECEDENCE $5A                      
                      (     newbasic.asm):00533         ; THE RELATIONAL OPERATORS < > = ARE ALSO NOT LISTED, PRECEDENCE $64.                      
                      (     newbasic.asm):00534         ; A PRECEDENCE VALUE OF ZERO INDICATES END OF EXPRESSION OR PARENTHESES                      
                      (     newbasic.asm):00535         ;                              
9230 79               (     newbasic.asm):00536         LAA51     FCB  $79             
9231 E454             (     newbasic.asm):00537                   FDB  LB9C5          + 
9233 79               (     newbasic.asm):00538                   FCB  $79             
9234 E449             (     newbasic.asm):00539                   FDB  LB9BC          - 
9236 7B               (     newbasic.asm):00540                   FCB  $7B             
9237 E599             (     newbasic.asm):00541                   FDB  LBACC          * 
9239 7B               (     newbasic.asm):00542                   FCB  $7B             
923A E694             (     newbasic.asm):00543                   FDB  LBB91          / 
923C 7F               (     newbasic.asm):00544                   FCB  $7F             
923D ECBF             (     newbasic.asm):00545                   FDB  L8489          EXPONENTIATION 
923F 50               (     newbasic.asm):00546                   FCB  $50             
9240 9B5F             (     newbasic.asm):00547                   FDB  LB2D5          AND 
9242 46               (     newbasic.asm):00548                   FCB  $46             
9243 9B5E             (     newbasic.asm):00549                   FDB  LB2D4          OR 
                      (     newbasic.asm):00550                                        
                      (     newbasic.asm):00551         ; THIS IS THE RESERVED WORD TABLE                      
                      (     newbasic.asm):00552         ; FIRST PART OF THE TABLE CONTAINS EXECUTABLE COMMANDS                      
9245 464F             (     newbasic.asm):00553         LAA66     FCC  "FO"           80 
9247 D2               (     newbasic.asm):00554                   FCB  $80+'R'         
9248 47               (     newbasic.asm):00555                   FCC  "G"            81 
9249 CF               (     newbasic.asm):00556                   FCB  $80+'O'         
     0081             (     newbasic.asm):00557         TOK_GO    EQU  $81             
924A 5245             (     newbasic.asm):00558                   FCC  "RE"           82 
924C CD               (     newbasic.asm):00559                   FCB  $80+'M'         
924D A7               (     newbasic.asm):00560                   FCB  ''+$80         83 
924E 454C53           (     newbasic.asm):00561                   FCC  "ELS"          84 
9251 C5               (     newbasic.asm):00562                   FCB  $80+'E'         
9252 49               (     newbasic.asm):00563                   FCC  "I"            85 
9253 C6               (     newbasic.asm):00564                   FCB  $80+'F'         
9254 444154           (     newbasic.asm):00565                   FCC  "DAT"          86 
9257 C1               (     newbasic.asm):00566                   FCB  $80+'A'         
9258 5052494E         (     newbasic.asm):00567                   FCC  "PRIN"         87 
925C D4               (     newbasic.asm):00568                   FCB  $80+'T'         
925D 4F               (     newbasic.asm):00569                   FCC  "O"            88 
925E CE               (     newbasic.asm):00570                   FCB  $80+'N'         
925F 494E5055         (     newbasic.asm):00571                   FCC  "INPU"         89 
9263 D4               (     newbasic.asm):00572                   FCB  $80+'T'         
9264 454E             (     newbasic.asm):00573                   FCC  "EN"           8A 
9266 C4               (     newbasic.asm):00574                   FCB  $80+'D'         
9267 4E4558           (     newbasic.asm):00575                   FCC  "NEX"          8B 
926A D4               (     newbasic.asm):00576                   FCB  $80+'T'         
926B 4449             (     newbasic.asm):00577                   FCC  "DI"           8C 
926D CD               (     newbasic.asm):00578                   FCB  $80+'M'         
926E 524541           (     newbasic.asm):00579                   FCC  "REA"          8D 
9271 C4               (     newbasic.asm):00580                   FCB  $80+'D'         
9272 5255             (     newbasic.asm):00581                   FCC  "RU"           8E 
9274 CE               (     newbasic.asm):00582                   FCB  $80+'N'         
9275 524553544F52     (     newbasic.asm):00583                   FCC  "RESTOR"       8F 
927B C5               (     newbasic.asm):00584                   FCB  $80+'E'         
927C 5245545552       (     newbasic.asm):00585                   FCC  "RETUR"        90 
9281 CE               (     newbasic.asm):00586                   FCB  $80+'N'         
9282 53544F           (     newbasic.asm):00587                   FCC  "STO"          91 
9285 D0               (     newbasic.asm):00588                   FCB  $80+'P'         
9286 504F4B           (     newbasic.asm):00589                   FCC  "POK"          92 
9289 C5               (     newbasic.asm):00590                   FCB  $80+'E'         
928A 434F4E           (     newbasic.asm):00591                   FCC  "CON"          93 
928D D4               (     newbasic.asm):00592                   FCB  $80+'T'         
928E 4C4953           (     newbasic.asm):00593                   FCC  "LIS"          94 
9291 D4               (     newbasic.asm):00594                   FCB  $80+'T'         
9292 434C4541         (     newbasic.asm):00595                   FCC  "CLEA"         95 
9296 D2               (     newbasic.asm):00596                   FCB  $80+'R'         
9297 4E45             (     newbasic.asm):00597                   FCC  "NE"           96 
9299 D7               (     newbasic.asm):00598                   FCB  $80+'W'         
929A 455845           (     newbasic.asm):00599                   FCC  "EXE"          97 
929D C3               (     newbasic.asm):00600                   FCB  $80+'C'         
929E 54524F           (     newbasic.asm):00601                   FCC  "TRO"          98 
92A1 CE               (     newbasic.asm):00602                   FCB  $80+'N'         
92A2 54524F46         (     newbasic.asm):00603                   FCC  "TROF"         99 
92A6 C6               (     newbasic.asm):00604                   FCB  $80+'F'         
92A7 4445             (     newbasic.asm):00605                   FCC  "DE"           9A 
92A9 CC               (     newbasic.asm):00606                   FCB  $80+'L'         
92AA 4445             (     newbasic.asm):00607                   FCC  "DE"           9B 
92AC C6               (     newbasic.asm):00608                   FCB  $80+'F'         
92AD 4C494E           (     newbasic.asm):00609                   FCC  "LIN"          9C 
92B0 C5               (     newbasic.asm):00610                   FCB  $80+'E'         
92B1 52454E55         (     newbasic.asm):00611                   FCC  "RENU"         9D 
92B5 CD               (     newbasic.asm):00612                   FCB  $80+'M'         
92B6 454449           (     newbasic.asm):00613                   FCC  "EDI"          9E 
92B9 D4               (     newbasic.asm):00614                   FCB  $80+'T'         
                      (     newbasic.asm):00615         ; END OF EXECUTABLE COMMANDS. THE REMAINDER OF THE TABLE ARE NON-EXECUTABLE TOKENS                      
92BA 544142           (     newbasic.asm):00616                   FCC  "TAB"          9F 
92BD A8               (     newbasic.asm):00617                   FCB  $80+'('         
     009F             (     newbasic.asm):00618         TOK_TAB   EQU  $9F             
92BE 54               (     newbasic.asm):00619                   FCC  "T"            A0 
92BF CF               (     newbasic.asm):00620                   FCB  $80+'O'         
     00A0             (     newbasic.asm):00621         TOK_TO    EQU  $A0             
92C0 5355             (     newbasic.asm):00622                   FCC  "SU"           A1 
92C2 C2               (     newbasic.asm):00623                   FCB  $80+'B'         
     00A1             (     newbasic.asm):00624         TOK_SUB   EQU  $A1             
92C3 544845           (     newbasic.asm):00625                   FCC  "THE"          A2 
92C6 CE               (     newbasic.asm):00626                   FCB  $80+'N'         
     00A2             (     newbasic.asm):00627         TOK_THEN  EQU  $A2             
92C7 4E4F             (     newbasic.asm):00628                   FCC  "NO"           A3 
92C9 D4               (     newbasic.asm):00629                   FCB  $80+'T'         
     00A3             (     newbasic.asm):00630         TOK_NOT   EQU  $A3             
92CA 535445           (     newbasic.asm):00631                   FCC  "STE"          A4 
92CD D0               (     newbasic.asm):00632                   FCB  $80+'P'         
     00A4             (     newbasic.asm):00633         TOK_STEP  EQU  $A4             
92CE 4F46             (     newbasic.asm):00634                   FCC  "OF"           A5 
92D0 C6               (     newbasic.asm):00635                   FCB  $80+'F'         
92D1 AB               (     newbasic.asm):00636                   FCB  '++$80         A6 
     00A6             (     newbasic.asm):00637         TOK_PLUS  EQU  $A6             
92D2 AD               (     newbasic.asm):00638                   FCB  '-+$80         A7 
     00A7             (     newbasic.asm):00639         TOK_MINUS EQU  $A7             
92D3 AA               (     newbasic.asm):00640                   FCB  '*+$80         A8 
92D4 AF               (     newbasic.asm):00641                   FCB  '/+$80         A9 
92D5 DE               (     newbasic.asm):00642                   FCB  '^+$80         AA 
92D6 414E             (     newbasic.asm):00643                   FCC  "AN"           AB 
92D8 C4               (     newbasic.asm):00644                   FCB  $80+'D'         
92D9 4F               (     newbasic.asm):00645                   FCC  "O"            AC 
92DA D2               (     newbasic.asm):00646                   FCB  $80+'R'         
92DB BE               (     newbasic.asm):00647                   FCB  '>+$80         AD 
     00AD             (     newbasic.asm):00648         TOK_GREATER EQU  $AD             
92DC BD               (     newbasic.asm):00649                   FCB  '=+$80         AE 
     00AE             (     newbasic.asm):00650         TOK_EQUALS EQU  $AE             
92DD BC               (     newbasic.asm):00651                   FCB  '<+$80         AF 
92DE 46               (     newbasic.asm):00652                   FCC  "F"            B0 
92DF CE               (     newbasic.asm):00653                   FCB  $80+'N'         
     00B0             (     newbasic.asm):00654         TOK_FN    EQU  $B0             
92E0 5553494E         (     newbasic.asm):00655                   FCC  "USIN"         B1 
92E4 C7               (     newbasic.asm):00656                   FCB  $80+'G'         
     00B1             (     newbasic.asm):00657         TOK_USING EQU  $B1             
                      (     newbasic.asm):00658         ;                              
                      (     newbasic.asm):00659                                        
                      (     newbasic.asm):00660         ; FIRST SET ALWAYS HAS ONE PARAMETER                      
92E5 5347             (     newbasic.asm):00661         LAB1A     FCC  "SG"           80 
92E7 CE               (     newbasic.asm):00662                   FCB  $80+'N'         
92E8 494E             (     newbasic.asm):00663                   FCC  "IN"           81 
92EA D4               (     newbasic.asm):00664                   FCB  $80+'T'         
92EB 4142             (     newbasic.asm):00665                   FCC  "AB"           82 
92ED D3               (     newbasic.asm):00666                   FCB  $80+'S'         
92EE 5553             (     newbasic.asm):00667                   FCC  "US"           83 
92F0 D2               (     newbasic.asm):00668                   FCB  $80+'R'         
92F1 524E             (     newbasic.asm):00669                   FCC  "RN"           84 
92F3 C4               (     newbasic.asm):00670                   FCB  $80+'D'         
92F4 5349             (     newbasic.asm):00671                   FCC  "SI"           85 
92F6 CE               (     newbasic.asm):00672                   FCB  $80+'N'         
92F7 504545           (     newbasic.asm):00673                   FCC  "PEE"          86 
92FA CB               (     newbasic.asm):00674                   FCB  $80+'K'         
92FB 4C45             (     newbasic.asm):00675                   FCC  "LE"           87 
92FD CE               (     newbasic.asm):00676                   FCB  $80+'N'         
92FE 535452           (     newbasic.asm):00677                   FCC  "STR"          88 
9301 A4               (     newbasic.asm):00678                   FCB  $80+'$'         
9302 5641             (     newbasic.asm):00679                   FCC  "VA"           89 
9304 CC               (     newbasic.asm):00680                   FCB  $80+'L'         
9305 4153             (     newbasic.asm):00681                   FCC  "AS"           8A 
9307 C3               (     newbasic.asm):00682                   FCB  $80+'C'         
9308 434852           (     newbasic.asm):00683                   FCC  "CHR"          8B 
930B A4               (     newbasic.asm):00684                   FCB  $80+'$'         
930C 4154             (     newbasic.asm):00685                   FCC  "AT"           8C 
930E CE               (     newbasic.asm):00686                   FCB  $80+'N'         
930F 434F             (     newbasic.asm):00687                   FCC  "CO"           8D 
9311 D3               (     newbasic.asm):00688                   FCB  $80+'S'         
9312 5441             (     newbasic.asm):00689                   FCC  "TA"           8E 
9314 CE               (     newbasic.asm):00690                   FCB  $80+'N'         
9315 4558             (     newbasic.asm):00691                   FCC  "EX"           8F 
9317 D0               (     newbasic.asm):00692                   FCB  $80+'P'         
9318 4649             (     newbasic.asm):00693                   FCC  "FI"           90 
931A D8               (     newbasic.asm):00694                   FCB  $80+'X'         
931B 4C4F             (     newbasic.asm):00695                   FCC  "LO"           91 
931D C7               (     newbasic.asm):00696                   FCB  $80+'G'         
931E 504F             (     newbasic.asm):00697                   FCC  "PO"           92 
9320 D3               (     newbasic.asm):00698                   FCB  $80+'S'         
9321 5351             (     newbasic.asm):00699                   FCC  "SQ"           93 
9323 D2               (     newbasic.asm):00700                   FCB  $80+'R'         
9324 484558           (     newbasic.asm):00701                   FCC  "HEX"          94 
9327 A4               (     newbasic.asm):00702                   FCB  $80+'$'         
                      (     newbasic.asm):00703         ; LEFT, RIGHT AND MID ARE TREATED SEPARATELY                      
9328 4C454654         (     newbasic.asm):00704                   FCC  "LEFT"         95 
932C A4               (     newbasic.asm):00705                   FCB  $80+'$'         
932D 5249474854       (     newbasic.asm):00706                   FCC  "RIGHT"        96 
9332 A4               (     newbasic.asm):00707                   FCB  $80+'$'         
9333 4D4944           (     newbasic.asm):00708                   FCC  "MID"          97 
9336 A4               (     newbasic.asm):00709                   FCB  $80+'$'         
                      (     newbasic.asm):00710         ; REMAINING FUNCTIONS                      
9337 494E4B4559       (     newbasic.asm):00711                   FCC  "INKEY"        98 
933C A4               (     newbasic.asm):00712                   FCB  $80+'$'         
933D 4D45             (     newbasic.asm):00713                   FCC  "ME"           99 
933F CD               (     newbasic.asm):00714                   FCB  $80+'M'         
9340 5641525054       (     newbasic.asm):00715                   FCC  "VARPT"        9A 
9345 D2               (     newbasic.asm):00716                   FCB  $80+'R'         
9346 494E5354         (     newbasic.asm):00717                   FCC  "INST"         9B 
934A D2               (     newbasic.asm):00718                   FCB  $80+'R'         
934B 535452494E47     (     newbasic.asm):00719                   FCC  "STRING"       9C 
9351 A4               (     newbasic.asm):00720                   FCB  $80+'$'         
                      (     newbasic.asm):00721                                        
                      (     newbasic.asm):00722         ;                              
                      (     newbasic.asm):00723         ; DISPATCH TABLE FOR COMMANDS TOKEN #               
9352                  (     newbasic.asm):00724         CMD_TAB                        
9352 9543             (     newbasic.asm):00725         LAB67     FDB  FOR             80   
9354 96BA             (     newbasic.asm):00726                   FDB  GO              81   
9356 9724             (     newbasic.asm):00727                   FDB  REM             82   
     0082             (     newbasic.asm):00728         TOK_REM   EQU  (*-CMD_TAB)/2+$7F   
9358 9724             (     newbasic.asm):00729                   FDB  REM             83 (') 
     0083             (     newbasic.asm):00730         TOK_SNGL_Q EQU  (*-CMD_TAB)/2+$7F 
935A 9724             (     newbasic.asm):00731                   FDB  REM             84 (ELSE) 
     0084             (     newbasic.asm):00732         TOK_ELSE  EQU  (*-CMD_TAB)/2+$7F 
935C 975B             (     newbasic.asm):00733                   FDB  IF              85   
     0085             (     newbasic.asm):00734         TOK_IF    EQU  (*-CMD_TAB)/2+$7F 
935E 9721             (     newbasic.asm):00735                   FDB  DATA            86   
     0086             (     newbasic.asm):00736         TOK_DATA    EQU  (*-CMD_TAB)/2+$7F
9360 E3A4             (     newbasic.asm):00737                   FDB  PRINT           87   
     0087             (     newbasic.asm):00738         TOK_PRINT EQU  (*-CMD_TAB)/2+$7F 
9362 9790             (     newbasic.asm):00739                   FDB  ON              88   
9364 9857             (     newbasic.asm):00740                   FDB  INPUT           89   
     0089             (     newbasic.asm):00741         TOK_INPUT EQU  (*-CMD_TAB)/2+$7F  
9366 962D             (     newbasic.asm):00742                   FDB  END             8A   
9368 9957             (     newbasic.asm):00743                   FDB  NEXT            8B   
936A 9BED             (     newbasic.asm):00744                   FDB  DIM             8C   
936C 9892             (     newbasic.asm):00745                   FDB  READ            8D   
936E 96AE             (     newbasic.asm):00746                   FDB  RUN             8E   
9370 960C             (     newbasic.asm):00747                   FDB  RESTOR         8F 
9372 96FE             (     newbasic.asm):00748                   FDB  RETURN          90   
9374 9632             (     newbasic.asm):00749                   FDB  STOP            91   
9376 A097             (     newbasic.asm):00750                   FDB  POKE            92   
9378 965F             (     newbasic.asm):00751                   FDB  CONT           93 
937A E200             (     newbasic.asm):00752                   FDB  LIST            94   
937C 9674             (     newbasic.asm):00753                   FDB  CLEAR           95   
937E 9506             (     newbasic.asm):00754                   FDB  NEW             96   
9380 91AD             (     newbasic.asm):00755                   FDB  EXEC           97 
9382 EEEE             (     newbasic.asm):00756                   FDB  TRON           98 
9384 EEEF             (     newbasic.asm):00757                   FDB  TROFF          99 
9386 F197             (     newbasic.asm):00758                   FDB  DEL            9A 
9388 F0CA             (     newbasic.asm):00759                   FDB  DEF            9B 
938A F93B             (     newbasic.asm):00760                   FDB  LINE           9C 
938C F230             (     newbasic.asm):00761                   FDB  RENUM          9D 
938E ED70             (     newbasic.asm):00762                   FDB  EDIT           9E 
     009E             (     newbasic.asm):00763         TOK_HIGH_EXEC EQU  (*-CMD_TAB)/2+$7F 
                      (     newbasic.asm):00764                                        
                      (     newbasic.asm):00765         ; ERROR MESSAGES AND THEIR NUMBERS AS USED INTERNALLY                      
9390 4E46             (     newbasic.asm):00766         LABAF     FCC  "NF"           0 NEXT WITHOUT FOR   
9392 534E             (     newbasic.asm):00767                   FCC  "SN"           1 SYNTAX ERROR   
9394 5247             (     newbasic.asm):00768                   FCC  "RG"           2 RETURN WITHOUT GOSUB   
9396 4F44             (     newbasic.asm):00769                   FCC  "OD"           3 OUT OF DATA   
9398 4643             (     newbasic.asm):00770                   FCC  "FC"           4 ILLEGAL FUNCTION CALL   
939A 4F56             (     newbasic.asm):00771                   FCC  "OV"           5 OVERFLOW   
939C 4F4D             (     newbasic.asm):00772                   FCC  "OM"           6 OUT OF MEMORY   
939E 554C             (     newbasic.asm):00773                   FCC  "UL"           7 UNDEFINED LINE NUMBER   
93A0 4253             (     newbasic.asm):00774                   FCC  "BS"           8 BAD SUBSCRIPT   
93A2 4444             (     newbasic.asm):00775                   FCC  "DD"           9 REDIMENSIONED ARRAY   
93A4 2F30             (     newbasic.asm):00776                   FCC  "/0"           10 DIVISION BY ZERO 
93A6 4944             (     newbasic.asm):00777                   FCC  "ID"           11 ILLEGAL DIRECT STATEMENT 
93A8 544D             (     newbasic.asm):00778                   FCC  "TM"           12 TYPE MISMATCH 
93AA 4F53             (     newbasic.asm):00779                   FCC  "OS"           13 OUT OF STRING SPACE 
93AC 4C53             (     newbasic.asm):00780                   FCC  "LS"           14 STRING TOO LONG 
93AE 5354             (     newbasic.asm):00781                   FCC  "ST"           15 STRING FORMULA TOO COMPLEX 
93B0 434E             (     newbasic.asm):00782                   FCC  "CN"           16 CAN'T CONTINUE 
93B2 4644             (     newbasic.asm):00783                   FCC  "FD"           17 BAD FILE DATA 
93B4 414F             (     newbasic.asm):00784                   FCC  "AO"           18 FILE ALREADY OPEN 
93B6 444E             (     newbasic.asm):00785                   FCC  "DN"           19 DEVICE NUMBER ERROR 
93B8 494F             (     newbasic.asm):00786                   FCC  "IO"           20 I/O ERROR 
93BA 464D             (     newbasic.asm):00787                   FCC  "FM"           21 BAD FILE MODE 
93BC 4E4F             (     newbasic.asm):00788                   FCC  "NO"           22 FILE NOT OPEN 
93BE 4945             (     newbasic.asm):00789                   FCC  "IE"           23 INPUT PAST END OF FILE 
93C0 4453             (     newbasic.asm):00790                   FCC  "DS"           24 DIRECT STATEMENT IN FILE 
                      (     newbasic.asm):00791         ; ADDITIONAL ERROR MESSAGES ADDED BY EXTENDED BASIC                      
93C2 5546             (     newbasic.asm):00792         L890B     FCC  "UF"           25 UNDEFINED FUNCTION (FN) CALL 
93C4 4E45             (     newbasic.asm):00793         L890D     FCC  "NE"           26 FILE NOT FOUND 
                      (     newbasic.asm):00794                                        
93C6 204552524F52     (     newbasic.asm):00795         LABE1     FCC  " ERROR"        
93CC 00               (     newbasic.asm):00796                   FCB  $00             
93CD 20494E20         (     newbasic.asm):00797         LABE8     FCC  " IN "          
93D1 00               (     newbasic.asm):00798                   FCB  $00             
93D2 0D               (     newbasic.asm):00799         LABED     FCB  CR              
93D3 4F4B             (     newbasic.asm):00800         LABEE     FCC  "OK"            
93D5 0D00             (     newbasic.asm):00801                   FCB  CR,$00          
93D7 0D               (     newbasic.asm):00802         LABF2     FCB  CR              
93D8 425245414B       (     newbasic.asm):00803                   FCC  "BREAK"         
93DD 00               (     newbasic.asm):00804                   FCB  $00             
                      (     newbasic.asm):00805                                        
                      (     newbasic.asm):00806         ; SEARCH THE STACK FOR ‘GOSUB/RETURN’ OR ‘FOR/NEXT’ DATA.                      
                      (     newbasic.asm):00807         ; THE ‘FOR/NEXT’ INDEX VARIABLE DESCRIPTOR ADDRESS BEING                      
                      (     newbasic.asm):00808         ; SOUGHT IS STORED IN VARDES. EACH BLOCK OF FOR/NEXT DATA IS 18                      
                      (     newbasic.asm):00809         ; BYTES WITH A $80 LEADER BYTE AND THE GOSUB/RETURN DATA IS 5 BYTES                      
                      (     newbasic.asm):00810         ; WITH AN $A6 LEADER BYTE. THE FIRST NON "FOR/NEXT" DATA                      
                      (     newbasic.asm):00811         ; IS CONSIDERED ‘GOSUB/RETURN’                      
93DE 3064             (     newbasic.asm):00812         LABF9     LEAX 4,S            POINT X TO 3RD ADDRESS ON STACK - IGNORE THE 
                      (     newbasic.asm):00813         ;                             FIRST TWO RETURN ADDRESSES ON THE STACK  
93E0 C612             (     newbasic.asm):00814         LABFB     LDB  #18            18 BYTES SAVED ON STACK FOR EACH ‘FOR’ LOOP 
93E2 BF1012           (     newbasic.asm):00815                   STX  TEMPTR         SAVE POINTER 
93E5 A684             (     newbasic.asm):00816                   LDA  ,X             GET 1ST BYTE 
93E7 8080             (     newbasic.asm):00817                   SUBA #$80           * CHECK FOR TYPE OF STACK JUMP FOUND 
93E9 261B             (     newbasic.asm):00818                   BNE  LAC1A          * BRANCH IF NOT ‘FOR/NEXT’ 
93EB AE01             (     newbasic.asm):00819                   LDX  1,X            = GET INDEX VARIABLE DESCRIPTOR 
93ED BF1014           (     newbasic.asm):00820                   STX  TMPTR1         = POINTER AND SAVE IT IN TMPTR1 
93F0 BE103E           (     newbasic.asm):00821                   LDX  VARDES         GET INDEX VARIABLE BEING SEARCHED FOR 
93F3 270B             (     newbasic.asm):00822                   BEQ  LAC16          BRANCH IF DEFAULT INDEX VARIABLE - USE THE 
                      (     newbasic.asm):00823         ;                             FIRST ‘FOR/NEXT’ DATA FOUND ON STACK 
                      (     newbasic.asm):00824         ;                             IF NO INDEX VARIABLE AFTER ‘NEXT’ 
93F5 BC1014           (     newbasic.asm):00825                   CMPX TMPTR1         DOES THE STACK INDEX MATCH THE ONE 
                      (     newbasic.asm):00826         ;                             BEING SEARCHED FOR? 
93F8 270C             (     newbasic.asm):00827                   BEQ  LAC1A          YES 
93FA BE1012           (     newbasic.asm):00828                   LDX  TEMPTR         * RESTORE INITIAL POINTER, ADD 
93FD 3A               (     newbasic.asm):00829                   ABX                 * 18 TO IT AND LOOK FOR 
93FE 20E0             (     newbasic.asm):00830                   BRA  LABFB          * NEXT BLOCK OF DATA 
9400 BE1014           (     newbasic.asm):00831         LAC16     LDX  TMPTR1         = GET 1ST INDEX VARIABLE FOUND AND 
9403 BF103E           (     newbasic.asm):00832                   STX  VARDES         = SAVE AS ‘NEXT’ INDEX 
9406 BE1012           (     newbasic.asm):00833         LAC1A     LDX  TEMPTR         POINT X TO START OF ‘FOR/NEXT’ DATA 
9409 4D               (     newbasic.asm):00834                   TSTA                SET ZERO FLAG IF ‘FOR/NEXT’ DATA 
940A 39               (     newbasic.asm):00835                   RTS                  
                      (     newbasic.asm):00836         ; CHECK FOR MEMORY SPACE FOR NEW TOP OF                      
                      (     newbasic.asm):00837         ; ARRAYS AND MOVE ARRAYS TO NEW LOCATION                      
940B 8D1C             (     newbasic.asm):00838         LAC1E     BSR  LAC37          ACCD = NEW BOTTOM OF FREE RAM - IS THERE 
                      (     newbasic.asm):00839         ;                             ROOM FOR THE STACK? 
                      (     newbasic.asm):00840         ; MOVE BYTES FROM V43(X) TO V41(U) UNTIL (X) = V47 AND                      
                      (     newbasic.asm):00841         ; SAVE FINAL VALUE OF U IN V45                      
940D FE1044           (     newbasic.asm):00842         LAC20     LDU  V41            POINT U TO DESTINATION ADDRESS (V41) 
9410 3341             (     newbasic.asm):00843                   LEAU 1,U            ADD ONE TO U - COMPENSATE FOR FIRST PSHU 
9412 BE1046           (     newbasic.asm):00844                   LDX  V43            POINT X TO SOURCE ADDRESS (V43) 
9415 3001             (     newbasic.asm):00845                   LEAX 1,X            ADD ONE - COMPENSATE FOR FIRST LDA ,X 
9417 A682             (     newbasic.asm):00846         LAC28     LDA  ,-X            GRAB A BYTE FROM SOURCE 
9419 3602             (     newbasic.asm):00847                   PSHU A              MOVE IT TO DESTINATION 
941B BC104A           (     newbasic.asm):00848                   CMPX V47            DONE? 
941E 26F7             (     newbasic.asm):00849                   BNE  LAC28          NO - KEEP MOVING BYTES 
9420 FF1048           (     newbasic.asm):00850                   STU  V45            SAVE FINAL DESTINATION ADDRESS 
9423 39               (     newbasic.asm):00851         LAC32     RTS                  
                      (     newbasic.asm):00852         ; CHECK TO SEE IF THERE IS ROOM TO STORE 2*ACCB                      
                      (     newbasic.asm):00853         ; BYTES IN FREE RAM - OM ERROR IF NOT                      
9424 4F               (     newbasic.asm):00854         LAC33     CLRA                * ACCD CONTAINS NUMBER OF EXTRA 
9425 58               (     newbasic.asm):00855                   ASLB                * BYTES TO PUT ON STACK 
9426 F31022           (     newbasic.asm):00856                   ADDD ARYEND         END OF PROGRAM AND VARIABLES 
9429 C3003A           (     newbasic.asm):00857         LAC37     ADDD #STKBUF        ADD STACK BUFFER - ROOM FOR STACK? 
942C 250A             (     newbasic.asm):00858                   BCS  LAC44          BRANCH IF GREATER THAN $FFFF 
942E 10FF101A         (     newbasic.asm):00859                   STS  BOTSTK         CURRENT NEW BOTTOM OF STACK STACK POINTER 
9432 10B3101A         (     newbasic.asm):00860                   CMPD BOTSTK         ARE WE GOING TO BE BELOW STACK? 
9436 25EB             (     newbasic.asm):00861                   BCS  LAC32          YES - NO ERROR 
9438 C60C             (     newbasic.asm):00862         LAC44     LDB  #6*2           OUT OF MEMORY ERROR 
                      (     newbasic.asm):00863                                        
                      (     newbasic.asm):00864         ; ERROR SERVICING ROUTINE                      
943A BD952A           (     newbasic.asm):00865         LAC46     JSR  LAD33          RESET STACK, STRING STACK, CONTINUE POINTER 
943D BDE3E6           (     newbasic.asm):00866                   JSR  LB95C          SEND A CR TO SCREEN 
9440 BDE43C           (     newbasic.asm):00867                   JSR  LB9AF          SEND A ‘?‘ TO SCREEN 
9443 8E9390           (     newbasic.asm):00868                   LDX  #LABAF         POINT TO ERROR TABLE 
9446 3A               (     newbasic.asm):00869         LAC60     ABX                 ADD MESSAGE NUMBER OFFSET 
9447 8D35             (     newbasic.asm):00870                   BSR  LACA0          * GET TWO CHARACTERS FROM X AND 
9449 8D33             (     newbasic.asm):00871                   BSR  LACA0          * SEND TO CONSOLE OUT (SCREEN) 
944B 8E93C5           (     newbasic.asm):00872                   LDX  #LABE1-1       POINT TO "ERROR" MESSAGE 
944E BDE429           (     newbasic.asm):00873         LAC68     JSR  LB99C          PRINT MESSAGE POINTED TO BY X 
9451 B6106B           (     newbasic.asm):00874                   LDA  CURLIN         GET CURRENT LINE NUMBER (CURL IN) 
9454 4C               (     newbasic.asm):00875                   INCA                TEST FOR DIRECT MODE 
9455 2703             (     newbasic.asm):00876                   BEQ  LAC73          BRANCH IF DIRECT MODE 
9457 BDE947           (     newbasic.asm):00877                   JSR  LBDC5          PRINT ‘IN ****‘ 
                      (     newbasic.asm):00878                                        
                      (     newbasic.asm):00879         ; THIS IS THE MAIN LOOP OF BASIC WHEN IN DIRECT MODE                      
945A BDE3E6           (     newbasic.asm):00880         LAC73     JSR  LB95C          MOVE CURSOR TO START OF LINE 
945D 8E93D2           (     newbasic.asm):00881                   LDX  #LABED         POINT X TO ‘OK’, CR MESSAGE 
9460 BDE429           (     newbasic.asm):00882                   JSR  LB99C          PRINT ‘OK’, CR 
9463 BD915E           (     newbasic.asm):00883         LAC7C     JSR  LA390          GO GET AN INPUT LINE 
9466 CEFFFF           (     newbasic.asm):00884                   LDU  #$FFFF         THE LINE NUMBER FOR DIRECT MODE IS $FFFF 
9469 FF106B           (     newbasic.asm):00885                   STU  CURLIN         SAVE IT IN CURLIN 
946C 25F5             (     newbasic.asm):00886                   BCS  LAC7C          BRANCH IF LINE INPUT TERMINATED BY BREAK 
946E BF1086           (     newbasic.asm):00887                   STX  CHARAD         SAVE (X) AS CURRENT INPUT POINTER - THIS WILL 
                      (     newbasic.asm):00888         ;                             ENABLE THE ‘LIVE KEYBOARD’ (DIRECT) MODE. THE  
                      (     newbasic.asm):00889         ;                             LINE JUST ENTERED WILL BE INTERPRETED  
9471 BD107F           (     newbasic.asm):00890                   JSR  GETNCH         GET NEXT CHARACTER FROM BASIC 
9474 27ED             (     newbasic.asm):00891                   BEQ  LAC7C          NO LINE INPUT - GET ANOTHER LINE 
9476 250B             (     newbasic.asm):00892                   BCS  LACA5          BRANCH IF NUMER1C - THERE WAS A LINE NUMBER BEFORE 
                      (     newbasic.asm):00893         ;                             THE  STATEMENT ENTERED, SO THIS STATEMENT  
                      (     newbasic.asm):00894         ;                             WILL BE MERGED INTO THE BASIC PROGRAM  
9478 BDE2BD           (     newbasic.asm):00895                   JSR  LB821          GO CRUNCH LINE 
947B 7E95DE           (     newbasic.asm):00896                   JMP  LADC0          GO EXECUTE THE STATEMENT (LIVE KEYBOARD) 
                      (     newbasic.asm):00897         ;                              
947E A680             (     newbasic.asm):00898         LACA0     LDA  ,X+            GET A CHARACTER 
9480 7EE43E           (     newbasic.asm):00899                   JMP  LB9B1          SEND TO CONSOLE OUT 
                      (     newbasic.asm):00900                 
                      (     newbasic.asm):00901         ; TAKE A LINE FROM THE LINE INPUT BUFFER                      
                      (     newbasic.asm):00902         ; AND INSERT IT INTO THE BASIC PROGRAM                      
9483 BD97B9           (     newbasic.asm):00903         LACA5     JSR  LAF67          CONVERT LINE NUMBER TO BINARY 
9486 BE102E           (     newbasic.asm):00904         LACA8     LDX  BINVAL         GET CONVERTED LINE NUMBER 
9489 BF10F4           (     newbasic.asm):00905                   STX  LINHDR         STORE IT IN LINE INPUT HEADER 
948C BDE2BD           (     newbasic.asm):00906                   JSR  LB821          GO CRUNCH THE LINE 
948F F71006           (     newbasic.asm):00907                   STB  TMPLOC         SAVE LINE LENGTH 
9492 8D59             (     newbasic.asm):00908                   BSR  LAD01          FIND OUT WHERE TO INSERT LINE 
9494 2516             (     newbasic.asm):00909                   BCS  LACC8          BRANCH IF LINE NUMBER DOES NOT ALREADY EXIST 
9496 FC104A           (     newbasic.asm):00910                   LDD  V47            GET ABSOLUTE ADDRESS OF LINE NUMBER 
9499 A384             (     newbasic.asm):00911                   SUBD ,X             SUBTRACT ADDRESS OF NEXT LINE NUMBER 
949B F3101E           (     newbasic.asm):00912                   ADDD VARTAB         * ADD TO CURRENT END OF PROGRAM - THIS WILL REMOVE 
949E FD101E           (     newbasic.asm):00913                   STD  VARTAB         * THE LENGTH OF THIS LINE NUMBER FROM THE PROGRAM 
94A1 EE84             (     newbasic.asm):00914                   LDU  ,X             POINT U TO ADDRESS OF NEXT LINE NUMBER 
                      (     newbasic.asm):00915         ; DELETE OLD LINE FROM BASIC PROGRAM                      
94A3 3702             (     newbasic.asm):00916         LACC0     PULU A              GET A BYTE FROM WHAT’S LEFT OF PROGRAM 
94A5 A780             (     newbasic.asm):00917                   STA  ,X+            MOVE IT DOWN 
94A7 BC101E           (     newbasic.asm):00918                   CMPX VARTAB         COMPARE TO END OF BASIC PROGRAM 
94AA 26F7             (     newbasic.asm):00919                   BNE  LACC0          BRANCH IF NOT AT END 
94AC B610F6           (     newbasic.asm):00920         LACC8     LDA  LINBUF         * CHECK TO SEE IF THERE IS A LINE IN 
94AF 2723             (     newbasic.asm):00921                   BEQ  LACE9          * THE BUFFER AND BRANCH IF NONE 
94B1 FC101E           (     newbasic.asm):00922                   LDD  VARTAB         = SAVE CURRENT END OF 
94B4 FD1046           (     newbasic.asm):00923                   STD  V43            = PROGRAM IN V43 
94B7 FB1006           (     newbasic.asm):00924                   ADDB TMPLOC         * ADD LENGTH OF CRUNCHED LINE, 
94BA 8900             (     newbasic.asm):00925                   ADCA #0             * PROPOGATE CARRY AND SAVE NEW END 
94BC FD1044           (     newbasic.asm):00926                   STD  V41            * OF PROGRAM IN V41 
94BF BD940B           (     newbasic.asm):00927                   JSR  LAC1E          = MAKE SURE THERE’S ENOUGH RAM FOR THIS 
                      (     newbasic.asm):00928         ;                             = LINE & MAKE A HOLE IN BASIC FOR NEW LINE  
94C2 CE10F2           (     newbasic.asm):00929                   LDU  #LINHDR-2      POINT U TO LINE TO BE INSERTED 
94C5 3702             (     newbasic.asm):00930         LACDD     PULU A              GET A BYTE FROM NEW LINE 
94C7 A780             (     newbasic.asm):00931                   STA  ,X+            INSERT IT IN PROGRAM 
94C9 BC1048           (     newbasic.asm):00932                   CMPX V45            * COMPARE TO ADDRESS OF END OF INSERTED 
94CC 26F7             (     newbasic.asm):00933                   BNE  LACDD          * LINE AND BRANCH IF NOT DONE 
94CE BE1044           (     newbasic.asm):00934                   LDX  V41            = GET AND SAVE 
94D1 BF101E           (     newbasic.asm):00935                   STX  VARTAB         = END OF PROGRAM 
94D4 8D3C             (     newbasic.asm):00936         LACE9     BSR  LAD21          RESET INPUT POINTER, CLEAR VARIABLES, INITIALIZE 
94D6 8D02             (     newbasic.asm):00937                   BSR  LACEF          ADJUST START OF NEXT LINE ADDRESSES 
94D8 2089             (     newbasic.asm):00938                   BRA  LAC7C          REENTER BASIC’S INPUT LOOP 
                      (     newbasic.asm):00939         ; COMPUTE THE START OF NEXT LINE ADDRESSES FOR THE BASIC PROGRAM                      
94DA BE101C           (     newbasic.asm):00940         LACEF     LDX  TXTTAB         POINT X TO START OF PROGRAM 
94DD EC84             (     newbasic.asm):00941         LACF1     LDD  ,X             GET ADDRESS OF NEXT LINE 
94DF 2724             (     newbasic.asm):00942                   BEQ  LAD16          RETURN IF END OF PROGRAM 
94E1 3304             (     newbasic.asm):00943                   LEAU 4,X            POINT U TO START OF BASIC TEXT IN LINE 
94E3 A6C0             (     newbasic.asm):00944         LACF7     LDA  ,U+            * SKIP THROUGH THE LINE UNTIL A 
94E5 26FC             (     newbasic.asm):00945                   BNE  LACF7          * ZERO (END OF LINE) IS FOUND 
94E7 EF84             (     newbasic.asm):00946                   STU  ,X             SAVE THE NEW START OF NEXT LINE ADDRESS 
94E9 AE84             (     newbasic.asm):00947                   LDX  ,X             POINT X TO START OF NEXT LINE 
94EB 20F0             (     newbasic.asm):00948                   BRA  LACF1          KEEP GOING 
                      (     newbasic.asm):00949         ;                              
                      (     newbasic.asm):00950         ; FIND A LINE NUMBER IN THE BASIC PROGRAM                      
                      (     newbasic.asm):00951         ; RETURN WITH CARRY SET IF NO MATCH FOUND                      
94ED FC102E           (     newbasic.asm):00952         LAD01     LDD  BINVAL         GET THE LINE NUMBER TO FIND 
94F0 BE101C           (     newbasic.asm):00953                   LDX  TXTTAB         BEGINNING OF PROGRAM 
94F3 EE84             (     newbasic.asm):00954         LAD05     LDU  ,X             GET ADDRESS OF NEXT LINE NUMBER 
94F5 2709             (     newbasic.asm):00955                   BEQ  LAD12          BRANCH IF END OF PROG 
94F7 10A302           (     newbasic.asm):00956                   CMPD 2,X            IS IT A MATCH? 
94FA 2306             (     newbasic.asm):00957                   BLS  LAD14          CARRY SET IF LOWER; CARRY CLEAR IF MATCH 
94FC AE84             (     newbasic.asm):00958                   LDX  ,X             X = ADDRESS OF NEXT LINE 
94FE 20F3             (     newbasic.asm):00959                   BRA  LAD05          KEEP LOOPING FOR LINE NUMBER 
9500 1A01             (     newbasic.asm):00960         LAD12     ORCC #1             SET CARRY FLAG 
9502 BF104A           (     newbasic.asm):00961         LAD14     STX  V47            SAVE MATCH LINE NUMBER OR NUMBER OF LINE JUST AFTER 
                      (     newbasic.asm):00962         ;                             WHERE IT SHOULD HAVE BEEN 
9505 39               (     newbasic.asm):00963         LAD16     RTS                  
                      (     newbasic.asm):00964                                        
                      (     newbasic.asm):00965         ; NEW                          
9506 26FA             (     newbasic.asm):00966         NEW       BNE  LAD14          BRANCH IF ARGUMENT GIVEN 
9508 BE101C           (     newbasic.asm):00967         LAD19     LDX  TXTTAB         GET START OF BASIC 
950B 6F80             (     newbasic.asm):00968                   CLR  ,X+            * PUT 2 ZERO BYTES THERE - ERASE 
950D 6F80             (     newbasic.asm):00969                   CLR  ,X+            * THE BASIC PROGRAM 
950F BF101E           (     newbasic.asm):00970                   STX  VARTAB         AND THE NEXT ADDRESS IS NOW THE END OF PROGRAM 
9512 BE101C           (     newbasic.asm):00971         LAD21     LDX  TXTTAB         GET START OF BASIC 
9515 BD96F8           (     newbasic.asm):00972                   JSR  LAEBB          PUT INPUT POINTER ONE BEFORE START OF BASIC 
                      (     newbasic.asm):00973         ; ERASE ALL VARIABLES                      
9518 BE102A           (     newbasic.asm):00974         LAD26     LDX  MEMSIZ         * RESET START OF STRING VARIABLES 
951B BF1026           (     newbasic.asm):00975                   STX  STRTAB         * TO TOP OF STRING SPACE 
951E BD960C           (     newbasic.asm):00976                   JSR  RESTOR         RESET ‘DATA’ POINTER TO START OF BASIC 
9521 BE101E           (     newbasic.asm):00977                   LDX  VARTAB         * GET START OF VARIABLES AND USE IT 
9524 BF1020           (     newbasic.asm):00978                   STX  ARYTAB         * TO RESET START OF ARRAYS 
9527 BF1022           (     newbasic.asm):00979                   STX  ARYEND         RESET END OF ARRAYS 
952A 8E10CC           (     newbasic.asm):00980         LAD33     LDX  #STRSTK        * RESET STRING STACK POINTER TO 
952D BF100E           (     newbasic.asm):00981                   STX  TEMPPT         * BOTTOM OF STRING STACK 
9530 AEE4             (     newbasic.asm):00982                   LDX  ,S             GET RETURN ADDRESS OFF STACK 
9532 10FE1024         (     newbasic.asm):00983                   LDS  FRETOP         RESTORE STACK POINTER 
9536 6FE2             (     newbasic.asm):00984                   CLR  ,-S            PUT A ZERO BYTE ON STACK - TO CLEAR ANY RETURN OF 
                      (     newbasic.asm):00985         ;                             FOR/NEXT DATA FROM THE STACK 
9538 7F1030           (     newbasic.asm):00986                   CLR  OLDPTR         RESET ‘CONT’ ADDRESS SO YOU 
953B 7F1031           (     newbasic.asm):00987                   CLR  OLDPTR+1       ‘CAN’T CONTINUE’ 
953E 7F100B           (     newbasic.asm):00988                   CLR  ARYDIS         CLEAR THE ARRAY DISABLE FLAG 
9541 6E84             (     newbasic.asm):00989                   JMP  ,X             RETURN TO CALLING ROUTINE - THIS IS NECESSARY 
                      (     newbasic.asm):00990         ;                             SINCE THE STACK WAS RESET 
                      (     newbasic.asm):00991         ;                              
                      (     newbasic.asm):00992         ; FOR                          
                      (     newbasic.asm):00993         ;                              
                      (     newbasic.asm):00994         ; THE FOR COMMAND WILL STORE 18 BYTES ON THE STACK FOR                      
                      (     newbasic.asm):00995         ; EACH FOR-NEXT LOOP WHICH IS BEING PROCESSED. THESE                      
                      (     newbasic.asm):00996         ; BYTES ARE DEFINED AS FOLLOWS: 0- $80 (FOR FLAG);                      
                      (     newbasic.asm):00997         ;         1,2=INDEX VARIABLE DESCRIPTOR POINTER; 3-7=FP VALUE OF STEP;  
                      (     newbasic.asm):00998         ;         8=STEP DIRECTION: $FF IF NEGATIVE; 0 IF ZERO; 1 IF POSITIVE;  
                      (     newbasic.asm):00999         ; 9-13=FP VALUE OF ‘TO’ PARAMETER;                      
                      (     newbasic.asm):01000         ; 14,15=CURRENT LINE NUMBER; 16,17=RAM ADDRESS OF THE END                      
                      (     newbasic.asm):01001         ;         OF   THE LINE CONTAINING THE ‘FOR’ STATEMENT  
9543 8680             (     newbasic.asm):01002         FOR       LDA  #$80           * SAVE THE DISABLE ARRAY FLAG IN VO8 
9545 B7100B           (     newbasic.asm):01003                   STA  ARYDIS         * DO NOT ALLOW THE INDEX VARIABLE TO BE AN ARRAY 
9548 BD97E3           (     newbasic.asm):01004                   JSR  LET            SET INDEX VARIABLE TO INITIAL VALUE 
954B BD93DE           (     newbasic.asm):01005                   JSR  LABF9          SEARCH THE STACK FOR ‘FOR/NEXT’ DATA 
954E 3262             (     newbasic.asm):01006                   LEAS 2,S            PURGE RETURN ADDRESS OFF OF THE STACK 
9550 2605             (     newbasic.asm):01007                   BNE  LAD59          BRANCH IF INDEX VARIABLE NOT ALREADY BEING USED 
9552 BE1012           (     newbasic.asm):01008                   LDX  TEMPTR         GET (ADDRESS + 18) OF MATCHED ‘FOR/NEXT’ DATA 
9555 3285             (     newbasic.asm):01009                   LEAS B,X            MOVE THE STACK POINTER TO THE BEGINNING OF THE 
                      (     newbasic.asm):01010         ; MATCHED ‘FOR/NEXT’ DATA SO THE NEW DATA WILL                      
                      (     newbasic.asm):01011         ; OVERLAY THE OLD DATA. THIS WILL ALSO DESTROY                      
                      (     newbasic.asm):01012         ; ALL OF THE ‘RETURN’ AND ‘FOR/NEXT’ DATA BELOW                      
                      (     newbasic.asm):01013         ; THIS POINT ON THE STACK                      
9557 C609             (     newbasic.asm):01014         LAD59     LDB  #$09           * CHECK FOR ROOM FOR 18 BYTES 
9559 BD9424           (     newbasic.asm):01015                   JSR  LAC33          * IN FREE RAM 
955C BD972A           (     newbasic.asm):01016                   JSR  LAEE8          GET ADDR OF END OF SUBLINE IN X 
955F FC106B           (     newbasic.asm):01017                   LDD  CURLIN         GET CURRENT LINE NUMBER 
9562 3416             (     newbasic.asm):01018                   PSHS X,B,A          SAVE LINE ADDR AND LINE NUMBER ON STACK 
9564 C6A0             (     newbasic.asm):01019                   LDB  #TOK_TO        TOKEN FOR ‘TO’ 
9566 BD9AF8           (     newbasic.asm):01020                   JSR  LB26F          SYNTAX CHECK FOR ‘TO’ 
9569 BD99AA           (     newbasic.asm):01021                   JSR  LB143          ‘TM’ ERROR IF INDEX VARIABLE SET TO STRING 
956C BD99A8           (     newbasic.asm):01022                   JSR  LB141          EVALUATE EXPRESSION 
                      (     newbasic.asm):01023         ;                              
956F F61057           (     newbasic.asm):01024                   LDB  FP0SGN         GET FPA0 MANTISSA SIGN 
9572 CA7F             (     newbasic.asm):01025                   ORB  #$7F           FORM A MASK TO SAVE DATA BITS OF HIGH ORDER MANTISSA 
9574 F41053           (     newbasic.asm):01026                   ANDB FPA0           PUT THE MANTISSA SIGN IN BIT 7 OF HIGH ORDER MANTISSA 
9577 F71053           (     newbasic.asm):01027                   STB  FPA0           SAVE THE PACKED HIGH ORDER MANTISSA 
957A 108E9581         (     newbasic.asm):01028                   LDY  #LAD7F         LOAD FOLLOWING ADDRESS INTO Y AS A RETURN 
957E 7E9A61           (     newbasic.asm):01029                   JMP  LB1EA          ADDRESS - PUSH FPA0 ONTO THE STACK 
9581 8EE591           (     newbasic.asm):01030         LAD7F     LDX  #LBAC5         POINT X TO FLOATING POINT NUMBER 1.0 (DEFAULT STEP VALUE) 
9584 BDE73A           (     newbasic.asm):01031                   JSR  LBC14          MOVE (X) TO FPA0 
9587 BD1085           (     newbasic.asm):01032                   JSR  GETCCH         GET CURRENT INPUT CHARACTER 
958A 81A4             (     newbasic.asm):01033                   CMPA #TOK_STEP      STEP TOKEN 
958C 2606             (     newbasic.asm):01034                   BNE  LAD90          BRANCH IF NO ‘STEP’ VALUE 
958E BD107F           (     newbasic.asm):01035                   JSR  GETNCH         GET A CHARACTER FROM BASIC 
9591 BD99A8           (     newbasic.asm):01036                   JSR  LB141          EVALUATE NUMERIC EXPRESSION 
9594 BDE7AE           (     newbasic.asm):01037         LAD90     JSR  LBC6D          CHECK STATUS OF FPA0 
9597 BD9A5D           (     newbasic.asm):01038                   JSR  LB1E6          SAVE STATUS AND FPA0 ON THE STACK 
959A FC103E           (     newbasic.asm):01039                   LDD  VARDES         * GET DESCRIPTOR POINTER FOR THE ‘STEP’ 
959D 3406             (     newbasic.asm):01040                   PSHS B,A            * VARIABLE AND SAVE IT ON THE STACK 
959F 8680             (     newbasic.asm):01041                   LDA  #$80           = GET THE ‘FOR’ FLAG AND 
95A1 3402             (     newbasic.asm):01042                   PSHS A              = SAVE IT ON THE STACK 
                      (     newbasic.asm):01043         ;                              
                      (     newbasic.asm):01044         ; MAIN COMMAND INTERPRETATION LOOP                      
95A3 1CAF             (     newbasic.asm):01045         LAD9E     ANDCC #$AF          ENABLE IRQ,FIRQ 
95A5 8D6E             (     newbasic.asm):01046                   BSR  LADEB          CHECK FOR KEYBOARD BREAK 
95A7 BE1086           (     newbasic.asm):01047                   LDX  CHARAD         GET BASIC’S INPUT POINTER 
95AA BF1032           (     newbasic.asm):01048                   STX  TINPTR         SAVE IT 
95AD A680             (     newbasic.asm):01049                   LDA  ,X+            GET CURRENT INPUT CHAR & MOVE POINTER 
95AF 2707             (     newbasic.asm):01050                   BEQ  LADB4          BRANCH IF END OF LINE 
95B1 813A             (     newbasic.asm):01051                   CMPA #':            CHECK FOR LINE SEPARATOR 
95B3 2729             (     newbasic.asm):01052                   BEQ  LADC0          BRANCH IF COLON 
95B5 7E9B01           (     newbasic.asm):01053         LADB1     JMP  LB277          ‘SYNTAX ERROR’-IF NOT LINE SEPARATOR 
95B8 A681             (     newbasic.asm):01054         LADB4     LDA  ,X++           GET MS BYTE OF ADDRESS OF NEXT BASIC LINE 
95BA B71003           (     newbasic.asm):01055                   STA  ENDFLG         SAVE IN STOP/END FLAG - CAUSE A STOP IF 
                      (     newbasic.asm):01056         ;                             NEXT LINE ADDRESS IS < $8000; CAUSE 
                      (     newbasic.asm):01057         ;                             AN END IF ADDRESS > $8000 
95BD 10270080         (     newbasic.asm):01058                   LBEQ  LAE15         ; BRANCH TO ‘STOP’ - END OF PROGRAM 
95C1 EC80             (     newbasic.asm):01059                   LDD  ,X+            GET CURRENT LINE NUMBER 
95C3 FD106B           (     newbasic.asm):01060                   STD  CURLIN         SAVE IN CURLIN 
95C6 BF1086           (     newbasic.asm):01061                   STX  CHARAD         SAVE ADDRESS OF FIRST BYTE OF LINE 
                      (     newbasic.asm):01062         ; EXTENDED BASIC TRACE                      
95C9 B6108F           (     newbasic.asm):01063                   LDA  TRCFLG         TEST THE TRACE FLAG 
95CC 2710             (     newbasic.asm):01064                   BEQ  LADC0          BRANCH IF TRACE OFF 
95CE 865B             (     newbasic.asm):01065                   LDA  #$5B           <LEFT HAND MARKER FOR TRON LINE NUMBER 
95D0 BD900B           (     newbasic.asm):01066                   JSR  PUTCHR         OUTPUT A CHARACTER 
95D3 B6106B           (     newbasic.asm):01067                   LDA  CURLIN         GET MS BYTE OF LINE NUMBER 
95D6 BDE94F           (     newbasic.asm):01068                   JSR  LBDCC          CONVERT ACCD TO DECIMAL AND PRINT ON SCREEN 
95D9 865D             (     newbasic.asm):01069                   LDA  #$5D           > RIGHT HAND MARKER FOR TRON LINE NUMBER 
95DB BD900B           (     newbasic.asm):01070                   JSR  PUTCHR         OUTPUT A CHARACTER 
                      (     newbasic.asm):01071         ; END OF EXTENDED BASIC TRACE                      
95DE BD107F           (     newbasic.asm):01072         LADC0     JSR  GETNCH         GET A CHARACTER FROM BASIC 
95E1 8D02             (     newbasic.asm):01073                   BSR  LADC6          GO PROCESS COMMAND 
95E3 20BE             (     newbasic.asm):01074                   BRA  LAD9E          GO BACK TO MAIN LOOP 
95E5 272D             (     newbasic.asm):01075         LADC6     BEQ  LADEA          RETURN IF END OF LINE (RTS - was BEQ LAE40) 
95E7 4D               (     newbasic.asm):01076                   TSTA                CHECK FOR TOKEN - BIT 7 SET (NEGATIVE) 
95E8 102A01F7         (     newbasic.asm):01077                   LBPL LET            BRANCH IF NOT A TOKEN - GO DO A ‘LET’ WHICH 
                      (     newbasic.asm):01078         ;                             IS THE ‘DEFAULT’ TOKEN FOR MICROSOFT BASIC 
95EC 81FF             (     newbasic.asm):01079                   CMPA #$FF           SECONDARY TOKEN 
95EE 2710             (     newbasic.asm):01080                   BEQ  SECTOK          
95F0 819E             (     newbasic.asm):01081                   CMPA #TOK_HIGH_EXEC SKIPF TOKEN - HIGHEST EXECUTABLE COMMAND IN BASIC 
95F2 22C1             (     newbasic.asm):01082                   BHI  LADB1          ‘SYNTAX ERROR’ IF NON-EXECUTABLE TOKEN 
95F4 BE910B           (     newbasic.asm):01083                   LDX  COMVEC+3       GET ADDRESS OF BASIC’S COMMAND TABLE 
95F7 48               (     newbasic.asm):01084         LADD4     ASLA                X2 (2 BYTE/JUMP ADDRESS) & DISCARD BIT 7 
95F8 1F89             (     newbasic.asm):01085                   TFR  A,B            SAVE COMMAND OFFSET IN ACCB 
95FA 3A               (     newbasic.asm):01086                   ABX                 NON X POINTS TO COMMAND JUMP ADDR 
95FB BD107F           (     newbasic.asm):01087                   JSR  GETNCH         GET AN INPUT CHAR 
                      (     newbasic.asm):01088         ;                              
                      (     newbasic.asm):01089         ; HERE IS WHERE WE BRANCH TO DO A ‘COMMAND’                      
95FE 6E94             (     newbasic.asm):01090                   JMP  [,X]           GO DO A COMMAND 
9600                  (     newbasic.asm):01091         SECTOK                         
                      (     newbasic.asm):01092         ; THE ONLY SECONDARY TOKEN THAT CAN ALSO BE AN EXECUTABLE IS                      
                      (     newbasic.asm):01093         ; THE MID$ REPLACEMENT STATEMENT. SO SPECIAL-CASE CHECK DONE HERE                      
9600 BD107F           (     newbasic.asm):01094                   JSR  GETNCH         GET AN INPUT CHAR 
9603 8197             (     newbasic.asm):01095                   CMPA #TOK_MID       TOKEN FOR "MID$" 
9605 1027590E         (     newbasic.asm):01096                   LBEQ L86D6          PROCESS MID$ REPLACEMENT 
9609 7E9B01           (     newbasic.asm):01097                   JMP  LB277          SYNTAX ERROR 
                      (     newbasic.asm):01098                                        
                      (     newbasic.asm):01099         ;                              
                      (     newbasic.asm):01100         ; RESTORE                      
960C BE101C           (     newbasic.asm):01101         RESTOR    LDX  TXTTAB         BEGINNING OF PROGRAM ADDRESS 
960F 301F             (     newbasic.asm):01102                   LEAX -1,X           MOVE TO ONE BYTE BEFORE PROGRAM 
9611 BF1036           (     newbasic.asm):01103         LADE8     STX  DATPTR         SAVE NEW DATA POINTER 
9614 39               (     newbasic.asm):01104         LADEA     RTS                  
                      (     newbasic.asm):01105         ;                              
                      (     newbasic.asm):01106         ; BREAK CHECK                      
9615 BD9005           (     newbasic.asm):01107         LADEB     JSR  KEYIN          GET A KEYSTROKE ENTRY 
9618 270B             (     newbasic.asm):01108                   BEQ  LADFA          RETURN IF NO INPUT 
961A 8103             (     newbasic.asm):01109         LADF0     CMPA #3             CONTROL C? (BREAK) 
961C 2714             (     newbasic.asm):01110                   BEQ  STOP           YES 
961E 8113             (     newbasic.asm):01111                   CMPA #$13           CONTROL S? (PAUSE) 
9620 2704             (     newbasic.asm):01112                   BEQ  LADFB          YES 
9622 B71076           (     newbasic.asm):01113                   STA  IKEYIM         SAVE KEYSTROKE IN INKEY IMAGE 
9625 39               (     newbasic.asm):01114         LADFA     RTS                  
9626 BD9005           (     newbasic.asm):01115         LADFB     JSR  KEYIN          GET A KEY 
9629 27FB             (     newbasic.asm):01116                   BEQ  LADFB          BRANCH IF NO KEY DOWN 
962B 20ED             (     newbasic.asm):01117                   BRA  LADF0          CONTINUE - DO A BREAK CHECK 
                      (     newbasic.asm):01118         ;                              
                      (     newbasic.asm):01119         ; END                          
962D BD1085           (     newbasic.asm):01120         END       JSR  GETCCH         GET CURRENT INPUT CHAR 
9630 2002             (     newbasic.asm):01121                   BRA  LAE0B           
                      (     newbasic.asm):01122         ;                              
                      (     newbasic.asm):01123         ; STOP                         
9632 1A01             (     newbasic.asm):01124         STOP      ORCC #$01           SET CARRY FLAG 
9634 263D             (     newbasic.asm):01125         LAE0B     BNE  LAE40          BRANCH IF ARGUMENT EXISTS 
9636 BE1086           (     newbasic.asm):01126                   LDX  CHARAD         * SAVE CURRENT POSITION OF 
9639 BF1032           (     newbasic.asm):01127                   STX  TINPTR         * BASIC’S INPUT POINTER 
963C 761003           (     newbasic.asm):01128         LAE11     ROR  ENDFLG         ROTATE CARRY INTO BIT 7 OF STOP/END FLAG 
963F 3262             (     newbasic.asm):01129                   LEAS 2,S            PURGE RETURN ADDRESS OFF STACK 
9641 BE106B           (     newbasic.asm):01130         LAE15     LDX  CURLIN         GET CURRENT LINE NUMBER 
9644 8CFFFF           (     newbasic.asm):01131                   CMPX #$FFFF         DIRECT MODE? 
9647 2709             (     newbasic.asm):01132                   BEQ  LAE22          YES 
9649 BF102C           (     newbasic.asm):01133                   STX  OLDTXT         SAVE CURRENT LINE NUMBER 
964C BE1032           (     newbasic.asm):01134                   LDX  TINPTR         * GET AND SAVE CURRENT POSITION 
964F BF1030           (     newbasic.asm):01135                   STX  OLDPTR         * OF BASIC’S INPUT POINTER 
9652                  (     newbasic.asm):01136         LAE22                          
9652 8E93D6           (     newbasic.asm):01137                   LDX  #LABF2-1       POINT TO CR, ‘BREAK’ MESSAGE 
9655 7D1003           (     newbasic.asm):01138                   TST  ENDFLG         CHECK STOP/END FLAG 
9658 102AFDFE         (     newbasic.asm):01139                   LBPL LAC73          BRANCH TO MAIN LOOP OF BASIC IF END 
965C 7E944E           (     newbasic.asm):01140                   JMP  LAC68          PRINT ‘BREAK AT ####’ AND GO TO 
                      (     newbasic.asm):01141         ;                             BASIC’S MAIN LOOP IF ‘STOP’ 
                      (     newbasic.asm):01142                                        
                      (     newbasic.asm):01143         ; CONT                         
965F 2612             (     newbasic.asm):01144         CONT      BNE  LAE40          RETURN IF ARGUMENT GIVEN 
9661 C620             (     newbasic.asm):01145                   LDB  #2*16          ‘CAN’T CONTINUE’ ERROR 
9663 BE1030           (     newbasic.asm):01146                   LDX  OLDPTR         GET CONTINUE ADDRESS (INPUT POINTER) 
9666 1027FDD0         (     newbasic.asm):01147                   LBEQ LAC46          ‘CN’ ERROR IF CONTINUE ADDRESS = 0 
966A BF1086           (     newbasic.asm):01148                   STX  CHARAD         RESET BASIC’S INPUT POINTER 
966D BE102C           (     newbasic.asm):01149                   LDX  OLDTXT         GET LINE NUMBER 
9670 BF106B           (     newbasic.asm):01150                   STX  CURLIN         RESET CURRENT LINE NUMBER 
9673 39               (     newbasic.asm):01151         LAE40     RTS                  
                      (     newbasic.asm):01152         ;                              
                      (     newbasic.asm):01153         ; CLEAR                        
9674 2732             (     newbasic.asm):01154         CLEAR     BEQ  LAE6F          BRANCH IF NO ARGUMENT 
9676 BD9CA2           (     newbasic.asm):01155                   JSR  LB3E6          EVALUATE ARGUMENT 
9679 3406             (     newbasic.asm):01156                   PSHS B,A            SAVE AMOUNT OF STRING SPACE ON STACK 
967B BE102A           (     newbasic.asm):01157                   LDX  MEMSIZ         GET CURRENT TOP OF CLEARED SPACE 
967E BD1085           (     newbasic.asm):01158                   JSR  GETCCH         GET CURRENT INPUT CHARACTER 
9681 270D             (     newbasic.asm):01159                   BEQ  LAE5A          BRANCH IF NO NEW TOP OF CLEARED SPACE 
9683 BD9AF6           (     newbasic.asm):01160                   JSR  LB26D          SYNTAX CHECK FOR COMMA 
9686 BDA07A           (     newbasic.asm):01161                   JSR  LB73D          EVALUATE EXPRESSlON; RETURN VALUE IN X 
9689 301F             (     newbasic.asm):01162                   LEAX -1,X           X = TOP OF CLEARED SPACE 
968B BC1074           (     newbasic.asm):01163                   CMPX TOPRAM         COMPARE TO TOP OF RAM 
968E 221B             (     newbasic.asm):01164                   BHI  LAE72          ‘OM’ ERROR IF > TOP OF RAM 
9690 1F10             (     newbasic.asm):01165         LAE5A     TFR  X,D            ACCD = TOP OF CLEARED SPACE 
9692 A3E1             (     newbasic.asm):01166                   SUBD ,S++           SUBTRACT OUT AMOUNT OF CLEARED SPACE 
9694 2515             (     newbasic.asm):01167                   BCS  LAE72          ‘OM’ ERROR IF FREE MEM < 0 
9696 1F03             (     newbasic.asm):01168                   TFR  D,U            U = BOTTOM OF CLEARED SPACE 
9698 83003A           (     newbasic.asm):01169                   SUBD #STKBUF        SUBTRACT OUT STACK BUFFER 
969B 250E             (     newbasic.asm):01170                   BCS  LAE72          ‘OM’ ERROR IF FREE MEM < 0 
969D B3101E           (     newbasic.asm):01171                   SUBD VARTAB         SUBTRACT OUT START OF VARIABLES 
96A0 2509             (     newbasic.asm):01172                   BCS  LAE72          ‘OM’ ERROR IF FREE MEM < 0 
96A2 FF1024           (     newbasic.asm):01173                   STU  FRETOP         SAVE NEW BOTTOM OF CLEARED SPACE 
96A5 BF102A           (     newbasic.asm):01174                   STX  MEMSIZ         SAVE NEW TOP OF CLEARED SPACE 
96A8 7E9518           (     newbasic.asm):01175         LAE6F     JMP  LAD26          ERASE ALL VARIABLES, INITIALIZE POINTERS, ETC 
96AB 7E9438           (     newbasic.asm):01176         LAE72     JMP  LAC44          ‘OM’ ERROR 
                      (     newbasic.asm):01177         ;                              
                      (     newbasic.asm):01178         ; RUN                          
96AE BD1085           (     newbasic.asm):01179         RUN       JSR  GETCCH         * GET CURRENT INPUT CHARACTER 
96B1 1027FE5D         (     newbasic.asm):01180                   LBEQ LAD21          * IF NO LINE NUMBER 
96B5 BD9518           (     newbasic.asm):01181                   JSR  LAD26          ERASE ALL VARIABLES 
96B8 201E             (     newbasic.asm):01182                   BRA  LAE9F          ‘GOTO’ THE RUN ADDRESS 
                      (     newbasic.asm):01183         ;                              
                      (     newbasic.asm):01184         ; GO                           
96BA 1F89             (     newbasic.asm):01185         GO        TFR  A,B            SAVE INPUT CHARACTER IN ACCB 
96BC BD107F           (     newbasic.asm):01186         LAE88     JSR  GETNCH         GET A CHARACTER FROM BASIC 
96BF C1A0             (     newbasic.asm):01187                   CMPB #TOK_TO        ‘TO’ TOKEN 
96C1 271A             (     newbasic.asm):01188                   BEQ  LAEA4          BRANCH IF GOTO 
96C3 C1A1             (     newbasic.asm):01189                   CMPB #TOK_SUB       ‘SUB’ TOKEN 
96C5 1026004D         (     newbasic.asm):01190                   LBNE  LAED7         ;‘SYNTAX ERROR’ IF NEITHER 
96C9 C603             (     newbasic.asm):01191                   LDB  #3             =ROOM FOR 6 
96CB BD9424           (     newbasic.asm):01192                   JSR  LAC33          =BYTES ON STACK? 
96CE FE1086           (     newbasic.asm):01193                   LDU  CHARAD         * SAVE CURRENT BASIC INPUT POINTER, LINE 
96D1 BE106B           (     newbasic.asm):01194                   LDX  CURLIN         * NUMBER AND SUB TOKEN ON STACK 
96D4 86A1             (     newbasic.asm):01195                   LDA  #TOK_SUB       * 
96D6 3452             (     newbasic.asm):01196                   PSHS U,X,A          * 
96D8 8D03             (     newbasic.asm):01197         LAE9F     BSR  LAEA4          GO DO A ‘GOTO’ 
96DA 7E95A3           (     newbasic.asm):01198                   JMP  LAD9E          JUMP BACK TO BASIC’S MAIN LOOP 
                      (     newbasic.asm):01199         ; GOTO                         
96DD BD1085           (     newbasic.asm):01200         LAEA4     JSR  GETCCH         GET CURRENT INPUT CHAR 
96E0 BD97B9           (     newbasic.asm):01201                   JSR  LAF67          GET LINE NUMBER TO BINARY IN BINVAL 
96E3 8D48             (     newbasic.asm):01202                   BSR  LAEEB          ADVANCE BASIC’S POINTER TO END OF LINE 
96E5 3001             (     newbasic.asm):01203                   LEAX $01,X          POINT TO START OF NEXT LINE 
96E7 FC102E           (     newbasic.asm):01204                   LDD  BINVAL         GET THE LINE NUMBER TO RUN 
96EA 10B3106B         (     newbasic.asm):01205                   CMPD CURLIN         COMPARE TO CURRENT LINE NUMBER 
96EE 2203             (     newbasic.asm):01206                   BHI  LAEB6          IF REO’D LINE NUMBER IS > CURRENT LINE NUMBER, 
                      (     newbasic.asm):01207         ;              DON’T START LOOKING FROM  
                      (     newbasic.asm):01208         ;              START OF PROGRAM  
96F0 BE101C           (     newbasic.asm):01209                   LDX  TXTTAB         BEGINNING OF PROGRAM 
96F3 BD94F3           (     newbasic.asm):01210         LAEB6     JSR  LAD05          GO FIND A LINE NUMBER 
96F6 2519             (     newbasic.asm):01211                   BCS  LAED2          ‘UNDEFINED LINE NUMBER’ 
96F8 301F             (     newbasic.asm):01212         LAEBB     LEAX -1,X           MOVE BACK TO JUST BEFORE START OF LINE 
96FA BF1086           (     newbasic.asm):01213                   STX  CHARAD         RESET BASIC’S INPUT POINTER 
96FD 39               (     newbasic.asm):01214         LAEBF     RTS                  
                      (     newbasic.asm):01215         ;                              
                      (     newbasic.asm):01216         ; RETURN                       
96FE 26FD             (     newbasic.asm):01217         RETURN    BNE  LAEBF          EXIT ROUTINE IF ARGUMENT GIVEN 
9700 86FF             (     newbasic.asm):01218                   LDA  #$FF           * PUT AN ILLEGAL VARIABLE NAME IN FIRST BYTE OF 
9702 B7103E           (     newbasic.asm):01219                   STA  VARDES         * VARDES WHICH WILL CAUSE ‘FOR/NEXT’ DATA ON THE 
                      (     newbasic.asm):01220         ;              STACK TO BE IGNORED  
9705 BD93DE           (     newbasic.asm):01221                   JSR  LABF9          CHECK FOR RETURN DATA ON THE STACK 
9708 1F14             (     newbasic.asm):01222                   TFR  X,S            RESET STACK POINTER - PURGE TWO RETURN ADDRESSES 
                      (     newbasic.asm):01223         ;              FROM THE STACK  
970A 8121             (     newbasic.asm):01224                   CMPA #TOK_SUB-$80   SUB TOKEN - $80 
970C 270B             (     newbasic.asm):01225                   BEQ  LAEDA          BRANCH IF ‘RETURN’ FROM SUBROUTINE 
970E C604             (     newbasic.asm):01226                   LDB  #2*2           ERROR #2 ‘RETURN WITHOUT GOSUB’ 
9710 8C               (     newbasic.asm):01227                   FCB  SKP2           SKIP TWO BYTES 
9711 C60E             (     newbasic.asm):01228         LAED2     LDB  #7*2           ERROR #7 ‘UNDEFINED LINE NUMBER’ 
9713 7E943A           (     newbasic.asm):01229                   JMP  LAC46          JUMP TO ERROR HANDLER 
9716 7E9B01           (     newbasic.asm):01230         LAED7     JMP  LB277          ‘SYNTAX ERROR’ 
9719 3552             (     newbasic.asm):01231         LAEDA     PULS A,X,U          * RESTORE VALUES OF CURRENT LINE NUMBER AND 
971B BF106B           (     newbasic.asm):01232                   STX  CURLIN         * BASIC’S INPUT POINTER FOR THIS SUBROUTINE 
971E FF1086           (     newbasic.asm):01233                   STU  CHARAD         * AND LOAD ACCA WITH SUB TOKEN ($A6) 
                      (     newbasic.asm):01234         ;                              
                      (     newbasic.asm):01235         ; DATA                         
9721 8D07             (     newbasic.asm):01236         DATA      BSR  LAEE8          MOVE INPUT POINTER TO END OF SUBLINE OR LINE 
9723 8C               (     newbasic.asm):01237                   FCB  SKP2           SKIP 2 BYTES 
                      (     newbasic.asm):01238                                        
                      (     newbasic.asm):01239         ; REM, ELSE                      
9724                  (     newbasic.asm):01240         ELSE                           
9724 8D07             (     newbasic.asm):01241         REM       BSR  LAEEB          MOVE INPUT POINTER TO END OF LINE 
9726 BF1086           (     newbasic.asm):01242                   STX  CHARAD         RESET BASIC’S INPUT POINTER 
9729 39               (     newbasic.asm):01243         LAEE7     RTS                  
                      (     newbasic.asm):01244         ; ADVANCE INPUT POINTER TO END OF SUBLINE OR LINE                      
972A C63A             (     newbasic.asm):01245         LAEE8     LDB  #':            COLON = SUBLINE TERMINATOR CHARACTER 
972C 86               (     newbasic.asm):01246         LAEEA     FCB  SKP1LD         SKPILD SKIP ONE BYTE; LDA #$5F 
                      (     newbasic.asm):01247         ; ADVANCE BASIC’S INPUT POINTER TO END OF                      
                      (     newbasic.asm):01248         ; LINE - RETURN ADDRESS OF END OF LINE+1 IN X                      
972D 5F               (     newbasic.asm):01249         LAEEB     CLRB                0 = LINE TERMINATOR CHARACTER 
972E F71004           (     newbasic.asm):01250                   STB  CHARAC         TEMP STORE PRIMARY TERMINATOR CHARACTER 
9731 5F               (     newbasic.asm):01251                   CLRB                0 (END OF LINE) = ALTERNATE TERM. CHAR. 
9732 BE1086           (     newbasic.asm):01252                   LDX  CHARAD         LOAD X W/BASIC’S INPUT POINTER 
9735 1F98             (     newbasic.asm):01253         LAEF1     TFR  B,A            * CHANGE TERMINATOR CHARACTER 
9737 F61004           (     newbasic.asm):01254                   LDB  CHARAC         * FROM ACCB TO CHARAC - SAVE OLD TERMINATOR 
                      (     newbasic.asm):01255         ;         IN   CHARAC          
973A B71004           (     newbasic.asm):01256                   STA  CHARAC         SWAP PRIMARY AND SECONDARY TERMINATORS 
973D A684             (     newbasic.asm):01257         LAEF7     LDA  ,X             GET NEXT INPUT CHARACTER 
973F 27E8             (     newbasic.asm):01258                   BEQ  LAEE7          RETURN IF 0 (END OF LINE) 
9741 3404             (     newbasic.asm):01259                   PSHS B              SAVE TERMINATOR ON STACK 
9743 A1E0             (     newbasic.asm):01260                   CMPA ,S+            COMPARE TO INPUT CHARACTER 
9745 27E2             (     newbasic.asm):01261                   BEQ  LAEE7          RETURN IF EQUAL 
9747 3001             (     newbasic.asm):01262                   LEAX 1,X            MOVE POINTER UP ONE 
9749 8122             (     newbasic.asm):01263                   CMPA #'"            CHECK FOR DOUBLE QUOTES 
974B 27E8             (     newbasic.asm):01264                   BEQ  LAEF1          BRANCH IF " - TOGGLE TERMINATOR CHARACTERS 
974D 4C               (     newbasic.asm):01265                   INCA                * CHECK FOR $FF AND BRANCH IF 
974E 2602             (     newbasic.asm):01266                   BNE  LAF0C          * NOT SECONDARY TOKEN 
9750 3001             (     newbasic.asm):01267                   LEAX 1,X            MOVE INPUT POINTER 1 MORE IF SECONDARY 
9752 8186             (     newbasic.asm):01268         LAF0C     CMPA #TOK_IF+1      TOKEN FOR IF? 
9754 26E7             (     newbasic.asm):01269                   BNE  LAEF7          NO - GET ANOTHER INPUT CHARACTER 
9756 7C1007           (     newbasic.asm):01270                   INC  IFCTR          INCREMENT IF COUNTER - KEEP TRACK OF HOW MANY 
                      (     newbasic.asm):01271         ;                             ‘IF’ STATEMENTS ARE NESTED IN ONE LINE 
9759 20E2             (     newbasic.asm):01272                   BRA  LAEF7          GET ANOTHER INPUT CHARACTER 
                      (     newbasic.asm):01273                                        
                      (     newbasic.asm):01274         ; IF                           
975B BD99A8           (     newbasic.asm):01275         IF        JSR  LB141          EVALUATE NUMERIC EXPRESSION 
975E BD1085           (     newbasic.asm):01276                   JSR  GETCCH         GET CURRENT INPUT CHARACTER 
9761 8181             (     newbasic.asm):01277                   CMPA #TOK_GO        TOKEN FOR GO 
9763 2705             (     newbasic.asm):01278                   BEQ  LAF22          TREAT ‘GO’ THE SAME AS ‘THEN’ 
9765 C6A2             (     newbasic.asm):01279                   LDB  #TOK_THEN      TOKEN FOR THEN 
9767 BD9AF8           (     newbasic.asm):01280                   JSR  LB26F          DO A SYNTAX CHECK ON ACCB 
976A B61052           (     newbasic.asm):01281         LAF22     LDA  FP0EXP         CHECK FOR TRUE/FALSE - FALSE IF FPA0 EXPONENT = ZERO 
976D 2617             (     newbasic.asm):01282                   BNE  LAF39          BRANCH IF CONDITION TRUE 
976F 7F1007           (     newbasic.asm):01283                   CLR  IFCTR          CLEAR FLAG - KEEP TRACK OF WHICH NESTED ELSE STATEMENT 
                      (     newbasic.asm):01284         ;                             TO SEARCH FOR IN NESTED ‘IF’ LOOPS 
9772 8DAD             (     newbasic.asm):01285         LAF28     BSR  DATA           MOVE BASIC’S POINTER TO END OF SUBLINE 
9774 4D               (     newbasic.asm):01286                   TSTA                * CHECK TO SEE IF END OF LINE OR SUBLINE 
9775 27B2             (     newbasic.asm):01287                   BEQ  LAEE7          * AND RETURN IF END OF LINE 
9777 BD107F           (     newbasic.asm):01288                   JSR  GETNCH         GET AN INPUT CHARACTER FROM BASIC 
977A 8184             (     newbasic.asm):01289                   CMPA #TOK_ELSE      TOKEN FOR ELSE 
977C 26F4             (     newbasic.asm):01290                   BNE  LAF28          IGNORE ALL DATA EXCEPT ‘ELSE’ UNTIL 
                      (     newbasic.asm):01291         ;                             END OF LINE (ZERO BYTE) 
977E 7A1007           (     newbasic.asm):01292                   DEC  IFCTR          CHECK TO SEE IF YOU MUST SEARCH ANOTHER SUBLINE 
9781 2AEF             (     newbasic.asm):01293                   BPL  LAF28          BRANCH TO SEARCH ANOTHER SUBLINE FOR ‘ELSE’ 
9783 BD107F           (     newbasic.asm):01294                   JSR  GETNCH         GET AN INPUT CHARACTER FROM BASIC 
9786 BD1085           (     newbasic.asm):01295         LAF39     JSR  GETCCH         GET CURRENT INPUT CHARACTER 
9789 1025FF50         (     newbasic.asm):01296                   LBCS LAEA4          BRANCH TO ‘GOTO’ IF NUMERIC CHARACTER 
978D 7E95E5           (     newbasic.asm):01297                   JMP  LADC6          RETURN TO MAIN INTERPRETATION LOOP 
                      (     newbasic.asm):01298                                        
                      (     newbasic.asm):01299         ; ON                           
9790 BDA042           (     newbasic.asm):01300         ON        JSR  LB70B          EVALUATE EXPRESSION 
9793 C681             (     newbasic.asm):01301                   LDB  #TOK_GO        TOKEN FOR GO 
9795 BD9AF8           (     newbasic.asm):01302                   JSR  LB26F          SYNTAX CHECK FOR GO 
9798 3402             (     newbasic.asm):01303                   PSHS A              SAVE NEW TOKEN (TO,SUB) 
979A 81A1             (     newbasic.asm):01304                   CMPA #TOK_SUB       TOKEN FOR SUB? 
979C 2706             (     newbasic.asm):01305                   BEQ  LAF54          YES 
979E 81A0             (     newbasic.asm):01306                   CMPA #TOK_TO        TOKEN FOR TO? 
97A0 1026FF72         (     newbasic.asm):01307         LAF52     LBNE  LAED7         ;‘SYNTAX’ ERROR IF NOT ‘SUB’ OR ‘TO’ 
97A4 7A1056           (     newbasic.asm):01308         LAF54     DEC  FPA0+3         DECREMENT IS BYTE OF MANTISSA OF FPA0 - THIS 
                      (     newbasic.asm):01309         ;                             IS THE ARGUMENT OF THE ‘ON’ STATEMENT 
97A7 2605             (     newbasic.asm):01310                   BNE  LAF5D          BRANCH IF NOT AT THE PROPER GOTO OR GOSUB LINE NUMBER 
97A9 3504             (     newbasic.asm):01311                   PULS B              GET BACK THE TOKEN FOLLOWING ‘GO’ 
97AB 7E96BC           (     newbasic.asm):01312                   JMP  LAE88          GO DO A ‘GOTO’ OR ‘GOSUB’ 
97AE BD107F           (     newbasic.asm):01313         LAF5D     JSR  GETNCH         GET A CHARACTER FROM BASIC 
97B1 8D06             (     newbasic.asm):01314                   BSR  LAF67          CONVERT BASIC LINE NUMBER TO BINARY 
97B3 812C             (     newbasic.asm):01315                   CMPA #',            IS CHARACTER FOLLOWING LINE NUMBER A COMMA? 
97B5 27ED             (     newbasic.asm):01316                   BEQ  LAF54          YES 
97B7 3584             (     newbasic.asm):01317                   PULS B,PC           IF NOT, FALL THROUGH TO NEXT COMMAND 
97B9 BE1077           (     newbasic.asm):01318         LAF67     LDX  ZERO           DEFAULT LINE NUMBER OF ZERO 
97BC BF102E           (     newbasic.asm):01319                   STX  BINVAL         SAVE IT IN BINVAL 
                      (     newbasic.asm):01320         ;                              
                      (     newbasic.asm):01321         ; CONVERT LINE NUMBER TO BINARY - RETURN VALUE IN BINVAL                      
                      (     newbasic.asm):01322         ;                              
97BF 2470             (     newbasic.asm):01323         LAF6B     BCC  LAFCE          RETURN IF NOT NUMERIC CHARACTER 
97C1 8030             (     newbasic.asm):01324                   SUBA #'0            MASK OFF ASCII 
97C3 B71004           (     newbasic.asm):01325                   STA  CHARAC         SAVE DIGIT IN VO1 
97C6 FC102E           (     newbasic.asm):01326                   LDD  BINVAL         GET ACCUMULATED LINE NUMBER VALUE 
97C9 8118             (     newbasic.asm):01327                   CMPA #24            LARGEST LINE NUMBER IS $F9FF (63999) - 
                      (     newbasic.asm):01328         ;         (24*256+255)*10+9                 
97CB 22D3             (     newbasic.asm):01329                   BHI  LAF52          ‘SYNTAX’ ERROR IF TOO BIG 
                      (     newbasic.asm):01330         ; MULT ACCD X 10                      
97CD 58               (     newbasic.asm):01331                   ASLB                * 
97CE 49               (     newbasic.asm):01332                   ROLA                * TIMES 2 
97CF 58               (     newbasic.asm):01333                   ASLB                = 
97D0 49               (     newbasic.asm):01334                   ROLA                = TIMES 4 
97D1 F3102E           (     newbasic.asm):01335                   ADDD BINVAL         ADD 1 = TIMES 5 
97D4 58               (     newbasic.asm):01336                   ASLB                * 
97D5 49               (     newbasic.asm):01337                   ROLA                * TIMES 10 
97D6 FB1004           (     newbasic.asm):01338                   ADDB CHARAC         ADD NEXT DIGIT 
97D9 8900             (     newbasic.asm):01339                   ADCA #0             PROPAGATE CARRY 
97DB FD102E           (     newbasic.asm):01340                   STD  BINVAL         SAVE NEW ACCUMULATED LINE NUMBER 
97DE BD107F           (     newbasic.asm):01341                   JSR  GETNCH         GET NEXT CHARACTER FROM BASIC 
97E1 20DC             (     newbasic.asm):01342                   BRA  LAF6B          LOOP- PROCESS NEXT DIGIT 
                      (     newbasic.asm):01343         ;                              
                      (     newbasic.asm):01344         ; LET (EXBAS)                      
                      (     newbasic.asm):01345         ; EVALUATE A NON-TOKEN EXPRESSION                      
                      (     newbasic.asm):01346         ; TARGET = REPLACEMENT                      
97E3 BD9BF7           (     newbasic.asm):01347         LET       JSR  LB357          FIND TARGET VARIABLE DESCRIPTOR 
97E6 BF103E           (     newbasic.asm):01348                   STX  VARDES         SAVE DESCRIPTOR ADDRESS OF 1ST EXPRESSION 
97E9 C6AE             (     newbasic.asm):01349                   LDB  #TOK_EQUALS    TOKEN FOR "=" 
97EB BD9AF8           (     newbasic.asm):01350                   JSR  LB26F          DO A SYNTAX CHECK FOR ‘=‘ 
97EE B61009           (     newbasic.asm):01351                   LDA  VALTYP         * GET VARIABLE TYPE AND 
97F1 3402             (     newbasic.asm):01352                   PSHS A              * SAVE ON THE STACK 
97F3 BD99BE           (     newbasic.asm):01353                   JSR  LB156          EVALUATE EXPRESSION 
97F6 3502             (     newbasic.asm):01354                   PULS A              * REGET VARIABLE TYPE OF 1ST EXPRESSION AND 
97F8 46               (     newbasic.asm):01355                   RORA                * SET CARRY IF STRING 
97F9 BD99AF           (     newbasic.asm):01356                   JSR  LB148          TYPE CHECK-TM ERROR IF VARIABLE TYPES ON 
                      (     newbasic.asm):01357         ;                             BOTH SIDES OF EQUALS SIGN NOT THE SAME 
97FC 10274F5E         (     newbasic.asm):01358                   LBEQ LBC33          GO PUT FPA0 INTO VARIABLE DESCRIPTOR IF NUMERIC 
                      (     newbasic.asm):01359         ; MOVE A STRING WHOSE DESCRIPTOR IS LOCATED AT                      
                      (     newbasic.asm):01360         ; FPA0+2 INTO THE STRING SPACE. TRANSFER THE                      
                      (     newbasic.asm):01361         ; DESCRIPTOR ADDRESS TO THE ADDRESS IN VARDES                      
                      (     newbasic.asm):01362         ; DON’T MOVE THE STRING IF IT IS ALREADY IN THE                      
                      (     newbasic.asm):01363         ; STRING SPACE. REMOVE DESCRIPTOR FROM STRING                      
                      (     newbasic.asm):01364         ; STACK IF IT IS LAST ONE ON THE STACK                      
9800 BE1055           (     newbasic.asm):01365         LAFA4     LDX  FPA0+2         POINT X TO DESCRIPTOR OF REPLACEMENT STRING 
9803 FC1024           (     newbasic.asm):01366                   LDD  FRETOP         LOAD ACCD WITH START OF STRING SPACE 
9806 10A302           (     newbasic.asm):01367                   CMPD 2,X            IS THE STRING IN STRING SPACE? 
9809 2413             (     newbasic.asm):01368                   BCC  LAFBE          BRANCH IF IT’S NOT IN THE STRING SPACE 
980B BC101E           (     newbasic.asm):01369                   CMPX VARTAB         COMPARE DESCRIPTOR ADDRESS TO START OF VARIABLES 
980E 250E             (     newbasic.asm):01370                   BCS  LAFBE          BRANCH IF DESCRIPTOR ADDRESS NOT IN VARIABLES 
9810 E684             (     newbasic.asm):01371         LAFB1     LDB  ,X             GET LENGTH OF REPLACEMENT STRING 
9812 BD9DF7           (     newbasic.asm):01372                   JSR  LB50D          RESERVE ACCB BYTES OF STRING SPACE 
9815 BE1050           (     newbasic.asm):01373                   LDX  V4D            GET DESCRIPTOR ADDRESS BACK 
9818 BD9F68           (     newbasic.asm):01374                   JSR  LB643          MOVE STRING INTO STRING SPACE 
981B 8E1059           (     newbasic.asm):01375                   LDX  #STRDES        POINT X TO TEMP STRING DESCRIPTOR ADDRESS 
981E BF1050           (     newbasic.asm):01376         LAFBE     STX  V4D            SAVE STRING DESCRIPTOR ADDRESS IN V4D 
9821 BD9FA0           (     newbasic.asm):01377                   JSR  LB675          REMOVE STRING DESCRIPTOR IF LAST ONE 
                      (     newbasic.asm):01378         ;                             ON STRING STACK  
9824 FE1050           (     newbasic.asm):01379                   LDU  V4D            POINT U TO REPLACEMENT DESCRIPTOR ADDRESS 
9827 BE103E           (     newbasic.asm):01380                   LDX  VARDES         GET TARGET DESCRIPTOR ADDRESS 
982A 3726             (     newbasic.asm):01381                   PULU A,B,Y          GET LENGTH AND START OF REPLACEMENT STRING 
982C A784             (     newbasic.asm):01382                   STA  ,X             * SAVE STRING LENGTH AND START IN 
982E 10AF02           (     newbasic.asm):01383                   STY  2,X            * TARGET DESCRIPTOR LOCATION 
9831 39               (     newbasic.asm):01384         LAFCE     RTS                  
                      (     newbasic.asm):01385                                        
9832 3F5245444F       (     newbasic.asm):01386         LAFCF     FCC  "?REDO"        ?REDO MESSAGE 
9837 0D00             (     newbasic.asm):01387                   FCB  CR,$00          
                      (     newbasic.asm):01388                                        
9839                  (     newbasic.asm):01389         LAFD6                          
9839 7E943A           (     newbasic.asm):01390         LAFDC     JMP  LAC46          JMP TO ERROR HANDLER 
983C B6100C           (     newbasic.asm):01391         LAFDF     LDA  INPFLG         = GET THE INPUT FLAG AND BRANCH 
983F 2709             (     newbasic.asm):01392                   BEQ  LAFEA          = IF ‘INPUT’ 
9841 BE1034           (     newbasic.asm):01393                   LDX  DATTXT         * GET LINE NUMBER WHERE THE ERROR OCCURRED 
9844 BF106B           (     newbasic.asm):01394                   STX  CURLIN         * AND USE IT AS THE CURRENT LINE NUMBER 
9847 7E9B01           (     newbasic.asm):01395                   JMP  LB277          ‘SYNTAX ERROR’ 
984A 8E9831           (     newbasic.asm):01396         LAFEA     LDX  #LAFCF-1       * POINT X TO ‘?REDO’ AND PRINT 
984D BDE429           (     newbasic.asm):01397                   JSR  LB99C          * IT ON THE SCREEN 
9850 BE1032           (     newbasic.asm):01398                   LDX  TINPTR         = GET THE SAVED ABSOLUTE ADDRESS OF 
9853 BF1086           (     newbasic.asm):01399                   STX  CHARAD         = INPUT POINTER AND RESTORE IT 
9856 39               (     newbasic.asm):01400                   RTS                  
                      (     newbasic.asm):01401         ;                              
                      (     newbasic.asm):01402         ; INPUT                        
9857 C616             (     newbasic.asm):01403         INPUT     LDB  #11*2          ‘ID’ ERROR 
9859 BE106B           (     newbasic.asm):01404                   LDX  CURLIN         GET CURRENT LINE NUMBER 
985C 3001             (     newbasic.asm):01405                   LEAX 1,X            ADD ONE 
985E 27D9             (     newbasic.asm):01406                   BEQ  LAFDC          ‘ID’ ERROR BRANCH IF DIRECT MODE 
9860 8D01             (     newbasic.asm):01407                   BSR  LB00F          GET SOME INPUT DATA - WAS LB002 
9862 39               (     newbasic.asm):01408                   RTS                  
9863 8122             (     newbasic.asm):01409         LB00F     CMPA #'"            CHECK FOR PROMPT STRING DELIMITER 
9865 260B             (     newbasic.asm):01410                   BNE  LB01E          BRANCH IF NO PROMPT STRING 
9867 BD9ACA           (     newbasic.asm):01411                   JSR  LB244          PUT PROMPT STRING ON STRING STACK 
986A C63B             (     newbasic.asm):01412                   LDB  #';            * 
986C BD9AF8           (     newbasic.asm):01413                   JSR  LB26F          * DO A SYNTAX CHECK FOR SEMICOLON 
986F BDE42C           (     newbasic.asm):01414                   JSR  LB99F          PRINT MESSAGE TO CONSOLE OUT 
9872 8E10F6           (     newbasic.asm):01415         LB01E     LDX  #LINBUF        POINT TO BASIC’S LINE BUFFER 
9875 6F84             (     newbasic.asm):01416                   CLR  ,X             CLEAR 1ST BYTE - FLAG TO INDICATE NO DATA 
                      (     newbasic.asm):01417         ;              IN LINE BUFFER  
9877 8D06             (     newbasic.asm):01418                   BSR  LB02F          INPUT A STRING TO LINE BUFFER 
9879 C62C             (     newbasic.asm):01419                   LDB  #',            * INSERT A COMMA AT THE END 
987B E784             (     newbasic.asm):01420                   STB  ,X             * OF THE LINE INPUT BUFFER 
987D 2017             (     newbasic.asm):01421                   BRA  LB049           
                      (     newbasic.asm):01422         ; FILL BASIC’S LINE INPUT BUFFER CONSOLE IN                      
987F BDE43C           (     newbasic.asm):01423         LB02F     JSR  LB9AF          SEND A "?" TO CONSOLE OUT 
9882 BDE439           (     newbasic.asm):01424                   JSR  LB9AC          SEND A ‘SPACE’ TO CONSOLE OUT 
9885 BD915E           (     newbasic.asm):01425         LB035     JSR  LA390          GO READ IN A BASIC LINE 
9888 2405             (     newbasic.asm):01426                   BCC  LB03F          BRANCH IF ENTER KEY ENDED ENTRY 
988A 3264             (     newbasic.asm):01427                   LEAS 4,S            PURGE TWO RETURN ADDRESSES OFF THE STACK 
988C 7E963C           (     newbasic.asm):01428                   JMP  LAE11          GO DO A ‘STOP’ IF BREAK KEY ENDED LINE ENTRY 
988F C62E             (     newbasic.asm):01429         LB03F     LDB  #2*23          ‘INPUT PAST END OF FILE’ ERROR 
9891 39               (     newbasic.asm):01430                   RTS                  
                      (     newbasic.asm):01431         ;                              
                      (     newbasic.asm):01432         ; READ                         
9892 BE1036           (     newbasic.asm):01433         READ      LDX  DATPTR         GET ‘READ’ START ADDRESS 
9895 86               (     newbasic.asm):01434                   FCB  SKP1LD         SKIP ONE BYTE - LDA #*$4F 
9896 4F               (     newbasic.asm):01435         LB049     CLRA                ‘INPUT’ ENTRY POINT: INPUT FLAG = 0 
9897 B7100C           (     newbasic.asm):01436                   STA  INPFLG         SET INPUT FLAG; 0 = INPUT: <> 0 = READ 
989A BF1038           (     newbasic.asm):01437                   STX  DATTMP         SAVE ‘READ’ START ADDRESS/’INPUT’ BUFFER START 
989D BD9BF7           (     newbasic.asm):01438         LB04E     JSR  LB357          EVALUATE A VARIABLE 
98A0 BF103E           (     newbasic.asm):01439                   STX  VARDES         SAVE DESCRIPTOR ADDRESS 
98A3 BE1086           (     newbasic.asm):01440                   LDX  CHARAD         * GET BASIC’S INPUT POINTER 
98A6 BF102E           (     newbasic.asm):01441                   STX  BINVAL         * AND SAVE IT 
98A9 BE1038           (     newbasic.asm):01442                   LDX  DATTMP         GET ‘READ’ ADDRESS START/’INPUT’ BUFFER POINTER 
98AC A684             (     newbasic.asm):01443                   LDA  ,X             GET A CHARACTER FROM THE BASIC PROGRAM 
98AE 260A             (     newbasic.asm):01444                   BNE  LB069          BRANCH IF NOT END OF LINE 
98B0 B6100C           (     newbasic.asm):01445                   LDA  INPFLG         * CHECK INPUT FLAG AND BRANCH 
98B3 265F             (     newbasic.asm):01446                   BNE  LB0B9          * IF LOOKING FOR DATA (READ) 
                      (     newbasic.asm):01447         ; NO DATA IN ‘INPUT’ LINE BUFFER AND/OR INPUT                      
                      (     newbasic.asm):01448         ; NOT COMING FROM SCREEN                      
98B5 BDE43C           (     newbasic.asm):01449                   JSR  LB9AF          SEND A '?' TO CONSOLE OUT 
98B8 8DC5             (     newbasic.asm):01450                   BSR  LB02F          FILL INPUT BUFFER FROM CONSOLE IN 
98BA BF1086           (     newbasic.asm):01451         LB069     STX  CHARAD         RESET BASIC’S INPUT POINTER 
98BD BD107F           (     newbasic.asm):01452                   JSR  GETNCH         GET A CHARACTER FROM BASIC 
98C0 F61009           (     newbasic.asm):01453                   LDB  VALTYP         * CHECK VARIABLE TYPE AND 
98C3 2728             (     newbasic.asm):01454                   BEQ  LB098          * BRANCH IF NUMERIC 
                      (     newbasic.asm):01455         ; READ/INPUT A STRING VARIABLE                      
98C5 BE1086           (     newbasic.asm):01456                   LDX  CHARAD         LOAD X WITH CURRENT BASIC INPUT POINTER 
98C8 B71004           (     newbasic.asm):01457                   STA  CHARAC         SAVE CURRENT INPUT CHARACTER 
98CB 8122             (     newbasic.asm):01458                   CMPA #'"            CHECK FOR STRING DELIMITER 
98CD 2710             (     newbasic.asm):01459                   BEQ  LB08B          BRANCH IF STRING DELIMITER 
98CF 301F             (     newbasic.asm):01460                   LEAX -1,X           BACK UP POINTER 
98D1 4F               (     newbasic.asm):01461                   CLRA                * ZERO = END OF LINE CHARACTER 
98D2 B71004           (     newbasic.asm):01462                   STA  CHARAC         * SAVE AS TERMINATOR 
98D5 BD914B           (     newbasic.asm):01463                   JSR  LA35F          SET UP PRINT PARAMETERS 
98D8 863A             (     newbasic.asm):01464                   LDA  #':            END OF SUBLINE CHARACTER 
98DA B71004           (     newbasic.asm):01465                   STA  CHARAC         SAVE AS TERMINATOR I 
98DD 862C             (     newbasic.asm):01466                   LDA  #',            COMMA 
98DF B71005           (     newbasic.asm):01467         LB08B     STA  ENDCHR         SAVE AS TERMINATOR 2 
98E2 BD9E0D           (     newbasic.asm):01468                   JSR  LB51E          STRIP A STRING FROM THE INPUT BUFFER 
98E5 BD9AD0           (     newbasic.asm):01469                   JSR  LB249          MOVE INPUT POINTER TO END OF STRING 
98E8 BD9800           (     newbasic.asm):01470                   JSR  LAFA4          PUT A STRING INTO THE STRING SPACE IF NECESSARY 
98EB 2006             (     newbasic.asm):01471                   BRA  LB09E          CHECK FOR ANOTHER DATA ITEM 
                      (     newbasic.asm):01472         ; SAVE A NUMERIC VALUE IN A READ OR INPUT DATA ITEM                      
98ED BDE877           (     newbasic.asm):01473         LB098     JSR  LBD12          CONVERT AN ASCII STRING TO FP NUMBER 
98F0 BDE75E           (     newbasic.asm):01474                   JSR  LBC33          PACK FPA0 AND STORE IT IN ADDRESS IN VARDES - 
                      (     newbasic.asm):01475         ;                             INPUT OR READ DATA ITEM 
98F3 BD1085           (     newbasic.asm):01476         LB09E     JSR  GETCCH         GET CURRENT INPUT CHARACTER 
98F6 2706             (     newbasic.asm):01477                   BEQ  LB0A8          BRANCH IF END OF LINE 
98F8 812C             (     newbasic.asm):01478                   CMPA #',            CHECK FOR A COMMA 
98FA 1026FF3B         (     newbasic.asm):01479                   LBNE LAFD6          BAD FILE DATA' ERROR OR RETRY 
98FE BE1086           (     newbasic.asm):01480         LB0A8     LDX  CHARAD         * GET CURRENT INPUT 
9901 BF1038           (     newbasic.asm):01481                   STX  DATTMP         * POINTER (USED AS A DATA POINTER) AND SAVE IT 
9904 BE102E           (     newbasic.asm):01482                   LDX  BINVAL         * RESET INPUT POINTER TO INPUT OR 
9907 BF1086           (     newbasic.asm):01483                   STX  CHARAD         * READ STATEMENT 
990A BD1085           (     newbasic.asm):01484                   JSR  GETCCH         GET CURRENT CHARACTER FROM BASIC 
990D 2723             (     newbasic.asm):01485                   BEQ  LB0D5          BRANCH IF END OF LINE - EXIT COMMAND 
990F BD9AF6           (     newbasic.asm):01486                   JSR  LB26D          SYNTAX CHECK FOR COMMA 
9912 2089             (     newbasic.asm):01487                   BRA  LB04E          GET ANOTHER INPUT OR READ ITEM 
                      (     newbasic.asm):01488         ; SEARCH FROM ADDRESS IN X FOR                      
                      (     newbasic.asm):01489         ; 1ST OCCURENCE OF THE TOKEN FOR DATA                      
9914 BF1086           (     newbasic.asm):01490         LB0B9     STX  CHARAD         RESET BASIC’S INPUT POINTER 
9917 BD972A           (     newbasic.asm):01491                   JSR  LAEE8          SEARCH FOR END OF CURRENT LINE OR SUBLINE 
991A 3001             (     newbasic.asm):01492                   LEAX 1,X            MOVE X ONE PAST END OF LINE 
991C 4D               (     newbasic.asm):01493                   TSTA                CHECK FOR END OF LINE 
991D 260B             (     newbasic.asm):01494                   BNE  LB0CD          BRANCH IF END OF SUBLINE 
991F C606             (     newbasic.asm):01495                   LDB  #2*3           ‘OUT OF DATA’ ERROR 
9921 EE81             (     newbasic.asm):01496                   LDU  ,X++           GET NEXT 2 CHARACTERS 
9923 2746             (     newbasic.asm):01497                   BEQ  LB10A          ‘OD’ ERROR IF END OF PROGRAM 
9925 EC81             (     newbasic.asm):01498                   LDD  ,X++           GET BASIC LINE NUMBER AND 
9927 FD1034           (     newbasic.asm):01499                   STD  DATTXT         SAVE IT IN DATTXT 
992A A684             (     newbasic.asm):01500         LB0CD     LDA  ,X             GET AN INPUT CHARACTER 
992C 8186             (     newbasic.asm):01501                   CMPA #TOK_DATA      DATA TOKEN? 
992E 26E4             (     newbasic.asm):01502                   BNE  LB0B9          NO — KEEP LOOKING 
9930 2088             (     newbasic.asm):01503                   BRA  LB069          YES 
                      (     newbasic.asm):01504         ; EXIT READ AND INPUT COMMANDS                      
9932 BE1038           (     newbasic.asm):01505         LB0D5     LDX  DATTMP         GET DATA POINTER 
9935 F6100C           (     newbasic.asm):01506                   LDB  INPFLG         * CHECK INPUT FLAG 
9938 1026FCD5         (     newbasic.asm):01507                   LBNE LADE8          * SAVE NEW DATA POINTER IF READ 
993C A684             (     newbasic.asm):01508                   LDA  ,X             = CHECK NEXT CHARACTER IN ‘INPUT’ BUFFER 
993E 2706             (     newbasic.asm):01509                   BEQ  LB0E7          = 
9940 8E9946           (     newbasic.asm):01510                   LDX  #LB0E8-1       POINT X TO ‘?EXTRA IGNORED’ 
9943 7EE429           (     newbasic.asm):01511                   JMP  LB99C          PRINT THE MESSAGE 
9946 39               (     newbasic.asm):01512         LB0E7     RTS                  
                      (     newbasic.asm):01513                                        
9947 3F45585452412049 (     newbasic.asm):01514         LB0E8     FCC  "?EXTRA IGNORED" ?EXTRA IGNORED MESSAGE 
     474E4F524544
                      (     newbasic.asm):01515                                        
                      (     newbasic.asm):01516                                        
9955 0D00             (     newbasic.asm):01517                   FCB  CR,$00          
                      (     newbasic.asm):01518                                        
                      (     newbasic.asm):01519         ; NEXT                         
9957 2605             (     newbasic.asm):01520         NEXT      BNE  LB0FE          BRANCH IF ARGUMENT GIVEN 
9959 BE1077           (     newbasic.asm):01521                   LDX  ZERO           X = 0: DEFAULT FOR NO ARGUMENT 
995C 2003             (     newbasic.asm):01522                   BRA  LB101           
995E BD9BF7           (     newbasic.asm):01523         LB0FE     JSR  LB357          EVALUATE AN ALPHA EXPRESSION 
9961 BF103E           (     newbasic.asm):01524         LB101     STX  VARDES         SAVE VARIABLE DESCRIPTOR POINTER 
9964 BD93DE           (     newbasic.asm):01525                   JSR  LABF9          GO SCAN FOR ‘FOR/NEXT’ DATA ON STACK 
9967 2704             (     newbasic.asm):01526                   BEQ  LB10C          BRANCH IF DATA FOUND 
9969 C600             (     newbasic.asm):01527                   LDB  #0             ‘NEXT WITHOUT FOR’ ERROR (SHOULD BE CLRB) 
996B 204E             (     newbasic.asm):01528         LB10A     BRA  LB153          PROCESS ERROR 
996D 1F14             (     newbasic.asm):01529         LB10C     TFR  X,S            POINT S TO START OF ‘FOR/NEXT’ DATA 
996F 3003             (     newbasic.asm):01530                   LEAX 3,X            POINT X TO FP VALUE OF STEP 
9971 BDE73A           (     newbasic.asm):01531                   JSR  LBC14          COPY A FP NUMBER FROM (X) TO FPA0 
9974 A668             (     newbasic.asm):01532                   LDA  8,S            GET THE DIRECTION OF STEP 
9976 B71057           (     newbasic.asm):01533                   STA  FP0SGN         SAVE IT AS THE SIGN OF FPA0 
9979 BE103E           (     newbasic.asm):01534                   LDX  VARDES         POINT (X) TO INDEX VARIABLE DESCRIPTOR 
997C BDE451           (     newbasic.asm):01535                   JSR  LB9C2          ADD (X) TO FPA0 (STEP TO INDEX) 
997F BDE75E           (     newbasic.asm):01536                   JSR  LBC33          PACK FPA0 AND STORE IT IN ADDRESS 
                      (     newbasic.asm):01537         ;                             CONTAINED IN VARDES 
9982 3069             (     newbasic.asm):01538                   LEAX 9,S            POINT (X) TO TERMINAL VALUE OF INDEX 
9984 BDE7E2           (     newbasic.asm):01539                   JSR  LBC96          COMPARE CURRENT INDEX VALUE TO TERMINAL VALUE OF INDEX 
9987 E068             (     newbasic.asm):01540                   SUBB 8,S            ACCB = 0 IF TERMINAL VALUE=CURRENT VALUE AND STEP=0 OR IF 
                      (     newbasic.asm):01541         ;                             STEP IS POSITIVE AND CURRENT VALUE>TERMINAL VALUE OR 
                      (     newbasic.asm):01542         ;                             STEP IS NEGATIVE AND CURRENT VALUE<TERMINAL VALUE 
9989 270E             (     newbasic.asm):01543                   BEQ  LB134          BRANCH IF ‘FOR/NEXT’ LOOP DONE 
998B AE6E             (     newbasic.asm):01544                   LDX  14,S           * GET LINE NUMBER AND 
998D BF106B           (     newbasic.asm):01545                   STX  CURLIN         * BASIC POINTER OF 
9990 AEE810           (     newbasic.asm):01546                   LDX  16,S           * STATEMENT FOLLOWING THE 
9993 BF1086           (     newbasic.asm):01547                   STX  CHARAD         * PROPER FOR STATEMENT 
9996 7E95A3           (     newbasic.asm):01548         LB131     JMP  LAD9E          JUMP BACK TO COMMAND INTEPR. LOOP 
9999 32E812           (     newbasic.asm):01549         LB134     LEAS 18,S           PULL THE ‘FOR-NEXT’ DATA OFF THE STACK 
999C BD1085           (     newbasic.asm):01550                   JSR  GETCCH         GET CURRENT INPUT CHARACTER 
999F 812C             (     newbasic.asm):01551                   CMPA #',            CHECK FOR ANOTHER ARGUMENT 
99A1 26F3             (     newbasic.asm):01552                   BNE  LB131          RETURN IF NONE 
99A3 BD107F           (     newbasic.asm):01553                   JSR  GETNCH         GET NEXT CHARACTER FROM BASIC 
99A6 8DB6             (     newbasic.asm):01554                   BSR  LB0FE          BSR SIMULATES A CALL TO ‘NEXT’ FROM COMMAND LOOP 
                      (     newbasic.asm):01555                                        
                      (     newbasic.asm):01556                                        
99A8 8D14             (     newbasic.asm):01557         LB141     BSR  LB156          EVALUATE EXPRESSION AND DO A TYPE CHECK FOR NUMERIC 
99AA 1CFE             (     newbasic.asm):01558         LB143     ANDCC #$FE           CLEAR CARRY FLAG 
99AC 7D               (     newbasic.asm):01559         LB145     FCB  $7D            OP CODE OF TST $1A01 - SKIP TWO BYTES (DO 
                      (     newbasic.asm):01560         ;              NOT CHANGE CARRY FLAG)  
99AD 1A01             (     newbasic.asm):01561         LB146     ORCC #1             SET CARRY 
                      (     newbasic.asm):01562                                        
                      (     newbasic.asm):01563         ; STRING TYPE MODE CHECK - IF ENTERED AT LB146 THEN VALTYP PLUS IS 'TM' ERROR                      
                      (     newbasic.asm):01564         ; NUMERIC TYPE MODE CHECK - IF ENTERED AT LB143 THEN VALTYP MINUS IS 'TM' ERROR                      
                      (     newbasic.asm):01565         ; IF ENTERED AT LB148, A TYPE CHECK IS DONE ON VALTYP                      
                      (     newbasic.asm):01566         ; IF ENTERED WITH CARRY SET, THEN 'TM' ERROR IF NUMERIC                      
                      (     newbasic.asm):01567         ; IF ENTERED WITH CARRY CLEAR, THEN 'TM' ERROR IF STRING.                      
99AF 7D1009           (     newbasic.asm):01568         LB148     TST  VALTYP         TEST TYPE FLAG; DO NOT CHANGE CARRY 
99B2 2503             (     newbasic.asm):01569                   BCS  LB14F          BRANCH IF STRING 
99B4 2A90             (     newbasic.asm):01570                   BPL  LB0E7          RETURN ON PLUS 
99B6 8C               (     newbasic.asm):01571                   FCB  SKP2           SKIP 2 BYTES - ‘TM’ ERROR 
99B7 2B8D             (     newbasic.asm):01572         LB14F     BMI  LB0E7          RETURN ON MINUS 
99B9 C618             (     newbasic.asm):01573                   LDB  #12*2          ‘TYPE M1SMATCH’ ERROR 
99BB 7E943A           (     newbasic.asm):01574         LB153     JMP  LAC46          PROCESS ERROR 
                      (     newbasic.asm):01575         ; EVALUATE EXPRESSION                      
99BE 8D7A             (     newbasic.asm):01576         LB156     BSR  LB1C6          BACK UP INPUT POINTER 
99C0 4F               (     newbasic.asm):01577         LB158     CLRA                END OF OPERATION PRECEDENCE FLAG 
99C1 8C               (     newbasic.asm):01578                   FCB  SKP2           SKIP TWO BYTES 
99C2 3404             (     newbasic.asm):01579         LB15A     PSHS B              SAVE FLAG (RELATIONAL OPERATOR FLAG) 
99C4 3402             (     newbasic.asm):01580                   PSHS A              SAVE FLAG (PRECEDENCE FLAG) 
99C6 C601             (     newbasic.asm):01581                   LDB  #1             * 
99C8 BD9424           (     newbasic.asm):01582                   JSR  LAC33          * SEE IF ROOM IN FREE RAM FOR (B) WORDS 
99CB BD9AA7           (     newbasic.asm):01583                   JSR  LB223          GO EVALUATE AN EXPRESSION 
99CE 7F1042           (     newbasic.asm):01584                   CLR  TRELFL         RESET RELATIONAL OPERATOR FLAG 
99D1 BD1085           (     newbasic.asm):01585         LB168     JSR  GETCCH         GET CURRENT INPUT CHARACTER 
                      (     newbasic.asm):01586         ; CHECK FOR RELATIONAL OPERATORS                      
99D4 80AD             (     newbasic.asm):01587         LB16A     SUBA #TOK_GREATER   TOKEN FOR > 
99D6 2517             (     newbasic.asm):01588                   BCS  LB181          BRANCH IF LESS THAN RELATIONAL OPERATORS 
99D8 8103             (     newbasic.asm):01589                   CMPA #3             * 
99DA 2413             (     newbasic.asm):01590                   BCC  LB181          * BRANCH IF GREATER THAN RELATIONAL OPERATORS 
99DC 8101             (     newbasic.asm):01591                   CMPA #1             SET CARRY IF ‘>‘ 
99DE 49               (     newbasic.asm):01592                   ROLA                CARRY TO BIT 0 
99DF B81042           (     newbasic.asm):01593                   EORA TRELFL         * CARRY SET IF 
99E2 B11042           (     newbasic.asm):01594                   CMPA TRELFL         * TRELFL = ACCA 
99E5 256E             (     newbasic.asm):01595                   BCS  LB1DF          BRANCH IF SYNTAX ERROR : == << OR >> 
99E7 B71042           (     newbasic.asm):01596                   STA  TRELFL         BIT 0: >, BIT 1 =, BIT 2: < 
99EA BD107F           (     newbasic.asm):01597                   JSR  GETNCH         GET AN INPUT CHARACTER 
99ED 20E5             (     newbasic.asm):01598                   BRA  LB16A          CHECK FOR ANOTHER RELATIONAL OPERATOR 
                      (     newbasic.asm):01599         ;                              
99EF F61042           (     newbasic.asm):01600         LB181     LDB  TRELFL         GET RELATIONAL OPERATOR FLAG 
99F2 2635             (     newbasic.asm):01601                   BNE  LB1B8          BRANCH IF RELATIONAL COMPARISON 
99F4 10240076         (     newbasic.asm):01602                   LBCC LB1F4          BRANCH IF > RELATIONAL OPERATOR 
99F8 8B07             (     newbasic.asm):01603                   ADDA #7             SEVEN ARITHMETIC/LOGICAL OPERATORS 
99FA 2472             (     newbasic.asm):01604                   BCC  LB1F4          BRANCH IF NOT ARITHMETIC/LOGICAL OPERATOR 
99FC B91009           (     newbasic.asm):01605                   ADCA VALTYP         ADD CARRY, NUMERIC FLAG AND MODIFIED TOKEN NUMBER 
99FF 1027052B         (     newbasic.asm):01606                   LBEQ LB60F          BRANCH IF VALTYP = FF, AND ACCA = ‘+‘ TOKEN - 
                      (     newbasic.asm):01607         ;                             CONCATENATE TWO STRINGS 
9A03 89FF             (     newbasic.asm):01608                   ADCA #-1            RESTORE ARITHMETIC/LOGICAL OPERATOR NUMBER 
9A05 3402             (     newbasic.asm):01609                   PSHS A              * STORE OPERATOR NUMBER ON STACK; MULTIPLY IT BY 2 
9A07 48               (     newbasic.asm):01610                   ASLA                * THEN ADD THE STORED STACK DATA = MULTIPLY 
9A08 ABE0             (     newbasic.asm):01611                   ADDA ,S+            * X 3; 3 BYTE/TABLE ENTRY 
9A0A 8E9230           (     newbasic.asm):01612                   LDX  #LAA51         JUMP TABLE FOR ARITHMETIC & LOGICAL OPERATORS 
9A0D 3086             (     newbasic.asm):01613                   LEAX A,X            POINT X TO PROPER TABLE 
9A0F 3502             (     newbasic.asm):01614         LB19F     PULS A              GET PRECEDENCE FLAG FROM STACK 
9A11 A184             (     newbasic.asm):01615                   CMPA ,X             COMPARE TO CURRENT OPERATOR 
9A13 2460             (     newbasic.asm):01616                   BCC  LB1FA          BRANCH IF STACK OPERATOR > CURRENT OPERATOR 
9A15 8D93             (     newbasic.asm):01617                   BSR  LB143          ‘TM’ ERROR IF VARIABLE TYPE = STRING 
                      (     newbasic.asm):01618                                        
                      (     newbasic.asm):01619         ; OPERATION BEING PROCESSED IS OF HIGHER PRECEDENCE THAN THE PREVIOUS OPERATION.                      
9A17 3402             (     newbasic.asm):01620         LB1A7     PSHS A              SAVE PRECEDENCE FLAG 
9A19 8D2E             (     newbasic.asm):01621                   BSR  LB1D4          PUSH OPERATOR ROUTINE ADDRESS AND FPA0 ONTO STACK 
9A1B BE1040           (     newbasic.asm):01622                   LDX  RELPTR         GET POINTER TO ARITHMETIC/LOGICAL TABLE ENTRY FOR 
                      (     newbasic.asm):01623         ;                             LAST CALCULATED OPERATION 
9A1E 3502             (     newbasic.asm):01624                   PULS A              GET PRECEDENCE FLAG OF PREVIOUS OPERATION 
9A20 2621             (     newbasic.asm):01625                   BNE  LB1CE          BRANCH IF NOT END OF OPERATION 
9A22 4D               (     newbasic.asm):01626                   TSTA                CHECK TYPE OF PRECEDENCE FLAG 
9A23 1027007C         (     newbasic.asm):01627                   LBEQ LB220          BRANCH IF END OF EXPRESSION OR SUB-EXPRESSION 
9A27 2056             (     newbasic.asm):01628                   BRA  LB203          EVALUATE AN OPERATION 
                      (     newbasic.asm):01629                                        
9A29 781009           (     newbasic.asm):01630         LB1B8     ASL  VALTYP         BIT 7 OF TYPE FLAG TO CARRY 
9A2C 59               (     newbasic.asm):01631                   ROLB                SHIFT RELATIONAL FLAG LEFT - VALTYP TO BIT 0 
9A2D 8D0B             (     newbasic.asm):01632                   BSR  LB1C6          MOVE THE INPUT POINTER BACK ONE 
9A2F 8E9A40           (     newbasic.asm):01633                   LDX  #LB1CB         POINT X TO RELATIONAL COMPARISON JUMP TABLE 
9A32 F71042           (     newbasic.asm):01634                   STB  TRELFL         SAVE RELATIONAL COMPARISON DATA 
9A35 7F1009           (     newbasic.asm):01635                   CLR  VALTYP         SET VARIABLE TYPE TO NUMERIC 
9A38 20D5             (     newbasic.asm):01636                   BRA  LB19F          PERFORM OPERATION OR SAVE ON STACK 
                      (     newbasic.asm):01637                                        
9A3A BE1086           (     newbasic.asm):01638         LB1C6     LDX  CHARAD         * GET BASIC’S INPUT POINTER AND 
9A3D 7E96F8           (     newbasic.asm):01639                   JMP  LAEBB          * MOVE IT BACK ONE 
                      (     newbasic.asm):01640         ; RELATIONAL COMPARISON JUMP TABLE                      
9A40 64               (     newbasic.asm):01641         LB1CB     FCB  $64            RELATIONAL COMPARISON FLAG 
9A41 9B85             (     newbasic.asm):01642         LB1CC     FDB  LB2F4          JUMP ADDRESS 
                      (     newbasic.asm):01643                                        
9A43 A184             (     newbasic.asm):01644         LB1CE     CMPA ,X             COMPARE PRECEDENCE OF LAST DONE OPERATION TO 
                      (     newbasic.asm):01645         ;         NEXT TO BE DONE OPERATION  
9A45 2438             (     newbasic.asm):01646                   BCC  LB203          EVALUATE OPERATION IF LOWER PRECEDENCE 
9A47 20CE             (     newbasic.asm):01647                   BRA  LB1A7          PUSH OPERATION DATA ON STACK IF HIGHER PRECEDENCE 
                      (     newbasic.asm):01648                                        
                      (     newbasic.asm):01649         ; PUSH OPERATOR EVALUATION ADDRESS AND FPA0 ONTO STACK AND EVALUATE ANOTHER EXPR                      
9A49 EC01             (     newbasic.asm):01650         LB1D4     LDD  1,X            GET ADDRESS OF OPERATOR ROUTINE 
9A4B 3406             (     newbasic.asm):01651                   PSHS B,A            SAVE IT ON THE STACK 
9A4D 8D09             (     newbasic.asm):01652                   BSR  LB1E2          PUSH FPA0 ONTO STACK 
9A4F F61042           (     newbasic.asm):01653                   LDB  TRELFL         GET BACK RELATIONAL OPERATOR FLAG 
9A52 16FF6D           (     newbasic.asm):01654                   LBRA LB15A          EVALUATE ANOTHER EXPRESSION 
9A55 7E9B01           (     newbasic.asm):01655         LB1DF     JMP  LB277          ‘SYNTAX ERROR’ 
                      (     newbasic.asm):01656         ; PUSH FPA0 ONTO THE STACK. ,S   = EXPONENT      
                      (     newbasic.asm):01657         ; 1-2,S =HIGH ORDER MANTISSA 3-4,S = LOW ORDER MANTISSA  
                      (     newbasic.asm):01658         ; 5,S = SIGN RETURN WITH PRECEDENCE CODE IN ACCA  
9A58 F61057           (     newbasic.asm):01659         LB1E2     LDB  FP0SGN         GET SIGN OF FPA0 MANTISSA 
9A5B A684             (     newbasic.asm):01660                   LDA  ,X             GET PRECEDENCE CODE TO ACCA 
9A5D 3520             (     newbasic.asm):01661         LB1E6     PULS Y              GET RETURN ADDRESS FROM STACK & PUT IT IN Y 
9A5F 3404             (     newbasic.asm):01662                   PSHS B              SAVE ACCB ON STACK 
9A61 F61052           (     newbasic.asm):01663         LB1EA     LDB  FP0EXP         * PUSH FPA0 ONTO THE STACK 
9A64 BE1053           (     newbasic.asm):01664                   LDX  FPA0           * 
9A67 FE1055           (     newbasic.asm):01665                   LDU  FPA0+2         * 
9A6A 3454             (     newbasic.asm):01666                   PSHS U,X,B          * 
9A6C 6EA4             (     newbasic.asm):01667                   JMP  ,Y             JUMP TO ADDRESS IN Y 
                      (     newbasic.asm):01668                                        
                      (     newbasic.asm):01669         ; BRANCH HERE IF NON-OPERATOR CHARACTER FOUND - USUALLY ‘)‘ OR END OF LINE                      
9A6E BE1077           (     newbasic.asm):01670         LB1F4     LDX  ZERO           POINT X TO DUMMY VALUE (ZERO) 
9A71 A6E0             (     newbasic.asm):01671                   LDA  ,S+            GET PRECEDENCE FLAG FROM STACK 
9A73 272E             (     newbasic.asm):01672                   BEQ  LB220          BRANCH IF END OF EXPRESSION 
9A75 8164             (     newbasic.asm):01673         LB1FA     CMPA #$64           * CHECK FOR RELATIONAL COMPARISON FLAG 
9A77 2703             (     newbasic.asm):01674                   BEQ  LB201          * AND BRANCH IF RELATIONAL COMPARISON 
9A79 BD99AA           (     newbasic.asm):01675                   JSR  LB143          ‘TM’ ERROR IF VARIABLE TYPE = STRING 
9A7C BF1040           (     newbasic.asm):01676         LB201     STX  RELPTR         SAVE POINTER TO OPERATOR ROUTINE 
9A7F 3504             (     newbasic.asm):01677         LB203     PULS B              GET RELATIONAL OPERATOR FLAG FROM STACK 
9A81 815A             (     newbasic.asm):01678                   CMPA #$5A           CHECK FOR ‘NOT’ OPERATOR 
9A83 2721             (     newbasic.asm):01679                   BEQ  LB222          RETURN IF ‘NOT’ - NO RELATIONAL COMPARISON 
9A85 817D             (     newbasic.asm):01680                   CMPA #$7D           CHECK FOR NEGATION (UNARY) FLAG 
9A87 271D             (     newbasic.asm):01681                   BEQ  LB222          RETURN IF NEGATION - NO RELATIONAL COMPARISON 
                      (     newbasic.asm):01682                                        
                      (     newbasic.asm):01683         ; EVALUATE AN OPERATION. EIGHT BYTES WILL BE STORED ON STACK, FIRST SIX BYTES                      
                      (     newbasic.asm):01684         ; ARE A TEMPORARY FLOATING POINT RESULT THEN THE ADDRESS OF ROUTINE WHICH                      
                      (     newbasic.asm):01685         ; WILL EVALUATE THE OPERATION. THE RTS AT END OF ROUTINE WILL VECTOR                      
                      (     newbasic.asm):01686         ; TO EVALUATING ROUTINE.                      
9A89 54               (     newbasic.asm):01687                   LSRB                = ROTATE VALTYP BIT INTO CARRY 
9A8A F7100D           (     newbasic.asm):01688                   STB  RELFLG         = FLAG AND SAVE NEW RELFLG 
9A8D 3552             (     newbasic.asm):01689                   PULS A,X,U          * PULL A FP VALUE OFF OF THE STACK 
9A8F B7105F           (     newbasic.asm):01690                   STA  FP1EXP         * AND SAVE IT IN FPA1 
9A92 BF1060           (     newbasic.asm):01691                   STX  FPA1           * 
9A95 FF1062           (     newbasic.asm):01692                   STU  FPA1+2         * 
9A98 3504             (     newbasic.asm):01693                   PULS B              = GET MANTISSA SIGN AND 
9A9A F71064           (     newbasic.asm):01694                   STB  FP1SGN         = SAVE IT IN FPA1 
9A9D F81057           (     newbasic.asm):01695                   EORB FP0SGN         EOR IT WITH FPA1 MANTISSA SIGN 
9AA0 F71065           (     newbasic.asm):01696                   STB  RESSGN         SAVE IT IN RESULT SIGN BYTE 
9AA3 F61052           (     newbasic.asm):01697         LB220     LDB  FP0EXP         GET EXPONENT OF FPA0 
9AA6 39               (     newbasic.asm):01698         LB222     RTS                  
                      (     newbasic.asm):01699                                        
9AA7 BDF099           (     newbasic.asm):01700         LB223     JSR  XVEC15         CALL EXTENDED BASIC ADD-IN 
9AAA 7F1009           (     newbasic.asm):01701                   CLR  VALTYP         INITIALIZE TYPE FLAG TO NUMERIC 
9AAD BD107F           (     newbasic.asm):01702                   JSR  GETNCH         GET AN INPUT CHAR 
9AB0 2403             (     newbasic.asm):01703                   BCC  LB22F          BRANCH IF NOT NUMERIC 
9AB2 7EE877           (     newbasic.asm):01704         LB22C     JMP  LBD12          CONVERT ASCII STRING TO FLOATING POINT - 
                      (     newbasic.asm):01705         ;         RETURN RESULT IN FPA0  
                      (     newbasic.asm):01706         ; PROCESS A NON NUMERIC FIRST CHARACTER                      
9AB5 BD9C51           (     newbasic.asm):01707         LB22F     JSR  LB3A2          SET CARRY IF NOT ALPHA 
9AB8 2454             (     newbasic.asm):01708                   BCC  LB284          BRANCH IF ALPHA CHARACTER 
9ABA 812E             (     newbasic.asm):01709                   CMPA #'.            IS IT ‘.‘ (DECIMAL POINT)? 
9ABC 27F4             (     newbasic.asm):01710                   BEQ  LB22C          CONVERT ASCII STRING TO FLOATING POINT 
9ABE 81A7             (     newbasic.asm):01711                   CMPA #TOK_MINUS     MINUS TOKEN 
9AC0 2744             (     newbasic.asm):01712                   BEQ  LB27C          YES - GO PROCESS THE MINUS OPERATOR 
9AC2 81A6             (     newbasic.asm):01713                   CMPA #TOK_PLUS      PLUS TOKEN 
9AC4 27E1             (     newbasic.asm):01714                   BEQ  LB223          YES - GET ANOTHER CHARACTER 
9AC6 8122             (     newbasic.asm):01715                   CMPA #'"            STRING DELIMITER? 
9AC8 260D             (     newbasic.asm):01716                   BNE  LB24E          NO 
9ACA BE1086           (     newbasic.asm):01717         LB244     LDX  CHARAD         CURRENT BASIC POINTER TO X 
9ACD BD9E05           (     newbasic.asm):01718                   JSR  LB518          SAVE STRING ON STRING STACK 
9AD0 BE1067           (     newbasic.asm):01719         LB249     LDX  COEFPT         * GET ADDRESS OF END OF STRING AND 
9AD3 BF1086           (     newbasic.asm):01720                   STX  CHARAD         * PUT BASIC’S INPUT POINTER THERE 
9AD6 39               (     newbasic.asm):01721                   RTS                  
9AD7 81A3             (     newbasic.asm):01722         LB24E     CMPA #TOK_NOT       NOT TOKEN? 
9AD9 260D             (     newbasic.asm):01723                   BNE  LB25F          NO 
                      (     newbasic.asm):01724         ; PROCESS THE NOT OPERATOR                      
9ADB 865A             (     newbasic.asm):01725                   LDA  #$5A           ‘NOT’ PRECEDENCE FLAG 
9ADD BD99C2           (     newbasic.asm):01726                   JSR  LB15A          PROCESS OPERATION FOLLOWING ‘NOT’ 
9AE0 BD9CAA           (     newbasic.asm):01727                   JSR  INTCNV         CONVERT FPA0 TO INTEGER IN ACCD 
9AE3 43               (     newbasic.asm):01728                   COMA                * ‘NOT’ THE INTEGER 
9AE4 53               (     newbasic.asm):01729                   COMB                * 
9AE5 7E9DDC           (     newbasic.asm):01730                   JMP  GIVABF         CONVERT ACCD TO FLOATING POINT (FPA0) 
9AE8 4C               (     newbasic.asm):01731         LB25F     INCA                CHECK FOR TOKENS PRECEEDED BY $FF 
9AE9 2731             (     newbasic.asm):01732                   BEQ  LB290          IT WAS PRECEEDED BY $FF 
9AEB 8D06             (     newbasic.asm):01733         LB262     BSR  LB26A          SYNTAX CHECK FOR A ‘(‘ 
9AED BD99BE           (     newbasic.asm):01734                   JSR  LB156          EVALUATE EXPRESSIONS WITHIN PARENTHESES AT 
                      (     newbasic.asm):01735         ;         HIGHEST PRECEDENCE      
9AF0 C629             (     newbasic.asm):01736         LB267     LDB  #')            SYNTAX CHECK FOR ‘)‘ 
9AF2 8C               (     newbasic.asm):01737                   FCB  SKP2           SKIP 2 BYTES 
9AF3 C628             (     newbasic.asm):01738         LB26A     LDB  #'(            SYNTAX CHECK FOR ‘(‘ 
9AF5 8C               (     newbasic.asm):01739                   FCB  SKP2           SKIP 2 BYTES 
9AF6 C62C             (     newbasic.asm):01740         LB26D     LDB  #',            SYNTAX CHECK FOR COMMA 
9AF8 E19F1086         (     newbasic.asm):01741         LB26F     CMPB [CHARAD]       * COMPARE ACCB TO CURRENT INPUT 
9AFC 2603             (     newbasic.asm):01742                   BNE  LB277          * CHARACTER - SYNTAX ERROR IF NO MATCH 
9AFE 7E107F           (     newbasic.asm):01743                   JMP  GETNCH         GET A CHARACTER FROM BASIC 
9B01 C602             (     newbasic.asm):01744         LB277     LDB  #2*1           SYNTAX ERROR 
9B03 7E943A           (     newbasic.asm):01745                   JMP  LAC46          JUMP TO ERROR HANDLER 
                      (     newbasic.asm):01746                                        
                      (     newbasic.asm):01747         ; PROCESS THE MINUS (UNARY) OPERATOR                      
9B06 867D             (     newbasic.asm):01748         LB27C     LDA  #$7D           MINUS (UNARY) PRECEDENCE FLAG 
9B08 BD99C2           (     newbasic.asm):01749                   JSR  LB15A          PROCESS OPERATION FOLLOWING ‘UNARY’ NEGATION 
9B0B 7EEA82           (     newbasic.asm):01750                   JMP  LBEE9          CHANGE SIGN OF FPA0 MANTISSA 
                      (     newbasic.asm):01751                                        
                      (     newbasic.asm):01752         ; EVALUATE ALPHA EXPRESSION                      
9B0E BD9BF7           (     newbasic.asm):01753         LB284     JSR  LB357          FIND THE DESCRIPTOR ADDRESS OF A VARIABLE 
9B11 BF1055           (     newbasic.asm):01754         LB287     STX  FPA0+2         SAVE DESCRIPTOR ADDRESS IN FPA0 
9B14 B61009           (     newbasic.asm):01755                   LDA  VALTYP         TEST VARIABLE TYPE 
9B17 268D             (     newbasic.asm):01756                   BNE  LB222          RETURN IF STRING 
9B19 7EE73A           (     newbasic.asm):01757                   JMP  LBC14          COPY A FP NUMBER FROM (X) TO FPA0 
                      (     newbasic.asm):01758                                        
                      (     newbasic.asm):01759         ; EVALUATING A SECONDARY TOKEN                      
9B1C BD107F           (     newbasic.asm):01760         LB290     JSR  GETNCH         GET AN INPUT CHARACTER (SECONDARY TOKEN) 
9B1F 1F89             (     newbasic.asm):01761                   TFR  A,B            SAVE IT IN ACCB 
9B21 58               (     newbasic.asm):01762                   ASLB                X2 & BET RID OF BIT 7 
9B22 BD107F           (     newbasic.asm):01763                   JSR  GETNCH         GET ANOTHER INPUT CHARACTER 
                      (     newbasic.asm):01764         ;          CMPB #NUM_SEC_FNS-1*2 29 SECONDARY FUNCTIONS - 1     * original line
9B25 C138             (     newbasic.asm):01765                   CMPB #(NUM_SEC_FNS-1)*2   * 29 SECONDARY FUNCTIONS - 1  ; fix for lwtools
9B27 2303             (     newbasic.asm):01766                   BLS  LB29F          BRANCH IF COLOR BASIC TOKEN 
9B29 7E9B01           (     newbasic.asm):01767                   JMP  LB277          SYNTAX ERROR 
9B2C 3404             (     newbasic.asm):01768         LB29F     PSHS B              SAVE TOKEN OFFSET ON STACK 
                      (     newbasic.asm):01769         ;          CMPB #TOK_LEFT-$80*2 CHECK FOR TOKEN WITH AN ARGUMENT * original line  
9B2E C12A             (     newbasic.asm):01770                   CMPB #(TOK_LEFT-$80)*2 CHECK FOR TOKEN WITH AN ARGUMENT ; fix for lwtools
9B30 251F             (     newbasic.asm):01771                   BCS  LB2C7          DO SECONDARIES STRING$ OR LESS 
                      (     newbasic.asm):01772         ;          CMPB #TOK_INKEY-$80*2 *                               * original line
9B32 C130             (     newbasic.asm):01773                   CMPB #(TOK_INKEY-$80)*2 *                             ; fix for lwtools
9B34 241D             (     newbasic.asm):01774                   BCC  LB2C9          * DO SECONDARIES $92 (INKEY$) OR > 
9B36 8DBB             (     newbasic.asm):01775                   BSR  LB26A          SYNTAX CHECK FOR A ‘(‘ 
9B38 A6E4             (     newbasic.asm):01776                   LDA  ,S             GET TOKEN NUMBER 
                      (     newbasic.asm):01777         ; DO SECONDARIES (LEFT$, RIGHT$, MID$)                      
9B3A BD99BE           (     newbasic.asm):01778                   JSR  LB156          EVALUATE FIRST STRING IN ARGUMENT 
9B3D 8DB7             (     newbasic.asm):01779                   BSR  LB26D          SYNTAX CHECK FOR A COMMA 
9B3F BD99AD           (     newbasic.asm):01780                   JSR  LB146          ‘TM’ ERROR IF NUMERIC VARiABLE 
9B42 3502             (     newbasic.asm):01781                   PULS A              GET TOKEN OFFSET FROM STACK 
9B44 FE1055           (     newbasic.asm):01782                   LDU  FPA0+2         POINT U TO STRING DESCRIPTOR 
9B47 3442             (     newbasic.asm):01783                   PSHS U,A            SAVE TOKEN OFFSET AND DESCRIPTOR ADDRESS 
9B49 BDA042           (     newbasic.asm):01784                   JSR  LB70B          EVALUATE FIRST NUMERIC ARGUMENT 
9B4C 3502             (     newbasic.asm):01785                   PULS A              GET TOKEN OFFSET FROM STACK 
9B4E 3406             (     newbasic.asm):01786                   PSHS B,A            SAVE TOKEN OFFSET AND NUMERIC ARGUMENT 
9B50 8E               (     newbasic.asm):01787                   FCB  $8E            OP CODE OF LDX# - SKlP 2 BYTES 
9B51 8D98             (     newbasic.asm):01788         LB2C7     BSR  LB262          SYNTAX CHECK FOR A ‘(‘ 
9B53 3504             (     newbasic.asm):01789         LB2C9     PULS B              GET TOKEN OFFSET 
9B55 BE9110           (     newbasic.asm):01790                   LDX  COMVEC+8       GET SECONDARY FUNCTION JUMP TABLE ADDRESS 
9B58 3A               (     newbasic.asm):01791         LB2CE     ABX                 ADD IN COMMAND OFFSET 
                      (     newbasic.asm):01792         ;                              
                      (     newbasic.asm):01793         ; HERE IS WHERE WE BRANCH TO A SECONDARY FUNCTION                      
9B59 AD94             (     newbasic.asm):01794                   JSR  [,X]           GO DO AN SECONDARY FUNCTION 
9B5B 7E99AA           (     newbasic.asm):01795                   JMP  LB143          ‘TM’ ERROR IF VARIABLE TYPE = STRING 
                      (     newbasic.asm):01796                                        
                      (     newbasic.asm):01797         ; LOGICAL OPERATOR ‘OR’ JUMPS HERE                      
9B5E 86               (     newbasic.asm):01798         LB2D4     FCB  SKP1LD         SKIP ONE BYTE - ‘OR’ FLAG = $4F 
                      (     newbasic.asm):01799                                        
                      (     newbasic.asm):01800         ; LOGICAL OPERATOR ‘AND’ JUMPS HERE                      
9B5F 4F               (     newbasic.asm):01801         LB2D5     CLRA                AND FLAG = 0 
9B60 B71006           (     newbasic.asm):01802                   STA  TMPLOC         AND/OR FLAG 
9B63 BD9CAA           (     newbasic.asm):01803                   JSR  INTCNV         CONVERT FPA0 INTO AN INTEGER IN ACCD 
9B66 FD1004           (     newbasic.asm):01804                   STD  CHARAC         TEMP SAVE ACCD 
9B69 BDE77B           (     newbasic.asm):01805                   JSR  LBC4A          MOVE FPA1 TO FPA0 
9B6C BD9CAA           (     newbasic.asm):01806                   JSR  INTCNV         CONVERT FPA0 INTO AN INTEGER IN ACCD 
9B6F 7D1006           (     newbasic.asm):01807                   TST  TMPLOC         CHECK AND/OR FLAG 
9B72 2608             (     newbasic.asm):01808                   BNE  LB2ED          BRANCH IF OR 
9B74 B41004           (     newbasic.asm):01809                   ANDA CHARAC         * ‘AND’ ACCD WITH FPA0 INTEGER 
9B77 F41005           (     newbasic.asm):01810                   ANDB ENDCHR         * STORED IN ENDCHR 
9B7A 2006             (     newbasic.asm):01811                   BRA  LB2F1          CONVERT TO FP 
9B7C BA1004           (     newbasic.asm):01812         LB2ED     ORA  CHARAC         * ‘OR’ ACCD WITH FPA0 INTEGER 
9B7F FA1005           (     newbasic.asm):01813                   ORB  ENDCHR         * STORED IN CHARAC 
9B82 7E9DDC           (     newbasic.asm):01814         LB2F1     JMP  GIVABF         CONVERT THE VALUE IN ACCD INTO A FP NUMBER 
                      (     newbasic.asm):01815                                        
                      (     newbasic.asm):01816         ; RELATIONAL COMPARISON PROCESS HANDLER                      
9B85 BD99AF           (     newbasic.asm):01817         LB2F4     JSR  LB148          ‘TM’ ERROR IF TYPE MISMATCH 
9B88 2613             (     newbasic.asm):01818                   BNE  LB309          BRANCH IF STRING VARIABLE 
9B8A B61064           (     newbasic.asm):01819                   LDA  FP1SGN         * ‘PACK’ THE MANTISSA 
9B8D 8A7F             (     newbasic.asm):01820                   ORA  #$7F           * SIGN OF FPA1 INTO 
9B8F B41060           (     newbasic.asm):01821                   ANDA FPA1           * BIT 7 OF THE 
9B92 B71060           (     newbasic.asm):01822                   STA  FPA1           * MANTISSA MS BYTE 
9B95 8E105F           (     newbasic.asm):01823                   LDX  #FP1EXP        POINT X TO FPA1 
9B98 BDE7E2           (     newbasic.asm):01824                   JSR  LBC96          COMPARE FPA0 TO FPA1 
9B9B 2040             (     newbasic.asm):01825                   BRA  LB33F          CHECK TRUTH OF RELATIONAL COMPARISON 
                      (     newbasic.asm):01826                                        
                      (     newbasic.asm):01827         ; RELATIONAL COMPARISON OF STRINGS                      
9B9D 7F1009           (     newbasic.asm):01828         LB309     CLR  VALTYP         SET VARIABLE TYPE TO NUMERIC 
9BA0 7A1042           (     newbasic.asm):01829                   DEC  TRELFL         REMOVE STRING TYPE FLAG (BIT0=1 FOR STRINGS) FROM THE 
                      (     newbasic.asm):01830         ;                             DESIRED RELATIONAL COMPARISON DATA 
9BA3 BD9F7E           (     newbasic.asm):01831                   JSR  LB657          GET LENGTH AND ADDRESS OF STRING WHOSE 
                      (     newbasic.asm):01832         ;                             DESCRIPTOR ADDRESS IS IN THE BOTTOM OF FPA0 
9BA6 F71059           (     newbasic.asm):01833                   STB  STRDES         * SAVE LENGTH AND ADDRESS IN TEMPORARY 
9BA9 BF105B           (     newbasic.asm):01834                   STX  STRDES+2       * DESCRIPTOR (STRING B) 
9BAC BE1062           (     newbasic.asm):01835                   LDX  FPA1+2         = RETURN LENGTH AND ADDRESS OF STRING 
9BAF BD9F81           (     newbasic.asm):01836                   JSR  LB659          = WHOSE DESCRIPTOR ADDRESS IS STORED IN FPA1+2 
9BB2 B61059           (     newbasic.asm):01837                   LDA  STRDES         LOAD ACCA WITH LENGTH OF STRING B 
9BB5 3404             (     newbasic.asm):01838                   PSHS B              SAVE LENGTH A ON STACK 
9BB7 A0E0             (     newbasic.asm):01839                   SUBA ,S+            SUBTRACT LENGTH A FROM LENGTH B 
9BB9 2708             (     newbasic.asm):01840                   BEQ  LB328          BRANCH IF STRINGS OF EQUAL LENGTH 
9BBB 8601             (     newbasic.asm):01841                   LDA  #1             TRUE FLAG 
9BBD 2404             (     newbasic.asm):01842                   BCC  LB328          TRUE IF LENGTH B > LENGTH A 
9BBF F61059           (     newbasic.asm):01843                   LDB  STRDES         LOAD ACCB WITH LENGTH B 
9BC2 40               (     newbasic.asm):01844                   NEGA                SET FLAG = FALSE (1FF) 
9BC3 B71057           (     newbasic.asm):01845         LB328     STA  FP0SGN         SAVE TRUE/FALSE FLAG 
9BC6 FE105B           (     newbasic.asm):01846                   LDU  STRDES+2       POINT U TO START OF STRING 
9BC9 5C               (     newbasic.asm):01847                   INCB                COMPENSATE FOR THE DECB BELOW 
                      (     newbasic.asm):01848         ; ENTER WITH ACCB CONTAINING LENGTH OF SHORTER STRING                      
9BCA 5A               (     newbasic.asm):01849         LB32D     DECB                DECREMENT SHORTER STRING LENGTH 
9BCB 2605             (     newbasic.asm):01850                   BNE  LB334          BRANCH IF ALL OF STRING NOT COMPARED 
9BCD F61057           (     newbasic.asm):01851                   LDB  FP0SGN         GET TRUE/FALSE FLAB 
9BD0 200B             (     newbasic.asm):01852                   BRA  LB33F          CHECK TRUTH OF RELATIONAL COMPARISON 
9BD2 A680             (     newbasic.asm):01853         LB334     LDA  ,X+            GET A BYTE FROM STRING A 
9BD4 A1C0             (     newbasic.asm):01854                   CMPA ,U+            COMPARE TO STRING B 
9BD6 27F2             (     newbasic.asm):01855                   BEQ  LB32D          CHECK ANOTHER CHARACTER IF = 
9BD8 C6FF             (     newbasic.asm):01856                   LDB  #$FF           FALSE FLAG IF STRING A > B 
9BDA 2401             (     newbasic.asm):01857                   BCC  LB33F          BRANCH IF STRING A > STRING B 
9BDC 50               (     newbasic.asm):01858                   NEGB                SET FLAG = TRUE 
                      (     newbasic.asm):01859                                        
                      (     newbasic.asm):01860         ; DETERMINE TRUTH OF COMPARISON - RETURN RESULT IN FPA0                      
9BDD CB01             (     newbasic.asm):01861         LB33F     ADDB #1             CONVERT $FF,0,1 TO 0,1,2 
9BDF 59               (     newbasic.asm):01862                   ROLB                NOW IT’S 1,2,4 FOR > = < 
9BE0 F4100D           (     newbasic.asm):01863                   ANDB RELFLG         ‘AND’ THE ACTUAL COMPARISON WITH THE DESIRED - 
9BE3                  (     newbasic.asm):01864         COMPARISON                      
9BE3 2702             (     newbasic.asm):01865                   BEQ  LB348          BRANCH IF FALSE (NO MATCHING BITS) 
9BE5 C6FF             (     newbasic.asm):01866                   LDB  #$FF           TRUE FLAG 
9BE7 7EE7BF           (     newbasic.asm):01867         LB348     JMP  LBC7C          CONVERT ACCB INTO FP NUMBER IN FPA0 
                      (     newbasic.asm):01868                                        
                      (     newbasic.asm):01869         ; DIM                          
9BEA BD9AF6           (     newbasic.asm):01870         LB34B     JSR  LB26D          SYNTAX CHECK FOR COMMA 
9BED C601             (     newbasic.asm):01871         DIM       LDB  #1             DIMENSION FLAG 
9BEF 8D0A             (     newbasic.asm):01872                   BSR  LB35A          SAVE ARRAY SPACE FOR THIS VARIABLE 
9BF1 BD1085           (     newbasic.asm):01873                   JSR  GETCCH         GET CURRENT INPUT CHARACTER 
9BF4 26F4             (     newbasic.asm):01874                   BNE  LB34B          KEEP DIMENSIONING IF NOT END OF LINE 
9BF6 39               (     newbasic.asm):01875                   RTS                  
                      (     newbasic.asm):01876         ; EVALUATE A VARIABLE - RETURN X AND                      
                      (     newbasic.asm):01877         ; VARPTR POINTING TO VARIABLE DESCRIPTOR                      
                      (     newbasic.asm):01878         ; EACH VARIABLE REQUIRES 7 BYTES - THE FIRST TWO                      
                      (     newbasic.asm):01879         ; BYTES ARE THE VARIABLE NAME AND THE NEXT 5                      
                      (     newbasic.asm):01880         ; BYTES ARE THE DESCRIPTOR. IF BIT 7 OF THE                      
                      (     newbasic.asm):01881         ; FIRST BYTE OF VARlABLE NAME IS SET, THE                      
                      (     newbasic.asm):01882         ; VARIABLE IS A DEF FN VARIABLE. IF BIT 7 OF                      
                      (     newbasic.asm):01883         ; THE SECOND BYTE OF VARIABLE NAME IS SET, THE                      
                      (     newbasic.asm):01884         ; VARIABLE IS A STRING, OTHERWISE THE VARIABLE                      
                      (     newbasic.asm):01885         ; IS NUMERIC.                      
                      (     newbasic.asm):01886         ; IF THE VARIABLE IS NOT FOUND, A ZERO VARIABLE IS                      
                      (     newbasic.asm):01887         ; INSERTED INTO THE VARIABLE SPACE                      
9BF7 5F               (     newbasic.asm):01888         LB357     CLRB                DIMENSION FLAG = 0; DO NOT SET UP AN ARRAY 
9BF8 BD1085           (     newbasic.asm):01889                   JSR  GETCCH         GET CURRENT INPUT CHARACTER 
9BFB F71008           (     newbasic.asm):01890         LB35A     STB  DIMFLG         SAVE ARRAY FLAG 
                      (     newbasic.asm):01891         ; ENTRY POINT FOR DEF FN VARIABLE SEARCH                      
9BFE B7103A           (     newbasic.asm):01892         LB35C     STA  VARNAM         SAVE INPUT CHARACTER 
9C01 BD1085           (     newbasic.asm):01893                   JSR  GETCCH         GET CURRENT INPUT CHARACTER 
9C04 8D4B             (     newbasic.asm):01894                   BSR  LB3A2          SET CARRY IF NOT ALPHA 
9C06 1025FEF7         (     newbasic.asm):01895                   LBCS LB277          SYNTAX ERROR IF NOT ALPHA 
9C0A 5F               (     newbasic.asm):01896                   CLRB                DEFAULT 2ND VARIABLE CHARACTER TO ZERO 
9C0B F71009           (     newbasic.asm):01897                   STB  VALTYP         SET VARIABLE TYPE TO NUMERIC 
9C0E BD107F           (     newbasic.asm):01898                   JSR  GETNCH         GET ANOTHER CHARACTER FROM BASIC 
9C11 2504             (     newbasic.asm):01899                   BCS  LB371          BRANCH IF NUMERIC (2ND CHARACTER IN 
                      (     newbasic.asm):01900         ;                             VARIABLE MAY BE NUMERIC) 
9C13 8D3C             (     newbasic.asm):01901                   BSR  LB3A2          SET CARRY IF NOT ALPHA 
9C15 250B             (     newbasic.asm):01902                   BCS  LB37B          BRANCH IF NOT ALPHA 
9C17 1F89             (     newbasic.asm):01903         LB371     TFR  A,B            SAVE 2ND CHARACTER IN ACCB 
                      (     newbasic.asm):01904         ; READ INPUT CHARACTERS UNTIL A NON ALPHA OR                      
                      (     newbasic.asm):01905         ; NON NUMERIC IS FOUND - IGNORE ALL CHARACTERS                      
                      (     newbasic.asm):01906         ; IN VARIABLE NAME AFTER THE 1ST TWO                      
9C19 BD107F           (     newbasic.asm):01907         LB373     JSR  GETNCH         GET AN INPUT CHARACTER 
9C1C 25FB             (     newbasic.asm):01908                   BCS  LB373          BRANCH IF NUMERIC 
9C1E 8D31             (     newbasic.asm):01909                   BSR  LB3A2          SET CARRY IF NOT ALPHA 
9C20 24F7             (     newbasic.asm):01910                   BCC  LB373          BRANCH IF ALPHA 
9C22 8124             (     newbasic.asm):01911         LB37B     CMPA #'$            CHECK FOR A STRING VARIABLE 
9C24 2608             (     newbasic.asm):01912                   BNE  LB385          BRANCH IF IT IS NOT A STRING 
9C26 731009           (     newbasic.asm):01913                   COM  VALTYP         SET VARIABLE TYPE TO STRING 
9C29 CB80             (     newbasic.asm):01914                   ADDB #$80           SET BIT 7 OF 2ND CHARACTER (STRING) 
9C2B BD107F           (     newbasic.asm):01915                   JSR  GETNCH         GET AN INPUT CHARACTER 
9C2E F7103B           (     newbasic.asm):01916         LB385     STB  VARNAM+1       SAVE 2ND CHARACTER IN VARNAM+1 
9C31 BA100B           (     newbasic.asm):01917                   ORA  ARYDIS         OR IN THE ARRAY DISABLE FLAG - IF = $80, 
                      (     newbasic.asm):01918         ;              DON’T SEARCH FOR VARIABLES IN THE ARRAYS  
9C34 8028             (     newbasic.asm):01919                   SUBA #'(            IS THIS AN ARRAY VARIABLE? 
9C36 10270089         (     newbasic.asm):01920                   LBEQ LB404          BRANCH IF IT IS 
9C3A 7F100B           (     newbasic.asm):01921                   CLR  ARYDIS         RESET THE ARRAY DISABLE FLAG 
9C3D BE101E           (     newbasic.asm):01922                   LDX  VARTAB         POINT X TO THE START OF VARIABLES 
9C40 FC103A           (     newbasic.asm):01923                   LDD  VARNAM         GET VARIABLE IN QUESTION 
9C43 BC1020           (     newbasic.asm):01924         LB395     CMPX ARYTAB         COMPARE X TO THE END OF VARIABLES 
9C46 2712             (     newbasic.asm):01925                   BEQ  LB3AB          BRANCH IF END OF VARIABLES 
9C48 10A381           (     newbasic.asm):01926                   CMPD ,X++           * COMPARE VARIABLE IN QUESTION TO CURRENT 
9C4B 2749             (     newbasic.asm):01927                   BEQ  LB3DC          * VARIABLE AND BRANCH IF MATCH 
9C4D 3005             (     newbasic.asm):01928                   LEAX 5,X            = MOVE POINTER TO NEXT VARIABLE AND 
9C4F 20F2             (     newbasic.asm):01929                   BRA  LB395          = KEEP LOOKING 
                      (     newbasic.asm):01930                                        
                      (     newbasic.asm):01931         ; SET CARRY IF NOT UPPER CASE ALPHA                      
9C51 8141             (     newbasic.asm):01932         LB3A2     CMPA #'A            * CARRY SET IF < ‘A’ 
9C53 2504             (     newbasic.asm):01933                   BCS  LB3AA          * 
9C55 805B             (     newbasic.asm):01934                   SUBA #'Z+1          = 
                      (     newbasic.asm):01935         ;         SUBA #-('Z+1)       = CARRY CLEAR IF <= 'Z' 
9C57 80A5             (     newbasic.asm):01936                   FCB  $80,$A5         
9C59 39               (     newbasic.asm):01937         LB3AA     RTS                  
                      (     newbasic.asm):01938         ; PUT A NEW VARIABLE IN TABLE OF VARIABLES                      
9C5A 8E1077           (     newbasic.asm):01939         LB3AB     LDX  #ZERO          POINT X TO ZERO LOCATION 
9C5D EEE4             (     newbasic.asm):01940                   LDU  ,S             GET CURRENT RETURN ADDRESS 
9C5F 11839B11         (     newbasic.asm):01941                   CMPU #LB287         DID WE COME FROM ‘EVALUATE ALPHA EXPR’? 
9C63 2734             (     newbasic.asm):01942                   BEQ  LB3DE          YES - RETURN A ZERO VALUE 
9C65 FC1022           (     newbasic.asm):01943                   LDD  ARYEND         * GET END OF ARRAYS ADDRESS AND 
9C68 FD1046           (     newbasic.asm):01944                   STD  V43            * SAVE IT AT V43 
9C6B C30007           (     newbasic.asm):01945                   ADDD #7             = ADD 7 TO END OF ARRAYS (EACH 
9C6E FD1044           (     newbasic.asm):01946                   STD  V41            = VARIABLE = 7 BYTES) AND SAVE AT V41 
9C71 BE1020           (     newbasic.asm):01947                   LDX  ARYTAB         * GET END OF VARIABLES AND SAVE AT V47 
9C74 BF104A           (     newbasic.asm):01948                   STX  V47            * 
9C77 BD940B           (     newbasic.asm):01949                   JSR  LAC1E          MAKE A SEVEN BYTE SLOT FOR NEW VARIABLE AT 
                      (     newbasic.asm):01950         ;         TOP  OF VARIABLES    
9C7A BE1044           (     newbasic.asm):01951                   LDX  V41            = GET NEW END OF ARRAYS AND SAVE IT 
9C7D BF1022           (     newbasic.asm):01952                   STX  ARYEND         = 
9C80 BE1048           (     newbasic.asm):01953                   LDX  V45            * GET NEW END OF VARIABLES AND SAVE IT 
9C83 BF1020           (     newbasic.asm):01954                   STX  ARYTAB         * 
9C86 BE104A           (     newbasic.asm):01955                   LDX  V47            GET OLD END OF VARIABLES 
9C89 FC103A           (     newbasic.asm):01956                   LDD  VARNAM         GET NEW VARIABLE NAME 
9C8C ED81             (     newbasic.asm):01957                   STD  ,X++           SAVE VARIABLE NAME 
9C8E 4F               (     newbasic.asm):01958                   CLRA                * ZERO OUT THE FP VALUE OF THE NUMERIC 
9C8F 5F               (     newbasic.asm):01959                   CLRB                * VARIABLE OR THE LENGTH AND ADDRESS 
9C90 ED84             (     newbasic.asm):01960                   STD  ,X             * OF A STRING VARIABLE 
9C92 ED02             (     newbasic.asm):01961                   STD  2,X            * 
9C94 A704             (     newbasic.asm):01962                   STA  4,X            * 
9C96 BF103C           (     newbasic.asm):01963         LB3DC     STX  VARPTR         STORE ADDRESS OF VARIABLE VALUE 
9C99 39               (     newbasic.asm):01964         LB3DE     RTS                  
                      (     newbasic.asm):01965         ;                              
9C9A 9080000000       (     newbasic.asm):01966         LB3DF     FCB  $90,$80,$00,$00,$00 * FLOATING POINT -32768 
                      (     newbasic.asm):01967         ;                             SMALLEST SIGNED TWO BYTE INTEGER 
                      (     newbasic.asm):01968         ;                              
9C9F BD107F           (     newbasic.asm):01969         LB3E4     JSR  GETNCH         GET AN INPUT CHARACTER FROM BASIC 
9CA2 BD99A8           (     newbasic.asm):01970         LB3E6     JSR  LB141          GO EVALUATE NUMERIC EXPRESSION 
9CA5 B61057           (     newbasic.asm):01971         LB3E9     LDA  FP0SGN         GET FPA0 MANTISSA SIGN 
9CA8 2B6B             (     newbasic.asm):01972                   BMI  LB44A          ‘FC’ ERROR IF NEGATIVE NUMBER 
                      (     newbasic.asm):01973                                        
                      (     newbasic.asm):01974                                        
9CAA BD99AA           (     newbasic.asm):01975         INTCNV    JSR  LB143          ‘TM’ ERROR IF STRING VARIABLE 
9CAD B61052           (     newbasic.asm):01976                   LDA  FP0EXP         GET FPA0 EXPONENT 
9CB0 8190             (     newbasic.asm):01977                   CMPA #$90           * COMPARE TO 32768 - LARGEST INTEGER EXPONENT AND 
9CB2 2508             (     newbasic.asm):01978                   BCS  LB3FE          * BRANCH IF FPA0 < 32768 
9CB4 8E9C9A           (     newbasic.asm):01979                   LDX  #LB3DF         POINT X TO FP VALUE OF -32768 
9CB7 BDE7E2           (     newbasic.asm):01980                   JSR  LBC96          COMPARE -32768 TO FPA0 
9CBA 2659             (     newbasic.asm):01981                   BNE  LB44A          ‘FC’ ERROR IF NOT = 
9CBC BDE81B           (     newbasic.asm):01982         LB3FE     JSR  LBCC8          CONVERT FPA0 TO A TWO BYTE INTEGER 
9CBF FC1055           (     newbasic.asm):01983                   LDD  FPA0+2         GET THE INTEGER 
9CC2 39               (     newbasic.asm):01984                   RTS                  
                      (     newbasic.asm):01985         ; EVALUATE AN ARRAY VARIABLE                      
9CC3 FC1008           (     newbasic.asm):01986         LB404     LDD  DIMFLG         GET ARRAY FLAG AND VARIABLE TYPE 
9CC6 3406             (     newbasic.asm):01987                   PSHS B,A            SAVE THEM ON STACK 
9CC8 12               (     newbasic.asm):01988                   NOP                 DEAD SPACE CAUSED BY 1.2 REVISION 
9CC9 5F               (     newbasic.asm):01989                   CLRB                RESET DIMENSION COUNTER 
9CCA BE103A           (     newbasic.asm):01990         LB40A     LDX  VARNAM         GET VARIABLE NAME 
9CCD 3414             (     newbasic.asm):01991                   PSHS X,B            SAVE VARIABLE NAME AND DIMENSION COUNTER 
9CCF 8DCE             (     newbasic.asm):01992                   BSR  LB3E4          EVALUATE EXPRESSION (DIMENSlON LENGTH) 
9CD1 3534             (     newbasic.asm):01993                   PULS B,X,Y          PULL OFF VARIABLE NAME, DIMENSlON COUNTER, 
                      (     newbasic.asm):01994         ;                             ARRAY FLAG 
9CD3 BF103A           (     newbasic.asm):01995                   STX  VARNAM         SAVE VARIABLE NAME AND VARIABLE TYPE 
9CD6 FE1055           (     newbasic.asm):01996                   LDU  FPA0+2         GET DIMENSION LENGTH 
9CD9 3460             (     newbasic.asm):01997                   PSHS U,Y            SAVE DIMENSION LENGTH, ARRAY FLAG, VARIABLE TYPE 
9CDB 5C               (     newbasic.asm):01998                   INCB                INCREASE DIMENSION COUNTER 
9CDC BD1085           (     newbasic.asm):01999                   JSR  GETCCH         GET CURRENT INPUT CHARACTER 
9CDF 812C             (     newbasic.asm):02000                   CMPA #',            CHECK FOR ANOTHER DIMENSION 
9CE1 27E7             (     newbasic.asm):02001                   BEQ  LB40A          BRANCH IF MORE 
9CE3 F71006           (     newbasic.asm):02002                   STB  TMPLOC         SAVE DIMENSION COUNTER 
9CE6 BD9AF0           (     newbasic.asm):02003                   JSR  LB267          SYNTAX CHECK FOR A ‘)‘ 
9CE9 3506             (     newbasic.asm):02004                   PULS A,B            * RESTORE VARIABLE TYPE AND ARRAY 
9CEB FD1008           (     newbasic.asm):02005                   STD  DIMFLG         * FLAG - LEAVE DIMENSION LENGTH ON STACK 
9CEE BE1020           (     newbasic.asm):02006                   LDX  ARYTAB         GET START OF ARRAYS 
9CF1 BC1022           (     newbasic.asm):02007         LB42A     CMPX ARYEND         COMPARE TO END OF ARRAYS 
9CF4 2724             (     newbasic.asm):02008                   BEQ  LB44F          BRANCH IF NO MATCH FOUND 
9CF6 FC103A           (     newbasic.asm):02009                   LDD  VARNAM         GET VARIABLE IN QUESTION 
9CF9 10A384           (     newbasic.asm):02010                   CMPD ,X             COMPARE TO CURRENT VARIABLE 
9CFC 2706             (     newbasic.asm):02011                   BEQ  LB43B          BRANCH IF = 
9CFE EC02             (     newbasic.asm):02012                   LDD  2,X            GET OFFSET TO NEXT ARRAY VARIABLE 
9D00 308B             (     newbasic.asm):02013                   LEAX D,X            ADD TO CURRENT POINTER 
9D02 20ED             (     newbasic.asm):02014                   BRA  LB42A          KEEP SEARCHING 
9D04 C612             (     newbasic.asm):02015         LB43B     LDB  #2*9           ‘REDIMENSIONED ARRAY’ ERROR 
9D06 B61008           (     newbasic.asm):02016                   LDA  DIMFLG         * TEST ARRAY FLAG - IF <>0 YOU ARE TRYING 
9D09 260C             (     newbasic.asm):02017                   BNE  LB44C          * TO REDIMENSION AN ARRAY 
9D0B F61006           (     newbasic.asm):02018                   LDB  TMPLOC         GET NUMBER OF DIMENSIONS IN ARRAY 
9D0E E104             (     newbasic.asm):02019                   CMPB 4,X            COMPARE TO THIS ARRAYS DIMENSIONS 
9D10 2768             (     newbasic.asm):02020                   BEQ  LB4A0          BRANCH IF = 
9D12 C610             (     newbasic.asm):02021         LB447     LDB  #8*2           ‘BAD SUBSCRIPT’ 
9D14 8C               (     newbasic.asm):02022                   FCB  SKP2           SKIP TWO BYTES 
9D15 C608             (     newbasic.asm):02023         LB44A     LDB  #4*2           ‘ILLEGAL FUNCTION CALL’ 
9D17 7E943A           (     newbasic.asm):02024         LB44C     JMP  LAC46          JUMP TO ERROR SERVICING ROUTINE 
                      (     newbasic.asm):02025                                        
                      (     newbasic.asm):02026         ; INSERT A NEW ARRAY INTO ARRAY VARIABLES                      
                      (     newbasic.asm):02027         ; EACH SET OF ARRAY VARIABLES IS PRECEEDED BY A DE-                      
                      (     newbasic.asm):02028         ; SCRIPTOR BLOCK COMPOSED OF 5+2*N BYTES WHERE N IS THE                      
                      (     newbasic.asm):02029         ; NUMBER OF DIMENSIONS IN THE ARRAY. THE BLOCK IS DEFINED                      
                      (     newbasic.asm):02030         ; AS FOLLOWS: BYTES 0,1:VARIABLE’S NAME; 2,3:TOTAL LENGTH                      
                      (     newbasic.asm):02031         ; OF ARRAY ITEMS AND DESCRIPTOR BLOCK; 4:NUMBER OF DIMEN-                      
                      (     newbasic.asm):02032         ; ISIONS; 5,6:LENGTH OF DIMENSION 1; 7,8:LENGTH OF DIMEN-                      
                      (     newbasic.asm):02033         ; SION 2;… 4+N,5+N:LENGTH OF DIMENSION N.                      
                      (     newbasic.asm):02034                                        
9D1A CC0005           (     newbasic.asm):02035         LB44F     LDD  #5             * 5 BYTES/ARRAY ENTRY SAVE AT COEFPT 
9D1D FD1067           (     newbasic.asm):02036                   STD  COEFPT         * 
9D20 FC103A           (     newbasic.asm):02037                   LDD  VARNAM         = GET NAME OF ARRAY AND SAVE IN 
9D23 ED84             (     newbasic.asm):02038                   STD  ,X             = FIRST 2 BYTES OF DESCRIPTOR 
9D25 F61006           (     newbasic.asm):02039                   LDB  TMPLOC         GET NUMBER OF DIMENSIONS AND SAVE IN 
9D28 E704             (     newbasic.asm):02040                   STB  4,X            * 5TH BYTE OF DESCRIPTOR 
9D2A BD9424           (     newbasic.asm):02041                   JSR  LAC33          CHECK FOR ROOM FOR DESCRIPTOR IN FREE RAM 
9D2D BF1044           (     newbasic.asm):02042                   STX  V41            TEMPORARILY SAVE DESCRIPTOR ADDRESS 
9D30 C60B             (     newbasic.asm):02043         LB461     LDB  #11            * DEFAULT DIMENSION VALUE:X(10) 
9D32 4F               (     newbasic.asm):02044                   CLRA                * 
9D33 7D1008           (     newbasic.asm):02045                   TST  DIMFLG         = CHECK ARRAY FLAG AND BRANCH IF 
9D36 2705             (     newbasic.asm):02046                   BEQ  LB46D          = NOT DIMENSIONING AN ARRAY 
9D38 3506             (     newbasic.asm):02047                   PULS A,B            GET DIMENSION LENGTH 
9D3A C30001           (     newbasic.asm):02048                   ADDD #1             ADD ONE (X(0) HAS A LENGTH OF ONE) 
9D3D ED05             (     newbasic.asm):02049         LB46D     STD  5,X            SAVE LENGTH OF ARRAY DIMENSION 
9D3F 8D6E             (     newbasic.asm):02050                   BSR  LB4CE          MULTIPLY ACCUM ARRAY SIZE NUMBER LENGTH 
                      (     newbasic.asm):02051         ;                             OF NEW DIMENSION 
9D41 FD1067           (     newbasic.asm):02052                   STD  COEFPT         TEMP STORE NEW CURRENT ACCUMULATED ARRAY SIZE 
9D44 3002             (     newbasic.asm):02053                   LEAX 2,X            BUMP POINTER UP TWO 
9D46 7A1006           (     newbasic.asm):02054                   DEC  TMPLOC         * DECREMENT DIMENSION COUNTER AND BRANCH IF 
9D49 26E5             (     newbasic.asm):02055                   BNE  LB461          * NOT DONE WITH ALL DIMENSIONS 
9D4B BF1012           (     newbasic.asm):02056                   STX  TEMPTR         SAVE ADDRESS OF (END OF ARRAY DESCRIPTOR - 5) 
9D4E F31012           (     newbasic.asm):02057                   ADDD TEMPTR         ADD TOTAL SIZE OF NEW ARRAY 
9D51 1025F6E3         (     newbasic.asm):02058                   LBCS LAC44          ‘OM’ ERROR IF > $FFFF 
9D55 1F01             (     newbasic.asm):02059                   TFR  D,X            SAVE END OF ARRAY IN X 
9D57 BD9429           (     newbasic.asm):02060                   JSR  LAC37          MAKE SURE THERE IS ENOUGH FREE RAM FOR ARRAY 
9D5A 830035           (     newbasic.asm):02061                   SUBD #STKBUF-5      SUBTRACT OUT THE (STACK BUFFER - 5) 
9D5D FD1022           (     newbasic.asm):02062                   STD  ARYEND         SAVE NEW END OF ARRAYS 
9D60 4F               (     newbasic.asm):02063                   CLRA                ZERO = TERMINATOR BYTE 
9D61 301F             (     newbasic.asm):02064         LB48C     LEAX -1,X           * STORE TWO TERMINATOR BYTES AT 
9D63 A705             (     newbasic.asm):02065                   STA  5,X            * THE END OF THE ARRAY DESCRIPTOR 
9D65 BC1012           (     newbasic.asm):02066                   CMPX TEMPTR         * 
9D68 26F7             (     newbasic.asm):02067                   BNE  LB48C          * 
9D6A BE1044           (     newbasic.asm):02068                   LDX  V41            GET ADDRESS OF START OF DESCRIPTOR 
9D6D B61022           (     newbasic.asm):02069                   LDA  ARYEND         GET MSB OF END OF ARRAYS; LSB ALREADY THERE 
9D70 B31044           (     newbasic.asm):02070                   SUBD V41            SUBTRACT OUT ADDRESS OF START OF DESCRIPTOR 
9D73 ED02             (     newbasic.asm):02071                   STD  2,X            SAVE LENGTH OF (ARRAY AND DESCRIPTOR) 
9D75 B61008           (     newbasic.asm):02072                   LDA  DIMFLG         * GET ARRAY FLAG AND BRANCH 
9D78 2634             (     newbasic.asm):02073                   BNE  LB4CD          * BACK IF DIMENSIONING 
                      (     newbasic.asm):02074         ; CALCULATE POINTER TO CORRECT ELEMENT                      
9D7A E604             (     newbasic.asm):02075         LB4A0     LDB  4,X            GET THE NUMBER OF DIMENSIONS 
9D7C F71006           (     newbasic.asm):02076                   STB  TMPLOC         TEMPORARILY SAVE 
9D7F 4F               (     newbasic.asm):02077                   CLRA                * INITIALIZE POINTER 
9D80 5F               (     newbasic.asm):02078                   CLRB                * TO ZERO 
9D81 FD1067           (     newbasic.asm):02079         LB4A6     STD  COEFPT         SAVE ACCUMULATED POINTER 
9D84 3506             (     newbasic.asm):02080                   PULS A,B            * PULL DIMENSION ARGUMENT OFF THE 
9D86 FD1055           (     newbasic.asm):02081                   STD  FPA0+2         * STACK AND SAVE IT 
9D89 10A305           (     newbasic.asm):02082                   CMPD 5,X            COMPARE TO STORED ‘DIM’ ARGUMENT 
9D8C 2444             (     newbasic.asm):02083                   BCC  LB4EB          ‘BS’ ERROR IF > = "DIM" ARGUMENT 
9D8E FE1067           (     newbasic.asm):02084                   LDU  COEFPT         * GET ACCUMULATED POINTER AND 
9D91 2705             (     newbasic.asm):02085                   BEQ  LB4B9          * BRANCH IF 1ST DIMENSION 
9D93 8D1A             (     newbasic.asm):02086                   BSR  LB4CE          = MULTIPLY ACCUMULATED POINTER AND DIMENSION 
9D95 F31055           (     newbasic.asm):02087                   ADDD FPA0+2         = LENGTH AND ADD TO CURRENT ARGUMENT 
9D98 3002             (     newbasic.asm):02088         LB4B9     LEAX 2,X            MOVE POINTER TO NEXT DIMENSION 
9D9A 7A1006           (     newbasic.asm):02089                   DEC  TMPLOC         * DECREMENT DIMENSION COUNTER AND 
9D9D 26E2             (     newbasic.asm):02090                   BNE  LB4A6          * BRANCH IF ANY DIMENSIONS LEFT 
                      (     newbasic.asm):02091         ; MULTIPLY ACCD BY 5 - 5 BYTES/ARRAY VALUE                      
9D9F EDE3             (     newbasic.asm):02092                   STD  ,--S            
9DA1 58               (     newbasic.asm):02093                   ASLB                 
9DA2 49               (     newbasic.asm):02094                   ROLA                TIMES 2 
9DA3 58               (     newbasic.asm):02095                   ASLB                 
9DA4 49               (     newbasic.asm):02096                   ROLA                TIMES 4 
9DA5 E3E1             (     newbasic.asm):02097                   ADDD ,S++           TIMES 5 
9DA7 308B             (     newbasic.asm):02098                   LEAX D,X            ADD OFFSET TO START OF ARRAY 
9DA9 3005             (     newbasic.asm):02099                   LEAX 5,X            ADJUST POINTER FOR SIZE OF DESCRIPTOR 
9DAB BF103C           (     newbasic.asm):02100                   STX  VARPTR         SAVE POINTER TO ARRAY VALUE 
9DAE 39               (     newbasic.asm):02101         LB4CD     RTS                  
                      (     newbasic.asm):02102         ; MULTIPLY 2 BYTE NUMBER IN 5,X BY THE 2 BYTE NUMBER                      
                      (     newbasic.asm):02103         ; IN COEFPT. RETURN RESULT IN ACCD, BS ERROR IF > $FFFF                      
9DAF 8610             (     newbasic.asm):02104         LB4CE     LDA  #16            16 SHIFTS TO DO A MULTIPLY 
9DB1 B71048           (     newbasic.asm):02105                   STA  V45            SHIFT COUNTER 
9DB4 EC05             (     newbasic.asm):02106                   LDD  5,X            * GET SIZE OF DIMENSION 
9DB6 FD101A           (     newbasic.asm):02107                   STD  BOTSTK         * AND SAVE IT 
9DB9 4F               (     newbasic.asm):02108                   CLRA                * ZERO 
9DBA 5F               (     newbasic.asm):02109                   CLRB                * ACCD 
9DBB 58               (     newbasic.asm):02110         LB4D8     ASLB                = SHIFT ACCB LEFT 
9DBC 49               (     newbasic.asm):02111                   ROLA                = ONE BIT 
9DBD 2513             (     newbasic.asm):02112                   BCS  LB4EB          BS' ERROR IF CARRY 
9DBF 781068           (     newbasic.asm):02113                   ASL  COEFPT+1       * SHIFT MULTIPLICAND LEFT ONE 
9DC2 791067           (     newbasic.asm):02114                   ROL  COEFPT         * BIT - ADD MULTIPLIER TO ACCUMULATOR 
9DC5 2405             (     newbasic.asm):02115                   BCC  LB4E6          * IF CARRY <> 0 
9DC7 F3101A           (     newbasic.asm):02116                   ADDD BOTSTK         ADD MULTIPLIER TO ACCD 
9DCA 2506             (     newbasic.asm):02117                   BCS  LB4EB          BS' ERROR IF CARRY (>$FFFF) 
9DCC 7A1048           (     newbasic.asm):02118         LB4E6     DEC  V45            * DECREMENT SHIFT COUNTER 
9DCF 26EA             (     newbasic.asm):02119                   BNE  LB4D8          * IF NOT DONE 
9DD1 39               (     newbasic.asm):02120                   RTS                  
9DD2 7E9D12           (     newbasic.asm):02121         LB4EB     JMP  LB447          BS' ERROR 
                      (     newbasic.asm):02122         ;                              
                      (     newbasic.asm):02123         ; MEM                          
                      (     newbasic.asm):02124         ; THIS IS NOT A TRUE INDICATOR OF FREE MEMORY BECAUSE                      
                      (     newbasic.asm):02125         ; BASIC REQUIRES A STKBUF SIZE BUFFER FOR THE STACK                      
                      (     newbasic.asm):02126         ; FOR WHICH MEM DOES NOT ALLOW.                      
                      (     newbasic.asm):02127         ;                              
9DD5 1F40             (     newbasic.asm):02128         MEM       TFR  S,D            PUT STACK POINTER INTO ACCD 
9DD7 B31022           (     newbasic.asm):02129                   SUBD ARYEND         SUBTRACT END OF ARRAYS 
9DDA 21               (     newbasic.asm):02130                   FCB  SKP1           SKIP ONE BYTE 
                      (     newbasic.asm):02131         ;CONVERT THE VALUE IN ACCB INTO A FP NUMBER IN FPA0                      
9DDB 4F               (     newbasic.asm):02132         LB4F3     CLRA                CLEAR MS BYTE OF ACCD 
                      (     newbasic.asm):02133         ; CONVERT THE VALUE IN ACCD INTO A FLOATING POINT NUMBER IN FPA0                      
9DDC 7F1009           (     newbasic.asm):02134         GIVABF    CLR  VALTYP         SET VARIABLE TYPE TO NUMERIC 
9DDF FD1053           (     newbasic.asm):02135                   STD  FPA0           SAVE ACCD IN TOP OF FACA 
9DE2 C690             (     newbasic.asm):02136                   LDB  #$90           EXPONENT REQUIRED IF THE TOP TWO BYTES 
                      (     newbasic.asm):02137         ;         OF   FPA0 ARE TO BE TREATED AS AN INTEGER IN FPA0  
9DE4 7EE7C7           (     newbasic.asm):02138                   JMP  LBC82          CONVERT THE REST OF FPA0 TO AN INTEGER 
                      (     newbasic.asm):02139                                        
                      (     newbasic.asm):02140         ; STR$                         
9DE7 BD99AA           (     newbasic.asm):02141         STR       JSR  LB143          TM' ERROR IF STRING VARIABLE 
9DEA CE11F3           (     newbasic.asm):02142                   LDU  #STRBUF+2      *CONVERT FP NUMBER TO ASCII STRING IN 
9DED BDE960           (     newbasic.asm):02143                   JSR  LBDDC          *THE STRING BUFFER 
9DF0 3262             (     newbasic.asm):02144                   LEAS 2,S            PURGE THE RETURN ADDRESS FROM THE STACK 
9DF2 8E11F2           (     newbasic.asm):02145                   LDX  #STRBUF+1      *POINT X TO STRING BUFFER AND SAVE 
9DF5 200E             (     newbasic.asm):02146                   BRA  LB518          *THE STRING IN THE STRING SPACE 
                      (     newbasic.asm):02147         ; RESERVE ACCB BYTES OF STRING SPACE. RETURN START                      
                      (     newbasic.asm):02148         ; ADDRESS IN (X) AND FRESPC                      
9DF7 BF1050           (     newbasic.asm):02149         LB50D     STX  V4D            SAVE X IN V4D 
9DFA 8D6F             (     newbasic.asm):02150         LB50F     BSR  LB56D          RESERVE ACCB BYTES IN STRING SPACE 
9DFC BF105B           (     newbasic.asm):02151         LB511     STX  STRDES+2       SAVE NEW STRING ADDRESS 
9DFF F71059           (     newbasic.asm):02152                   STB  STRDES         SAVE LENGTH OF RESERVED BLOCK 
9E02 39               (     newbasic.asm):02153                   RTS                  
9E03 301F             (     newbasic.asm):02154         LB516     LEAX -1,X           MOVE POINTER BACK ONE 
                      (     newbasic.asm):02155         ; SCAN A LINE FROM (X) UNTIL AN END OF LINE FLAG (ZERO) OR                      
                      (     newbasic.asm):02156         ; EITHER OF THE TWO TERMINATORS STORED IN CHARAC OR ENDCHR IS MATCHED.                      
                      (     newbasic.asm):02157         ; THE RESULTING STRING IS STORED IN THE STRING SPACE                      
                      (     newbasic.asm):02158         ; ONLY IF THE START OF THE STRING IS <= STRBUF+2                      
9E05 8622             (     newbasic.asm):02159         LB518     LDA  #'"            * INITIALIZE 
9E07 B71004           (     newbasic.asm):02160                   STA  CHARAC         * TERMINATORS 
9E0A B71005           (     newbasic.asm):02161         LB51A     STA  ENDCHR         * TO " 
9E0D 3001             (     newbasic.asm):02162         LB51E     LEAX 1,X            MOVE POINTER UP ONE 
9E0F BF1065           (     newbasic.asm):02163                   STX  RESSGN         TEMPORARILY SAVE START OF STRING 
9E12 BF105B           (     newbasic.asm):02164                   STX  STRDES+2       SAVE START OF STRING IN TEMP DESCRIPTOR 
9E15 C6FF             (     newbasic.asm):02165                   LDB  #-1            INITIALIZE CHARACTER COUNTER TO - 1 
9E17 5C               (     newbasic.asm):02166         LB526     INCB                INCREMENT CHARACTER COUNTER 
9E18 A680             (     newbasic.asm):02167                   LDA  ,X+            GET CHARACTER 
9E1A 270E             (     newbasic.asm):02168                   BEQ  LB537          BRANCH IF END OF LINE 
9E1C B11004           (     newbasic.asm):02169                   CMPA CHARAC         * CHECK FOR TERMINATORS 
9E1F 2705             (     newbasic.asm):02170                   BEQ  LB533          * IN CHARAC AND ENDCHR 
9E21 B11005           (     newbasic.asm):02171                   CMPA ENDCHR         * DON’T MOVE POINTER BACK 
9E24 26F1             (     newbasic.asm):02172                   BNE  LB526          * ONE IF TERMINATOR IS "MATCHED" 
9E26 8122             (     newbasic.asm):02173         LB533     CMPA #'"            = COMPARE CHARACTER TO STRING DELIMITER 
9E28 2702             (     newbasic.asm):02174                   BEQ  LB539          = & DON’T MOVE POINTER BACK IF SO 
9E2A 301F             (     newbasic.asm):02175         LB537     LEAX -1,X           MOVE POINTER BACK ONE 
9E2C BF1067           (     newbasic.asm):02176         LB539     STX  COEFPT         SAVE END OF STRING ADDRESS 
9E2F F71059           (     newbasic.asm):02177                   STB  STRDES         SAVE STRING LENGTH IN TEMP DESCRIPTOR 
9E32 FE1065           (     newbasic.asm):02178                   LDU  RESSGN         GET INITlAL STRING START 
9E35 118311F3         (     newbasic.asm):02179                   CMPU #STRBUF+2      COMPARE TO START OF STRING BUFFER 
9E39 2208             (     newbasic.asm):02180         LB543     BHI  LB54C          BRANCH IF > START OF STRING BUFFER 
9E3B 8DBA             (     newbasic.asm):02181                   BSR  LB50D          GO RESERVE SPACE FOR THE STRING 
9E3D BE1065           (     newbasic.asm):02182                   LDX  RESSGN         POINT X TO THE BEGINNING OF THE STRING 
9E40 BD9F6A           (     newbasic.asm):02183                   JSR  LB645          MOVE (B) BYTES FROM (X) TO 
                      (     newbasic.asm):02184         ;                             [FRESPC] - MOVE STRING DATA 
                      (     newbasic.asm):02185         ; PUT DIRECT PAGE STRING DESCRIPTOR BUFFER DATA                      
                      (     newbasic.asm):02186         ; ON THE STRING STACK. SET VARIABLE TYPE TO STRING                      
9E43 BE100E           (     newbasic.asm):02187         LB54C     LDX  TEMPPT         GET NEXT AVAILABLE STRING STACK DESCRIPTOR 
9E46 8C10F4           (     newbasic.asm):02188                   CMPX #LINHDR        COMPARE TO TOP OF STRING DESCRIPTOR STACK - WAS #CFNBUF 
9E49 2605             (     newbasic.asm):02189                   BNE  LB558          FORMULA O.K. 
9E4B C61E             (     newbasic.asm):02190                   LDB  #15*2          STRING FORMULA TOO COMPLEX' ERROR 
9E4D 7E943A           (     newbasic.asm):02191         LB555     JMP  LAC46          JUMP TO ERROR SERVICING ROUTINE 
9E50 B61059           (     newbasic.asm):02192         LB558     LDA  STRDES         * GET LENGTH OF STRING AND SAVE IT 
                      (     newbasic.asm):02193         ;         STA  ,X             * IN BYTE 0 OF DESCRIPTOR 
9E53 A700             (     newbasic.asm):02194                   FCB  $A7,$00         
9E55 FC105B           (     newbasic.asm):02195                   LDD  STRDES+2       = GET START ADDRESS OF ACTUAL STRING 
9E58 ED02             (     newbasic.asm):02196                   STD  2,X            = AND SAVE IN BYTES 2,3 OF DESCRIPTOR 
9E5A 86FF             (     newbasic.asm):02197                   LDA  #$FF           * VARIABLE TYPE = STRING 
9E5C B71009           (     newbasic.asm):02198                   STA  VALTYP         * SAVE IN VARIABLE TYPE FLAG 
9E5F BF1010           (     newbasic.asm):02199                   STX  LASTPT         = SAVE START OF DESCRIPTOR 
9E62 BF1055           (     newbasic.asm):02200                   STX  FPA0+2         = ADDRESS IN LASTPT AND FPA0 
9E65 3005             (     newbasic.asm):02201                   LEAX 5,X            5 BYTES/STRING DESCRIPTOR 
9E67 BF100E           (     newbasic.asm):02202                   STX  TEMPPT         NEXT AVAILABLE STRING VARIABLE DESCRIPTOR 
9E6A 39               (     newbasic.asm):02203                   RTS                  
                      (     newbasic.asm):02204         ; RESERVE ACCB BYTES IN STRING STORAGE SPACE                      
                      (     newbasic.asm):02205         ; RETURN WITH THE STARTING ADDRESS OF THE                      
                      (     newbasic.asm):02206         ; RESERVED STRING SPACE IN (X) AND FRESPC                      
9E6B 7F100A           (     newbasic.asm):02207         LB56D     CLR  GARBFL         CLEAR STRING REORGANIZATION FLAG 
9E6E 4F               (     newbasic.asm):02208         LB56F     CLRA                * PUSH THE LENGTH OF THE 
9E6F 3406             (     newbasic.asm):02209                   PSHS B,A            * STRING ONTO THE STACK 
9E71 FC1026           (     newbasic.asm):02210                   LDD  STRTAB         GET START OF STRING VARIABLES 
9E74 A3E0             (     newbasic.asm):02211                   SUBD ,S+            SUBTRACT STRING LENGTH 
9E76 10B31024         (     newbasic.asm):02212                   CMPD FRETOP         COMPARE TO START OF STRING STORAGE 
9E7A 250D             (     newbasic.asm):02213                   BCS  LB585          IF BELOW START, THEN REORGANIZE 
9E7C FD1026           (     newbasic.asm):02214                   STD  STRTAB         SAVE NEW START OF STRING VARIABLES 
9E7F BE1026           (     newbasic.asm):02215                   LDX  STRTAB         GET START OF STRING VARIABLES 
9E82 3001             (     newbasic.asm):02216                   LEAX 1,X            ADD ONE 
9E84 BF1028           (     newbasic.asm):02217                   STX  FRESPC         SAVE START ADDRESS OF NEWLY RESERVED SPACE 
9E87 3584             (     newbasic.asm):02218                   PULS B,PC           RESTORE NUMBER OF BYTES RESERVED AND RETURN 
9E89 C61A             (     newbasic.asm):02219         LB585     LDB  #2*13          OUT OF STRING SPACE' ERROR 
9E8B 73100A           (     newbasic.asm):02220                   COM  GARBFL         TOGGLE REORGANIZATiON FLAG 
9E8E 27BD             (     newbasic.asm):02221                   BEQ  LB555          ERROR IF FRESHLY REORGANIZED 
9E90 8D04             (     newbasic.asm):02222                   BSR  LB591          GO REORGANIZE STRING SPACE 
9E92 3504             (     newbasic.asm):02223                   PULS B              GET BACK THE NUMBER OF BYTES TO RESERVE 
9E94 20D8             (     newbasic.asm):02224                   BRA  LB56F          TRY TO RESERVE ACCB BYTES AGAIN 
                      (     newbasic.asm):02225         ; REORGANIZE THE STRING SPACE                      
9E96 BE102A           (     newbasic.asm):02226         LB591     LDX  MEMSIZ         GET THE TOP OF STRING SPACE 
9E99 BF1026           (     newbasic.asm):02227         LB593     STX  STRTAB         SAVE TOP OF UNORGANIZED STRING SPACE 
9E9C 4F               (     newbasic.asm):02228                   CLRA                * ZERO OUT ACCD 
9E9D 5F               (     newbasic.asm):02229                   CLRB                * AND RESET VARIABLE 
9E9E FD104E           (     newbasic.asm):02230                   STD  V4B            * POINTER TO 0 
9EA1 BE1024           (     newbasic.asm):02231                   LDX  FRETOP         POINT X TO START OF STRING SPACE 
9EA4 BF104A           (     newbasic.asm):02232                   STX  V47            SAVE POINTER IN V47 
9EA7 8E10CC           (     newbasic.asm):02233                   LDX  #STRSTK        POINT X TO START OF STRING DESCRIPTOR STACK 
9EAA BC100E           (     newbasic.asm):02234         LB5A0     CMPX TEMPPT         COMPARE TO ADDRESS OF NEXT AVAILABLE DESCRIPTOR 
9EAD 2704             (     newbasic.asm):02235                   BEQ  LB5A8          BRANCH IF TOP OF STRING STACK 
9EAF 8D3A             (     newbasic.asm):02236                   BSR  LB5D8          CHECK FOR STRING IN UNORGANIZED STRING SPACE 
9EB1 20F7             (     newbasic.asm):02237                   BRA  LB5A0          KEEP CHECKING 
9EB3 BE101E           (     newbasic.asm):02238         LB5A8     LDX  VARTAB         GET THE END OF BASIC PROGRAM 
9EB6 BC1020           (     newbasic.asm):02239         LB5AA     CMPX ARYTAB         COMPARE TO END OF VARIABLES 
9EB9 2704             (     newbasic.asm):02240                   BEQ  LB5B2          BRANCH IF AT TOP OF VARIABLES 
9EBB 8D28             (     newbasic.asm):02241                   BSR  LB5D2          CHECK FOR STRING IN UNORGANIZED STRING SPACE 
9EBD 20F7             (     newbasic.asm):02242                   BRA  LB5AA          KEEP CHECKING VARIABLES 
9EBF BF1044           (     newbasic.asm):02243         LB5B2     STX  V41            SAVE ADDRESS OF THE END OF VARIABLES 
9EC2 BE1044           (     newbasic.asm):02244         LB5B4     LDX  V41            GET CURRENT ARRAY POINTER 
9EC5 BC1022           (     newbasic.asm):02245         LB5B6     CMPX ARYEND         COMPARE TO THE END OF ARRAYS 
9EC8 273C             (     newbasic.asm):02246                   BEQ  LB5EF          BRANCH IF AT END OF ARRAYS 
9ECA EC02             (     newbasic.asm):02247                   LDD  2,X            GET LENGTH OF ARRAY AND DESCRIPTOR 
9ECC F31044           (     newbasic.asm):02248                   ADDD V41            * ADD TO CURRENT ARRAY POINTER 
9ECF FD1044           (     newbasic.asm):02249                   STD  V41            * AND SAVE IT 
9ED2 A601             (     newbasic.asm):02250                   LDA  1,X            GET 1ST CHARACTER OF VARIABLE NAME 
9ED4 2AEC             (     newbasic.asm):02251                   BPL  LB5B4          BRANCH IF NUMERIC ARRAY 
9ED6 E604             (     newbasic.asm):02252                   LDB  4,X            GET THE NUMBER OF DIMENSIONS IN THIS ARRAY 
9ED8 58               (     newbasic.asm):02253                   ASLB                MULTIPLY BY 2 
9ED9 CB05             (     newbasic.asm):02254                   ADDB #5             ADD FIVE BYTES (VARIABLE NAME, ARRAY 
                      (     newbasic.asm):02255         ;                             LENGTH, NUMBER DIMENSIONS) 
9EDB 3A               (     newbasic.asm):02256                   ABX                 X NOW POINTS TO START OF ARRAY ELEMENTS 
9EDC BC1044           (     newbasic.asm):02257         LB5CA     CMPX V41            AT END OF THIS ARRAY? 
9EDF 27E4             (     newbasic.asm):02258                   BEQ  LB5B6          YES - CHECK FOR ANOTHER 
9EE1 8D08             (     newbasic.asm):02259                   BSR  LB5D8          CHECK FOR STRING LOCATED IN 
                      (     newbasic.asm):02260         ;                             UNORGANIZED STRING SPACE 
9EE3 20F7             (     newbasic.asm):02261                   BRA  LB5CA          KEEP CHECKING ELEMENTS IN THIS ARRAY 
9EE5 A601             (     newbasic.asm):02262         LB5D2     LDA  1,X            GET F1RST BYTE OF VARIABLE NAME 
9EE7 3002             (     newbasic.asm):02263                   LEAX 2,X            MOVE POINTER TO DESCRIPTOR 
9EE9 2A18             (     newbasic.asm):02264                   BPL  LB5EC          BRANCH IF VARIABLE IS NUMERIC 
                      (     newbasic.asm):02265         ; SEARCH FOR STRING - ENTER WITH X POINTING TO                      
                      (     newbasic.asm):02266         ; THE STRING DESCRIPTOR. IF STRING IS STORED                      
                      (     newbasic.asm):02267         ; BETWEEN V47 AND STRTAB, SAVE DESCRIPTOR POINTER                      
                      (     newbasic.asm):02268         ; IN V4B AND RESET V47 TO STRING ADDRESS                      
9EEB E684             (     newbasic.asm):02269         LB5D8     LDB  ,X             GET THE LENGTH OF THE STRING 
9EED 2714             (     newbasic.asm):02270                   BEQ  LB5EC          BRANCH IF NULL - NO STRING 
9EEF EC02             (     newbasic.asm):02271                   LDD  2,X            GET STARTING ADDRESS OF THE STRING 
9EF1 10B31026         (     newbasic.asm):02272                   CMPD STRTAB         COMPARE TO THE START OF STRING VARIABLES 
9EF5 220C             (     newbasic.asm):02273                   BHI  LB5EC          BRANCH IF THIS STRING IS STORED IN 
                      (     newbasic.asm):02274         ;              THE STRING VARIABLES  
9EF7 10B3104A         (     newbasic.asm):02275                   CMPD V47            COMPARE TO START OF STRING SPACE 
9EFB 2306             (     newbasic.asm):02276                   BLS  LB5EC          BRANCH IF NOT STORED IN THE STRING SPACE 
9EFD BF104E           (     newbasic.asm):02277                   STX  V4B            SAVE VARIABLE POINTER IF STORED IN STRING SPACE 
9F00 FD104A           (     newbasic.asm):02278                   STD  V47            SAVE STRING STARTING ADDRESS 
9F03 3005             (     newbasic.asm):02279         LB5EC     LEAX 5,X            MOVE TO NEXT VARIABLE DESCRIPTOR 
9F05 39               (     newbasic.asm):02280         LB5EE     RTS                  
9F06 BE104E           (     newbasic.asm):02281         LB5EF     LDX  V4B            GET ADDRESS OF THE DESCRIPTOR FOR THE 
                      (     newbasic.asm):02282         ;              STRING WHICH IS STORED IN THE HIGHEST RAM ADDRESS IN  
                      (     newbasic.asm):02283         ;              THE UNORGANIZED STRING SPACE  
9F09 27FA             (     newbasic.asm):02284                   BEQ  LB5EE          BRANCH IF NONE FOUND AND REORGANIZATION DONE 
9F0B 4F               (     newbasic.asm):02285                   CLRA                CLEAR MS BYTE OF LENGTH 
9F0C E684             (     newbasic.asm):02286                   LDB  ,X             GET LENGTH OF STRING 
9F0E 5A               (     newbasic.asm):02287                   DECB                SUBTRACT ONE 
9F0F F3104A           (     newbasic.asm):02288                   ADDD V47            ADD LENGTH OF STRING TO ITS STARTING ADDRESS 
9F12 FD1046           (     newbasic.asm):02289                   STD  V43            SAVE AS MOVE STARTING ADDRESS 
9F15 BE1026           (     newbasic.asm):02290                   LDX  STRTAB         POINT X TO THE START OF ORGANIZED STRING VARIABLES 
9F18 BF1044           (     newbasic.asm):02291                   STX  V41            SAVE AS MOVE ENDING ADDRESS 
9F1B BD940D           (     newbasic.asm):02292                   JSR  LAC20          MOVE STRING FROM CURRENT POSITION TO THE 
                      (     newbasic.asm):02293         ;              TOP OF UNORGANIZED STRING SPACE  
9F1E BE104E           (     newbasic.asm):02294                   LDX  V4B            POINT X TO STRING DESCRIPTOR 
9F21 FC1048           (     newbasic.asm):02295                   LDD  V45            * GET NEW STARTING ADDRESS OF STRING AND 
9F24 ED02             (     newbasic.asm):02296                   STD  2,X            * SAVE IT IN DESCRIPTOR 
9F26 BE1048           (     newbasic.asm):02297                   LDX  V45            GET NEW TOP OF UNORGANIZED STRING SPACE 
9F29 301F             (     newbasic.asm):02298                   LEAX -1,X           MOVE POINTER BACK ONE 
9F2B 7E9E99           (     newbasic.asm):02299                   JMP  LB593          JUMP BACK AND REORGANIZE SOME MORE 
                      (     newbasic.asm):02300                                        
                      (     newbasic.asm):02301                                        
9F2E FC1055           (     newbasic.asm):02302         LB60F     LDD  FPA0+2         * GET DESCRIPTOR ADDRESS OF STRING A 
9F31 3406             (     newbasic.asm):02303                   PSHS B,A            * AND SAVE IT ON THE STACK 
9F33 BD9AA7           (     newbasic.asm):02304                   JSR  LB223          GET DESCRIPTOR ADDRESS OF STRING B 
9F36 BD99AD           (     newbasic.asm):02305                   JSR  LB146          TM' ERROR IF NUMERIC VARIABLE 
9F39 3510             (     newbasic.asm):02306                   PULS X              * POINT X TO STRING A DESCRIPTOR 
9F3B BF1065           (     newbasic.asm):02307                   STX  RESSGN         * ADDRESS AND SAVE IT IN RESSGN 
9F3E E684             (     newbasic.asm):02308                   LDB  ,X             GET LENGTH OF STRING A 
9F40 BE1055           (     newbasic.asm):02309                   LDX  FPA0+2         POINT X TO DESCRIPTOR OF STRING B 
9F43 EB84             (     newbasic.asm):02310                   ADDB ,X             ADD LENGTH OF STRING B TO STR1NG A 
9F45 2405             (     newbasic.asm):02311                   BCC  LB62A          BRANCH IF LENGTH < 256 
9F47 C61C             (     newbasic.asm):02312                   LDB  #2*14          STRING TOO LONG' ERROR IF LENGTH > 255 
9F49 7E943A           (     newbasic.asm):02313                   JMP  LAC46          JUMP TO ERROR SERVICING ROUTINE 
9F4C BD9DF7           (     newbasic.asm):02314         LB62A     JSR  LB50D          RESERVE ROOM IN STRING SPACE FOR NEW STRING 
9F4F BE1065           (     newbasic.asm):02315                   LDX  RESSGN         GET DESCRIPTOR ADDRESS OF STRING A 
9F52 E684             (     newbasic.asm):02316                   LDB  ,X             GET LENGTH OF STRING A 
9F54 8D12             (     newbasic.asm):02317                   BSR  LB643          MOVE STRING A INTO RESERVED BUFFER IN STRING SPACE 
9F56 BE1050           (     newbasic.asm):02318                   LDX  V4D            GET DESCRIPTOR ADDRESS OF STRING B 
9F59 8D26             (     newbasic.asm):02319                   BSR  LB659          GET LENGTH AND ADDRESS OF STRING B 
9F5B 8D0D             (     newbasic.asm):02320                   BSR  LB645          MOVE STRING B INTO REST OF RESERVED BUFFER 
9F5D BE1065           (     newbasic.asm):02321                   LDX  RESSGN         POINT X TO DESCRIPTOR OF STRING A 
9F60 8D1F             (     newbasic.asm):02322                   BSR  LB659          DELETE STRING A IF LAST STRING ON STRING STACK 
9F62 BD9E43           (     newbasic.asm):02323                   JSR  LB54C          PUT STRING DESCRIPTOR ON THE STRING STACK 
9F65 7E99D1           (     newbasic.asm):02324                   JMP  LB168          BRANCH BACK TO EXPRESSION EVALUATION 
                      (     newbasic.asm):02325                                        
                      (     newbasic.asm):02326         ; MOVE (B) BYTES FROM 2,X TO FRESPC                      
9F68 AE02             (     newbasic.asm):02327         LB643     LDX  2,X            POINT X TO SOURCE ADDRESS 
9F6A FE1028           (     newbasic.asm):02328         LB645     LDU  FRESPC         POINT U TO DESTINATION ADDRESS 
9F6D 5C               (     newbasic.asm):02329                   INCB                COMPENSATION FOR THE DECB BELOW 
9F6E 2004             (     newbasic.asm):02330                   BRA  LB64E          GO MOVE THE BYTES 
                      (     newbasic.asm):02331         ; MOVE B BYTES FROM (X) TO (U)                      
9F70 A680             (     newbasic.asm):02332         LB64A     LDA  ,X+            * GET A SOURCE BYTE AND MOVE IT 
9F72 A7C0             (     newbasic.asm):02333                   STA  ,U+            * TO THE DESTINATION 
9F74 5A               (     newbasic.asm):02334         LB64E     DECB                DECREMENT BYTE COUNTER 
9F75 26F9             (     newbasic.asm):02335                   BNE  LB64A          BRANCH IF ALL BYTES NOT MOVED 
9F77 FF1028           (     newbasic.asm):02336                   STU  FRESPC         SAVE ENDING ADDRESS IN FRESPC 
9F7A 39               (     newbasic.asm):02337                   RTS                  
                      (     newbasic.asm):02338         ; RETURN LENGTH (ACCB) AND ADDRESS (X) OF                      
                      (     newbasic.asm):02339         ; STRING WHOSE DESCRIPTOR IS IN FPA0+2                      
                      (     newbasic.asm):02340         ; DELETE THE STRING IF IT IS THE LAST ONE                      
                      (     newbasic.asm):02341         ; PUT ON THE STRING STACK. REMOVE STRING FROM STRING                      
                      (     newbasic.asm):02342         ; SPACE IF IT IS AT THE BOTTOM OF STRING VARIABLES.                      
9F7B BD99AD           (     newbasic.asm):02343         LB654     JSR  LB146          TM' ERROR IF VARIABLE TYPE = NUMERIC 
9F7E BE1055           (     newbasic.asm):02344         LB657     LDX  FPA0+2         GET ADDRESS OF SELECTED STRING DESCRIPTOR 
9F81 E684             (     newbasic.asm):02345         LB659     LDB  ,X             GET LENGTH OF STRING 
9F83 8D1B             (     newbasic.asm):02346                   BSR  LB675          * CHECK TO SEE IF THIS STRING DESCRIPTOR WAS 
9F85 2616             (     newbasic.asm):02347                   BNE  LB672          * THE LAST ONE PUT ON THE STRING STACK AND 
                      (     newbasic.asm):02348         ;                             * BRANCH IF NOT 
9F87 AE07             (     newbasic.asm):02349                   LDX  5+2,X          GET START ADDRESS OF STRING JUST REMOVED 
9F89 301F             (     newbasic.asm):02350                   LEAX -1,X           MOVE POINTER DOWN ONE 
9F8B BC1026           (     newbasic.asm):02351                   CMPX STRTAB         COMPARE TO START OF STRING VARIABLES 
9F8E 260A             (     newbasic.asm):02352                   BNE  LB66F          BRANCH IF THIS STRING IS NOT AT THE BOTTOM 
                      (     newbasic.asm):02353         ;                             OF STRING VARIABLES 
9F90 3404             (     newbasic.asm):02354                   PSHS B              SAVE LENGTH; ACCA WAS CLEARED 
9F92 F31026           (     newbasic.asm):02355                   ADDD STRTAB         * ADD THE LENGTH OF THE JUST REMOVED STRING 
9F95 FD1026           (     newbasic.asm):02356                   STD  STRTAB         * TO THE START OF STRING VARIABLES - THIS WILL 
                      (     newbasic.asm):02357         ;                             * REMOVE THE STRING FROM THE STRING SPACE 
9F98 3504             (     newbasic.asm):02358                   PULS B              RESTORE LENGTH 
9F9A 3001             (     newbasic.asm):02359         LB66F     LEAX 1,X            ADD ONE TO POINTER 
9F9C 39               (     newbasic.asm):02360                   RTS                  
9F9D AE02             (     newbasic.asm):02361         LB672     LDX  2,X            *POINT X TO ADDRESS OF STRING NOT 
9F9F 39               (     newbasic.asm):02362                   RTS                 *ON THE STRING STACK 
                      (     newbasic.asm):02363         ; REMOVE STRING FROM STRING STACK. ENTER WITH X                      
                      (     newbasic.asm):02364         ; POINTING TO A STRING DESCRIPTOR - DELETE THE                      
                      (     newbasic.asm):02365         ; STRING FROM STACK IF IT IS ON TOP OF THE                      
                      (     newbasic.asm):02366         ; STACK. IF THE STRING IS DELETED, SET THE ZERO FLAG                      
9FA0 BC1010           (     newbasic.asm):02367         LB675     CMPX LASTPT         *COMPARE TO LAST USED DESCRIPTOR ADDRESS 
9FA3 2609             (     newbasic.asm):02368                   BNE  LB680          *ON THE STRING STACK, RETURN IF DESCRIPTOR 
                      (     newbasic.asm):02369         ;                             *ADDRESS NOT ON THE STRING STACK 
9FA5 BF100E           (     newbasic.asm):02370                   STX  TEMPPT         SAVE LAST USED DESCRIPTOR AS NEXT AVAILABLE 
9FA8 301B             (     newbasic.asm):02371                   LEAX -5,X           * MOVE LAST USED DESCRIPTOR BACK 5 BYTES 
9FAA BF1010           (     newbasic.asm):02372                   STX  LASTPT         * AND SAVE AS THE LAST USED DESCRIPTOR ADDR 
9FAD 4F               (     newbasic.asm):02373                   CLRA                SET ZERO FLAG 
9FAE 39               (     newbasic.asm):02374         LB680     RTS                  
                      (     newbasic.asm):02375                                        
                      (     newbasic.asm):02376         ; LEN                          
9FAF 8D03             (     newbasic.asm):02377         LEN       BSR  LB686          POINT X TO PROPER STRING AND GET LENGTH 
9FB1 7E9DDB           (     newbasic.asm):02378         LB683     JMP  LB4F3          CONVERT ACCB TO FP NUMBER IN FPA0 
                      (     newbasic.asm):02379         ; POINT X TO STRING ADDRESS LOAD LENGTH INTO                      
                      (     newbasic.asm):02380         ; ACCB. ENTER WITH THE STRING DESCRIPTOR IN                      
                      (     newbasic.asm):02381         ; BOTTOM TWO BYTES OF FPA0                      
9FB4 8DC5             (     newbasic.asm):02382         LB686     BSR  LB654          GET LENGTH AND ADDRESS OF STRING 
9FB6 7F1009           (     newbasic.asm):02383                   CLR  VALTYP         SET VARIABLE TYPE TO NUMERIC 
9FB9 5D               (     newbasic.asm):02384                   TSTB                SET FLAGS ACCORDING TO LENGTH 
9FBA 39               (     newbasic.asm):02385                   RTS                  
                      (     newbasic.asm):02386                                        
                      (     newbasic.asm):02387         ; CHR$                         
9FBB BDA045           (     newbasic.asm):02388         CHR       JSR  LB70E          CONVERT FPA0 TO AN INTEGER IN ACCD 
9FBE C601             (     newbasic.asm):02389         LB68F     LDB  #1             * RESERVE ONE BYTE IN 
9FC0 BD9E6B           (     newbasic.asm):02390                   JSR  LB56D          * THE STRING SPACE 
9FC3 B61056           (     newbasic.asm):02391                   LDA  FPA0+3         GET ASCII STRING VALUE 
9FC6 BD9DFC           (     newbasic.asm):02392                   JSR  LB511          SAVE RESERVED STRING DESCRIPTOR IN TEMP DESCRIPTOR 
9FC9 A784             (     newbasic.asm):02393                   STA  ,X             SAVE THE STRING (IT’S ONLY ONE BYTE) 
9FCB 3262             (     newbasic.asm):02394         LB69B     LEAS 2,S            PURGE THE RETURN ADDRESS OFF OF THE STACK 
9FCD 7E9E43           (     newbasic.asm):02395         LB69D     JMP  LB54C          PUT TEMP DESCRIPTOR DATA ONTO STRING STACK 
                      (     newbasic.asm):02396                                        
                      (     newbasic.asm):02397                                        
9FD0 8D02             (     newbasic.asm):02398         ASC       BSR  LB6A4          PUT 1ST CHARACTER OF STRING INTO ACCB 
9FD2 20DD             (     newbasic.asm):02399                   BRA  LB683          CONVERT ACCB INTO FP NUMBER IN FPA0 
9FD4 8DDE             (     newbasic.asm):02400         LB6A4     BSR  LB686          POINT X TO STRING DESCRIPTOR 
9FD6 2764             (     newbasic.asm):02401                   BEQ  LB706          FC' ERROR IF NULL STRING 
9FD8 E684             (     newbasic.asm):02402                   LDB  ,X             GET FIRST BYTE OF STRING 
9FDA 39               (     newbasic.asm):02403                   RTS                  
                      (     newbasic.asm):02404                                        
                      (     newbasic.asm):02405                                        
9FDB 8D4D             (     newbasic.asm):02406         LEFT      BSR  LB6F5          GET ARGUMENTS FROM STACK 
9FDD 4F               (     newbasic.asm):02407         LB6AD     CLRA                CLEAR STRING POINTER OFFSET - OFFSET = 0 FOR LEFT$ 
9FDE E184             (     newbasic.asm):02408         LB6AE     CMPB ,X             * COMPARE LENGTH PARAMETER TO LENGTH OF 
9FE0 2303             (     newbasic.asm):02409                   BLS  LB6B5          * STRING AND BRANCH IF LENGTH OF STRING 
                      (     newbasic.asm):02410         ;                             >= LENGTH PARAMETER 
9FE2 E684             (     newbasic.asm):02411                   LDB  ,X             USE LENGTH OF STRING OTHERWISE 
9FE4 4F               (     newbasic.asm):02412                   CLRA                CLEAR STRING POINTER OFFSET (0 FOR LEFT$) 
9FE5 3406             (     newbasic.asm):02413         LB6B5     PSHS B,A            PUSH PARAMETERS ONTO STACK 
9FE7 BD9DFA           (     newbasic.asm):02414                   JSR  LB50F          RESERVE ACCB BYTES IN THE STRING SPACE 
9FEA BE1050           (     newbasic.asm):02415                   LDX  V4D            POINT X TO STRING DESCRIPTOR 
9FED 8D92             (     newbasic.asm):02416                   BSR  LB659          GET ADDRESS OF OLD STRING (X=ADDRESS) 
9FEF 3504             (     newbasic.asm):02417                   PULS B              * PULL STRING POINTER OFFSET OFF OF THE STACK 
9FF1 3A               (     newbasic.asm):02418                   ABX                 * AND ADD IT TO STRING ADDRESS 
9FF2 3504             (     newbasic.asm):02419                   PULS B              PULL LENGTH PARAMETER OFF OF THE STACK 
9FF4 BD9F6A           (     newbasic.asm):02420                   JSR  LB645          MOVE ACCB BYTES FROM (X) TO [FRESPC] 
9FF7 20D4             (     newbasic.asm):02421                   BRA  LB69D          PUT TEMP STRING DESCRIPTOR ONTO THE STRING STACK 
                      (     newbasic.asm):02422                                        
                      (     newbasic.asm):02423         ; RIGHT$                       
9FF9 8D2F             (     newbasic.asm):02424         RIGHT     BSR  LB6F5          GET ARGUMENTS FROM STACK 
9FFB A084             (     newbasic.asm):02425                   SUBA ,X             ACCA=LENGTH PARAMETER - LENGTH OF OLD STRING 
9FFD 40               (     newbasic.asm):02426                   NEGA                NOW ACCA = LENGTH OF OLD STRING 
9FFE 20DE             (     newbasic.asm):02427                   BRA  LB6AE          PUT NEW STRING IN THE STRING SPACE 
                      (     newbasic.asm):02428                                        
                      (     newbasic.asm):02429         ; MID$                         
A000 C6FF             (     newbasic.asm):02430         MID       LDB  #$FF           * GET DEFAULT VALUE OF LENGTH AND 
A002 F71056           (     newbasic.asm):02431                   STB  FPA0+3         * SAVE IT IN FPA0 
A005 BD1085           (     newbasic.asm):02432                   JSR  GETCCH         GET CURRENT CHARACTER FROM BASIC 
A008 8129             (     newbasic.asm):02433                   CMPA #')            ARGUMENT DELIMITER? 
A00A 2705             (     newbasic.asm):02434                   BEQ  LB6DE          YES - NO LENGTH PARAMETER GIVEN 
A00C BD9AF6           (     newbasic.asm):02435                   JSR  LB26D          SYNTAX CHECK FOR COMMA 
A00F 8D31             (     newbasic.asm):02436                   BSR  LB70B          EVALUATE NUMERIC EXPRESSION (LENGTH) 
A011 8D17             (     newbasic.asm):02437         LB6DE     BSR  LB6F5          GET ARGUMENTS FROM STACK 
A013 2727             (     newbasic.asm):02438                   BEQ  LB706          FC' ERROR IF NULL STRING 
A015 5F               (     newbasic.asm):02439                   CLRB                CLEAR LENGTH COUNTER (DEFAULT VALUE) 
A016 4A               (     newbasic.asm):02440                   DECA                *SUOTRACT ONE FROM POSITION PARAMETER (THESE 
A017 A184             (     newbasic.asm):02441                   CMPA ,X             *ROUTINES EXPECT 1ST POSITION TO BE ZERO, NOT ONE) 
                      (     newbasic.asm):02442         ;                             *AND COMPARE IT TO LENGTH OF OLD STRING 
A019 24CA             (     newbasic.asm):02443                   BCC  LB6B5          IF POSITION > LENGTH OF OLD STRING, THEN NEW 
                      (     newbasic.asm):02444         ;                             STRING WILL BE A NULL STRING 
A01B 1F89             (     newbasic.asm):02445                   TFR  A,B            SAVE ABSOLUTE POSITION PARAMETER IN ACCB 
A01D E084             (     newbasic.asm):02446                   SUBB ,X             ACCB=POSITION-LENGTH OF OLD STRING 
A01F 50               (     newbasic.asm):02447                   NEGB                NOW ACCB=LENGTH OF OLDSTRING-POSITION 
A020 F11056           (     newbasic.asm):02448                   CMPB FPA0+3         *IF THE AMOUNT OF OLD STRING TO THE RIGHT OF 
A023 23C0             (     newbasic.asm):02449                   BLS  LB6B5          *POSITION IS <= THE LENGTH PARAMETER, BRANCH AND 
                      (     newbasic.asm):02450         ; USE ALL OF THE STRING TO THE RIGHT OF THE POSITION                      
                      (     newbasic.asm):02451         ; INSTEAD OF THE LENGTH PARAMETER                      
A025 F61056           (     newbasic.asm):02452                   LDB  FPA0+3         GET LENGTH OF NEW STRING 
A028 20BB             (     newbasic.asm):02453                   BRA  LB6B5          PUT NEW STRING IN STRING SPACE 
                      (     newbasic.asm):02454         ; DO A SYNTAX CHECK FOR ")", THEN PULL THE PREVIOUSLY CALCULATED NUMERIC                      
                      (     newbasic.asm):02455         ; ARGUMENT (ACCD) AND STRING ARGUMENT DESCRIPTOR ADDR OFF OF THE STACK                      
A02A BD9AF0           (     newbasic.asm):02456         LB6F5     JSR  LB267          SYNTAX CHECK FOR A ")" 
A02D EEE4             (     newbasic.asm):02457                   LDU  ,S             LOAD THE RETURN ADDRESS INTO U REGISTER 
A02F AE65             (     newbasic.asm):02458                   LDX  5,S            * GET ADDRESS OF STRING AND 
A031 BF1050           (     newbasic.asm):02459                   STX  V4D            * SAVE IT IN V4D 
A034 A664             (     newbasic.asm):02460                   LDA  4,S            = PUT LENGTH OF STRING IN 
A036 E664             (     newbasic.asm):02461                   LDB  4,S            = BOTH ACCA AND ACCB 
A038 3267             (     newbasic.asm):02462                   LEAS 7,S            REMOVE DESCRIPTOR AND RETURN ADDRESS FROM STACK 
A03A 1F35             (     newbasic.asm):02463                   TFR  U,PC           JUMP TO ADDRESS IN U REGISTER 
A03C 7E9D15           (     newbasic.asm):02464         LB706     JMP  LB44A          ILLEGAL FUNCTION CALL' 
                      (     newbasic.asm):02465         ; EVALUATE AN EXPRESSION - RETURN AN INTEGER IN                      
                      (     newbasic.asm):02466         ; ACCB - 'FC' ERROR IF EXPRESSION > 255                      
A03F BD107F           (     newbasic.asm):02467         LB709     JSR  GETNCH         GET NEXT BASIC INPUT CHARACTER 
A042 BD99A8           (     newbasic.asm):02468         LB70B     JSR  LB141          EVALUATE A NUMERIC EXPRESSION 
A045 BD9CA5           (     newbasic.asm):02469         LB70E     JSR  LB3E9          CONVERT FPA0 TO INTEGER IN ACCD 
A048 4D               (     newbasic.asm):02470                   TSTA                TEST MS BYTE OF INTEGER 
A049 26F1             (     newbasic.asm):02471                   BNE  LB706          FC' ERROR IF EXPRESSION > 255 
A04B 7E1085           (     newbasic.asm):02472                   JMP  GETCCH         GET CURRENT INPUT CHARACTER FROM BASIC 
                      (     newbasic.asm):02473                                        
                      (     newbasic.asm):02474         ; VAL                          
A04E BD9FB4           (     newbasic.asm):02475         VAL       JSR  LB686          POINT X TO STRING ADDRESS 
A051 10274493         (     newbasic.asm):02476                   LBEQ LBA39          IF NULL STRING SET FPA0 
A055 FE1086           (     newbasic.asm):02477                   LDU  CHARAD         SAVE INPUT POINTER IN REGISTER U 
A058 BF1086           (     newbasic.asm):02478                   STX  CHARAD         POINT INPUT POINTER TO ADDRESS OF STRING 
A05B 3A               (     newbasic.asm):02479                   ABX  MOVE POINTER TO END OF STRING TERMINATOR  
A05C A684             (     newbasic.asm):02480                   LDA  ,X             GET LAST BYTE OF STRING 
A05E 3452             (     newbasic.asm):02481                   PSHS U,X,A          SAVE INPUT POINTER, STRING TERMINATOR 
                      (     newbasic.asm):02482         ;         ADDRESS AND CHARACTER   
A060 6F84             (     newbasic.asm):02483                   CLR  ,X             CLEAR STRING TERMINATOR : FOR ASCII - FP CONVERSION 
A062 BD1085           (     newbasic.asm):02484                   JSR  GETCCH         GET CURRENT CHARACTER FROM BASIC 
A065 BDE877           (     newbasic.asm):02485                   JSR  LBD12          CONVERT AN ASCII STRING TO FLOATING POINT 
A068 3552             (     newbasic.asm):02486                   PULS A,X,U          RESTORE CHARACTERS AND POINTERS 
A06A A784             (     newbasic.asm):02487                   STA  ,X             REPLACE STRING TERMINATOR 
A06C FF1086           (     newbasic.asm):02488                   STU  CHARAD         RESTORE INPUT CHARACTER 
A06F 39               (     newbasic.asm):02489                   RTS                  
                      (     newbasic.asm):02490                                        
A070 8D08             (     newbasic.asm):02491         LB734     BSR  LB73D          * EVALUATE AN EXPRESSION, RETURN 
A072 BF102E           (     newbasic.asm):02492                   STX  BINVAL         * THE VALUE IN X; STORE IT IN BINVAL 
A075 BD9AF6           (     newbasic.asm):02493         LB738     JSR  LB26D          SYNTAX CHECK FOR A COMMA 
A078 20C8             (     newbasic.asm):02494                   BRA  LB70B          EVALUATE EXPRESSION IN RANGE 0 <= X < 256 
                      (     newbasic.asm):02495         ; EVALUATE EXPRESSION : RETURN INTEGER PORTION IN X - 'FC' ERROR IF                      
                      (     newbasic.asm):02496                                        
A07A BD99A8           (     newbasic.asm):02497         LB73D     JSR  LB141          EVALUATE NUMERIC EXPRESSION 
A07D B61057           (     newbasic.asm):02498         LB740     LDA  FP0SGN         GET SIGN OF FPA0 MANTISSA 
A080 2BBA             (     newbasic.asm):02499                   BMI  LB706          ILLEGAL FUNCTION CALL' IF NEGATIVE 
A082 B61052           (     newbasic.asm):02500                   LDA  FP0EXP         GET EXPONENT OF FPA0 
A085 8190             (     newbasic.asm):02501                   CMPA #$90           COMPARE TO LARGEST POSITIVE INTEGER 
A087 22B3             (     newbasic.asm):02502                   BHI  LB706          ILLEGAL FUNCTION CALL' IF TOO LARGE 
A089 BDE81B           (     newbasic.asm):02503                   JSR  LBCC8          SHIFT BINARY POINT TO EXTREME RIGHT OF FPA0 
A08C BE1055           (     newbasic.asm):02504                   LDX  FPA0+2         LOAD X WITH LOWER TWO BYTES OF FPA0 
A08F 39               (     newbasic.asm):02505                   RTS                  
                      (     newbasic.asm):02506         
                      (     newbasic.asm):02507                                        
                      (     newbasic.asm):02508         ; PEEK                         
A090 8DEB             (     newbasic.asm):02509         PEEK      BSR  LB740          CONVERT FPA0 TO INTEGER IN REGISTER X 
A092 E684             (     newbasic.asm):02510                   LDB  ,X             GET THE VALUE BEING 'PEEK'ED 
A094 7E9DDB           (     newbasic.asm):02511                   JMP  LB4F3          CONVERT ACCB INTO A FP NUMBER 
                      (     newbasic.asm):02512                                        
                      (     newbasic.asm):02513         ; POKE                         
A097 8DD7             (     newbasic.asm):02514         POKE      BSR  LB734          EVALUATE 2 EXPRESSIONS 
A099 BE102E           (     newbasic.asm):02515                   LDX  BINVAL         GET THE ADDRESS TO BE 'POKE'ED 
A09C E784             (     newbasic.asm):02516                   STB  ,X             STORE THE DATA IN THAT ADDRESS 
A09E 39               (     newbasic.asm):02517                   RTS                  
                      (     newbasic.asm):02518         
                      (     newbasic.asm):02519         ;
                      (     newbasic.asm):02520         ; SBC6309 V1.3 IO page begins at $E000
                      (     newbasic.asm):02521         ;
                      (     newbasic.asm):02522         ; Put some text here in the ROM about the build. This
                      (     newbasic.asm):02523         ; isn't reachable from the 6309 CPU, but does appear
                      (     newbasic.asm):02524         ; in the ROM when burned, so can be used for ID and
                      (     newbasic.asm):02525         ; version information.
                      (     newbasic.asm):02526         ;
                      (     newbasic.asm):02527                   ORG  $E000
                      (     newbasic.asm):02528                   
E000 457874656E646564 (     newbasic.asm):02529                   FCN  "Extended MS BASIC with autostart ROM"
     204D532042415349
     4320776974682061
     75746F7374617274
     20524F4D00
E025 5468697320697320 (     newbasic.asm):02530                   FCN  "This is a derived work from that of \ Searle."
     6120646572697665
     6420776F726B2066
     726F6D2074686174
     206F66205C205365
     61726C652E00
E053 687474703A2F2F73 (     newbasic.asm):02531                   FCN  "http://searle.hostei.com/grant/6809/Simple6809.html"
     6561726C652E686F
     737465692E636F6D
     2F6772616E742F36
     3830392F53696D70
     6C65363830392E68
     746D6C00
E087 4920686176652075 (     newbasic.asm):02532                   FCC  "I have used Grant's 6809 Extended BASIC with very "
     736564204772616E
     7427732036383039
     20457874656E6465
     6420424153494320
     7769746820766572
     7920
E0B9 6D696E696D616C20 (     newbasic.asm):02533                   FCC  "minimal adapations to port to hd6309 CPU or the "
     616461706174696F
     6E7320746F20706F
     727420746F206864
     3633303920435055
     206F722074686520
E0E9 5342432068617264 (     newbasic.asm):02534                   FCN  "SBC hardware. Requires SBC6309 CPLD V1.3!"
     776172652E205265
     7175697265732053
     4243363330392043
     504C442056312E33
     2100
E113 7461726765742074 (     newbasic.asm):02535                   FCN  "target toolchain: lwtools lwasm ver 4.10"
     6F6F6C636861696E
     3A206C77746F6F6C
     73206C7761736D20
     76657220342E3130
     00
E13C 746F6D6369726375 (     newbasic.asm):02536                   FCN  "tomcircuit@gmail.com 5/25/2014"
     697440676D61696C
     2E636F6D20352F32
     352F3230313400
                      (     newbasic.asm):02537         
                      (     newbasic.asm):02538         ;
                      (     newbasic.asm):02539         ; skip over SBC6309 V1.3 expansion page!
                      (     newbasic.asm):02540         ;
                      (     newbasic.asm):02541                   ORG  $E200
                      (     newbasic.asm):02542                                        
                      (     newbasic.asm):02543         ; LIST                         
E200 3401             (     newbasic.asm):02544         LIST      PSHS CC             SAVE ZERO FLAG ON STACK 
E202 BD97B9           (     newbasic.asm):02545                   JSR  LAF67          CONVERT DECIMAL LINE NUMBER TO BINARY 
E205 BD94ED           (     newbasic.asm):02546                   JSR  LAD01          * FIND RAM ADDRESS OF THAT LINE NUMBER AND 
E208 BF1069           (     newbasic.asm):02547                   STX  LSTTXT         * SAVE IT IN LSTTXT 
E20B 3501             (     newbasic.asm):02548                   PULS CC             GET ZERO FLAG FROM STACK 
E20D 2714             (     newbasic.asm):02549                   BEQ  LB784          BRANCH IF END OF LINE 
E20F BD1085           (     newbasic.asm):02550                   JSR  GETCCH         GET CURRENT CHARACTER FROM BASIC 
E212 2715             (     newbasic.asm):02551                   BEQ  LB789          BRANCH IF END OF LINE 
E214 81A7             (     newbasic.asm):02552                   CMPA #TOK_MINUS     MINUS TOKEN (IS IT A RANGE OF LINE NUMBERS?) 
E216 260A             (     newbasic.asm):02553                   BNE  LB783          NO - RETURN 
E218 BD107F           (     newbasic.asm):02554                   JSR  GETNCH         GET NEXT CHARACTER FROM BASIC 
E21B 2706             (     newbasic.asm):02555                   BEQ  LB784          BRANCH IF END OF LINE 
E21D BD97B9           (     newbasic.asm):02556                   JSR  LAF67          GET ENDING LINE NUMBER 
E220 2707             (     newbasic.asm):02557                   BEQ  LB789          BRANCH IF LEGAL LINE NUMBER 
E222 39               (     newbasic.asm):02558         LB783 RTS                      
                      (     newbasic.asm):02559         ; LIST THE ENTIRE PROGRAM                      
E223 CEFFFF           (     newbasic.asm):02560         LB784     LDU  #$FFFF         * SET THE DEFAULT ENDING LINE NUMBER 
E226 FF102E           (     newbasic.asm):02561                   STU  BINVAL         * TO $FFFF 
E229 3262             (     newbasic.asm):02562         LB789     LEAS 2,S            PURGE RETURN ADDRESS FROM THE STACK 
E22B BE1069           (     newbasic.asm):02563                   LDX  LSTTXT         POINT X TO STARTING LINE ADDRESS 
E22E BDE3E6           (     newbasic.asm):02564         LB78D     JSR  LB95C          MOVE CURSOR TO START OF A NEW LINE 
E231 BD91B9           (     newbasic.asm):02565                   JSR  LA549          CHECK FOR A BREAK OR PAUSE 
E234 EC84             (     newbasic.asm):02566                   LDD  ,X             GET ADDRESS OF NEXT BASIC LINE 
E236 2603             (     newbasic.asm):02567                   BNE  LB79F          BRANCH IF NOT END OF PROGRAM 
E238                  (     newbasic.asm):02568         LB797                          
E238 7E945A           (     newbasic.asm):02569                   JMP  LAC73          RETURN TO BASIC’S MAIN INPUT LOOP 
E23B BF1069           (     newbasic.asm):02570         LB79F     STX  LSTTXT         SAVE NEW STARTING LINE ADDRESS 
E23E EC02             (     newbasic.asm):02571                   LDD  2,X            * GET THE LINE NUMBER OF THIS LINE AND 
E240 10B3102E         (     newbasic.asm):02572                   CMPD BINVAL         * COMPARE IT TO ENDING LINE NUMBER 
E244 22F2             (     newbasic.asm):02573                   BHI  LB797          EXIT IF LINE NUMBER > ENDING LINE NUMBER 
E246 BDE94F           (     newbasic.asm):02574                   JSR  LBDCC          PRINT THE NUMBER IN ACCD ON SCREEN IN DECIMAL 
E249 BDE439           (     newbasic.asm):02575                   JSR  LB9AC          SEND A SPACE TO CONSOLE OUT 
E24C BE1069           (     newbasic.asm):02576                   LDX  LSTTXT         GET RAM ADDRESS OF THIS LINE 
E24F 8D10             (     newbasic.asm):02577                   BSR  LB7C2          UNCRUNCH A LINE 
E251 AE9F1069         (     newbasic.asm):02578                   LDX  [LSTTXT]       POINT X TO START OF NEXT LINE 
E255 CE10F7           (     newbasic.asm):02579                   LDU  #LINBUF+1      POINT U TO BUFFER FULL OF UNCRUNCHED LINE 
E258 A6C0             (     newbasic.asm):02580         LB7B9     LDA  ,U+            GET A BYTE FROM THE BUFFER 
E25A 27D2             (     newbasic.asm):02581                   BEQ  LB78D          BRANCH IF END OF BUFFER 
E25C BDE43E           (     newbasic.asm):02582                   JSR  LB9B1          SEND CHARACTER TO CONSOLE OUT 
E25F 20F7             (     newbasic.asm):02583                   BRA  LB7B9          GET ANOTHER CHARACTER 
                      (     newbasic.asm):02584                                        
                      (     newbasic.asm):02585         ; UNCRUNCH A LINE INTO BASIC’S LINE INPUT BUFFER                      
E261 3004             (     newbasic.asm):02586         LB7C2     LEAX 4,X            MOVE POINTER PAST ADDRESS OF NEXT LINE AND LINE NUMBER 
E263 108E10F7         (     newbasic.asm):02587                   LDY  #LINBUF+1      UNCRUNCH LINE INTO LINE INPUT BUFFER 
E267 A680             (     newbasic.asm):02588         LB7CB     LDA  ,X+            GET A CHARACTER 
E269 2751             (     newbasic.asm):02589                   BEQ  LB820          BRANCH IF END OF LINE 
E26B 2B15             (     newbasic.asm):02590                   BMI  LB7E6          BRANCH IF IT’S A TOKEN 
E26D 813A             (     newbasic.asm):02591                   CMPA #':            CHECK FOR END OF SUB LINE 
E26F 260D             (     newbasic.asm):02592                   BNE  LB7E2          BRNCH IF NOT END OF SUB LINE 
E271 E684             (     newbasic.asm):02593                   LDB  ,X             GET CHARACTER FOLLOWING COLON 
E273 C184             (     newbasic.asm):02594                   CMPB #TOK_ELSE      TOKEN FOR ELSE? 
E275 27F0             (     newbasic.asm):02595                   BEQ  LB7CB          YES - DON’T PUT IT IN BUFFER 
E277 C183             (     newbasic.asm):02596                   CMPB #TOK_SNGL_Q    TOKEN FOR REMARK? 
E279 27EC             (     newbasic.asm):02597                   BEQ  LB7CB          YES - DON’T PUT IT IN BUFFER 
E27B 8C               (     newbasic.asm):02598                   FCB  SKP2           SKIP TWO BYTES 
E27C 8621             (     newbasic.asm):02599         LB7E0     LDA  #'!            EXCLAMATION POINT 
E27E 8D30             (     newbasic.asm):02600         LB7E2     BSR  LB814          PUT CHARACTER IN BUFFER 
E280 20E5             (     newbasic.asm):02601                   BRA  LB7CB          GET ANOTHER CHARACTER 
                      (     newbasic.asm):02602                                        
E282 CE90FE           (     newbasic.asm):02603         LB7E6     LDU  #COMVEC-10     FIRST DO COMMANDS 
E285 81FF             (     newbasic.asm):02604                   CMPA #$FF           CHECK FOR SECONDARY TOKEN 
E287 2604             (     newbasic.asm):02605                   BNE  LB7F1          BRANCH IF NON SECONDARY TOKEN 
E289 A680             (     newbasic.asm):02606                   LDA  ,X+            GET SECONDARY TOKEN 
E28B 3345             (     newbasic.asm):02607                   LEAU 5,U            BUMP IT UP TO SECONDARY FUNCTIONS 
E28D 847F             (     newbasic.asm):02608         LB7F1     ANDA #$7F           MASK OFF BIT 7 OF TOKEN 
E28F 334A             (     newbasic.asm):02609         LB7F3     LEAU 10,U           MOVE TO NEXT COMMAND TABLE 
E291 6DC4             (     newbasic.asm):02610                   TST  ,U             IS THIS TABLE ENABLED? 
E293 27E7             (     newbasic.asm):02611                   BEQ  LB7E0          NO - ILLEGAL TOKEN 
E295 A0C4             (     newbasic.asm):02612                   SUBA ,U             SUBTRACT THE NUMBER OF TOKENS FROM THE CURRENT TOKEN NUMBER 
E297 2AF6             (     newbasic.asm):02613                   BPL  LB7F3          BRANCH IF TOKEN NOT IN THIS TABLE 
E299 ABC4             (     newbasic.asm):02614                   ADDA ,U             RESTORE TOKEN NUMBER RELATIVE TO THIS TABLE 
E29B EE41             (     newbasic.asm):02615                   LDU  1,U            POINT U TO COMMAND DICTIONARY TABLE 
E29D 4A               (     newbasic.asm):02616         LB801     DECA                DECREMENT TOKEN NUMBER 
E29E 2B06             (     newbasic.asm):02617                   BMI  LB80A          BRANCH IF THIS IS THE CORRECT TOKEN 
                      (     newbasic.asm):02618         ; SKIP THROUGH DICTIONARY TABLE TO START OF NEXT TOKEN                      
E2A0 6DC0             (     newbasic.asm):02619         LB804     TST  ,U+            GRAB A BYTE 
E2A2 2AFC             (     newbasic.asm):02620                   BPL  LB804          BRANCH IF BIT 7 NOT SET 
E2A4 20F7             (     newbasic.asm):02621                   BRA  LB801          GO SEE IF THIS IS THE CORRECT TOKEN 
E2A6 A6C4             (     newbasic.asm):02622         LB80A     LDA  ,U             GET A CHARACTER FROM DICTIONARY TABLE 
E2A8 8D06             (     newbasic.asm):02623                   BSR  LB814          PUT CHARACTER IN BUFFER 
E2AA 6DC0             (     newbasic.asm):02624                   TST  ,U+            CHECK FOR START OF NEXT TOKEN 
E2AC 2AF8             (     newbasic.asm):02625                   BPL  LB80A          BRANCH IF NOT DONE WITH THIS TOKEN 
E2AE 20B7             (     newbasic.asm):02626                   BRA  LB7CB          GO GET ANOTHER CHARACTER 
E2B0 108C11F0         (     newbasic.asm):02627         LB814     CMPY #LINBUF+LBUFMX TEST FOR END OF LINE INPUT BUFFER 
E2B4 2406             (     newbasic.asm):02628                   BCC  LB820          BRANCH IF AT END OF BUFFER 
E2B6 847F             (     newbasic.asm):02629                   ANDA #$7F           MASK OFF BIT 7 
E2B8 A7A0             (     newbasic.asm):02630                   STA  ,Y+            * SAVE CHARACTER IN BUFFER AND 
E2BA 6FA4             (     newbasic.asm):02631                   CLR  ,Y             * CLEAR NEXT CHARACTER SLOT IN BUFFER 
E2BC 39               (     newbasic.asm):02632         LB820     RTS                  
                      (     newbasic.asm):02633         ;                              
                      (     newbasic.asm):02634         ; CRUNCH THE LINE THAT THE INPUT POINTER IS                      
                      (     newbasic.asm):02635         ; POINTING TO INTO THE LINE INPUT BUFFER                      
                      (     newbasic.asm):02636         ; RETURN LENGTH OF CRUNCHED LINE IN ACCD                      
                      (     newbasic.asm):02637         ;                              
E2BD BE1086           (     newbasic.asm):02638         LB821     LDX  CHARAD         GET BASIC'S INPUT POINTER ADDRESS 
E2C0 CE10F6           (     newbasic.asm):02639                   LDU  #LINBUF        POINT X TO LINE INPUT BUFFER 
E2C3 7F1046           (     newbasic.asm):02640         LB829     CLR  V43            CLEAR ILLEGAL TOKEN FLAG 
E2C6 7F1047           (     newbasic.asm):02641                   CLR  V44            CLEAR DATA FLAG 
E2C9 A680             (     newbasic.asm):02642         LB82D     LDA  ,X+            GET INPUT CHAR 
E2CB 2725             (     newbasic.asm):02643                   BEQ  LB852          BRANCH IF END OF LINE 
E2CD 7D1046           (     newbasic.asm):02644                   TST  V43            * CHECK ILLEGAL TOKEN FLAG & BRANCH IF NOT 
E2D0 2710             (     newbasic.asm):02645                   BEQ  LB844          * PROCESSING AN ILLEGAL TOKEN 
E2D2 BD9C51           (     newbasic.asm):02646                   JSR  LB3A2          SET CARRY IF NOT UPPER CASE ALPHA 
E2D5 241B             (     newbasic.asm):02647                   BCC  LB852          BRANCH IF UPPER CASE ALPHA 
E2D7 8130             (     newbasic.asm):02648                   CMPA #'0            * DON’T CRUNCH ASCII NUMERIC CHARACTERS 
E2D9 2504             (     newbasic.asm):02649                   BLO  LB842          * BRANCH IF NOT NUMERIC 
E2DB 8139             (     newbasic.asm):02650                   CMPA #'9            * 
E2DD 2313             (     newbasic.asm):02651                   BLS  LB852          * BRANCH IF NUMERIC 
                      (     newbasic.asm):02652         ; END UP HERE IF NOT UPPER CASE ALPHA OR NUMERIC                      
E2DF 7F1046           (     newbasic.asm):02653         LB842     CLR  V43            CLEAR ILLEGAL TOKEN FLAG 
E2E2 8120             (     newbasic.asm):02654         LB844     CMPA #SPACE         SPACE? 
E2E4 270C             (     newbasic.asm):02655                   BEQ  LB852          DO NOT REMOVE SPACES 
E2E6 B71045           (     newbasic.asm):02656                   STA  V42            SAVE INPUT CHARACTER AS SCAN DELIMITER 
E2E9 8122             (     newbasic.asm):02657                   CMPA #'"            CHECK FOR STRING DELIMITER 
E2EB 273D             (     newbasic.asm):02658                   BEQ  LB886          BRANCH IF STRING 
E2ED 7D1047           (     newbasic.asm):02659                   TST  V44            * CHECK DATA FLAG AND BRANCH IF CLEAR 
E2F0 271B             (     newbasic.asm):02660                   BEQ  LB86B          * DO NOT CRUNCH DATA 
E2F2 A7C0             (     newbasic.asm):02661         LB852     STA  ,U+            SAVE CHARACTER IN BUFFER 
E2F4 2707             (     newbasic.asm):02662                   BEQ  LB85C          BRANCH IF END OF LINE 
E2F6 813A             (     newbasic.asm):02663                   CMPA #':            * CHECK FOR END OF SUBLINE 
E2F8 27C9             (     newbasic.asm):02664                   BEQ  LB829          * AND RESET FLAGS IF END OF SUBLINE 
E2FA 16FFCC           (     newbasic.asm):02665         LB85A     LBRA  LB82D         ; GO GET ANOTHER CHARACTER 
E2FD 6FC0             (     newbasic.asm):02666         LB85C     CLR  ,U+            * DOUBLE ZERO AT END OF LINE 
E2FF 6FC0             (     newbasic.asm):02667                   CLR  ,U+            * 
E301 1F30             (     newbasic.asm):02668                   TFR  U,D            SAVE ADDRESS OF END OF LINE IN ACCD 
E303 8310F4           (     newbasic.asm):02669                   SUBD #LINHDR        LENGTH OF LINE IN ACCD 
E306 8E10F5           (     newbasic.asm):02670                   LDX  #LINBUF-1      * SET THE INPUT POINTER TO ONE BEFORE 
E309 BF1086           (     newbasic.asm):02671                   STX  CHARAD         * THE START OF THE CRUNCHED LINE 
E30C 39               (     newbasic.asm):02672                   RTS  EXIT 'CRUNCH'   
E30D 813F             (     newbasic.asm):02673         LB86B     CMPA #'?            CHECK FOR "?" - PRINT ABBREVIATION 
E30F 2604             (     newbasic.asm):02674                   BNE  LB873          BRANCH IF NOT PRINT ABBREVIATION 
E311 8687             (     newbasic.asm):02675                   LDA  #TOK_PRINT     * GET THE PRINT TOKEN AND SAVE IT 
E313 20DD             (     newbasic.asm):02676                   BRA  LB852          * IN BUFFER 
E315 8127             (     newbasic.asm):02677         LB873     CMPA #''            APOSTROPHE IS SAME AS REM 
E317 2615             (     newbasic.asm):02678                   BNE  LB88A          BRANCH IF NOT REMARK 
E319 CC3A83           (     newbasic.asm):02679                   LDD  #$3A00+TOK_SNGL_Q COLON, REM TOKEN 
E31C EDC1             (     newbasic.asm):02680                   STD  ,U++           SAVE IN BUFFER 
E31E 7F1045           (     newbasic.asm):02681         LB87C     CLR  V42            SET DELIMITER = 0 (END OF LINE) 
E321 A680             (     newbasic.asm):02682         LB87E     LDA  ,X+            SCAN TILL WE MATCH [V42] 
E323 27CD             (     newbasic.asm):02683                   BEQ  LB852          BRANCH IF END OF LINE 
E325 B11045           (     newbasic.asm):02684                   CMPA V42            DELIMITER? 
E328 27C8             (     newbasic.asm):02685                   BEQ  LB852          BRANCH OUT IF SO 
E32A A7C0             (     newbasic.asm):02686         LB886     STA  ,U+            DON’T CRUNCH REMARKS OR STRINGS 
E32C 20F3             (     newbasic.asm):02687                   BRA  LB87E          GO GET MORE STRING OR REMARK 
E32E 8130             (     newbasic.asm):02688         LB88A     CMPA #'0            * LESS THAN ASCII ZERO? 
E330 2504             (     newbasic.asm):02689                   BCS  LB892          * BRANCH IF SO 
E332 813C             (     newbasic.asm):02690                   CMPA #';+1          = CHECK FOR NUMERIC VALUE, COLON OR SEMICOLON 
E334 25BC             (     newbasic.asm):02691                   BCS  LB852          = AND INSERT IN BUFFER IF SO 
E336 301F             (     newbasic.asm):02692         LB892     LEAX -1,X           MOVE INPUT POINTER BACK ONE 
E338 3450             (     newbasic.asm):02693                   PSHS U,X            SAVE POINTERS TO INPUT STRING, OUTPUT STRING 
E33A 7F1044           (     newbasic.asm):02694                   CLR  V41            TOKEN FLAG 0 = COMMAND, FF = SECONDARY 
E33D CE90FE           (     newbasic.asm):02695                   LDU  #COMVEC-10     POINT U TO COMMAND INTERPRETATION 
                      (     newbasic.asm):02696         ;                             TABLE FOR BASIC - 10 
E340 7F1045           (     newbasic.asm):02697         LB89B     CLR  V42            INITIALIZE V42 AS TOKEN COUNTER 
E343 334A             (     newbasic.asm):02698         LB89D     LEAU 10,U           MOVE TO NEXT COMMAND INTERPRETATION TABLE 
E345 A6C4             (     newbasic.asm):02699                   LDA  ,U             GET NUMBER OF COMMANDS 
E347 2735             (     newbasic.asm):02700                   BEQ  LB8D4          GO DO SECONDARY FUNCTIONS IF NO COMMAND TABLE 
E349 10AE41           (     newbasic.asm):02701                   LDY  1,U            POINT Y TO COMMAND DICTIONARY TABLE 
E34C AEE4             (     newbasic.asm):02702         LB8A6     LDX  ,S             GET POINTER TO INPUT STRING 
E34E E6A0             (     newbasic.asm):02703         LB8A8     LDB  ,Y+            GET A BYTE FROM DICTIONARY TABLE 
E350 E080             (     newbasic.asm):02704                   SUBB ,X+            SUBTRACT INPUT CHARACTER 
E352 27FA             (     newbasic.asm):02705                   BEQ  LB8A8          LOOP IF SAME 
E354 C180             (     newbasic.asm):02706                   CMPB #$80           LAST CHAR IN RESERVED WORD TABLE HAD 
                      (     newbasic.asm):02707         ;                             BIT 7 SET, SO IF WE HAVE $80 HERE 
                      (     newbasic.asm):02708         ;                             THEN IT IS A GOOD COMPARE 
E356 263E             (     newbasic.asm):02709                   BNE  LB8EA          BRANCH IF NO MATCH - CHECK ANOTHER COMMAND 
E358 3262             (     newbasic.asm):02710                   LEAS 2,S            DELETE OLD INPUT POINTER FROM STACK 
E35A 3540             (     newbasic.asm):02711                   PULS U              GET POINTER TO OUTPUT STRING 
E35C FA1045           (     newbasic.asm):02712                   ORB  V42            OR IN THE TABLE POSITION TO MAKE THE TOKEN 
                      (     newbasic.asm):02713         ;                             - NOTE THAT B ALREADY HAD $80 IN IT - 
E35F B61044           (     newbasic.asm):02714                   LDA  V41            * CHECK TOKEN FLAG AND BRANCH 
E362 2606             (     newbasic.asm):02715                   BNE  LB8C2          * IF SECONDARY 
E364 C184             (     newbasic.asm):02716                   CMPB #TOK_ELSE      IS IT ELSE TOKEN? 
E366 2606             (     newbasic.asm):02717                   BNE  LB8C6          NO 
E368 863A             (     newbasic.asm):02718                   LDA  #':            PUT A COLON (SUBLINE) BEFORE ELSE TOKEN 
E36A EDC1             (     newbasic.asm):02719         LB8C2     STD  ,U++           SECONDARY TOKENS PRECEEDED BY $FF 
E36C 208C             (     newbasic.asm):02720                   BRA  LB85A          GO PROCESS MORE INPUT CHARACTERS 
E36E E7C0             (     newbasic.asm):02721         LB8C6     STB  ,U+            SAVE THIS TOKEN 
E370 C186             (     newbasic.asm):02722                   CMPB #TOK_DATA      DATA TOKEN? 
E372 2603             (     newbasic.asm):02723                   BNE  LB8CE          NO 
E374 7C1047           (     newbasic.asm):02724                   INC  V44            SET DATA FLAG 
E377 C182             (     newbasic.asm):02725         LB8CE     CMPB #TOK_REM       REM TOKEN? 
E379 27A3             (     newbasic.asm):02726                   BEQ  LB87C          YES 
E37B 16FF7C           (     newbasic.asm):02727         LB8D2     LBRA  LB85A         ;GO PROCESS MORE INPUT CHARACTERS 
                      (     newbasic.asm):02728         ; CHECK FOR A SECONDARY TOKEN                      
E37E CE9103           (     newbasic.asm):02729         LB8D4     LDU  #COMVEC-5      NOW DO SECONDARY FUNCTIONS 
E381 731044           (     newbasic.asm):02730                   COM  V41            TOGGLE THE TOKEN FLAG 
E384 26BA             (     newbasic.asm):02731                   BNE  LB89B          BRANCH IF NOW CHECKING SECONDARY COMMANDS 
                      (     newbasic.asm):02732                                        
                      (     newbasic.asm):02733         ; THIS CODE WILL PROCESS INPUT DATA WHICH CANNOT BE CRUNCHED AND SO                      
                      (     newbasic.asm):02734         ; IS ASSUMED TO BE ILLEGAL DATA OR AN ILLEGAL TOKEN                      
E386 3550             (     newbasic.asm):02735                   PULS X,U            RESTORE INPUT AND OUTPUT POINTERS 
E388 A680             (     newbasic.asm):02736                   LDA  ,X+            * MOVE THE FIRST CHARACTER OF AN 
E38A A7C0             (     newbasic.asm):02737                   STA  ,U+            * ILLEGAL TOKEN 
E38C BD9C51           (     newbasic.asm):02738                   JSR  LB3A2          SET CARRY IF NOT ALPHA 
E38F 25EA             (     newbasic.asm):02739                   BCS  LB8D2          BRANCH IF NOT ALPHA 
E391 731046           (     newbasic.asm):02740                   COM  V43            SET ILLEGAL TOKEN FLAG IF UPPER CASE ALPHA 
E394 20E5             (     newbasic.asm):02741                   BRA  LB8D2          PROCESS MORE INPUT CHARACTERS 
E396 7C1045           (     newbasic.asm):02742         LB8EA     INC  V42            INCREMENT TOKEN COUNTER 
E399 4A               (     newbasic.asm):02743                   DECA                DECR COMMAND COUNTER 
E39A 27A7             (     newbasic.asm):02744                   BEQ  LB89D          GET ANOTHER COMMAND TABLE IF DONE W/THIS ONE 
E39C 313F             (     newbasic.asm):02745                   LEAY -1,Y           MOVE POINTER BACK ONE 
E39E E6A0             (     newbasic.asm):02746         LB8F1     LDB  ,Y+            * GET TO NEXT 
E3A0 2AFC             (     newbasic.asm):02747                   BPL  LB8F1          * RESERVED WORD 
E3A2 20A8             (     newbasic.asm):02748                   BRA  LB8A6          GO SEE IF THIS WORD IS A MATCH 
                      (     newbasic.asm):02749                                        
                      (     newbasic.asm):02750         ; PRINT                        
E3A4 273C             (     newbasic.asm):02751         PRINT     BEQ  LB958          BRANCH IF NO ARGUMENT 
E3A6 8D01             (     newbasic.asm):02752                   BSR  LB8FE          CHECK FOR ALL PRINT OPTIONS 
E3A8 39               (     newbasic.asm):02753                   RTS                  
E3A9                  (     newbasic.asm):02754         LB8FE                          
E3A9 BDF4D4           (     newbasic.asm):02755         LB918     JSR  XVEC9          CALL EXTENDED BASIC ADD-IN 
E3AC 2742             (     newbasic.asm):02756         LB91B     BEQ  LB965          RETURN IF END OF LINE 
E3AE 819F             (     newbasic.asm):02757         LB91D     CMPA #TOK_TAB       TOKEN FOR TAB( ? 
E3B0 275B             (     newbasic.asm):02758                   BEQ  LB97E          YES 
E3B2 812C             (     newbasic.asm):02759                   CMPA #',            COMMA? 
E3B4 273B             (     newbasic.asm):02760                   BEQ  LB966          YES - ADVANCE TO NEXT TAB FIELD 
E3B6 813B             (     newbasic.asm):02761                   CMPA #';            SEMICOLON? 
E3B8 2769             (     newbasic.asm):02762                   BEQ  LB997          YES - DO NOT ADVANCE CURSOR 
E3BA BD99BE           (     newbasic.asm):02763                   JSR  LB156          EVALUATE EXPRESSION 
E3BD B61009           (     newbasic.asm):02764                   LDA  VALTYP         * GET VARIABLE TYPE AND 
E3C0 3402             (     newbasic.asm):02765                   PSHS A              * SAVE IT ON THE STACK 
E3C2 2606             (     newbasic.asm):02766                   BNE  LB938          BRANCH IF STRING VARIABLE 
E3C4 BDE95D           (     newbasic.asm):02767                   JSR  LBDD9          CONVERT FP NUMBER TO AN ASCII STRING 
E3C7 BD9E03           (     newbasic.asm):02768                   JSR  LB516          PARSE A STRING FROM (X-1) AND PUT 
                      (     newbasic.asm):02769         ;                             DESCRIPTOR ON STRING STACK 
E3CA 8D60             (     newbasic.asm):02770         LB938     BSR  LB99F          PRINT STRING POINTED TO BY X 
E3CC 3504             (     newbasic.asm):02771                   PULS B              GET VARIABLE TYPE BACK 
E3CE BD914B           (     newbasic.asm):02772                   JSR  LA35F          SET UP TAB WIDTH ZONE, ETC 
E3D1 5D               (     newbasic.asm):02773         LB949     TSTB                CHECK CURRENT PRINT POSITION 
E3D2 2609             (     newbasic.asm):02774                   BNE  LB954          BRANCH IF NOT AT START OF LINE 
E3D4 BD1085           (     newbasic.asm):02775                   JSR  GETCCH         GET CURRENT INPUT CHARACTER 
E3D7 812C             (     newbasic.asm):02776                   CMPA #',            COMMA? 
E3D9 2716             (     newbasic.asm):02777                   BEQ  LB966          SKIP TO NEXT TAB FIELD 
E3DB 8D5C             (     newbasic.asm):02778                   BSR  LB9AC          SEND A SPACE TO CONSOLE OUT 
E3DD BD1085           (     newbasic.asm):02779         LB954     JSR  GETCCH         GET CURRENT INPUT CHARACTER 
E3E0 26CC             (     newbasic.asm):02780                   BNE  LB91D          BRANCH IF NOT END OF LINE 
E3E2 860D             (     newbasic.asm):02781         LB958     LDA  #CR            * SEND A CR TO 
E3E4 2058             (     newbasic.asm):02782                   BRA  LB9B1          * CONSOLE OUT 
E3E6 BD914B           (     newbasic.asm):02783         LB95C     JSR  LA35F          SET UP TAB WIDTH, ZONE ETC 
E3E9 27F7             (     newbasic.asm):02784                   BEQ  LB958          BRANCH IF WIDTH = ZERO 
E3EB B6106F           (     newbasic.asm):02785                   LDA  DEVPOS         GET PRINT POSITION 
E3EE 26F2             (     newbasic.asm):02786                   BNE  LB958          BRANCH IF NOT AT START OF LINE 
E3F0 39               (     newbasic.asm):02787         LB965     RTS                  
                      (     newbasic.asm):02788         ; SKIP TO NEXT TAB FIELD                      
E3F1 BD914B           (     newbasic.asm):02789         LB966     JSR  LA35F          SET UP TAB WIDTH, ZONE ETC 
E3F4 270C             (     newbasic.asm):02790                   BEQ  LB975          BRANCH IF LINE WIDTH = 0 (CASSETTE) 
E3F6 F6106F           (     newbasic.asm):02791                   LDB  DEVPOS         GET CURRENT POSITION 
E3F9 F1106E           (     newbasic.asm):02792                   CMPB DEVLCF         COMPARE TO LAST TAB ZONE 
E3FC 2507             (     newbasic.asm):02793                   BCS  LB977          BRANCH IF < LAST TAB ZONE 
E3FE 8DE2             (     newbasic.asm):02794                   BSR  LB958          SEND A CARRIAGE RETURN TO CONSOLE OUT 
E400 2021             (     newbasic.asm):02795                   BRA  LB997          GET MORE DATA 
E402 F6106F           (     newbasic.asm):02796         LB975     LDB  DEVPOS         * 
E405 F0106D           (     newbasic.asm):02797         LB977     SUBB DEVCFW         * SUBTRACT TAB FIELD WIDTH FROM CURRENT 
E408 24FB             (     newbasic.asm):02798                   BCC  LB977          * POSITION UNTIL CARRY SET - NEGATING THE 
E40A 50               (     newbasic.asm):02799                   NEGB                * REMAINDER LEAVES THE NUMBER OF SPACES TO NEXT 
                      (     newbasic.asm):02800         ;              * TAB ZONE IN ACCB  
E40B 2011             (     newbasic.asm):02801                   BRA  LB98E          GO ADVANCE TO NEXT TAB ZONE 
                      (     newbasic.asm):02802                                        
                      (     newbasic.asm):02803         ; PRINT TAB(                      
E40D BDA03F           (     newbasic.asm):02804         LB97E     JSR  LB709          EVALUATE EXPRESSION - RETURN VALUE IN B 
E410 8129             (     newbasic.asm):02805                   CMPA #')            * 'SYNTAX' ERROR IF NOT ')' 
E412 1026B6EB         (     newbasic.asm):02806                   LBNE LB277          * 
E416 BD914B           (     newbasic.asm):02807                   JSR  LA35F          SET UP TAB WIDTH, ZONE ETC 
E419 F0106F           (     newbasic.asm):02808                   SUBB DEVPOS         GET DIFFERENCE OF PRINT POSITION & TAB POSITION 
E41C 2305             (     newbasic.asm):02809                   BLS  LB997          BRANCH IF TAB POSITION < CURRENT POSITION 
E41E                  (     newbasic.asm):02810         LB98E                          
E41E 8D19             (     newbasic.asm):02811         LB992     BSR  LB9AC          SEND A SPACE TO CONSOLE OUT 
E420 5A               (     newbasic.asm):02812                   DECB                DECREMENT DIFFERENCE COUNT 
E421 26FB             (     newbasic.asm):02813                   BNE  LB992          BRANCH UNTIL CURRENT POSITION = TAB POSITION 
E423 BD107F           (     newbasic.asm):02814         LB997     JSR  GETNCH         GET NEXT CHARACTER FROM BASIC 
E426 7EE3AC           (     newbasic.asm):02815                   JMP  LB91B          LOOK FOR MORE PRINT DATA 
                      (     newbasic.asm):02816         ; COPY A STRING FROM (X) TO CONSOLE OUT                      
E429 BD9E05           (     newbasic.asm):02817         LB99C     JSR  LB518          PARSE A STRING FROM X AND PUT 
                      (     newbasic.asm):02818         ;                                DESCRIPTOR ON STRING STACK  
E42C BD9F7E           (     newbasic.asm):02819         LB99F     JSR  LB657          GET LENGTH OF STRING AND REMOVE 
                      (     newbasic.asm):02820         ;                                DESCRIPTOR FROM STRING STACK  
E42F 5C               (     newbasic.asm):02821                   INCB                COMPENSATE FOR DECB BELOW 
E430 5A               (     newbasic.asm):02822         LB9A3     DECB                DECREMENT COUNTER 
E431 27BD             (     newbasic.asm):02823                   BEQ  LB965          EXIT ROUTINE 
E433 A680             (     newbasic.asm):02824                   LDA  ,X+            GET A CHARACTER FROM X 
E435 8D07             (     newbasic.asm):02825                   BSR  LB9B1          SEND TO CONSOLE OUT 
E437 20F7             (     newbasic.asm):02826                   BRA  LB9A3          KEEP LOOPING 
E439 8620             (     newbasic.asm):02827         LB9AC     LDA  #SPACE         SPACE TO CONSOLE OUT 
E43B 8C               (     newbasic.asm):02828                   FCB  SKP2           SKIP NEXT TWO BYTES 
E43C 863F             (     newbasic.asm):02829         LB9AF     LDA  #'?            QUESTION MARK TO CONSOLE OUT 
E43E 7E900B           (     newbasic.asm):02830         LB9B1     JMP  PUTCHR         JUMP TO CONSOLE OUT 
                      (     newbasic.asm):02831         
                      (     newbasic.asm):02832                                        
                      (     newbasic.asm):02833         ; FLOATING POINT MATH PACKAGE                      
                      (     newbasic.asm):02834                                        
                      (     newbasic.asm):02835         ; ADD .5 TO FPA0                      
E441 8EEA59           (     newbasic.asm):02836         LB9B4     LDX  #LBEC0         FLOATING POINT CONSTANT (.5) 
E444 200B             (     newbasic.asm):02837                   BRA  LB9C2          ADD .5 TO FPA0 
                      (     newbasic.asm):02838         ; SUBTRACT FPA0 FROM FP NUMBER POINTED                      
                      (     newbasic.asm):02839         ; TO BY (X), LEAVE RESULT IN FPA0                      
E446 BDE622           (     newbasic.asm):02840         LB9B9     JSR  LBB2F          COPY PACKED FP DATA FROM (X) TO FPA1 
                      (     newbasic.asm):02841                                        
                      (     newbasic.asm):02842         ; ARITHMETIC OPERATION (-) JUMPS HERE - SUBTRACT FPA0 FROM FPA1 (ENTER                      
                      (     newbasic.asm):02843         ; WITH EXPONENT OF FPA0 IN ACCB AND EXPONENT OF FPA1 IN ACCA)                      
E449 731057           (     newbasic.asm):02844         LB9BC     COM  FP0SGN         CHANGE MANTISSA SIGN OF FPA0 
E44C 731065           (     newbasic.asm):02845                   COM  RESSGN         REVERSE RESULT SIGN FLAG 
E44F 2003             (     newbasic.asm):02846                   BRA  LB9C5          GO ADD FPA1 AND FPA0 
                      (     newbasic.asm):02847         ; ADD FP NUMBER POINTED TO BY                      
                      (     newbasic.asm):02848         ; (X) TO FPA0 - LEAVE RESULT IN FPA0                      
E451 BDE622           (     newbasic.asm):02849         LB9C2     JSR  LBB2F          UNPACK PACKED FP DATA FROM (X) TO 
                      (     newbasic.asm):02850         ;         FPA1; RETURN EXPONENT OF FPA1 IN ACCA  
                      (     newbasic.asm):02851                                        
                      (     newbasic.asm):02852         ; ARITHMETIC OPERATION (+) JUMPS HERE - ADD FPA0 TO                      
                      (     newbasic.asm):02853                                        
E454 5D               (     newbasic.asm):02854         LB9C5     TSTB                CHECK EXPONENT OF FPA0 
E455 10270322         (     newbasic.asm):02855                   LBEQ LBC4A          COPY FPA1 TO FPA0 IF FPA0 = 
E459 8E105F           (     newbasic.asm):02856                   LDX  #FP1EXP        POINT X TO FPA1 
E45C 1F89             (     newbasic.asm):02857         LB9CD     TFR  A,B            PUT EXPONENT OF FPA1 INTO ACCB 
E45E 5D               (     newbasic.asm):02858                   TSTB                CHECK EXPONENT 
E45F 1027008C         (     newbasic.asm):02859                   LBEQ  LBA3E         ; RETURN IF EXPONENT = 0 (ADDING 0 TO FPA0) 
E463 F01052           (     newbasic.asm):02860                   SUBB FP0EXP         SUBTRACT EXPONENT OF FPA0 FROM EXPONENT OF FPA1 
E466 10270086         (     newbasic.asm):02861                   LBEQ  LBA3F         ; BRANCH IF EXPONENTS ARE EQUAL 
E46A 250D             (     newbasic.asm):02862                   BCS  LB9E2          BRANCH IF EXPONENT FPA0 > FPA1 
E46C B71052           (     newbasic.asm):02863                   STA  FP0EXP         REPLACE FPA0 EXPONENT WITH FPA1 EXPONENT 
E46F B61064           (     newbasic.asm):02864                   LDA  FP1SGN         * REPLACE FPA0 MANTISSA SIGN 
E472 B71057           (     newbasic.asm):02865                   STA  FP0SGN         * WITH FPA1 MANTISSA SIGN 
E475 8E1052           (     newbasic.asm):02866                   LDX  #FP0EXP        POINT X TO FPA0 
E478 50               (     newbasic.asm):02867                   NEGB                NEGATE DIFFERENCE OF EXPONENTS 
E479 C1F8             (     newbasic.asm):02868         LB9E2     CMPB #-8            TEST DIFFERENCE OF EXPONENTS 
E47B 2F73             (     newbasic.asm):02869                   BLE  LBA3F          BRANCH IF DIFFERENCE OF EXPONENTS <= 8 
E47D 4F               (     newbasic.asm):02870                   CLRA                CLEAR OVERFLOW BYTE 
E47E 6401             (     newbasic.asm):02871                   LSR  1,X            SHIFT MS BYTE OF MANTISSA; BIT 7 = 0 
E480 BDE586           (     newbasic.asm):02872                   JSR  LBABA          GO SHIFT MANTISSA OF (X) TO THE RIGHT (B) TIMES 
E483 F61065           (     newbasic.asm):02873         LB9EC     LDB  RESSGN         GET SIGN FLAG 
E486 2A0B             (     newbasic.asm):02874                   BPL  LB9FB          BRANCH IF FPA0 AND FPA1 SIGNS ARE THE SAME 
E488 6301             (     newbasic.asm):02875                   COM  1,X            * COMPLEMENT MANTISSA POINTED 
E48A 6302             (     newbasic.asm):02876                   COM  2,X            * TO BY (X) THE 
E48C 6303             (     newbasic.asm):02877                   COM  3,X            * ADCA BELOW WILL 
E48E 6304             (     newbasic.asm):02878                   COM  4,X            * CONVERT THIS OPERATION 
E490 43               (     newbasic.asm):02879                   COMA                * INTO A NEG (MANTISSA) 
E491 8900             (     newbasic.asm):02880                   ADCA #0             ADD ONE TO ACCA - COMA ALWAYS SETS THE CARRY FLAG 
                      (     newbasic.asm):02881         ; THE PREVIOUS TWO BYTES MAY BE REPLACED BY A NEGA                      
                      (     newbasic.asm):02882         ;                              
                      (     newbasic.asm):02883         ; ADD MANTISSAS OF FPA0 AND FPA1, PUT RESULT IN FPA0                      
E493 B71066           (     newbasic.asm):02884         LB9FB     STA  FPSBYT         SAVE FPA SUB BYTE 
E496 B61056           (     newbasic.asm):02885                   LDA  FPA0+3         * ADD LS BYTE 
E499 B91063           (     newbasic.asm):02886                   ADCA FPA1+3         * OF MANTISSA 
E49C B71056           (     newbasic.asm):02887                   STA  FPA0+3         SAVE IN FPA0 LSB 
E49F B61055           (     newbasic.asm):02888                   LDA  FPA0+2         * ADD NEXT BYTE 
E4A2 B91062           (     newbasic.asm):02889                   ADCA FPA1+2         * OF MANTISSA 
E4A5 B71055           (     newbasic.asm):02890                   STA  FPA0+2         SAVE IN FPA0 
E4A8 B61054           (     newbasic.asm):02891                   LDA  FPA0+1         * ADD NEXT BYTE 
E4AB B91061           (     newbasic.asm):02892                   ADCA FPA1+1         * OF MANTISSA 
E4AE B71054           (     newbasic.asm):02893                   STA  FPA0+1         SAVE IN FPA0 
E4B1 B61053           (     newbasic.asm):02894                   LDA  FPA0           * ADD MS BYTE 
E4B4 B91060           (     newbasic.asm):02895                   ADCA FPA1           * OF MANTISSA 
E4B7 B71053           (     newbasic.asm):02896                   STA  FPA0           SAVE IN FPA0 
E4BA 5D               (     newbasic.asm):02897                   TSTB TEST SIGN FLAG  
E4BB 2A58             (     newbasic.asm):02898                   BPL  LBA5C          BRANCH IF FPA0 & FPA1 SIGNS WERE ALIKE 
E4BD 2502             (     newbasic.asm):02899         LBA18     BCS  LBA1C          BRANCH IF POSITIVE MANTISSA 
E4BF 8D78             (     newbasic.asm):02900                   BSR  LBA79          NEGATE FPA0 MANTISSA 
                      (     newbasic.asm):02901                                        
                      (     newbasic.asm):02902         ; NORMALIZE FPA0                      
E4C1 5F               (     newbasic.asm):02903         LBA1C     CLRB                CLEAR TEMPORARY EXPONENT ACCUMULATOR 
E4C2 B61053           (     newbasic.asm):02904         LBA1D     LDA  FPA0           TEST MSB OF MANTISSA 
E4C5 263F             (     newbasic.asm):02905                   BNE  LBA4F          BRANCH IF <> 0 
E4C7 B61054           (     newbasic.asm):02906                   LDA  FPA0+1         * IF THE MSB IS 
E4CA B71053           (     newbasic.asm):02907                   STA  FPA0           * 0, THEN SHIFT THE 
E4CD B61055           (     newbasic.asm):02908                   LDA  FPA0+2         * MANTISSA A WHOLE BYTE 
E4D0 B71054           (     newbasic.asm):02909                   STA  FPA0+1         * AT A TIME. THIS 
E4D3 B61056           (     newbasic.asm):02910                   LDA  FPA0+3         * IS FASTER THAN ONE 
E4D6 B71055           (     newbasic.asm):02911                   STA  FPA0+2         * BIT AT A TIME 
E4D9 B61066           (     newbasic.asm):02912                   LDA  FPSBYT         * BUT USES MORE MEMORY. 
E4DC B71056           (     newbasic.asm):02913                   STA  FPA0+3         * FPSBYT, THE CARRY IN 
E4DF 7F1066           (     newbasic.asm):02914                   CLR  FPSBYT         * BYTE, REPLACES THE MATISSA LSB. 
E4E2 CB08             (     newbasic.asm):02915                   ADDB #8             SHIFTING ONE BYTE = 8 BIT SHIFTS; ADD 8 TO EXPONENT 
E4E4 C128             (     newbasic.asm):02916                   CMPB #5*8           CHECK FOR 5 SHIFTS 
E4E6 2DDA             (     newbasic.asm):02917                   BLT  LBA1D          BRANCH IF < 5 SHIFTS, IF > 5, THEN MANTISSA = 0 
E4E8 4F               (     newbasic.asm):02918         LBA39     CLRA                A ZERO EXPONENT = 0 FLOATING POINT 
E4E9 B71052           (     newbasic.asm):02919         LBA3A     STA  FP0EXP         ZERO OUT THE EXPONENT 
E4EC B71057           (     newbasic.asm):02920                   STA  FP0SGN         ZERO OUT THE MANTISSA SIGN 
E4EF 39               (     newbasic.asm):02921         LBA3E     RTS                  
E4F0 170086           (     newbasic.asm):02922         LBA3F     LBSR  LBAAE         ; SHIFT FPA0 MANTISSA TO RIGHT 
E4F3 5F               (     newbasic.asm):02923                   CLRB                CLEAR CARRY FLAG 
E4F4 208D             (     newbasic.asm):02924                   BRA  LB9EC           
                      (     newbasic.asm):02925         ; SHIFT FPA0 LEFT ONE BIT UNTIL BIT 7                      
                      (     newbasic.asm):02926         ; OF MATISSA MS BYTE = 1                      
E4F6 5C               (     newbasic.asm):02927         LBA44     INCB                ADD ONE TO EXPONENT ACCUMULATOR 
E4F7 781066           (     newbasic.asm):02928                   ASL  FPSBYT         SHIFT SUB BYTE ONE LEFT 
E4FA 791056           (     newbasic.asm):02929                   ROL  FPA0+3         SHIFT LS BYTE 
E4FD 791055           (     newbasic.asm):02930                   ROL  FPA0+2         SHIFT NS BYTE 
E500 791054           (     newbasic.asm):02931                   ROL  FPA0+1         SHIFT NS BYTE 
E503 791053           (     newbasic.asm):02932                   ROL  FPA0           SHIFT MS BYTE 
E506 2AEE             (     newbasic.asm):02933         LBA4F     BPL  LBA44          BRANCH IF NOT YET NORMALIZED 
E508 B61052           (     newbasic.asm):02934                   LDA  FP0EXP         GET CURRENT EXPONENT 
E50B 3404             (     newbasic.asm):02935                   PSHS B              SAVE EXPONENT MODIFIER CAUSED BY NORMALIZATION 
E50D A0E0             (     newbasic.asm):02936                   SUBA ,S+            SUBTRACT ACCUMULATED EXPONENT MODIFIER 
E50F B71052           (     newbasic.asm):02937                   STA  FP0EXP         SAVE AS NEW EXPONENT 
E512 23D4             (     newbasic.asm):02938                   BLS  LBA39          SET FPA0 = 0 IF THE NORMALIZATION CAUSED 
                      (     newbasic.asm):02939         ;         MORE OR EQUAL NUMBER OF LEFT SHIFTS THAN THE  
                      (     newbasic.asm):02940         ;         SIZE OF THE EXPONENT  
E514 8C               (     newbasic.asm):02941                   FCB  SKP2           SKIP 2 BYTES 
E515 250A             (     newbasic.asm):02942         LBA5C     BCS  LBA66          BRANCH IF MANTISSA OVERFLOW 
E517 781066           (     newbasic.asm):02943                   ASL  FPSBYT         SUB BYTE BIT 7 TO CARRY - USE AS ROUND-OFF 
                      (     newbasic.asm):02944         ;                             FLAG (TRUNCATE THE REST OF SUB BYTE) 
E51A 8600             (     newbasic.asm):02945                   LDA  #0             CLRA, BUT DO NOT CHANGE CARRY FLAG 
E51C B71066           (     newbasic.asm):02946                   STA  FPSBYT         CLEAR THE SUB BYTE 
E51F 2011             (     newbasic.asm):02947                   BRA  LBA72          GO ROUND-OFF RESULT 
E521 7C1052           (     newbasic.asm):02948         LBA66     INC  FP0EXP         INCREMENT EXPONENT - MULTIPLY BY 2 
E524 2735             (     newbasic.asm):02949                   BEQ  LBA92          OVERFLOW ERROR IF CARRY PAST $FF 
E526 761053           (     newbasic.asm):02950                   ROR  FPA0           * SHIFT MANTISSA 
E529 761054           (     newbasic.asm):02951                   ROR  FPA0+1         * ONE TO 
E52C 761055           (     newbasic.asm):02952                   ROR  FPA0+2         * THE RIGHT - 
E52F 761056           (     newbasic.asm):02953                   ROR  FPA0+3         * DIVIDE BY TWO 
E532 2404             (     newbasic.asm):02954         LBA72     BCC  LBA78          BRANCH IF NO ROUND-OFF NEEDED 
E534 8D12             (     newbasic.asm):02955                   BSR  LBA83          ADD ONE TO MANTISSA - ROUND OFF 
E536 27E9             (     newbasic.asm):02956                   BEQ  LBA66          BRANCH iF OVERFLOW - MANTISSA = 0 
E538 39               (     newbasic.asm):02957         LBA78     RTS                  
                      (     newbasic.asm):02958         ; NEGATE FPA0 MANTISSA                      
E539 731057           (     newbasic.asm):02959         LBA79     COM  FP0SGN         TOGGLE SIGN OF MANTISSA 
E53C 731053           (     newbasic.asm):02960         LBA7B     COM  FPA0           * COMPLEMENT ALL 4 MANTISSA BYTES 
E53F 731054           (     newbasic.asm):02961                   COM  FPA0+1         * 
E542 731055           (     newbasic.asm):02962                   COM  FPA0+2         * 
E545 731056           (     newbasic.asm):02963                   COM  FPA0+3         * 
                      (     newbasic.asm):02964         ; ADD ONE TO FPA0 MANTISSA                      
E548 BE1055           (     newbasic.asm):02965         LBA83     LDX  FPA0+2         * GET BOTTOM 2 MANTISSA 
E54B 3001             (     newbasic.asm):02966                   LEAX 1,X            * BYTES, ADD ONE TO 
E54D BF1055           (     newbasic.asm):02967                   STX  FPA0+2         * THEM AND SAVE THEM 
E550 2608             (     newbasic.asm):02968                   BNE  LBA91          BRANCH IF NO OVERFLOW 
E552 BE1053           (     newbasic.asm):02969                   LDX  FPA0           * IF OVERFLOW ADD ONE 
E555 3001             (     newbasic.asm):02970                   LEAX 1,X            * TO TOP 2 MANTISSA 
E557 BF1053           (     newbasic.asm):02971                   STX  FPA0           * BYTES AND SAVE THEM 
E55A 39               (     newbasic.asm):02972         LBA91     RTS                  
E55B C60A             (     newbasic.asm):02973         LBA92     LDB  #2*5           OV' OVERFLOW ERROR 
E55D 7E943A           (     newbasic.asm):02974                   JMP  LAC46          PROCESS AN ERROR 
E560 8E1015           (     newbasic.asm):02975         LBA97     LDX  #FPA2-1        POINT X TO FPA2 
                      (     newbasic.asm):02976         ; SHIFT FPA POINTED TO BY (X) TO                      
                      (     newbasic.asm):02977         ; THE RIGHT -(B) TIMES. EXIT WITH                      
                      (     newbasic.asm):02978         ; ACCA CONTAINING DATA SHIFTED OUT                      
                      (     newbasic.asm):02979         ; TO THE RIGHT (SUB BYTE) AND THE DATA                      
                      (     newbasic.asm):02980         ; SHIFTED IN FROM THE LEFT WILL COME FROM FPCARY                      
E563 A604             (     newbasic.asm):02981         LBA9A     LDA  4,X            GET LS BYTE OF MANTISSA (X) 
E565 B71066           (     newbasic.asm):02982                   STA  FPSBYT         SAVE IN FPA SUB BYTE 
E568 A603             (     newbasic.asm):02983                   LDA  3,X            * SHIFT THE NEXT THREE BYTES OF THE 
E56A A704             (     newbasic.asm):02984                   STA  4,X            * MANTISSA RIGHT ONE COMPLETE BYTE. 
E56C A602             (     newbasic.asm):02985                   LDA  2,X            * 
E56E A703             (     newbasic.asm):02986                   STA  3,X            * 
E570 A601             (     newbasic.asm):02987                   LDA  1,X            * 
E572 A702             (     newbasic.asm):02988                   STA  2,X            * 
E574 B6105E           (     newbasic.asm):02989                   LDA  FPCARY         GET THE CARRY IN BYTE 
E577 A701             (     newbasic.asm):02990                   STA  1,X            STORE AS THE MS MANTISSA BYTE OF (X) 
E579 CB08             (     newbasic.asm):02991         LBAAE     ADDB #8             ADD 8 TO DIFFERENCE OF EXPONENTS 
E57B 2FE6             (     newbasic.asm):02992                   BLE  LBA9A          BRANCH IF EXPONENT DIFFERENCE < -8 
E57D B61066           (     newbasic.asm):02993                   LDA  FPSBYT         GET FPA SUB BYTE 
E580 C008             (     newbasic.asm):02994                   SUBB #8             CAST OUT THE 8 ADDED IN ABOVE 
E582 270C             (     newbasic.asm):02995                   BEQ  LBAC4          BRANCH IF EXPONENT DIFFERENCE = 0 
                      (     newbasic.asm):02996                                        
                      (     newbasic.asm):02997                                        
E584 6701             (     newbasic.asm):02998         LBAB8     ASR  1,X            * SHIFT MANTISSA AND SUB BYTE ONE BIT TO THE RIGHT 
E586 6602             (     newbasic.asm):02999         LBABA     ROR  2,X            * 
E588 6603             (     newbasic.asm):03000                   ROR  3,X            * 
E58A 6604             (     newbasic.asm):03001                   ROR  4,X            * 
E58C 46               (     newbasic.asm):03002                   RORA                * 
E58D 5C               (     newbasic.asm):03003                   INCB                ADD ONE TO EXPONENT DIFFERENCE 
E58E 26F4             (     newbasic.asm):03004                   BNE  LBAB8          BRANCH IF EXPONENTS NOT = 
E590 39               (     newbasic.asm):03005         LBAC4     RTS                  
E591 8100000000       (     newbasic.asm):03006         LBAC5     FCB  $81,$00,$00,$00,$00 FLOATING POINT CONSTANT 1.0 
                      (     newbasic.asm):03007                                        
                      (     newbasic.asm):03008         ; ARITHMETIC OPERATION (*) JUMPS HERE - MULTIPLY                      
                      (     newbasic.asm):03009         ; FPA0 BY (X) - RETURN PRODUCT IN FPA0                      
E596 170089           (     newbasic.asm):03010         LBACA     LBSR  LBB2F         MOVE PACKED FPA FROM (X) TO FPA1 
E599 10270084         (     newbasic.asm):03011         LBACC     LBEQ  LBB2E         ; BRANCH IF EXPONENT OF FPA0 = 0 
E59D 1700A3           (     newbasic.asm):03012                   LBSR  LBB48         ; CALCULATE EXPONENT OF PRODUCT 
                      (     newbasic.asm):03013         ; MULTIPLY FPA0 MANTISSA BY FPA1. NORMALIZE                      
                      (     newbasic.asm):03014         ; HIGH ORDER BYTES OF PRODUCT IN FPA0. THE                      
                      (     newbasic.asm):03015         ; LOW ORDER FOUR BYTES OF THE PRODUCT WILL                      
                      (     newbasic.asm):03016         ; BE STORED IN VAB-VAE.                      
E5A0 8600             (     newbasic.asm):03017         LBAD0     LDA  #0             * ZERO OUT MANTISSA OF FPA2 
E5A2 B71016           (     newbasic.asm):03018                   STA  FPA2           * 
E5A5 B71017           (     newbasic.asm):03019                   STA  FPA2+1         * 
E5A8 B71018           (     newbasic.asm):03020                   STA  FPA2+2         * 
E5AB B71019           (     newbasic.asm):03021                   STA  FPA2+3         * 
E5AE F61056           (     newbasic.asm):03022                   LDB  FPA0+3         GET LS BYTE OF FPA0 
E5B1 8D2D             (     newbasic.asm):03023                   BSR  LBB00          MULTIPLY BY FPA1 
E5B3 F61066           (     newbasic.asm):03024                   LDB  FPSBYT         * TEMPORARILY SAVE SUB BYTE 4 
E5B6 F7108E           (     newbasic.asm):03025                   STB  VAE            * 
E5B9 F61055           (     newbasic.asm):03026                   LDB  FPA0+2         GET NUMBER 3 MANTISSA BYTE OF FPA0 
E5BC 8D22             (     newbasic.asm):03027                   BSR  LBB00          MULTIPLY BY FPA1 
E5BE F61066           (     newbasic.asm):03028                   LDB  FPSBYT         * TEMPORARILY SAVE SUB BYTE 3 
E5C1 F7108D           (     newbasic.asm):03029                   STB  VAD            * 
E5C4 F61054           (     newbasic.asm):03030                   LDB  FPA0+1         GET NUMBER 2 MANTISSA BYTE OF FPA0 
E5C7 8D17             (     newbasic.asm):03031                   BSR  LBB00          MULTIPLY BY FPA1 
E5C9 F61066           (     newbasic.asm):03032                   LDB  FPSBYT         * TEMPORARILY SAVE SUB BYTE 2 
E5CC F7108C           (     newbasic.asm):03033                   STB  VAC            * 
E5CF F61053           (     newbasic.asm):03034                   LDB  FPA0           GET MS BYTE OF FPA0 MANTISSA 
E5D2 8D10             (     newbasic.asm):03035                   BSR  LBB02          MULTIPLY BY FPA1 
E5D4 F61066           (     newbasic.asm):03036                   LDB  FPSBYT         * TEMPORARILY SAVE SUB BYTE 1 
E5D7 F7108B           (     newbasic.asm):03037                   STB  VAB            * 
E5DA BDE72D           (     newbasic.asm):03038                   JSR  LBC0B          COPY MANTISSA FROM FPA2 TO FPA0 
E5DD 7EE4C1           (     newbasic.asm):03039                   JMP  LBA1C          NORMALIZE FPA0 
E5E0 1027FF7C         (     newbasic.asm):03040         LBB00     LBEQ  LBA97         ; SHIFT FPA2 ONE BYTE TO RIGHT 
E5E4 43               (     newbasic.asm):03041         LBB02     COMA                SET CARRY FLAG 
                      (     newbasic.asm):03042         ; MULTIPLY FPA1 MANTISSA BY ACCB AND                      
                      (     newbasic.asm):03043         ; ADD PRODUCT TO FPA2 MANTISSA                      
E5E5 B61016           (     newbasic.asm):03044         LBB03     LDA  FPA2           GET FPA2 MS BYTE 
E5E8 56               (     newbasic.asm):03045                   RORB ROTATE CARRY FLAG INTO SHIFT COUNTER;  
                      (     newbasic.asm):03046         ;         DATA BIT INTO CARRY  
E5E9 2736             (     newbasic.asm):03047                   BEQ  LBB2E          BRANCH WHEN 8 SHIFTS DONE 
E5EB 2421             (     newbasic.asm):03048                   BCC  LBB20          DO NOT ADD FPA1 IF DATA BIT = 0 
E5ED B61019           (     newbasic.asm):03049                   LDA  FPA2+3         * ADD MANTISSA LS BYTE 
E5F0 BB1063           (     newbasic.asm):03050                   ADDA FPA1+3         * 
E5F3 B71019           (     newbasic.asm):03051                   STA  FPA2+3         * 
E5F6 B61018           (     newbasic.asm):03052                   LDA  FPA2+2         = ADD MANTISSA NUMBER 3 BYTE 
E5F9 B91062           (     newbasic.asm):03053                   ADCA FPA1+2         = 
E5FC B71018           (     newbasic.asm):03054                   STA  FPA2+2         = 
E5FF B61017           (     newbasic.asm):03055                   LDA  FPA2+1         * ADD MANTISSA NUMBER 2 BYTE 
E602 B91061           (     newbasic.asm):03056                   ADCA FPA1+1         * 
E605 B71017           (     newbasic.asm):03057                   STA  FPA2+1         * 
E608 B61016           (     newbasic.asm):03058                   LDA  FPA2           = ADD MANTISSA MS BYTE 
E60B B91060           (     newbasic.asm):03059                   ADCA FPA1           = 
E60E 46               (     newbasic.asm):03060         LBB20     RORA * ROTATE CARRY INTO MS BYTE  
E60F B71016           (     newbasic.asm):03061                   STA  FPA2           * 
E612 761017           (     newbasic.asm):03062                   ROR  FPA2+1         = ROTATE FPA2 ONE BIT TO THE RIGHT 
E615 761018           (     newbasic.asm):03063                   ROR  FPA2+2         = 
E618 761019           (     newbasic.asm):03064                   ROR  FPA2+3         = 
E61B 761066           (     newbasic.asm):03065                   ROR  FPSBYT         = 
E61E 4F               (     newbasic.asm):03066                   CLRA                CLEAR CARRY FLAG 
E61F 20C4             (     newbasic.asm):03067                   BRA  LBB03          KEEP LOOPING 
E621 39               (     newbasic.asm):03068         LBB2E     RTS                  
                      (     newbasic.asm):03069         ; UNPACK A FP NUMBER FROM (X) TO FPA1                      
E622 EC01             (     newbasic.asm):03070         LBB2F     LDD  1,X            GET TWO MSB BYTES OF MANTISSA FROM 
                      (     newbasic.asm):03071         ;         FPA  POINTED TO BY X  
E624 B71064           (     newbasic.asm):03072                   STA  FP1SGN         SAVE PACKED MANTISSA SIGN BYTE 
E627 8A80             (     newbasic.asm):03073                   ORA  #$80           FORCE BIT 7 OF MSB MANTISSA = 1 
E629 FD1060           (     newbasic.asm):03074                   STD  FPA1           SAVE 2 MSB BYTES IN FPA1 
E62C F61064           (     newbasic.asm):03075                   LDB  FP1SGN         * GET PACKED MANTISSA SIGN BYTE. EOR W/FPA0 
E62F F81057           (     newbasic.asm):03076                   EORB FP0SGN         * SIGN - NEW SIGN POSITION IF BOTH OLD SIGNS ALIKE, 
E632 F71065           (     newbasic.asm):03077                   STB  RESSGN         * NEG IF BOTH OLD SIGNS DIFF. SAVE ADJUSTED 
                      (     newbasic.asm):03078         ;                             * MANTISSA SIGN BYTE 
E635 EC03             (     newbasic.asm):03079                   LDD  3,X            = GET 2 LSB BYTES OF MANTISSA 
E637 FD1062           (     newbasic.asm):03080                   STD  FPA1+2         = AND PUT IN FPA1 
E63A A684             (     newbasic.asm):03081                   LDA  ,X             * GET EXPONENT FROM (X) AND 
E63C B7105F           (     newbasic.asm):03082                   STA  FP1EXP         * PUT IN EXPONENT OF FPA1 
E63F F61052           (     newbasic.asm):03083                   LDB  FP0EXP         GET EXPONENT OF FPA0 
E642 39               (     newbasic.asm):03084                   RTS                  
                      (     newbasic.asm):03085         ; CALCULATE EXPONENT FOR PRODUCT OF FPA0 & FPA1                      
                      (     newbasic.asm):03086         ; ENTER WITH EXPONENT OF FPA1 IN ACCA                      
E643 4D               (     newbasic.asm):03087         LBB48     TSTA                TEST EXPONENT OF FPA1 
E644 271B             (     newbasic.asm):03088                   BEQ  LBB61          PURGE RETURN ADDRESS & SET FPA0 = 0 
E646 BB1052           (     newbasic.asm):03089                   ADDA FP0EXP         ADD FPA1 EXPONENT TO FPA0 EXPONENT 
E649 46               (     newbasic.asm):03090                   RORA                ROTATE CARRY INTO BIT 7; BIT 0 INTO CARRY 
E64A 49               (     newbasic.asm):03091                   ROLA                SET OVERFLOW FLAG 
E64B 2814             (     newbasic.asm):03092                   BVC  LBB61          BRANCH IF EXPONENT TOO LARGE OR SMALL 
E64D 8B80             (     newbasic.asm):03093                   ADDA #$80           ADD $80 BIAS TO EXPONENT 
E64F B71052           (     newbasic.asm):03094                   STA  FP0EXP         SAVE NEW EXPONENT 
E652 270F             (     newbasic.asm):03095                   BEQ  LBB63          SET FPA0 
E654 B61065           (     newbasic.asm):03096                   LDA  RESSGN         GET MANTISSA SIGN 
E657 B71057           (     newbasic.asm):03097                   STA  FP0SGN         SAVE AS MANTISSA SIGN OF FPA0 
E65A 39               (     newbasic.asm):03098                   RTS                  
                      (     newbasic.asm):03099         ; IF FPA0 = POSITIVE THEN 'OV' ERROR IF FPA0                      
                      (     newbasic.asm):03100         ; = IS NEGATIVE THEN FPA0 = 0                      
E65B B61057           (     newbasic.asm):03101         LBB5C     LDA  FP0SGN         GET MANTISSA SIGN OF FPA0 
E65E 43               (     newbasic.asm):03102                   COMA                CHANGE SIGN OF FPA0 MANTISSA 
E65F 2002             (     newbasic.asm):03103                   BRA  LBB63           
E661 3262             (     newbasic.asm):03104         LBB61     LEAS 2,S            PURGE RETURN ADDRESS FROM STACK 
E663 102AFE81         (     newbasic.asm):03105         LBB63     LBPL LBA39          ZERO FPA0 MANTISSA SIGN & EXPONENT 
E667 7EE55B           (     newbasic.asm):03106         LBB67     JMP  LBA92          OV' OVERFLOW ERROR 
                      (     newbasic.asm):03107         ; FAST MULTIPLY BY 10 AND LEAVE RESULT IN FPA0                      
E66A BDE79A           (     newbasic.asm):03108         LBB6A     JSR  LBC5F          TRANSFER FPA0 TO FPA1 
E66D 270F             (     newbasic.asm):03109                   BEQ  LBB7C          BRANCH IF EXPONENT = 0 
E66F 8B02             (     newbasic.asm):03110                   ADDA #2             ADD 2 TO EXPONENT (TIMES 4) 
E671 25F4             (     newbasic.asm):03111                   BCS  LBB67          OV' ERROR IF EXPONENT > $FF 
E673 7F1065           (     newbasic.asm):03112                   CLR  RESSGN         CLEAR RESULT SIGN BYTE 
E676 BDE45C           (     newbasic.asm):03113                   JSR  LB9CD          ADD FPA1 TO FPA0 (TIMES 5) 
E679 7C1052           (     newbasic.asm):03114                   INC  FP0EXP         ADD ONE TO EXPONENT (TIMES 10) 
E67C 27E9             (     newbasic.asm):03115                   BEQ  LBB67          OV' ERROR IF EXPONENT > $FF 
E67E 39               (     newbasic.asm):03116         LBB7C     RTS                  
E67F 8420000000       (     newbasic.asm):03117         LBB7D     FCB  $84,$20,$00,$00,$00 FLOATING POINT CONSTANT 10 
                      (     newbasic.asm):03118         ; DIVIDE FPA0 BY 10                      
E684 BDE79A           (     newbasic.asm):03119         LBB82     JSR  LBC5F          MOVE FPA0 TO FPA1 
E687 8EE67F           (     newbasic.asm):03120                   LDX  #LBB7D         POINT TO FLOATING POINT CONSTANT 10 
E68A 5F               (     newbasic.asm):03121                   CLRB                ZERO MANTISSA SIGN BYTE 
E68B F71065           (     newbasic.asm):03122         LBB89     STB  RESSGN         STORE THE QUOTIENT MANTISSA SIGN BYTE 
E68E BDE73A           (     newbasic.asm):03123                   JSR  LBC14          UNPACK AN FP NUMBER FROM (X) INTO FPA0 
E691 8C               (     newbasic.asm):03124                   FCB  SKP2           SKIP TWO BYTES 
                      (     newbasic.asm):03125         ; DIVIDE (X) BY FPA0-LEAVE NORMALIZED QUOTIENT IN FPA0                      
E692 8D8E             (     newbasic.asm):03126         LBB8F     BSR  LBB2F          GET FP NUMBER FROM (X) TO FPA1 
                      (     newbasic.asm):03127                                        
                      (     newbasic.asm):03128         ; ARITHMETIC OPERATION (/) JUMPS HERE. DIVIDE FPA1 BY FPA0 (ENTER WITH                      
                      (     newbasic.asm):03129         ; EXPONENT OF FPA1 IN ACCA AND FLAGS SET BY TSTA)                      
                      (     newbasic.asm):03130                                        
                      (     newbasic.asm):03131         ; DIVIDE FPA1 BY FPA0                      
E694 10270090         (     newbasic.asm):03132         LBB91     LBEQ  LBC06         ; /0' DIVIDE BY ZERO ERROR 
E698 701052           (     newbasic.asm):03133                   NEG  FP0EXP         GET EXPONENT OF RECIPROCAL OF DIVISOR 
E69B 8DA6             (     newbasic.asm):03134                   BSR  LBB48          CALCULATE EXPONENT OF QUOTIENT 
E69D 7C1052           (     newbasic.asm):03135                   INC  FP0EXP         INCREMENT EXPONENT 
E6A0 27C5             (     newbasic.asm):03136                   BEQ  LBB67          OV' OVERFLOW ERROR 
E6A2 8E1016           (     newbasic.asm):03137                   LDX  #FPA2          POINT X TO MANTISSA OF FPA2 - HOLD 
                      (     newbasic.asm):03138         ;                             TEMPORARY QUOTIENT IN FPA2 
E6A5 C604             (     newbasic.asm):03139                   LDB  #4             5 BYTE DIVIDE 
E6A7 F71006           (     newbasic.asm):03140                   STB  TMPLOC         SAVE BYTE COUNTER 
E6AA C601             (     newbasic.asm):03141                   LDB  #1             SHIFT COUNTER-AND TEMPORARY QUOTIENT BYTE 
                      (     newbasic.asm):03142         ; COMPARE FPA0 MANTISSA TO FPA1 MANTISSA -                      
                      (     newbasic.asm):03143         ; SET CARRY FLAG IF FPA1 >= FPA0                      
E6AC B61053           (     newbasic.asm):03144         LBBA4     LDA  FPA0           * COMPARE THE TWO MS BYTES 
E6AF B11060           (     newbasic.asm):03145                   CMPA FPA1           * OF FPA0 AND FPA1 AND 
E6B2 2619             (     newbasic.asm):03146                   BNE  LBBBD          * BRANCH IF <> 
E6B4 B61054           (     newbasic.asm):03147                   LDA  FPA0+1         = COMPARE THE NUMBER 2 
E6B7 B11061           (     newbasic.asm):03148                   CMPA FPA1+1         = BYTES AND 
E6BA 2611             (     newbasic.asm):03149                   BNE  LBBBD          = BRANCH IF <> 
E6BC B61055           (     newbasic.asm):03150                   LDA  FPA0+2         * COMPARE THE NUMBER 3 
E6BF B11062           (     newbasic.asm):03151                   CMPA FPA1+2         * BYTES AND 
E6C2 2609             (     newbasic.asm):03152                   BNE  LBBBD          * BRANCH IF <> 
E6C4 B61056           (     newbasic.asm):03153                   LDA  FPA0+3         = COMPARE THE LS BYTES 
E6C7 B11063           (     newbasic.asm):03154                   CMPA FPA1+3         = AND BRANCH 
E6CA 2601             (     newbasic.asm):03155                   BNE  LBBBD          = IF <> 
E6CC 43               (     newbasic.asm):03156                   COMA                SET CARRY FLAG IF FPA0 = FPA1 
E6CD 1FA8             (     newbasic.asm):03157         LBBBD     TFR  CC,A           SAVE CARRY FLAG STATUS IN ACCA; CARRY 
                      (     newbasic.asm):03158         ;         CLEAR IF FPA0 > FPA1  
E6CF 59               (     newbasic.asm):03159                   ROLB                ROTATE CARRY INTO TEMPORARY QUOTIENT BYTE 
E6D0 240B             (     newbasic.asm):03160                   BCC  LBBCC          CARRY WILL BE SET AFTER 8 SHIFTS 
E6D2 E780             (     newbasic.asm):03161                   STB  ,X+            SAVE TEMPORARY QUOTIENT 
E6D4 7A1006           (     newbasic.asm):03162                   DEC  TMPLOC         DECREMENT BYTE COUNTER 
E6D7 2B44             (     newbasic.asm):03163                   BMI  LBBFC          BRANCH IF DONE 
E6D9 273E             (     newbasic.asm):03164                   BEQ  LBBF8          BRANCH IF LAST BYTE 
E6DB C601             (     newbasic.asm):03165                   LDB  #1             RESET SHIFT COUNTER AND TEMPORARY QUOTIENT BYTE 
E6DD 1F8A             (     newbasic.asm):03166         LBBCC     TFR  A,CC           RESTORE CARRY FLAG AND 
E6DF 2512             (     newbasic.asm):03167                   BCS  LBBDE          BRANCH IF FPA0 =< FPA1 
E6E1 781063           (     newbasic.asm):03168         LBBD0     ASL  FPA1+3         * SHIFT FPA1 MANTISSA 1 BIT TO LEFT 
E6E4 791062           (     newbasic.asm):03169                   ROL  FPA1+2         * 
E6E7 791061           (     newbasic.asm):03170                   ROL  FPA1+1         * 
E6EA 791060           (     newbasic.asm):03171                   ROL  FPA1           * 
E6ED 25DE             (     newbasic.asm):03172                   BCS  LBBBD          BRANCH IF CARRY - ADD ONE TO PARTIAL QUOTIENT 
E6EF 2BBB             (     newbasic.asm):03173                   BMI  LBBA4          IF MSB OF HIGH ORDER MANTISSA BYTE IS 
                      (     newbasic.asm):03174         ;         SET, CHECK THE MAGNITUDES OF FPA0, FPA1  
E6F1 20DA             (     newbasic.asm):03175                   BRA  LBBBD          CARRY IS CLEAR, CHECK ANOTHER BIT 
                      (     newbasic.asm):03176         ; SUBTRACT FPA0 FROM FPA1 - LEAVE RESULT IN FPA1                      
E6F3 B61063           (     newbasic.asm):03177         LBBDE     LDA  FPA1+3         * SUBTRACT THE LS BYTES OF MANTISSA 
E6F6 B01056           (     newbasic.asm):03178                   SUBA FPA0+3         * 
E6F9 B71063           (     newbasic.asm):03179                   STA  FPA1+3         * 
E6FC B61062           (     newbasic.asm):03180                   LDA  FPA1+2         = THEN THE NEXT BYTE 
E6FF B21055           (     newbasic.asm):03181                   SBCA FPA0+2         = 
E702 B71062           (     newbasic.asm):03182                   STA  FPA1+2         = 
E705 B61061           (     newbasic.asm):03183                   LDA  FPA1+1         * AND THE NEXT 
E708 B21054           (     newbasic.asm):03184                   SBCA FPA0+1         * 
E70B B71061           (     newbasic.asm):03185                   STA  FPA1+1         * 
E70E B61060           (     newbasic.asm):03186                   LDA  FPA1           = AND FINALLY, THE MS BYTE OF MANTISSA 
E711 B21053           (     newbasic.asm):03187                   SBCA FPA0           = 
E714 B71060           (     newbasic.asm):03188                   STA  FPA1           = 
E717 20C8             (     newbasic.asm):03189                   BRA  LBBD0          GO SHIFT FPA1 
E719 C640             (     newbasic.asm):03190         LBBF8     LDB  #$40           USE ONLY TWO BITS OF THE LAST BYTE (FIFTH) 
E71B 20C0             (     newbasic.asm):03191                   BRA  LBBCC          GO SHIFT THE LAST BYTE 
E71D 56               (     newbasic.asm):03192         LBBFC     RORB * SHIFT CARRY (ALWAYS SET HERE) INTO  
E71E 56               (     newbasic.asm):03193                   RORB * BIT 5 AND MOVE  
E71F 56               (     newbasic.asm):03194                   RORB * BITS 1,0 TO BITS 7,6  
E720 F71066           (     newbasic.asm):03195                   STB  FPSBYT         SAVE SUB BYTE 
E723 8D08             (     newbasic.asm):03196                   BSR  LBC0B          MOVE MANTISSA OF FPA2 TO FPA0 
E725 7EE4C1           (     newbasic.asm):03197                   JMP  LBA1C          NORMALIZE FPA0 
E728 C614             (     newbasic.asm):03198         LBC06     LDB  #2*10          /0' ERROR 
E72A 7E943A           (     newbasic.asm):03199                   JMP  LAC46          PROCESS THE ERROR 
                      (     newbasic.asm):03200         ; COPY MANTISSA FROM FPA2 TO FPA0                      
E72D BE1016           (     newbasic.asm):03201         LBC0B     LDX  FPA2           * MOVE TOP 2 BYTES 
E730 BF1053           (     newbasic.asm):03202                   STX  FPA0           * 
E733 BE1018           (     newbasic.asm):03203                   LDX  FPA2+2         = MOVE BOTTOM 2 BYTES 
E736 BF1055           (     newbasic.asm):03204                   STX  FPA0+2         = 
E739 39               (     newbasic.asm):03205                   RTS                  
                      (     newbasic.asm):03206         ; COPY A PACKED FP NUMBER FROM (X) TO FPA0                      
E73A 3402             (     newbasic.asm):03207         LBC14     PSHS A              SAVE ACCA 
E73C EC01             (     newbasic.asm):03208                   LDD  1,X            GET TOP TWO MANTISSA BYTES 
E73E B71057           (     newbasic.asm):03209                   STA  FP0SGN         SAVE MS BYTE OF MANTISSA AS MANTISSA SIGN 
E741 8A80             (     newbasic.asm):03210                   ORA  #$80           UNPACK MS BYTE 
E743 FD1053           (     newbasic.asm):03211                   STD  FPA0           SAVE UNPACKED TOP 2 MANTISSA BYTES 
E746 7F1066           (     newbasic.asm):03212                   CLR  FPSBYT         CLEAR MANTISSA SUB BYTE 
E749 E684             (     newbasic.asm):03213                   LDB  ,X             GET EXPONENT TO ACCB 
E74B AE03             (     newbasic.asm):03214                   LDX  3,X            * MOVE LAST 2 
E74D BF1055           (     newbasic.asm):03215                   STX  FPA0+2         * MANTISSA BYTES 
E750 F71052           (     newbasic.asm):03216                   STB  FP0EXP         SAVE EXPONENT 
E753 3582             (     newbasic.asm):03217                   PULS A,PC           RESTORE ACCA AND RETURN 
                      (     newbasic.asm):03218                                        
E755 8E1048           (     newbasic.asm):03219         LBC2A     LDX  #V45           POINT X TO MANTISSA OF FPA4 
E758 2007             (     newbasic.asm):03220                   BRA  LBC35          MOVE FPA0 TO FPA4 
E75A 8E1043           (     newbasic.asm):03221         LBC2F     LDX  #V40           POINT X TO MANTISSA OF FPA3 
E75D 8C               (     newbasic.asm):03222                   FCB  SKP2           SKIP TWO BYTES 
E75E BE103E           (     newbasic.asm):03223         LBC33     LDX  VARDES         POINT X TO VARIABLE DESCRIPTOR IN VARDES 
                      (     newbasic.asm):03224         ; PACK FPA0 AND MOVE IT TO ADDRESS IN X                      
E761 B61052           (     newbasic.asm):03225         LBC35     LDA  FP0EXP         * COPY EXPONENT 
E764 A784             (     newbasic.asm):03226                   STA  ,X             * 
E766 B61057           (     newbasic.asm):03227                   LDA  FP0SGN         GET MANTISSA SIGN BIT 
E769 8A7F             (     newbasic.asm):03228                   ORA  #$7F           MASK THE BOTTOM 7 BITS 
E76B B41053           (     newbasic.asm):03229                   ANDA FPA0           AND BIT 7 OF MANTISSA SIGN INTO BIT 7 OF MS BYTE 
E76E A701             (     newbasic.asm):03230                   STA  1,X            SAVE MS BYTE 
E770 B61054           (     newbasic.asm):03231                   LDA  FPA0+1         * MOVE 2ND MANTISSA BYTE 
E773 A702             (     newbasic.asm):03232                   STA  2,X            * 
E775 FE1055           (     newbasic.asm):03233                   LDU  FPA0+2         = MOVE BOTTOM 2 MANTISSA BYTES 
E778 EF03             (     newbasic.asm):03234                   STU  3,X            = 
E77A 39               (     newbasic.asm):03235                   RTS                  
                      (     newbasic.asm):03236         ; MOVE FPA1 TO FPA0 RETURN W/MANTISSA SIGN IN ACCA                      
E77B B61064           (     newbasic.asm):03237         LBC4A     LDA  FP1SGN         * COPY MANTISSA SIGN FROM 
E77E B71057           (     newbasic.asm):03238         LBC4C     STA  FP0SGN         * FPA1 TO FPA0 
E781 BE105F           (     newbasic.asm):03239                   LDX  FP1EXP         = COPY EXPONENT + MS BYTE FROM 
E784 BF1052           (     newbasic.asm):03240                   STX  FP0EXP         = FPA1 TO FPA0 
E787 7F1066           (     newbasic.asm):03241                   CLR  FPSBYT         CLEAR MANTISSA SUB BYTE 
E78A B61061           (     newbasic.asm):03242                   LDA  FPA1+1         * COPY 2ND MANTISSA BYTE 
E78D B71054           (     newbasic.asm):03243                   STA  FPA0+1         * FROM FPA1 TO FPA0 
E790 B61057           (     newbasic.asm):03244                   LDA  FP0SGN         GET MANTISSA SIGN 
E793 BE1062           (     newbasic.asm):03245                   LDX  FPA1+2         * COPY 3RD AND 4TH MANTISSA BYTE 
E796 BF1055           (     newbasic.asm):03246                   STX  FPA0+2         * FROM FPA1 TO FPA0 
E799 39               (     newbasic.asm):03247                   RTS                  
                      (     newbasic.asm):03248         ; TRANSFER FPA0 TO FPA1                      
E79A FC1052           (     newbasic.asm):03249         LBC5F     LDD  FP0EXP         * TRANSFER EXPONENT & MS BYTE 
E79D FD105F           (     newbasic.asm):03250                   STD  FP1EXP         * 
E7A0 BE1054           (     newbasic.asm):03251                   LDX  FPA0+1         = TRANSFER MIDDLE TWO BYTES 
E7A3 BF1061           (     newbasic.asm):03252                   STX  FPA1+1         = 
E7A6 BE1056           (     newbasic.asm):03253                   LDX  FPA0+3         * TRANSFER BOTTOM TWO BYTES 
E7A9 BF1063           (     newbasic.asm):03254                   STX  FPA1+3         * 
E7AC 4D               (     newbasic.asm):03255                   TSTA                SET FLAGS ACCORDING TO EXPONENT 
E7AD 39               (     newbasic.asm):03256                   RTS                  
                      (     newbasic.asm):03257         ; CHECK FPA0; RETURN ACCB = 0 IF FPA0 = 0,                      
                      (     newbasic.asm):03258         ; ACCB = $FF IF FPA0 = NEGATIVE, ACCB = 1 IF FPA0 = POSITIVE                      
E7AE F61052           (     newbasic.asm):03259         LBC6D     LDB  FP0EXP         GET EXPONENT 
E7B1 2709             (     newbasic.asm):03260                   BEQ  LBC79          BRANCH IF FPA0 = 0 
E7B3 F61057           (     newbasic.asm):03261         LBC71     LDB  FP0SGN         GET SIGN OF MANTISSA 
E7B6 59               (     newbasic.asm):03262         LBC73     ROLB                BIT 7 TO CARRY 
E7B7 C6FF             (     newbasic.asm):03263                   LDB  #$FF           NEGATIVE FLAG 
E7B9 2501             (     newbasic.asm):03264                   BCS  LBC79          BRANCH IF NEGATIVE MANTISSA 
E7BB 50               (     newbasic.asm):03265                   NEGB                ACCB = 1 IF POSITIVE MANTISSA 
E7BC 39               (     newbasic.asm):03266         LBC79     RTS                  
                      (     newbasic.asm):03267                                        
                      (     newbasic.asm):03268         ; SGN                          
E7BD 8DEF             (     newbasic.asm):03269         SGN       BSR  LBC6D          SET ACCB ACCORDING TO SIGN OF FPA0 
                      (     newbasic.asm):03270         ; CONVERT A SIGNED NUMBER IN ACCB INTO A FLOATING POINT NUMBER                      
E7BF F71053           (     newbasic.asm):03271         LBC7C     STB  FPA0           SAVE ACCB IN FPA0 
E7C2 7F1054           (     newbasic.asm):03272                   CLR  FPA0+1         CLEAR NUMBER 2 MANTISSA BYTE OF FPA0 
E7C5 C688             (     newbasic.asm):03273                   LDB  #$88           EXPONENT REQUIRED IF FPA0 IS TO BE AN INTEGER 
E7C7 B61053           (     newbasic.asm):03274         LBC82     LDA  FPA0           GET MS BYTE OF MANTISSA 
E7CA 8080             (     newbasic.asm):03275                   SUBA #$80           SET CARRY IF POSITIVE MANTISSA 
E7CC F71052           (     newbasic.asm):03276         LBC86     STB  FP0EXP         SAVE EXPONENT 
E7CF FC1077           (     newbasic.asm):03277                   LDD  ZERO           * ZERO OUT ACCD AND 
E7D2 FD1055           (     newbasic.asm):03278                   STD  FPA0+2         * BOTTOM HALF OF FPA0 
E7D5 B71066           (     newbasic.asm):03279                   STA  FPSBYT         CLEAR SUB BYTE 
E7D8 B71057           (     newbasic.asm):03280                   STA  FP0SGN         CLEAR SIGN OF FPA0 MANTISSA 
E7DB 7EE4BD           (     newbasic.asm):03281                   JMP  LBA18          GO NORMALIZE FPA0 
                      (     newbasic.asm):03282                                        
                      (     newbasic.asm):03283         ; ABS                          
E7DE 7F1057           (     newbasic.asm):03284         ABS       CLR  FP0SGN         FORCE MANTISSA SIGN OF FPA0 POSITIVE 
E7E1 39               (     newbasic.asm):03285                   RTS                  
                      (     newbasic.asm):03286         ; COMPARE A PACKED FLOATING POINT NUMBER POINTED TO                      
                      (     newbasic.asm):03287         ; BY (X) TO AN UNPACKED FP NUMBER IN FPA0. RETURN                      
                      (     newbasic.asm):03288         ; ZERO FLAG SET AND ACCB = 0, IF EQUAL; ACCB = 1 IF                      
                      (     newbasic.asm):03289         ; FPA0 > (X); ACCB = $FF IF FPA0 < (X)                      
E7E2 E684             (     newbasic.asm):03290         LBC96     LDB  ,X             CHECK EXPONENT OF (X) 
E7E4 27C8             (     newbasic.asm):03291                   BEQ  LBC6D          BRANCH IF FPA = 0 
E7E6 E601             (     newbasic.asm):03292                   LDB  1,X            GET MS BYTE OF MANTISSA OF (X) 
E7E8 F81057           (     newbasic.asm):03293                   EORB FP0SGN         EOR WITH SIGN OF FPA0 
E7EB 2BC6             (     newbasic.asm):03294                   BMI  LBC71          BRANCH IF SIGNS NOT = 
                      (     newbasic.asm):03295         ; COMPARE FPA0 WITH FP NUMBER POINTED TO BY (X).                      
                      (     newbasic.asm):03296         ; FPA0 IS NORMALIZED, (X) IS PACKED.                      
E7ED F61052           (     newbasic.asm):03297         LBCA0     LDB  FP0EXP         * GET EXPONENT OF 
E7F0 E184             (     newbasic.asm):03298                   CMPB ,X             * FPA0, COMPARE TO EXPONENT OF 
E7F2 2621             (     newbasic.asm):03299                   BNE  LBCC3          * (X) AND BRANCH IF <>. 
E7F4 E601             (     newbasic.asm):03300                   LDB  1,X            * GET MS BYTE OF (X), KEEP ONLY 
E7F6 CA7F             (     newbasic.asm):03301                   ORB  #$7F           * THE SIGN BIT - 'AND' THE BOTTOM 7 
E7F8 F41053           (     newbasic.asm):03302                   ANDB FPA0           * BITS OF FPA0 INTO ACCB 
E7FB E101             (     newbasic.asm):03303                   CMPB 1,X            = COMPARE THE BOTTOM 7 BITS OF THE MANTISSA 
E7FD 2616             (     newbasic.asm):03304                   BNE  LBCC3          = MS BYTE AND BRANCH IF <> 
E7FF F61054           (     newbasic.asm):03305                   LDB  FPA0+1         * COMPARE 2ND BYTE 
E802 E102             (     newbasic.asm):03306                   CMPB 2,X            * OF MANTISSA, 
E804 260F             (     newbasic.asm):03307                   BNE  LBCC3          * BRANCH IF <> 
E806 F61055           (     newbasic.asm):03308                   LDB  FPA0+2         = COMPARE 3RD BYTE 
E809 E103             (     newbasic.asm):03309                   CMPB 3,X            = OF MANTISSA, 
E80B 2608             (     newbasic.asm):03310                   BNE  LBCC3          = BRANCH IF <> 
E80D F61056           (     newbasic.asm):03311                   LDB  FPA0+3         * SUBTRACT LS BYTE 
E810 E004             (     newbasic.asm):03312                   SUBB 4,X            * OF (X) FROM LS BYTE OF 
E812 2601             (     newbasic.asm):03313                   BNE  LBCC3          * FPA0, BRANCH IF <> 
E814 39               (     newbasic.asm):03314                   RTS                 RETURN IF FP (X) = FPA0 
E815 56               (     newbasic.asm):03315         LBCC3     RORB                SHIFT CARRY TO BIT 7; CARRY SET IF FPA0 < (X) 
E816 F81057           (     newbasic.asm):03316                   EORB FP0SGN         TOGGLE SIZE COMPARISON BIT IF FPA0 IS NEGATIVE 
E819 209B             (     newbasic.asm):03317                   BRA  LBC73          GO SET ACCB ACCORDING TO COMPARISON 
                      (     newbasic.asm):03318         ; DE-NORMALIZE FPA0 : SHIFT THE MANTISSA UNTIL THE BINARY POINT IS TO THE RIGHT                      
                      (     newbasic.asm):03319         ; OF THE LEAST SIGNIFICANT BYTE OF THE MANTISSA                      
E81B F61052           (     newbasic.asm):03320         LBCC8     LDB  FP0EXP         GET EXPONENT OF FPA0 
E81E 274A             (     newbasic.asm):03321                   BEQ  LBD09          ZERO MANTISSA IF FPA0 = 0 
E820 C0A0             (     newbasic.asm):03322                   SUBB #$A0           SUBTRACT $A0 FROM FPA0 EXPONENT T THIS WILL YIELD 
                      (     newbasic.asm):03323         ;                             THE NUMBER OF SHIFTS REQUIRED TO DENORMALIZE FPA0. WHEN 
                      (     newbasic.asm):03324         ;                             THE EXPONENT OF FPA0 IS = ZERO, THEN THE BINARY POINT 
                      (     newbasic.asm):03325         ;                             WILL BE TO THE RIGHT OF THE MANTISSA 
E822 B61057           (     newbasic.asm):03326                   LDA  FP0SGN         TEST SIGN OF FPA0 MANTISSA 
E825 2A06             (     newbasic.asm):03327                   BPL  LBCD7          BRANCH IF POSITIVE 
E827 73105E           (     newbasic.asm):03328                   COM  FPCARY         COMPLEMENT CARRY IN BYTE 
E82A BDE53C           (     newbasic.asm):03329                   JSR  LBA7B          NEGATE MANTISSA OF FPA0 
E82D 8E1052           (     newbasic.asm):03330         LBCD7     LDX  #FP0EXP        POINT X TO FPA0 
E830 C1F8             (     newbasic.asm):03331                   CMPB #-8            EXPONENT DIFFERENCE < -8? 
E832 2E07             (     newbasic.asm):03332                   BGT  LBCE4          YES 
E834 BDE579           (     newbasic.asm):03333                   JSR  LBAAE          SHIFT FPA0 RIGHT UNTIL FPA0 EXPONENT = $A0 
E837 7F105E           (     newbasic.asm):03334                   CLR  FPCARY         CLEAR CARRY IN BYTE 
E83A 39               (     newbasic.asm):03335                   RTS                  
E83B 7F105E           (     newbasic.asm):03336         LBCE4     CLR  FPCARY         CLEAR CARRY IN BYTE 
E83E B61057           (     newbasic.asm):03337                   LDA  FP0SGN         * GET SIGN OF FPA0 MANTISSA 
E841 49               (     newbasic.asm):03338                   ROLA                * ROTATE IT INTO THE CARRY FLAG 
E842 761053           (     newbasic.asm):03339                   ROR  FPA0           ROTATE CARRY (MANTISSA SIGN) INTO BIT 7 
                      (     newbasic.asm):03340         ;                             OF LS BYTE OF MANTISSA 
E845 7EE586           (     newbasic.asm):03341                   JMP  LBABA          DE-NORMALIZE FPA0 
                      (     newbasic.asm):03342                                        
                      (     newbasic.asm):03343         ; INT                          
                      (     newbasic.asm):03344         ; THE INT STATEMENT WILL "DENORMALIZE" FPA0 - THAT IS IT WILL SHIFT THE BINARY POINT                      
                      (     newbasic.asm):03345         ; TO THE EXTREME RIGHT OF THE MANTISSA TO FORCE ITS EXPONENT TO BE $AO. ONCE                      
                      (     newbasic.asm):03346         ; THIS IS DONE THE MANTISSA OF FPA0 WILL CONTAIN THE FOUR LEAST SIGNIFICANT                      
                      (     newbasic.asm):03347         ; BYTES OF THE INTEGER PORTION OF FPA0. AT THE CONCLUSION OF THE DE-NORMALIZATION                      
                      (     newbasic.asm):03348         ; ONLY THE INTEGER PORTION OF FPA0 WILL REMAIN.                      
                      (     newbasic.asm):03349         ;                              
E848 F61052           (     newbasic.asm):03350         INT       LDB  FP0EXP         GET EXPONENT OF FPA0 
E84B C1A0             (     newbasic.asm):03351                   CMPB #$A0           LARGEST POSSIBLE INTEGER EXPONENT 
E84D 2427             (     newbasic.asm):03352                   BCC  LBD11          RETURN IF FPA0 >= 32768 
E84F 8DCA             (     newbasic.asm):03353                   BSR  LBCC8          SHIFT THE BINARY POINT ONE TO THE RIGHT OF THE 
                      (     newbasic.asm):03354         ;                             LS BYTE OF THE FPA0 MANTISSA 
E851 F71066           (     newbasic.asm):03355                   STB  FPSBYT         ACCB = 0: ZERO OUT THE SUB BYTE 
E854 B61057           (     newbasic.asm):03356                   LDA  FP0SGN         GET MANTISSA SIGN 
E857 F71057           (     newbasic.asm):03357                   STB  FP0SGN         FORCE MANTISSA SIGN TO BE POSITIVE 
E85A 8080             (     newbasic.asm):03358                   SUBA #$80           SET CARRY IF MANTISSA 
E85C 86A0             (     newbasic.asm):03359                   LDA  #$A0           * GET DENORMALIZED EXPONENT AND 
E85E B71052           (     newbasic.asm):03360                   STA  FP0EXP         * SAVE IT IN FPA0 EXPONENT 
E861 B61056           (     newbasic.asm):03361                   LDA  FPA0+3         = GET LS BYTE OF FPA0 AND 
E864 B71004           (     newbasic.asm):03362                   STA  CHARAC         = SAVE IT IN CHARAC 
E867 7EE4BD           (     newbasic.asm):03363                   JMP  LBA18          NORMALIZE FPA0 
                      (     newbasic.asm):03364                                        
E86A F71053           (     newbasic.asm):03365         LBD09     STB  FPA0           * LOAD MANTISSA OF FPA0 WITH CONTENTS OF ACCB 
E86D F71054           (     newbasic.asm):03366                   STB  FPA0+1         * 
E870 F71055           (     newbasic.asm):03367                   STB  FPA0+2         * 
E873 F71056           (     newbasic.asm):03368                   STB  FPA0+3         * 
E876 39               (     newbasic.asm):03369         LBD11     RTS                 * 
                      (     newbasic.asm):03370                                        
                      (     newbasic.asm):03371         ; CONVERT ASCII STRING TO FLOATING POINT                      
E877 BE1077           (     newbasic.asm):03372         LBD12     LDX  ZERO           (X) = 0 
E87A BF1057           (     newbasic.asm):03373                   STX  FP0SGN         * ZERO OUT FPA0 & THE SIGN FLAG (COEFCT) 
E87D BF1052           (     newbasic.asm):03374                   STX  FP0EXP         * 
E880 BF1054           (     newbasic.asm):03375                   STX  FPA0+1         * 
E883 BF1055           (     newbasic.asm):03376                   STX  FPA0+2         * 
E886 BF104A           (     newbasic.asm):03377                   STX  V47            INITIALIZE EXPONENT & EXPONENT SIGN FLAG TO ZERO 
E889 BF1048           (     newbasic.asm):03378                   STX  V45            INITIALIZE RIGHT DECIMAL CTR & DECIMAL PT FLAG TO 0 
E88C 2574             (     newbasic.asm):03379                   BCS  LBD86          IF CARRY SET (NUMERIC CHARACTER), ASSUME ACCA CONTAINS FIRST 
                      (     newbasic.asm):03380         ;         NUMERIC CHAR, SIGN IS POSITIVE AND SKIP THE RAM HOOK  
E88E BDF02C           (     newbasic.asm):03381                   JSR  XVEC19         CALL EXTENDED BASIC ADD-IN 
E891 812D             (     newbasic.asm):03382         LBD25     CMPA #'-            * CHECK FOR A LEADING MINUS SIGN AND BRANCH 
E893 2605             (     newbasic.asm):03383                   BNE  LBD2D          * IF NO MINUS SIGN 
E895 731058           (     newbasic.asm):03384                   COM  COEFCT         TOGGLE SIGN; 0 = +; FF = - 
E898 2004             (     newbasic.asm):03385                   BRA  LBD31          INTERPRET THE REST OF THE STRING 
E89A 812B             (     newbasic.asm):03386         LBD2D     CMPA #'+            * CHECK FOR LEADING PLUS SlGN AND BRANCH 
E89C 2605             (     newbasic.asm):03387                   BNE  LBD35          * IF NOT A PLUS SIGN 
E89E BD107F           (     newbasic.asm):03388         LBD31     JSR  GETNCH         GET NEXT INPUT CHARACTER FROM BASIC 
E8A1 255F             (     newbasic.asm):03389                   BCS  LBD86          BRANCH IF NUMERIC CHARACTER 
E8A3 812E             (     newbasic.asm):03390         LBD35     CMPA #'.            DECIMAL POlNT? 
E8A5 272D             (     newbasic.asm):03391                   BEQ  LBD61          YES 
E8A7 8145             (     newbasic.asm):03392                   CMPA #'E            "E" SHORTHAND FORM (SCIENTIFIC NOTATION)? 
E8A9 262E             (     newbasic.asm):03393                   BNE  LBD65          NO 
                      (     newbasic.asm):03394         ; EVALUATE EXPONENT OF EXPONENTIAL FORMAT                      
E8AB BD107F           (     newbasic.asm):03395                   JSR  GETNCH         GET NEXT INPUT CHARACTER FROM BASIC 
E8AE 2574             (     newbasic.asm):03396                   BCS  LBDA5          BRANCH IF NUMERIC 
E8B0 81A7             (     newbasic.asm):03397                   CMPA #TOK_MINUS     MINUS TOKEN? 
E8B2 270E             (     newbasic.asm):03398                   BEQ  LBD53          YES 
E8B4 812D             (     newbasic.asm):03399                   CMPA #'-            ASCII MINUS? 
E8B6 270A             (     newbasic.asm):03400                   BEQ  LBD53          YES 
E8B8 81A6             (     newbasic.asm):03401                   CMPA #TOK_PLUS      PLUS TOKEN? 
E8BA 2709             (     newbasic.asm):03402                   BEQ  LBD55          YES 
E8BC 812B             (     newbasic.asm):03403                   CMPA #'+            ASCII PLUS? 
E8BE 2705             (     newbasic.asm):03404                   BEQ  LBD55          YES 
E8C0 2008             (     newbasic.asm):03405                   BRA  LBD59          BRANCH IF NO SIGN FOUND 
E8C2 73104B           (     newbasic.asm):03406         LBD53     COM  V48            SET EXPONENT SIGN FLAG TO NEGATIVE 
                      (     newbasic.asm):03407         ; STRIP A DECIMAL NUMBER FROM BASIC LINE, CONVERT IT TO BINARY IN V47                      
E8C5 BD107F           (     newbasic.asm):03408         LBD55     JSR  GETNCH         GET NEXT INPUT CHARACTER FROM BASIC 
E8C8 255A             (     newbasic.asm):03409                   BCS  LBDA5          IF NUMERIC CHARACTER, CONVERT TO BINARY 
E8CA 7D104B           (     newbasic.asm):03410         LBD59     TST  V48            * CHECK EXPONENT SIGN FLAG 
E8CD 270A             (     newbasic.asm):03411                   BEQ  LBD65          * AND BRANCH IF POSITIVE 
E8CF 70104A           (     newbasic.asm):03412                   NEG  V47            NEGATE VALUE OF EXPONENT 
E8D2 2005             (     newbasic.asm):03413                   BRA  LBD65           
E8D4 731049           (     newbasic.asm):03414         LBD61     COM  V46            *TOGGLE DECIMAL PT FLAG AND INTERPRET ANOTHER 
E8D7 26C5             (     newbasic.asm):03415                   BNE  LBD31          *CHARACTER IF <> 0 - TERMINATE INTERPRETATION 
                      (     newbasic.asm):03416         ;         IF   SECOND DECIMAL POINT  
                      (     newbasic.asm):03417         ; ADJUST FPA0 FOR THE DECIMAL EXPONENT IN V47                      
E8D9 B6104A           (     newbasic.asm):03418         LBD65     LDA  V47            * GET EXPONENT, SUBTRACT THE NUMBER OF 
E8DC B01048           (     newbasic.asm):03419                   SUBA V45            * PLACES TO THE RIGHT OF DECIMAL POINT 
E8DF B7104A           (     newbasic.asm):03420                   STA  V47            * AND RESAVE IT. 
E8E2 2714             (     newbasic.asm):03421                   BEQ  LBD7F          EXIT ROUTINE IF ADJUSTED EXPONENT = ZERO 
E8E4 2A0A             (     newbasic.asm):03422                   BPL  LBD78          BRANCH IF POSITIVE EXPONENT 
E8E6 BDE684           (     newbasic.asm):03423         LBD6F     JSR  LBB82          DIVIDE FPA0 BY 10 
E8E9 7C104A           (     newbasic.asm):03424                   INC  V47            INCREMENT EXPONENT COUNTER (MULTIPLY BY 10) 
E8EC 26F8             (     newbasic.asm):03425                   BNE  LBD6F          KEEP MULTIPLYING 
E8EE 2008             (     newbasic.asm):03426                   BRA  LBD7F          EXIT ROUTINE 
E8F0 BDE66A           (     newbasic.asm):03427         LBD78     JSR  LBB6A          MULTIPLY FPA0 BY 10 
E8F3 7A104A           (     newbasic.asm):03428                   DEC  V47            DECREMENT EXPONENT COUNTER (DIVIDE BY 10) 
E8F6 26F8             (     newbasic.asm):03429                   BNE  LBD78          KEEP MULTIPLYING 
E8F8 B61058           (     newbasic.asm):03430         LBD7F     LDA  COEFCT         GET THE SIGN FLAG 
E8FB 102AFF77         (     newbasic.asm):03431                   LBPL  LBD11         ; RETURN IF POSITIVE 
E8FF 7EEA82           (     newbasic.asm):03432                   JMP  LBEE9          TOGGLE MANTISSA SIGN OF FPA0, IF NEGATIVE 
                      (     newbasic.asm):03433         ;MULTIPLY FPA0 BY TEN AND ADD ACCA TO THE RESULT                      
E902 F61048           (     newbasic.asm):03434         LBD86     LDB  V45            *GET THE RIGHT DECIMAL COUNTER AND SUBTRACT 
E905 F01049           (     newbasic.asm):03435                   SUBB V46            *THE DECIMAL POINT FLAG FROM IT. IF DECIMAL POINT 
E908 F71048           (     newbasic.asm):03436                   STB  V45            *FLAG=0, NOTHING HAPPENS. IF DECIMAL POINT FLAG IS 
                      (     newbasic.asm):03437         ;                             -1, THEN RIGHT DECIMAL COUNTER IS INCREMENTED BY ONE 
E90B 3402             (     newbasic.asm):03438                   PSHS A              SAVE NEW DIGIT ON STACK 
E90D BDE66A           (     newbasic.asm):03439                   JSR  LBB6A          MULTIPLY FPA0 BY 10 
E910 3504             (     newbasic.asm):03440                   PULS B              GET NEW DIGIT BACK 
E912 C030             (     newbasic.asm):03441                   SUBB #'0            MASK OFF ASCII 
E914 8D02             (     newbasic.asm):03442                   BSR  LBD99          ADD ACCB TO FPA0 
E916 2086             (     newbasic.asm):03443                   BRA  LBD31          GET ANOTHER CHARACTER FROM BASIC 
E918 BDE75A           (     newbasic.asm):03444         LBD99     JSR  LBC2F          PACK FPA0 AND SAVE IT IN FPA3 
E91B BDE7BF           (     newbasic.asm):03445                   JSR  LBC7C          CONVERT ACCB TO FP NUMBER IN FPA0 
E91E 8E1043           (     newbasic.asm):03446                   LDX  #V40           * ADD FPA0 TO 
E921 7EE451           (     newbasic.asm):03447                   JMP  LB9C2          * FPA3 
                      (     newbasic.asm):03448                                        
                      (     newbasic.asm):03449                                        
E924 F6104A           (     newbasic.asm):03450         LBDA5     LDB  V47             
E927 58               (     newbasic.asm):03451                   ASLB                TIMES 2 
E928 58               (     newbasic.asm):03452                   ASLB                TIMES 4 
E929 FB104A           (     newbasic.asm):03453                   ADDB V47            ADD 1 = TIMES 5 
E92C 58               (     newbasic.asm):03454                   ASLB                TIMES 10 
E92D 8030             (     newbasic.asm):03455                   SUBA #'0            *MASK OFF ASCII FROM ACCA, PUSH 
E92F 3404             (     newbasic.asm):03456                   PSHS B              *RESULT ONTO THE STACK AND 
E931 ABE0             (     newbasic.asm):03457                   ADDA ,S+            ADD lT TO ACCB 
E933 B7104A           (     newbasic.asm):03458                   STA  V47            SAVE IN V47 
E936 208D             (     newbasic.asm):03459                   BRA  LBD55          INTERPRET ANOTHER CHARACTER 
                      (     newbasic.asm):03460         ;                              
E938 9B3EBC1FFD       (     newbasic.asm):03461         LBDB6     FCB  $9B,$3E,$BC,$1F,$FD * 99999999.9 
E93D 9E6E6B27FD       (     newbasic.asm):03462         LBDBB     FCB  $9E,$6E,$6B,$27,$FD * 999999999 
E942 9E6E6B2800       (     newbasic.asm):03463         LBDC0     FCB  $9E,$6E,$6B,$28,$00 * 1E + 09 
                      (     newbasic.asm):03464         ;                              
E947 8E93CC           (     newbasic.asm):03465         LBDC5     LDX  #LABE8-1       POINT X TO " IN " MESSAGE 
E94A 8D0E             (     newbasic.asm):03466                   BSR  LBDD6          COPY A STRING FROM (X) TO CONSOLE OUT 
E94C FC106B           (     newbasic.asm):03467                   LDD  CURLIN         GET CURRENT BASIC LINE NUMBER TO ACCD 
                      (     newbasic.asm):03468         ; CONVERT VALUE IN ACCD INTO A DECIMAL NUMBER                      
                      (     newbasic.asm):03469         ; AND PRINT IT TO CONSOLE OUT                      
E94F FD1053           (     newbasic.asm):03470         LBDCC     STD  FPA0           SAVE ACCD IN TOP HALF OF FPA0 
E952 C690             (     newbasic.asm):03471                   LDB  #$90           REQ’D EXPONENT IF TOP HALF OF ACCD = INTEGER 
E954 43               (     newbasic.asm):03472                   COMA                SET CARRY FLAG - FORCE POSITIVE MANTISSA 
E955 BDE7CC           (     newbasic.asm):03473                   JSR  LBC86          ZERO BOTTOM HALF AND SIGN OF FPA0, THEN 
                      (     newbasic.asm):03474         ;         SAVE EXPONENT AND NORMALIZE IT  
E958 8D03             (     newbasic.asm):03475                   BSR  LBDD9          CONVERT FP NUMBER TO ASCII STRING 
E95A 7EE429           (     newbasic.asm):03476         LBDD6     JMP  LB99C          COPY A STRING FROM (X) TO CONSOLE OUT 
                      (     newbasic.asm):03477                                        
                      (     newbasic.asm):03478         ; CONVERT FP NUMBER TO ASCII STRING                      
E95D CE11F4           (     newbasic.asm):03479         LBDD9     LDU  #STRBUF+3      POINT U TO BUFFER WHICH WILL NOT CAUSE 
                      (     newbasic.asm):03480         ;                             THE STRING TO BE STORED IN STRING SPACE 
E960 8620             (     newbasic.asm):03481         LBDDC     LDA  #SPACE         SPACE = DEFAULT SIGN FOR POSITIVE # 
E962 F61057           (     newbasic.asm):03482                   LDB  FP0SGN         GET SIGN OF FPA0 
E965 2A02             (     newbasic.asm):03483                   BPL  LBDE4          BRANCH IF POSITIVE 
E967 862D             (     newbasic.asm):03484                   LDA  #'-            ASCII MINUS SIGN 
E969 A7C0             (     newbasic.asm):03485         LBDE4     STA  ,U+            STORE SIGN OF NUMBER 
E96B FF1067           (     newbasic.asm):03486                   STU  COEFPT         SAVE BUFFER POINTER 
E96E B71057           (     newbasic.asm):03487                   STA  FP0SGN         SAVE SIGN (IN ASCII) 
E971 8630             (     newbasic.asm):03488                   LDA  #'0            ASCII ZERO IF EXPONENT = 0 
E973 F61052           (     newbasic.asm):03489                   LDB  FP0EXP         GET FPA0 EXPONENT 
E976 102700D7         (     newbasic.asm):03490                   LBEQ LBEB8          BRANCH IF FPA0 = 0 
E97A 4F               (     newbasic.asm):03491                   CLRA                BASE 10 EXPONENT=0 FOR FP NUMBER > 1 
E97B C180             (     newbasic.asm):03492                   CMPB #$80           CHECK EXPONENT 
E97D 2208             (     newbasic.asm):03493                   BHI  LBDFF          BRANCH IF FP NUMBER > 1 
                      (     newbasic.asm):03494         ; IF FPA0 < 1.0, MULTIPLY IT BY 1E+09 TO SPEED UP THE CONVERSION PROCESS                      
E97F 8EE942           (     newbasic.asm):03495                   LDX  #LBDC0         POINT X TO FP 1E+09 
E982 BDE596           (     newbasic.asm):03496                   JSR  LBACA          MULTIPLY FPA0 BY (X) 
E985 86F7             (     newbasic.asm):03497                   LDA  #-9            BASE 10 EXPONENT = -9 
E987 B71048           (     newbasic.asm):03498         LBDFF     STA  V45            BASE 10 EXPONENT 
                      (     newbasic.asm):03499         ; PSEUDO - NORMALIZE THE FP NUMBER TO A VALUE IN THE RANGE                      
                      (     newbasic.asm):03500         ; OF 999,999,999 RO 99,999,999.9 - THIS IS THE LARGEST                      
                      (     newbasic.asm):03501         ; NUMBER RANGE IN WHICH ALL OF THE DIGITS ARE                      
                      (     newbasic.asm):03502         ; SIGNIFICANT WHICH CAN BE DISPLAYED WITHOUT USING                      
                      (     newbasic.asm):03503         ; SCIENTIFIC NOTATION                      
E98A 8EE93D           (     newbasic.asm):03504         LBE01     LDX  #LBDBB         POINT X TO FP 999,999,999 
E98D BDE7ED           (     newbasic.asm):03505                   JSR  LBCA0          COMPARE FPA0 TO 999,999,999 
E990 2E10             (     newbasic.asm):03506                   BGT  LBE18          BRANCH IF > 999,999,999 
E992 8EE938           (     newbasic.asm):03507         LBE09     LDX  #LBDB6         POINT X TO FP 99,999,999.9 
E995 BDE7ED           (     newbasic.asm):03508                   JSR  LBCA0          COMPARE FPA0 TO 99,999,999.9 
E998 2E10             (     newbasic.asm):03509                   BGT  LBE1F          BRANCH IF > 99,999,999.9 (IN RANGE) 
E99A BDE66A           (     newbasic.asm):03510                   JSR  LBB6A          MULTIPLY FPA0 BY 10 
E99D 7A1048           (     newbasic.asm):03511                   DEC  V45            SUBTRACT ONE FROM DECIMAL OFFSET 
E9A0 20F0             (     newbasic.asm):03512                   BRA  LBE09          PSEUDO - NORMALIZE SOME MORE 
E9A2 BDE684           (     newbasic.asm):03513         LBE18     JSR  LBB82          DIVIDE FPA0 BY 10 
E9A5 7C1048           (     newbasic.asm):03514                   INC  V45            ADD ONE TO BASE 10 EXPONENT 
E9A8 20E0             (     newbasic.asm):03515                   BRA  LBE01          PSEUDO - NORMALIZE SOME MORE 
E9AA BDE441           (     newbasic.asm):03516         LBE1F     JSR  LB9B4          ADD .5 TO FPA0 (ROUND OFF) 
E9AD BDE81B           (     newbasic.asm):03517                   JSR  LBCC8          CONVERT FPA0 TO AN INTEGER 
E9B0 C601             (     newbasic.asm):03518                   LDB  #1             DEFAULT DECIMAL POINT FLAG (FORCE IMMED DECIMAL PT) 
E9B2 B61048           (     newbasic.asm):03519                   LDA  V45            * GET BASE 10 EXPONENT AND ADD TEN TO IT 
E9B5 8B0A             (     newbasic.asm):03520                   ADDA #9+1           * (NUMBER ‘NORMALIZED’ TO 9 PLACES & DECIMAL PT) 
E9B7 2B09             (     newbasic.asm):03521                   BMI  LBE36          BRANCH IF NUMBER < 1.0 
E9B9 810B             (     newbasic.asm):03522                   CMPA #9+2           NINE PLACES MAY BE DISPLAYED WITHOUT 
                      (     newbasic.asm):03523         ;         USING SCIENTIFIC NOTATION  
E9BB 2405             (     newbasic.asm):03524                   BCC  LBE36          BRANCH IF SCIENTIFIC NOTATION REQUIRED 
E9BD 4A               (     newbasic.asm):03525                   DECA                * SUBTRACT 1 FROM MODIFIED BASE 10 EXPONENT CTR 
E9BE 1F89             (     newbasic.asm):03526                   TFR  A,B            * AND SAVE IT IN ACCB (DECiMAL POINT FLAG) 
E9C0 8602             (     newbasic.asm):03527                   LDA  #2             FORCE EXPONENT = 0 - DON'T USE SCIENTIFIC NOTATION 
E9C2 4A               (     newbasic.asm):03528         LBE36     DECA                * SUBTRACT TWO (WITHOUT AFFECTING CARRY) 
E9C3 4A               (     newbasic.asm):03529                   DECA                * FROM BASE 10 EXPONENT 
E9C4 B7104A           (     newbasic.asm):03530                   STA  V47            SAVE EXPONENT - ZERO EXPONENT = DO NOT DISPLAY 
                      (     newbasic.asm):03531         ;         IN   SCIENTIFIC NOTATION  
E9C7 F71048           (     newbasic.asm):03532                   STB  V45            DECIMAL POINT FLAG - NUMBER OF PLACES TO 
                      (     newbasic.asm):03533         ;         LEFT OF DECIMAL POINT  
E9CA 2E0E             (     newbasic.asm):03534                   BGT  LBE4B          BRANCH IF >= 1 
E9CC FE1067           (     newbasic.asm):03535                   LDU  COEFPT         POINT U TO THE STRING BUFFER 
E9CF 862E             (     newbasic.asm):03536                   LDA  #'.            * STORE A PERIOD 
E9D1 A7C0             (     newbasic.asm):03537                   STA  ,U+            * IN THE BUFFER 
E9D3 5D               (     newbasic.asm):03538                   TSTB CHECK DECIMAL POINT FLAG  
E9D4 2704             (     newbasic.asm):03539                   BEQ  LBE4B          BRANCH IF NOTHING TO LEFT OF DECIMAL POINT 
E9D6 8630             (     newbasic.asm):03540                   LDA  #'0            * STORE A ZERO 
E9D8 A7C0             (     newbasic.asm):03541                   STA  ,U+            * IN THE BUFFER 
                      (     newbasic.asm):03542                                        
                      (     newbasic.asm):03543         ; CONVERT FPA0 INTO A STRING OF ASCII DIGITS                      
E9DA 8EEA5E           (     newbasic.asm):03544         LBE4B     LDX  #LBEC5         POINT X TO FP POWER OF 10 MANTISSA 
E9DD C680             (     newbasic.asm):03545                   LDB  #0+$80         INITIALIZE DIGIT COUNTER TO 0+$80 
                      (     newbasic.asm):03546         ; BIT 7 SET IS USED TO INDICATE THAT THE POWER OF 10 MANTISSA                      
                      (     newbasic.asm):03547         ; IS NEGATIVE. WHEN YOU 'ADD' A NEGATIVE MANTISSA, IT IS                      
                      (     newbasic.asm):03548         ; THE SAME AS SUBTRACTING A POSITIVE ONE AND BIT 7 OF ACCB IS HOW                      
                      (     newbasic.asm):03549         ; THE ROUTINE KNOWS THAT A 'SUBTRACTION' IS OCCURING.                      
E9DF B61056           (     newbasic.asm):03550         LBE50     LDA  FPA0+3         * ADD MANTISSA LS 
E9E2 AB03             (     newbasic.asm):03551                   ADDA 3,X            * BYTE OF FPA0 
E9E4 B71056           (     newbasic.asm):03552                   STA  FPA0+3         * AND (X) 
E9E7 B61055           (     newbasic.asm):03553                   LDA  FPA0+2         = ADD MANTISSA 
E9EA A902             (     newbasic.asm):03554                   ADCA 2,X            = NUMBER 3 BYTE OF 
E9EC B71055           (     newbasic.asm):03555                   STA  FPA0+2         = FPA0 AND (X) 
E9EF B61054           (     newbasic.asm):03556                   LDA  FPA0+1         * ADD MANTISSA 
E9F2 A901             (     newbasic.asm):03557                   ADCA 1,X            * NUMBER 2 BYTE OF 
E9F4 B71054           (     newbasic.asm):03558                   STA  FPA0+1         * FPA0 AND (X) 
E9F7 B61053           (     newbasic.asm):03559                   LDA  FPA0           = ADD MANTISSA 
E9FA A984             (     newbasic.asm):03560                   ADCA ,X             = MS BYTE OF 
E9FC B71053           (     newbasic.asm):03561                   STA  FPA0           = FPA0 AND (X) 
E9FF 5C               (     newbasic.asm):03562                   INCB                ADD ONE TO DIGIT COUNTER 
EA00 56               (     newbasic.asm):03563                   RORB ROTATE CARRY INTO BIT 7  
EA01 59               (     newbasic.asm):03564                   ROLB                *SET OVERFLOW FLAG AND BRANCH IF CARRY = 1 AND 
EA02 28DB             (     newbasic.asm):03565                   BVC  LBE50          *POSITIVE MANTISSA OR CARRY = 0 AND NEG MANTISSA 
EA04 2403             (     newbasic.asm):03566                   BCC  LBE72          BRANCH IF NEGATIVE MANTISSA 
EA06 C00B             (     newbasic.asm):03567                   SUBB #10+1          * TAKE THE 9’S COMPLEMENT IF 
EA08 50               (     newbasic.asm):03568                   NEGB                * ADDING MANTISSA 
EA09 CB2F             (     newbasic.asm):03569         LBE72     ADDB #'0-1          ADD ASCII OFFSET TO DIGIT 
EA0B 3004             (     newbasic.asm):03570                   LEAX 4,X            MOVE TO NEXT POWER OF 10 MANTISSA 
EA0D 1F98             (     newbasic.asm):03571                   TFR  B,A            SAVE DIGIT IN ACCA 
EA0F 847F             (     newbasic.asm):03572                   ANDA #$7F           MASK OFF BIT 7 (ADD/SUBTRACT FLAG) 
EA11 A7C0             (     newbasic.asm):03573                   STA  ,U+            STORE DIGIT IN STRING BUFFER 
EA13 7A1048           (     newbasic.asm):03574                   DEC  V45            DECREMENT DECIMAL POINT FLAG 
EA16 2604             (     newbasic.asm):03575                   BNE  LBE84          BRANCH IF NOT TIME FOR DECIMAL POINT 
EA18 862E             (     newbasic.asm):03576                   LDA  #'.            * STORE DECIMAL POINT IN 
EA1A A7C0             (     newbasic.asm):03577                   STA  ,U+            * STRING BUFFER 
EA1C 53               (     newbasic.asm):03578         LBE84     COMB                TOGGLE BIT 7 (ADD/SUBTRACT FLAG) 
EA1D C480             (     newbasic.asm):03579                   ANDB #$80           MASK OFF ALL BUT ADD/SUBTRACT FLAG 
EA1F 8CEA82           (     newbasic.asm):03580                   CMPX #LBEC5+36      COMPARE X TO END OF MANTISSA TABLE 
EA22 26BB             (     newbasic.asm):03581                   BNE  LBE50          BRANCH IF NOT AT END OF TABLE 
                      (     newbasic.asm):03582         ; BLANK TRAILING ZEROS AND STORE EXPONENT IF ANY                      
EA24 A6C2             (     newbasic.asm):03583         LBE8C     LDA  ,-U            GET THE LAST CHARACTER; MOVE POINTER BACK 
EA26 8130             (     newbasic.asm):03584                   CMPA #'0            WAS IT A ZERO? 
EA28 27FA             (     newbasic.asm):03585                   BEQ  LBE8C          IGNORE TRAILING ZEROS IF SO 
EA2A 812E             (     newbasic.asm):03586                   CMPA #'.            CHECK FOR DECIMAL POINT 
EA2C 2602             (     newbasic.asm):03587                   BNE  LBE98          BRANCH IF NOT DECIMAL POINT 
EA2E 335F             (     newbasic.asm):03588                   LEAU -1,U           STEP OVER THE DECIMAL POINT 
EA30 862B             (     newbasic.asm):03589         LBE98     LDA  #'+            ASCII PLUS SIGN 
EA32 F6104A           (     newbasic.asm):03590                   LDB  V47            GET SCIENTIFIC NOTATION EXPONENT 
EA35 271C             (     newbasic.asm):03591                   BEQ  LBEBA          BRANCH IF NOT SCIENTIFIC NOTATION 
EA37 2A03             (     newbasic.asm):03592                   BPL  LBEA3          BRANCH IF POSITIVE EXPONENT 
EA39 862D             (     newbasic.asm):03593                   LDA  #'-            ASCII MINUS SIGN 
EA3B 50               (     newbasic.asm):03594                   NEGB                NEGATE EXPONENT IF NEGATIVE 
EA3C A742             (     newbasic.asm):03595         LBEA3     STA  2,U            STORE EXPONENT SIGN IN STRING 
EA3E 8645             (     newbasic.asm):03596                   LDA  #'E            * GET ASCII ‘E’ (SCIENTIFIC NOTATION 
EA40 A741             (     newbasic.asm):03597                   STA  1,U            * FLAG) AND SAVE IT IN THE STRING 
EA42 862F             (     newbasic.asm):03598                   LDA  #'0-1          INITIALIZE ACCA TO ASCII ZERO 
                      (     newbasic.asm):03599                                        
                      (     newbasic.asm):03600                                        
EA44 4C               (     newbasic.asm):03601         LBEAB     INCA                ADD ONE TO 10’S DIGIT OF EXPONENT 
EA45 C00A             (     newbasic.asm):03602                   SUBB #10            SUBTRACT 10 FROM ACCB 
EA47 24FB             (     newbasic.asm):03603                   BCC  LBEAB          ADD 1 TO 10’S DIGIT IF NO CARRY 
EA49 CB3A             (     newbasic.asm):03604                   ADDB #'9+1          CONVERT UNITS DIGIT TO ASCII 
EA4B ED43             (     newbasic.asm):03605                   STD  3,U            SAVE EXPONENT IN STRING 
EA4D 6F45             (     newbasic.asm):03606                   CLR  5,U            CLEAR LAST BYTE (TERMINATOR) 
EA4F 2004             (     newbasic.asm):03607                   BRA  LBEBC          GO RESET POINTER 
EA51 A7C4             (     newbasic.asm):03608         LBEB8     STA  ,U             STORE LAST CHARACTER 
EA53 6F41             (     newbasic.asm):03609         LBEBA     CLR  1,U            CLEAR LAST BYTE (TERMINATOR - REQUIRED BY 
                      (     newbasic.asm):03610         ;         PRINT SUBROUTINES)    
EA55 8E11F4           (     newbasic.asm):03611         LBEBC     LDX  #STRBUF+3      RESET POINTER TO START OF BUFFER 
EA58 39               (     newbasic.asm):03612                   RTS                  
                      (     newbasic.asm):03613         ;                              
EA59 8000000000       (     newbasic.asm):03614         LBEC0     FCB  $80,$00,$00,$00,$00 FLOATING POINT .5 
                      (     newbasic.asm):03615         ;                              
                      (     newbasic.asm):03616         ;* TABLE OF UNNORMALIZED POWERS OF 10                      
EA5E FA0A1F00         (     newbasic.asm):03617         LBEC5     FCB  $FA,$0A,$1F,$00 -100000000 
EA62 00989680         (     newbasic.asm):03618         LBEC9     FCB  $00,$98,$96,$80 10000000 
EA66 FFF0BDC0         (     newbasic.asm):03619         LBECD     FCB  $FF,$F0,$BD,$C0 -1000000 
EA6A 000186A0         (     newbasic.asm):03620         LBED1     FCB  $00,$01,$86,$A0 100000 
EA6E FFFFD8F0         (     newbasic.asm):03621         LBED5     FCB  $FF,$FF,$D8,$F0 -10000 
EA72 000003E8         (     newbasic.asm):03622         LBED9     FCB  $00,$00,$03,$E8 1000 
EA76 FFFFFF9C         (     newbasic.asm):03623         LBEDD     FCB  $FF,$FF,$FF,$9C -100 
EA7A 0000000A         (     newbasic.asm):03624         LBEE1     FCB  $00,$00,$00,$0A 10 
EA7E FFFFFFFF         (     newbasic.asm):03625         LBEE5     FCB  $FF,$FF,$FF,$FF -1 
                      (     newbasic.asm):03626         ;                              
                      (     newbasic.asm):03627         ;                              
EA82 B61052           (     newbasic.asm):03628         LBEE9     LDA  FP0EXP         GET EXPONENT OF FPA0 
EA85 2703             (     newbasic.asm):03629                   BEQ  LBEEF          BRANCH IF FPA0 = 0 
EA87 731057           (     newbasic.asm):03630                   COM  FP0SGN         TOGGLE MANTISSA SIGN OF FPA0 
EA8A 39               (     newbasic.asm):03631         LBEEF     RTS                  
                      (     newbasic.asm):03632         ; EXPAND A POLYNOMIAL OF THE FORM                      
                      (     newbasic.asm):03633         ; AQ+BQ**3+CQ**5+DQ**7.... WHERE Q = FPA0                      
                      (     newbasic.asm):03634         ; AND THE X REGISTER POINTS TO A TABLE OF                      
                      (     newbasic.asm):03635         ; COEFFICIENTS A,B,C,D....                      
EA8B BF1067           (     newbasic.asm):03636         LBEF0     STX  COEFPT         SAVE COEFFICIENT TABLE POINTER 
EA8E BDE75A           (     newbasic.asm):03637                   JSR  LBC2F          MOVE FPA0 TO FPA3 
EA91 8D05             (     newbasic.asm):03638                   BSR  LBEFC          MULTIPLY FPA3 BY FPA0 
EA93 8D09             (     newbasic.asm):03639                   BSR  LBF01          EXPAND POLYNOMIAL 
EA95 8E1043           (     newbasic.asm):03640                   LDX  #V40           POINT X TO FPA3 
EA98 7EE596           (     newbasic.asm):03641         LBEFC     JMP  LBACA          MULTIPLY (X) BY FPA0 
                      (     newbasic.asm):03642                                        
                      (     newbasic.asm):03643         ; CALCULATE THE VALUE OF AN EXPANDED POLYNOMIAL                      
                      (     newbasic.asm):03644         ; EXPRESSION. ENTER WITH (X) POINTING TO A TABLE                      
                      (     newbasic.asm):03645         ; OF COEFFICIENTS, THE FIRST BYTE OF WHICH IS THE                      
                      (     newbasic.asm):03646         ; NUMBER OF (COEFFICIENTS-1) FOLLOWED BY THAT NUMBER                      
                      (     newbasic.asm):03647         ; OF PACKED FLOATING POINT NUMBERS. THE                      
                      (     newbasic.asm):03648         ; POLYNOMIAL IS EVALUATED AS FOLLOWS: VALUE =                      
                      (     newbasic.asm):03649         ; (((FPA0*Y0+Y1)*FPA0+Y2)*FPA0…YN)                      
EA9B BF1067           (     newbasic.asm):03650         LBEFF     STX  COEFPT         SAVE COEFFICIENT TABLE POINTER 
EA9E BDE755           (     newbasic.asm):03651         LBF01     JSR  LBC2A          MOVE FPA0 TO FPA4 
EAA1 BE1067           (     newbasic.asm):03652                   LDX  COEFPT         GET THE COEFFICIENT POINTER 
EAA4 E680             (     newbasic.asm):03653                   LDB  ,X+            GET THE TOP OF COEFFICIENT TABLE TO 
EAA6 F71058           (     newbasic.asm):03654                   STB  COEFCT         * USE AND STORE IT IN TEMPORARY COUNTER 
EAA9 BF1067           (     newbasic.asm):03655                   STX  COEFPT         SAVE NEW COEFFICIENT POINTER 
EAAC 8DEA             (     newbasic.asm):03656         LBF0C     BSR  LBEFC          MULTIPLY (X) BY FPA0 
EAAE BE1067           (     newbasic.asm):03657                   LDX  COEFPT         *GET COEFFICIENT POINTER 
EAB1 3005             (     newbasic.asm):03658                   LEAX 5,X            *MOVE TO NEXT FP NUMBER 
EAB3 BF1067           (     newbasic.asm):03659                   STX  COEFPT         *SAVE NEW COEFFICIENT POINTER 
EAB6 BDE451           (     newbasic.asm):03660                   JSR  LB9C2          ADD (X) AND FPA0 
EAB9 8E1048           (     newbasic.asm):03661                   LDX  #V45           POINT (X) TO FPA4 
EABC 7A1058           (     newbasic.asm):03662                   DEC  COEFCT         DECREMENT TEMP COUNTER 
EABF 26EB             (     newbasic.asm):03663                   BNE  LBF0C          BRANCH IF MORE COEFFICIENTS LEFT 
EAC1 39               (     newbasic.asm):03664                   RTS                  
                      (     newbasic.asm):03665                                        
                      (     newbasic.asm):03666         ; RND                          
EAC2 BDE7AE           (     newbasic.asm):03667         RND       JSR  LBC6D          TEST FPA0 
EAC5 2B23             (     newbasic.asm):03668                   BMI  LBF45          BRANCH IF FPA0 = NEGATIVE 
EAC7 2715             (     newbasic.asm):03669                   BEQ  LBF3B          BRANCH IF FPA0 = 0 
EAC9 8D10             (     newbasic.asm):03670                   BSR  LBF38          CONVERT FPA0 TO AN INTEGER 
EACB BDE75A           (     newbasic.asm):03671                   JSR  LBC2F          PACK FPA0 TO FPA3 
EACE 8D0E             (     newbasic.asm):03672                   BSR  LBF3B          GET A RANDOM NUMBER: FPA0 < 1.0 
EAD0 8E1043           (     newbasic.asm):03673                   LDX  #V40           POINT (X) TO FPA3 
EAD3 8DC3             (     newbasic.asm):03674                   BSR  LBEFC          MULTIPLY (X) BY FPA0 
EAD5 8EE591           (     newbasic.asm):03675                   LDX  #LBAC5         POINT (X) TO FP VALUE OF 1.0 
EAD8 BDE451           (     newbasic.asm):03676                   JSR  LB9C2          ADD 1.0 TO FPA0 
EADB 7EE848           (     newbasic.asm):03677         LBF38     JMP  INT            CONVERT FPA0 TO AN INTEGER 
                      (     newbasic.asm):03678         ; CALCULATE A RANDOM NUMBER IN THE RANGE 0.0 < X <= 1.0                      
EADE BE10B4           (     newbasic.asm):03679         LBF3B     LDX  RVSEED+1       * MOVE VARIABLE 
EAE1 BF1053           (     newbasic.asm):03680                   STX  FPA0           * RANDOM NUMBER 
EAE4 BE10B6           (     newbasic.asm):03681                   LDX  RVSEED+3       * SEED TO 
EAE7 BF1055           (     newbasic.asm):03682                   STX  FPA0+2         * FPA0 
EAEA BEEB23           (     newbasic.asm):03683         LBF45     LDX  RSEED          = MOVE FIXED 
EAED BF1060           (     newbasic.asm):03684                   STX  FPA1           = RANDOM NUMBER 
EAF0 BEEB25           (     newbasic.asm):03685                   LDX  RSEED+2        = SEED TO 
EAF3 BF1062           (     newbasic.asm):03686                   STX  FPA1+2         = MANTISSA OF FPA0 
EAF6 BDE5A0           (     newbasic.asm):03687                   JSR  LBAD0          MULTIPLY FPA0 X FPA1 
EAF9 FC108D           (     newbasic.asm):03688                   LDD  VAD            GET THE TWO LOWEST ORDER PRODUCT BYTES 
EAFC C3658B           (     newbasic.asm):03689                   ADDD #$658B         ADD A CONSTANT 
EAFF FD10B6           (     newbasic.asm):03690                   STD  RVSEED+3       SAVE NEW LOW ORDER VARIABLE RANDOM # SEED 
EB02 FD1055           (     newbasic.asm):03691                   STD  FPA0+2         SAVE NEW LOW ORDER BYTES OF FPA0 MANTISSA 
EB05 FC108B           (     newbasic.asm):03692                   LDD  VAB            GET 2 MORE LOW ORDER PRODUCT BYTES 
EB08 C9B0             (     newbasic.asm):03693                   ADCB #$B0           ADD A CONSTANT 
EB0A 8905             (     newbasic.asm):03694                   ADCA #5             ADD A CONSTANT 
EB0C FD10B4           (     newbasic.asm):03695                   STD  RVSEED+1       SAVE NEW HIGH ORDER VARIABLE RANDOM # SEED 
EB0F FD1053           (     newbasic.asm):03696                   STD  FPA0           SAVE NEW HIGH ORDER FPA0 MANTISSA 
EB12 7F1057           (     newbasic.asm):03697                   CLR  FP0SGN         FORCE FPA0 MANTISSA = POSITIVE 
EB15 8680             (     newbasic.asm):03698                   LDA  #$80           * SET FPA0 BIASED EXPONENT 
EB17 B71052           (     newbasic.asm):03699                   STA  FP0EXP         * TO 0 1 < FPA0 < 0 
EB1A B61018           (     newbasic.asm):03700                   LDA  FPA2+2         GET A BYTE FROM FPA2 (MORE RANDOMNESS) 
EB1D B71066           (     newbasic.asm):03701                   STA  FPSBYT         SAVE AS SUB BYTE 
EB20 7EE4C1           (     newbasic.asm):03702                   JMP  LBA1C          NORMALIZE FPA0 
                      (     newbasic.asm):03703         ;                              
EB23 40E6             (     newbasic.asm):03704         RSEED     FDB  $40E6          *CONSTANT RANDOM NUMBER GENERATOR SEED 
EB25 4DAB             (     newbasic.asm):03705                   FDB  $4DAB          * 
                      (     newbasic.asm):03706                                        
                      (     newbasic.asm):03707         ; SIN                          
                      (     newbasic.asm):03708         ; THE SIN FUNCTION REQUIRES AN ARGUMENT IN RADIANS AND WILL REPEAT ITSELF EVERY                      
                      (     newbasic.asm):03709         ; 2*PI RADIANS. THE ARGUMENT IS DIVIDED BY 2*PI AND ONLY THE FRACTIONAL PART IS                      
                      (     newbasic.asm):03710         ; RETAINED. SINCE THE ARGUMENT WAS DIVIDED BY 2*P1, THE COEFFICIENTS MUST BE                      
                      (     newbasic.asm):03711         ; MULTIPLIED BY THE APPROPRIATE POWER OF 2*PI.                      
                      (     newbasic.asm):03712                                        
                      (     newbasic.asm):03713         ; SIN IS EVALUATED USING THE TRIGONOMETRIC IDENTITIES BELOW:                      
                      (     newbasic.asm):03714         ; SIN(X)=SIN(PI-X) & -SIN(PI/2-X)=SIN((3*PI)/2+X)                      
EB27 BDE79A           (     newbasic.asm):03715         SIN       JSR  LBC5F          COPY FPA0 TO FPA1 
EB2A 8EEB73           (     newbasic.asm):03716                   LDX  #LBFBD         POINT (X) TO 2*PI 
EB2D F61064           (     newbasic.asm):03717                   LDB  FP1SGN         *GET MANTISSA SIGN OF FPA1 
EB30 BDE68B           (     newbasic.asm):03718                   JSR  LBB89          *AND DIVIDE FPA0 BY 2*PI 
EB33 BDE79A           (     newbasic.asm):03719                   JSR  LBC5F          COPY FPA0 TO FPA1 
EB36 8DA3             (     newbasic.asm):03720                   BSR  LBF38          CONVERT FPA0 TO AN INTEGER 
EB38 7F1065           (     newbasic.asm):03721                   CLR  RESSGN         SET RESULT SIGN = POSITIVE 
EB3B B6105F           (     newbasic.asm):03722                   LDA  FP1EXP         *GET EXPONENT OF FPA1 
EB3E F61052           (     newbasic.asm):03723                   LDB  FP0EXP         *GET EXPONENT OF FPA0 
EB41 BDE449           (     newbasic.asm):03724                   JSR  LB9BC          *SUBTRACT FPA0 FROM FPA1 
                      (     newbasic.asm):03725         ; NOW FPA0 CONTAINS ONLY THE FRACTIONAL PART OF ARGUMENT/2*PI                      
EB44 8EEB78           (     newbasic.asm):03726                   LDX  #LBFC2         POINT X TO FP (.25) 
EB47 BDE446           (     newbasic.asm):03727                   JSR  LB9B9          SUBTRACT FPA0 FROM .25 (PI/2) 
EB4A B61057           (     newbasic.asm):03728                   LDA  FP0SGN         GET MANTISSA SIGN OF FPA0 
EB4D 3402             (     newbasic.asm):03729                   PSHS A              SAVE IT ON STACK 
EB4F 2A0B             (     newbasic.asm):03730                   BPL  LBFA6          BRANCH IF MANTISSA POSITIVE 
EB51 BDE441           (     newbasic.asm):03731                   JSR  LB9B4          ADD .5 (PI) TO FPA0 
EB54 B61057           (     newbasic.asm):03732                   LDA  FP0SGN         GET SIGN OF FPA0 
EB57 2B06             (     newbasic.asm):03733                   BMI  LBFA9          BRANCH IF NEGATIVE 
EB59 73100D           (     newbasic.asm):03734                   COM  RELFLG         COM IF +(3*PI)/2 >= ARGUMENT >+ PI/2 (QUADRANT FLAG) 
EB5C BDEA82           (     newbasic.asm):03735         LBFA6     JSR  LBEE9          TOGGLE MANTISSA SIGN OF FPA0 
EB5F 8EEB78           (     newbasic.asm):03736         LBFA9     LDX  #LBFC2         POINT X TO FP (.25) 
EB62 BDE451           (     newbasic.asm):03737                   JSR  LB9C2          ADD .25 (PI/2) TO FPA0 
EB65 3502             (     newbasic.asm):03738                   PULS A              GET OLD MANTISSA SIGN 
EB67 4D               (     newbasic.asm):03739                   TSTA                * BRANCH IF OLD 
EB68 2A03             (     newbasic.asm):03740                   BPL  LBFB7          * SIGN WAS POSITIVE 
EB6A BDEA82           (     newbasic.asm):03741                   JSR  LBEE9          TOGGLE MANTISSA SIGN 
EB6D 8EEB7D           (     newbasic.asm):03742         LBFB7     LDX  #LBFC7         POINT X TO TABLE OF COEFFICIENTS 
EB70 7EEA8B           (     newbasic.asm):03743                   JMP  LBEF0          GO CALCULATE POLYNOMIAL VALUE 
                      (     newbasic.asm):03744                                        
EB73 83490FDAA2       (     newbasic.asm):03745         LBFBD     FCB  $83,$49,$0F,$DA,$A2 6.28318531 (2*PI) 
EB78 7F00000000       (     newbasic.asm):03746         LBFC2     FCB  $7F,$00,$00,$00,$00 .25 
                      (     newbasic.asm):03747                                        
                      (     newbasic.asm):03748                                        
EB7D 05               (     newbasic.asm):03749         LBFC7     FCB  6-1            SIX COEFFICIENTS 
EB7E 84E61A2D1B       (     newbasic.asm):03750         LBFC8     FCB  $84,$E6,$1A,$2D,$1B * -((2*PI)**11)/11! 
EB83 862807FBF8       (     newbasic.asm):03751         LBFCD     FCB  $86,$28,$07,$FB,$F8 * ((2*PI)**9)/9! 
EB88 8799688901       (     newbasic.asm):03752         LBFD2     FCB  $87,$99,$68,$89,$01 * -((2*PI)**7)/7! 
EB8D 872335DFE1       (     newbasic.asm):03753         LBFD7     FCB  $87,$23,$35,$DF,$E1 * ((2*PI)**5)/5! 
EB92 86A55DE728       (     newbasic.asm):03754         LBFDC     FCB  $86,$A5,$5D,$E7,$28 * -((2*PI)**3)/3! 
EB97 83490FDAA2       (     newbasic.asm):03755         LBFE1     FCB  $83,$49,$0F,$DA,$A2 * 
                      (     newbasic.asm):03756                                        
EB9C A154468F13       (     newbasic.asm):03757                   FCB  $A1,$54,$46,$8F,$13 UNUSED GARBAGE BYTES 
EBA1 8F524389CD       (     newbasic.asm):03758                   FCB  $8F,$52,$43,$89,$CD UNUSED GARBAGE BYTES 
                      (     newbasic.asm):03759         ; EXTENDED BASIC                      
                      (     newbasic.asm):03760                                        
                      (     newbasic.asm):03761         ; COS                          
                      (     newbasic.asm):03762         ; THE VALUE OF COS(X) IS DETERMINED BY THE TRIG IDENTITY COS(X)=SIN((PI/2)+X)                      
EBA6 8EEBDD           (     newbasic.asm):03763         COS       LDX  #L83AB         POINT X TO FP CONSTANT (P1/2) 
EBA9 BDE451           (     newbasic.asm):03764                   JSR  LB9C2          ADD FPA0 TO (X) 
EBAC 7EEB27           (     newbasic.asm):03765         L837E     JMP  SIN            JUMP TO SIN ROUTINE 
                      (     newbasic.asm):03766                                        
                      (     newbasic.asm):03767         ; TAN                          
                      (     newbasic.asm):03768         ; THE VALUE OF TAN(X) IS DETERMINED BY THE TRIG IDENTITY TAN(X)=SIN(X)/COS(X)                      
EBAF BDE75A           (     newbasic.asm):03769         TAN       JSR  LBC2F          PACK FPA0 AND MOVE IT TO FPA3 
EBB2 7F100D           (     newbasic.asm):03770                   CLR  RELFLG         RESET QUADRANT FLAG 
EBB5 8DF5             (     newbasic.asm):03771                   BSR  L837E          CALCULATE SIN OF ARGUMENT 
EBB7 8E104D           (     newbasic.asm):03772                   LDX  #V4A           POINT X TO FPA5 
EBBA BDE761           (     newbasic.asm):03773                   JSR  LBC35          PACK FPA0 AND MOVE IT TO FPA5 
EBBD 8E1043           (     newbasic.asm):03774                   LDX  #V40           POINT X TO FPA3 
EBC0 BDE73A           (     newbasic.asm):03775                   JSR  LBC14          MOVE FPA3 TO FPA0 
EBC3 7F1057           (     newbasic.asm):03776                   CLR  FP0SGN         FORCE FPA0 MANTISSA TO BE POSITIVE 
EBC6 B6100D           (     newbasic.asm):03777                   LDA  RELFLG         GET THE QUADRANT FLAG - COS NEGATIVE IN QUADS 2,3 
EBC9 8D0D             (     newbasic.asm):03778                   BSR  L83A6          CALCULATE VALUE OF COS(FPA0) 
EBCB 7D1052           (     newbasic.asm):03779                   TST  FP0EXP         CHECK EXPONENT OF FPA0 
EBCE 1027F989         (     newbasic.asm):03780                   LBEQ LBA92          ‘OV’ ERROR IF COS(X)=0 
EBD2 8E104D           (     newbasic.asm):03781                   LDX  #V4A           POINT X TO FPA5 
EBD5 7EE692           (     newbasic.asm):03782         L83A3     JMP  LBB8F          DIVIDE (X) BY FPA0 - SIN(X)/COS(X) 
EBD8 3402             (     newbasic.asm):03783         L83A6     PSHS A              SAVE SIGN FLAG ON STACK 
EBDA 7EEB5C           (     newbasic.asm):03784                   JMP  LBFA6          EXPAND POLYNOMIAL 
                      (     newbasic.asm):03785                                        
EBDD 81490FDAA2       (     newbasic.asm):03786         L83AB     FCB  $81,$49,$0F,$DA,$A2 1.57079633 (PI/2) 
                      (     newbasic.asm):03787                                        
                      (     newbasic.asm):03788         ; ATN                          
                      (     newbasic.asm):03789         ; A 12 TERM TAYLOR SERIES IS USED TO EVALUATE THE                      
                      (     newbasic.asm):03790         ; ARCTAN EXPRESSION. TWO  DIFFERENT FORMULI ARE USED  
                      (     newbasic.asm):03791         ; TO EVALUATE THE EXPRESSION DEPENDING UPON                      
                      (     newbasic.asm):03792         ; WHETHER OR NOT THE ARGUMENT SQUARED IS > OR < 1.0                      
                      (     newbasic.asm):03793                                        
                      (     newbasic.asm):03794         ; IF X**2<1 THEN ATN=X-(X**3)/3+(X**5)/5-(X**7)/7. . .                      
                      (     newbasic.asm):03795         ; IF X**2>=1 THEN ATN=PI/2-(1/X-1/((X**3)*3)+(1/((X**5)*5)-. . .)                      
                      (     newbasic.asm):03796                                        
EBE2 B61057           (     newbasic.asm):03797         ATN       LDA  FP0SGN         * GET THE SIGN OF THE MANTISSA AND 
EBE5 3402             (     newbasic.asm):03798                   PSHS A              * SAVE IT ON THE STACK 
EBE7 2A02             (     newbasic.asm):03799                   BPL  L83B8          BRANCH IF POSITIVE MANTISSA 
EBE9 8D25             (     newbasic.asm):03800                   BSR  L83DC          CHANGE SIGN OF FPA0 
EBEB B61052           (     newbasic.asm):03801         L83B8     LDA  FP0EXP         * GET EXPONENT OF FPA0 AND 
EBEE 3402             (     newbasic.asm):03802                   PSHS A              * SAVE IT ON THE STACK 
EBF0 8181             (     newbasic.asm):03803                   CMPA #$81           IS FPAO < 1.0? 
EBF2 2505             (     newbasic.asm):03804                   BLO  L83C5          YES 
EBF4 8EE591           (     newbasic.asm):03805                   LDX  #LBAC5         POINT X TO FP CONSTANT 1.0 
EBF7 8DDC             (     newbasic.asm):03806                   BSR  L83A3          GET RECIPROCAL OF FPA0 
EBF9 8EEC14           (     newbasic.asm):03807         L83C5     LDX  #L83E0         POINT (X) TO TAYLOR SERIES COEFFICIENTS 
EBFC BDEA8B           (     newbasic.asm):03808                   JSR  LBEF0          EXPAND POLYNOMIAL 
EBFF 3502             (     newbasic.asm):03809                   PULS A              GET EXPONENT OF ARGUMENT 
EC01 8181             (     newbasic.asm):03810                   CMPA #$81           WAS ARGUMENT < 1.0? 
EC03 2506             (     newbasic.asm):03811                   BLO  L83D7          YES 
EC05 8EEBDD           (     newbasic.asm):03812                   LDX  #L83AB         POINT (X) TO FP NUMBER (PI/2) 
EC08 BDE446           (     newbasic.asm):03813                   JSR  LB9B9          SUBTRACT FPA0 FROM (PI/2) 
EC0B 3502             (     newbasic.asm):03814         L83D7     PULS A              * GET SIGN OF INITIAL ARGUMENT MANTISSA 
EC0D 4D               (     newbasic.asm):03815                   TSTA                * AND SET FLAGS ACCORDING TO IT 
EC0E 2A03             (     newbasic.asm):03816                   BPL  L83DF          RETURN IF ARGUMENT WAS POSITIVE 
EC10 7EEA82           (     newbasic.asm):03817         L83DC     JMP  LBEE9          CHANGE MANTISSA SIGN OF FPA0 
EC13 39               (     newbasic.asm):03818         L83DF     RTS                  
                      (     newbasic.asm):03819         ;                              
                      (     newbasic.asm):03820         ; TCHEBYSHEV MODIFIED TAYLOR SERIES COEFFICIENTS FOR ARCTANGENT                      
EC14 0B               (     newbasic.asm):03821         L83E0     FCB  $0B            TWELVE COEFFICIENTS 
EC15 76B383BDD3       (     newbasic.asm):03822         L83E1     FCB  $76,$B3,$83,$BD,$D3 -6.84793912E-04 1/23 
EC1A 791EF4A6F5       (     newbasic.asm):03823         L83E6     FCB  $79,$1E,$F4,$A6,$F5 +4.85094216E-03 1/21 
EC1F 7B83FCB010       (     newbasic.asm):03824         L83EB     FCB  $7B,$83,$FC,$B0,$10 -0.0161117018 
EC24 7C0C1F67CA       (     newbasic.asm):03825         L83F0     FCB  $7C,$0C,$1F,$67,$CA 0.0342096381 
EC29 7CDE53CBC1       (     newbasic.asm):03826         L83F5     FCB  $7C,$DE,$53,$CB,$C1 -0.0542791328 
EC2E 7D1464704C       (     newbasic.asm):03827         L83FA     FCB  $7D,$14,$64,$70,$4C 0.0724571965 
EC33 7DB7EA517A       (     newbasic.asm):03828         L83FF     FCB  $7D,$B7,$EA,$51,$7A -0.0898023954 
EC38 7D6330887E       (     newbasic.asm):03829         L8404     FCB  $7D,$63,$30,$88,$7E 0.110932413 
EC3D 7E9244993A       (     newbasic.asm):03830         L8409     FCB  $7E,$92,$44,$99,$3A -0.142839808 
EC42 7E4CCC91C7       (     newbasic.asm):03831         L840E     FCB  $7E,$4C,$CC,$91,$C7 0.199999121 
EC47 7FAAAAAA13       (     newbasic.asm):03832         L8413     FCB  $7F,$AA,$AA,$AA,$13 -0.333333316 
EC4C 8100000000       (     newbasic.asm):03833         L8418     FCB  $81,$00,$00,$00,$00 1 
                      (     newbasic.asm):03834         ;                              
                      (     newbasic.asm):03835         ;* TCHEBYSHEV MODIFIED TAYLOR SERIES COEFFICIENTS FOR LN(X)                      
                      (     newbasic.asm):03836         ;                              
EC51 03               (     newbasic.asm):03837         L841D     FCB  3              FOUR COEFFICIENTS 
EC52 7F5E56CB79       (     newbasic.asm):03838         L841E     FCB  $7F,$5E,$56,$CB,$79 0.434255942 
EC57 80139B0B64       (     newbasic.asm):03839         L8423     FCB  $80,$13,$9B,$0B,$64 0.576584541 
EC5C 8076389316       (     newbasic.asm):03840         L8428     FCB  $80,$76,$38,$93,$16 0.961800759 
EC61 8238AA3B20       (     newbasic.asm):03841         L842D     FCB  $82,$38,$AA,$3B,$20 2.88539007 
                      (     newbasic.asm):03842                                        
EC66 803504F334       (     newbasic.asm):03843         L8432     FCB  $80,$35,$04,$F3,$34 1/SQR(2) 
                      (     newbasic.asm):03844                                        
EC6B 813504F334       (     newbasic.asm):03845         L8437     FCB  $81,$35,$04,$F3,$34 SQR(2) 
                      (     newbasic.asm):03846                                        
EC70 8080000000       (     newbasic.asm):03847         L843C     FCB  $80,$80,$00,$00,$00 -0.5 
                      (     newbasic.asm):03848                                        
EC75 80317217F8       (     newbasic.asm):03849         L8441     FCB  $80,$31,$72,$17,$F8 LN(2) 
                      (     newbasic.asm):03850         ;                              
                      (     newbasic.asm):03851         ; LOG - NATURAL LOGARITHM (LN)                      
                      (     newbasic.asm):03852                                        
                      (     newbasic.asm):03853         ; THE NATURAL OR NAPERIAN LOGARITHM IS CALCULATED USING                      
                      (     newbasic.asm):03854         ; MATHEMATICAL IDENTITIES. FPA0 IS OF THE FORM FPA0=A*(2**B) (SCIENTIFIC                      
                      (     newbasic.asm):03855         ; NOTATION). THEREFORE, THE LOG ROUTINE DETERMINES THE VALUE OF                      
                      (     newbasic.asm):03856         ; LN(A*(2**B)). A SERIES OF MATHEMATICAL IDENTITIES WILL EXPAND THIS                      
                      (     newbasic.asm):03857         ; TERM: LN(A*(2**B))=(-1/2+(1/LN(2))*(LN(A*SQR(2)))+B)*LN(2). ALL OF                      
                      (     newbasic.asm):03858         ; THE TERMS OF THE LATTER EXPRESSION ARE CONSTANTS EXCEPT FOR THE                      
                      (     newbasic.asm):03859         ; LN(A*SQR(2)) TERM WHICH IS EVALUATED USING THE TAYLOR SERIES EXPANSION                      
EC7A BDE7AE           (     newbasic.asm):03860         LOG       JSR  LBC6D          CHECK STATUS OF FPA0 
EC7D 102FB094         (     newbasic.asm):03861                   LBLE LB44A          ‘FC’ ERROR IF NEGATIVE OR ZERO 
EC81 8EEC66           (     newbasic.asm):03862                   LDX  #L8432         POINT (X) TO FP NUMBER (1/SQR(2)) 
EC84 B61052           (     newbasic.asm):03863                   LDA  FP0EXP         *GET EXPONENT OF ARGUMENT 
EC87 8080             (     newbasic.asm):03864                   SUBA #$80           *SUBTRACT OFF THE BIAS AND 
EC89 3402             (     newbasic.asm):03865                   PSHS A              *SAVE IT ON THE STACK 
EC8B 8680             (     newbasic.asm):03866                   LDA  #$80            
EC8D B71052           (     newbasic.asm):03867                   STA  FP0EXP          
EC90 BDE451           (     newbasic.asm):03868                   JSR  LB9C2          ADD FPA0 TO (X) 
EC93 8EEC6B           (     newbasic.asm):03869                   LDX  #L8437         POINT X TO SQR(2) 
EC96 BDE692           (     newbasic.asm):03870                   JSR  LBB8F          DIVIDE SQR(2) BY FPA0 
EC99 8EE591           (     newbasic.asm):03871                   LDX  #LBAC5         POINT X TO FP VALUE OF 1.00 
EC9C BDE446           (     newbasic.asm):03872                   JSR  LB9B9          SUBTRACT FPA0 FROM (X) 
                      (     newbasic.asm):03873         ;         NOW  FPA0 = (1-SQR(2)*X)/(1+SQR(2)*X) WHERE X IS ARGUMENT  
EC9F 8EEC51           (     newbasic.asm):03874                   LDX  #L841D         POINT X TO TABLE OF COEFFICIENTS 
ECA2 BDEA8B           (     newbasic.asm):03875                   JSR  LBEF0          EXPAND POLYNOMIAL 
ECA5 8EEC70           (     newbasic.asm):03876                   LDX  #L843C         POINT X TO FP VALUE OF (-.5) 
ECA8 BDE451           (     newbasic.asm):03877                   JSR  LB9C2          ADD FPA0 TO X 
ECAB 3504             (     newbasic.asm):03878                   PULS B              GET EXPONENT OF ARGUMENT BACK (WITHOUT BIAS) 
ECAD BDE918           (     newbasic.asm):03879                   JSR  LBD99          ADD ACCB TO FPA0 
ECB0 8EEC75           (     newbasic.asm):03880                   LDX  #L8441         POINT X TO LN(2) 
ECB3 7EE596           (     newbasic.asm):03881                   JMP  LBACA          MULTIPLY FPA0 * LN(2) 
                      (     newbasic.asm):03882                                        
                      (     newbasic.asm):03883         ; SQR                          
ECB6 BDE79A           (     newbasic.asm):03884         SQR       JSR  LBC5F          MOVE FPA0 TO FPA1 
ECB9 8EEA59           (     newbasic.asm):03885                   LDX  #LBEC0         POINT (X) TO FP NUMBER (.5) 
ECBC BDE73A           (     newbasic.asm):03886                   JSR  LBC14          COPY A PACKED NUMBER FROM (X) TO FPA0 
                      (     newbasic.asm):03887                                        
                      (     newbasic.asm):03888         ; ARITHMETIC OPERATOR FOR EXPONENTIATION JUMPS                      
                      (     newbasic.asm):03889         ; HERE. THE FORMULA USED TO EVALUATE EXPONENTIATION                      
                      (     newbasic.asm):03890         ; IS A**X=E**(X LN A) = E**(FPA0*LN(FPA1)), E=2.7182818                      
ECBF 276A             (     newbasic.asm):03891         L8489     BEQ  EXP            DO A NATURAL EXPONENTIATION IF EXPONENT = 0 
ECC1 4D               (     newbasic.asm):03892                   TSTA                *CHECK VALUE BEING EXPONENTIATED 
ECC2 2603             (     newbasic.asm):03893                   BNE  L8491          *AND BRANCH IF IT IS <> 0 
ECC4 7EE4E9           (     newbasic.asm):03894                   JMP  LBA3A          FPA0=0 IF RAISING ZERO TO A POWER 
ECC7 8E104D           (     newbasic.asm):03895         L8491     LDX  #V4A           * PACK FPA0 AND SAVE 
ECCA BDE761           (     newbasic.asm):03896                   JSR  LBC35          * IT IN FPA5 (ARGUMENT’S EXPONENT) 
ECCD 5F               (     newbasic.asm):03897                   CLRB                ACCB=DEFAULT RESULT SIGN FLAG; 0=POSITIVE 
ECCE B61064           (     newbasic.asm):03898                   LDA  FP1SGN         *CHECK THE SIGN OF ARGUMENT 
ECD1 2A12             (     newbasic.asm):03899                   BPL  L84AC          *BRANCH IF POSITIVE 
ECD3 BDE848           (     newbasic.asm):03900                   JSR  INT            CONVERT EXPONENT INTO AN INTEGER 
ECD6 8E104D           (     newbasic.asm):03901                   LDX  #V4A           POINT X TO FPA5 (ORIGINAL EXPONENT) 
ECD9 B61064           (     newbasic.asm):03902                   LDA  FP1SGN         GET MANTISSA SIGN OF FPA1 (ARGUMENT) 
ECDC BDE7ED           (     newbasic.asm):03903                   JSR  LBCA0          *COMPARE FPA0 TO (X) AND 
ECDF 2604             (     newbasic.asm):03904                   BNE  L84AC          *BRANCH IF NOT EQUAL 
ECE1 43               (     newbasic.asm):03905                   COMA                TOGGLE FPA1 MANTISSA SIGN - FORCE POSITIVE 
ECE2 F61004           (     newbasic.asm):03906                   LDB  CHARAC         GET LS BYTE OF INTEGER VALUE OF EXPONENT (RESULT SIGN FLAG) 
ECE5 BDE77E           (     newbasic.asm):03907         L84AC     JSR  LBC4C          COPY FPA1 TO FPA0; ACCA = MANTISSA SIGN 
ECE8 3404             (     newbasic.asm):03908                   PSHS B              PUT RESULT SIGN FLAG ON THE STACK 
ECEA BDEC7A           (     newbasic.asm):03909                   JSR  LOG             
ECED 8E104D           (     newbasic.asm):03910                   LDX  #V4A           POINT (X) TO FPA5 
ECF0 BDE596           (     newbasic.asm):03911                   JSR  LBACA          MULTIPLY FPA0 BY FPA5 
ECF3 8D36             (     newbasic.asm):03912                   BSR  EXP            CALCULATE E**(FPA0) 
ECF5 3502             (     newbasic.asm):03913                   PULS A              * GET RESULT SIGN FLAG FROM THE STACK 
ECF7 46               (     newbasic.asm):03914                   RORA * AND BRANCH IF NEGATIVE  
ECF8 1025FD86         (     newbasic.asm):03915                   LBCS LBEE9          CHANGE SIGN OF FPA0 MANTISSA 
ECFC 39               (     newbasic.asm):03916                   RTS                  
                      (     newbasic.asm):03917                                        
                      (     newbasic.asm):03918         ; CORRECTION FACTOR FOR EXPONENTIAL FUNCTION                      
ECFD 8138AA3B29       (     newbasic.asm):03919         L84C4     FCB  $81,$38,$AA,$3B,$29 1.44269504 ( CF ) 
                      (     newbasic.asm):03920         ;                              
                      (     newbasic.asm):03921         ; TCHEBYSHEV MODIFIED TAYLOR SERIES COEFFICIENTS FOR E**X                      
                      (     newbasic.asm):03922         ;                              
ED02 07               (     newbasic.asm):03923         L84C9     FCB  7              EIGHT COEFFICIENTS 
ED03 7134583E56       (     newbasic.asm):03924         L84CA     FCB  $71,$34,$58,$3E,$56 2.14987637E-05: 1/(7!*(CF**7)) 
ED08 74167EB31B       (     newbasic.asm):03925         L84CF     FCB  $74,$16,$7E,$B3,$1B 1.4352314E-04 : 1/(6!*(CF**6)) 
ED0D 772FEEE385       (     newbasic.asm):03926         L84D4     FCB  $77,$2F,$EE,$E3,$85 1.34226348E-03: 1/(5!*(CF**5)) 
ED12 7A1D841C2A       (     newbasic.asm):03927         L84D9     FCB  $7A,$1D,$84,$1C,$2A 9.61401701E-03: 1/(4!*(CF**4)) 
ED17 7C6359580A       (     newbasic.asm):03928         L84DE     FCB  $7C,$63,$59,$58,$0A 0.0555051269 
ED1C 7E75FDE7C6       (     newbasic.asm):03929         L84E3     FCB  $7E,$75,$FD,$E7,$C6 0.240226385 
ED21 8031721810       (     newbasic.asm):03930         L84E8     FCB  $80,$31,$72,$18,$10 0.693147186 
ED26 8100000000       (     newbasic.asm):03931         L84ED     FCB  $81,$00,$00,$00,$00 1 
                      (     newbasic.asm):03932         ;                              
                      (     newbasic.asm):03933         ; EXP ( E**X)                      
                      (     newbasic.asm):03934         ; THE EXPONENTIAL FUNCTION IS EVALUATED BY FIRST MULTIPLYING THE                      
                      (     newbasic.asm):03935         ; ARGUMENT BY A CORRECTION FACTOR (CF). AFTER THIS IS DONE, AN                      
                      (     newbasic.asm):03936         ; ARGUMENT >= 127 WILL YIELD A ZERO RESULT (NO UNDERFLOW) FOR A                      
                      (     newbasic.asm):03937         ; NEGATIVE ARGUMENT OR AN 'OV' (OVERFLOW) ERROR FOR A POSITIVE                      
                      (     newbasic.asm):03938         ; ARGUMENT. THE POLYNOMIAL COEFFICIENTS ARE MODIFIED TO REFLECT                      
                      (     newbasic.asm):03939         ; THE CF MULTIPLICATION AT THE START OF THE EVALUATION PROCESS.                      
                      (     newbasic.asm):03940                                        
ED2B 8EECFD           (     newbasic.asm):03941         EXP       LDX  #L84C4         POINT X TO THE CORRECTION FACTOR 
ED2E BDE596           (     newbasic.asm):03942                   JSR  LBACA          MULTIPLY FPA0 BY (X) 
ED31 BDE75A           (     newbasic.asm):03943                   JSR  LBC2F          PACK FPA0 AND STORE IT IN FPA3 
ED34 B61052           (     newbasic.asm):03944                   LDA  FP0EXP         *GET EXPONENT OF FPA0 AND 
ED37 8188             (     newbasic.asm):03945                   CMPA #$88           *COMPARE TO THE MAXIMUM VALUE 
ED39 2503             (     newbasic.asm):03946                   BLO  L8504          BRANCH IF FPA0 < 128 
ED3B 7EE65B           (     newbasic.asm):03947         L8501     JMP  LBB5C          SET FPA0 = 0 OR ‘OV’ ERROR 
ED3E BDE848           (     newbasic.asm):03948         L8504     JSR  INT            CONVERT FPA0 TO INTEGER 
ED41 B61004           (     newbasic.asm):03949                   LDA  CHARAC         GET LS BYTE OF INTEGER 
ED44 8B81             (     newbasic.asm):03950                   ADDA #$81           * WAS THE ARGUMENT =127, IF SO 
ED46 27F3             (     newbasic.asm):03951                   BEQ  L8501          * THEN ‘OV’ ERROR; THIS WILL ALSO ADD THE $80 BIAS 
                      (     newbasic.asm):03952         ;              * REQUIRED WHEN THE NEW EXPONENT IS CALCULATED BELOW  
ED48 4A               (     newbasic.asm):03953                   DECA                DECREMENT ONE FROM THE EXPONENT, BECAUSE $81, NOT $80 WAS USED ABOVE 
ED49 3402             (     newbasic.asm):03954                   PSHS A              SAVE EXPONENT OF INTEGER PORTION ON STACK 
ED4B 8E1043           (     newbasic.asm):03955                   LDX  #V40           POINT (X) TO FPA3 
ED4E BDE446           (     newbasic.asm):03956                   JSR  LB9B9          SUBTRACT FPA0 FROM (X) - GET FRACTIONAL PART OF ARGUMENT 
ED51 8EED02           (     newbasic.asm):03957                   LDX  #L84C9         POINT X TO COEFFICIENTS 
ED54 BDEA9B           (     newbasic.asm):03958                   JSR  LBEFF          EVALUATE POLYNOMIAL FOR FRACTIONAL PART 
ED57 7F1065           (     newbasic.asm):03959                   CLR  RESSGN         FORCE THE MANTISSA TO BE POSITIVE 
ED5A 3502             (     newbasic.asm):03960                   PULS A              GET INTEGER EXPONENT FROM STACK 
ED5C BDE643           (     newbasic.asm):03961                   JSR  LBB48          * CALCULATE EXPONENT OF NEW FPA0 BY ADDING THE EXPONENTS OF THE 
                      (     newbasic.asm):03962         ;              * INTEGER AND FRACTIONAL PARTS  
ED5F 39               (     newbasic.asm):03963                   RTS                  
                      (     newbasic.asm):03964                                        
                      (     newbasic.asm):03965         ; FIX                          
ED60 BDE7AE           (     newbasic.asm):03966         FIX       JSR  LBC6D          CHECK STATUS OF FPA0 
ED63 2B03             (     newbasic.asm):03967                   BMI  L852C          BRANCH IF FPA0 = NEGATIVE 
ED65 7EE848           (     newbasic.asm):03968         L8529     JMP  INT            CONVERT FPA0 TO INTEGER 
ED68 731057           (     newbasic.asm):03969         L852C     COM  FP0SGN         TOGGLE SIGN OF FPA0 MANTISSA 
ED6B 8DF8             (     newbasic.asm):03970                   BSR  L8529          CONVERT FPA0 TO INTEGER 
ED6D 7EEA82           (     newbasic.asm):03971                   JMP  LBEE9          TOGGLE SIGN OF FPA0 
                      (     newbasic.asm):03972                                        
                      (     newbasic.asm):03973         ; EDIT                         
ED70 BDF1DD           (     newbasic.asm):03974         EDIT      JSR  L89AE          GET LINE NUMBER FROM BASIC 
ED73 3262             (     newbasic.asm):03975                   LEAS $02,S PURGE RETURN ADDRESS OFF OF THE STACK  
ED75 8601             (     newbasic.asm):03976         L8538     LDA  #$01           ‘LIST’ FLAG 
ED77 B7109B           (     newbasic.asm):03977                   STA  VD8            SET FLAG TO LIST LINE 
ED7A BD94ED           (     newbasic.asm):03978                   JSR  LAD01          GO FIND THE LINE NUMBER IN PROGRAM 
ED7D 1025A990         (     newbasic.asm):03979                   LBCS LAED2 ERROR #7 ‘UNDEFINED LINE #'  
ED81 BDE261           (     newbasic.asm):03980                   JSR  LB7C2          GO UNCRUNCH LINE INTO BUFFER AT LINBUF+1 
ED84 1F20             (     newbasic.asm):03981                   TFR  Y,D            PUT ABSOLUTE ADDRESS OF END OF LINE TO ACCD 
ED86 8310F8           (     newbasic.asm):03982                   SUBD #LINBUF+2 SUBTRACT OUT THE START OF LINE  
ED89 F7109A           (     newbasic.asm):03983                   STB  VD7            SAVE LENGTH OF LINE 
ED8C FC102E           (     newbasic.asm):03984         L854D     LDD  BINVAL         GET THE HEX VALUE OF LINE NUMBER 
ED8F BDE94F           (     newbasic.asm):03985                   JSR  LBDCC          LIST THE LINE NUMBER ON THE SCREEN 
ED92 BDE439           (     newbasic.asm):03986                   JSR  LB9AC          PRINT A SPACE 
ED95 8E10F7           (     newbasic.asm):03987                   LDX  #LINBUF+1      POINT X TO BUFFER 
ED98 F6109B           (     newbasic.asm):03988                   LDB  VD8            * CHECK TO SEE IF LINE IS TO BE 
ED9B 2625             (     newbasic.asm):03989                   BNE  L8581          * LISTED TO SCREEN - BRANCH IF IT IS 
ED9D 5F               (     newbasic.asm):03990         L855C     CLRB                RESET DIGIT ACCUMULATOR - DEFAULT VALUE 
ED9E BDEECE           (     newbasic.asm):03991         L855D     JSR  L8687          GET KEY STROKE 
EDA1 BDF726           (     newbasic.asm):03992                   JSR  L90AA          SET CARRY IF NOT NUMERIC 
EDA4 250B             (     newbasic.asm):03993                   BLO  L8570          BRANCH IF NOT NUMERIC 
EDA6 8030             (     newbasic.asm):03994                   SUBA #'0'           MASK OFF ASCII  
EDA8 3402             (     newbasic.asm):03995                   PSHS A              SAVE IT ON STACK  
EDAA 860A             (     newbasic.asm):03996                   LDA  #10            NUMBER BEING CONVERTED IS BASE 10 
EDAC 3D               (     newbasic.asm):03997                   MUL                 MULTIPLY ACCUMULATED VALUE BY BASE (10)  
EDAD EBE0             (     newbasic.asm):03998                   ADDB ,S+            ADD DIGIT TO ACCUMULATED VALUE  
EDAF 20ED             (     newbasic.asm):03999                   BRA  L855D          CHECK FOR ANOTHER DIGIT 
EDB1 C001             (     newbasic.asm):04000         L8570     SUBB #$01           REPEAT PARAMETER IN ACCB; IF IT  
EDB3 C901             (     newbasic.asm):04001                   ADCB #$01           IS 0, THEN MAKE IT ‘1’  
EDB5 8141             (     newbasic.asm):04002                   CMPA #'A'           ABORT?          
EDB7 2605             (     newbasic.asm):04003                   BNE  L857D          NO 
EDB9 BDE3E2           (     newbasic.asm):04004                   JSR  LB958          PRINT CARRIAGE RETURN TO SCREEN 
EDBC 20B7             (     newbasic.asm):04005                   BRA  L8538          RESTART EDIT PROCESS - CANCEL ALL CHANGES 
EDBE 814C             (     newbasic.asm):04006         L857D     CMPA #'L'           LIST?           
EDC0 260C             (     newbasic.asm):04007                   BNE  L858C          NO 
EDC2 8D33             (     newbasic.asm):04008         L8581     BSR  L85B4          LIST THE LINE 
EDC4 7F109B           (     newbasic.asm):04009                   CLR  VD8            RESET THE LIST FLAG TO ‘NO LIST’ 
EDC7 BDE3E2           (     newbasic.asm):04010                   JSR  LB958          PRINT CARRIAGE RETURN 
EDCA 20C0             (     newbasic.asm):04011                   BRA  L854D          GO INTERPRET ANOTHER EDIT COMMAND 
EDCC 3262             (     newbasic.asm):04012         L858A     LEAS $02,S          PURGE RETURN ADDRESS OFF OF THE STACK  
EDCE 810D             (     newbasic.asm):04013         L858C     CMPA #CR            ENTER KEY?      
EDD0 260E             (     newbasic.asm):04014                   BNE  L859D          NO 
EDD2 8D23             (     newbasic.asm):04015                   BSR  L85B4          ECHO THE LINE TO THE SCREEN 
EDD4 BDE3E2           (     newbasic.asm):04016         L8592     JSR  LB958          PRINT CARRIAGE RETURN 
EDD7 8E10F7           (     newbasic.asm):04017                   LDX  #LINBUF+1      * RESET BASIC’S INPUT POINTER 
EDDA BF1086           (     newbasic.asm):04018                   STX  CHARAD         * TO THE LINE INPUT BUFFER 
EDDD 7E9486           (     newbasic.asm):04019                   JMP  LACA8          GO PUT LINE BACK IN PROGRAM 
EDE0 8145             (     newbasic.asm):04020         L859D     CMPA #'E'           EXIT?           
EDE2 27F0             (     newbasic.asm):04021                   BEQ  L8592          YES - SAME AS ENTER EXCEPT NO ECHO 
EDE4 8151             (     newbasic.asm):04022                   CMPA #'Q'           QUIT?           
EDE6 2606             (     newbasic.asm):04023                   BNE  L85AB          NO 
EDE8 BDE3E2           (     newbasic.asm):04024                   JSR  LB958          PRINT CARRIAGE RETURN TO SCREEN 
EDEB 7E945A           (     newbasic.asm):04025                   JMP  LAC73          GO TO COMMAND LEVEL - MAKE NO CHANGES 
EDEE 8D02             (     newbasic.asm):04026         L85AB     BSR  L85AF          INTERPRET THE REMAINING COMMANDS AS SUBROUTINES 
EDF0 20AB             (     newbasic.asm):04027                   BRA  L855C          GO INTERPRET ANOTHER EDIT COMMAND 
EDF2 8120             (     newbasic.asm):04028         L85AF     CMPA #SPACE         SPACE BAR?      
EDF4 2610             (     newbasic.asm):04029                   BNE  L85C3          NO 
EDF6 8C               (     newbasic.asm):04030         L85B3     FCB  SKP2           SKIP TWO BYTES 
                      (     newbasic.asm):04031         ; DISPLAY THE NEXT ACCB BYTES OF THE LINE IN THE BUFFER TO THE SCREEN                      
                      (     newbasic.asm):04032         ;                              
EDF7 C6F9             (     newbasic.asm):04033         L85B4     LDB  #LBUFMX-1      250 BYTES MAX IN BUFFER 
EDF9 A684             (     newbasic.asm):04034         L85B6     LDA  ,X             GET A CHARACTER FROM BUFFER 
EDFB 2708             (     newbasic.asm):04035                   BEQ  L85C2          EXIT IF IT’S A 0 
EDFD BD900B           (     newbasic.asm):04036                   JSR  PUTCHR         SEND CHAR TO CONSOLE OUT 
EE00 3001             (     newbasic.asm):04037                   LEAX $01,X          MOVE POINTER UP ONE  
EE02 5A               (     newbasic.asm):04038                   DECB                DECREMENT CHARACTER COUNTER  
EE03 26F4             (     newbasic.asm):04039                   BNE  L85B6          LOOP IF NOT DONE 
EE05 39               (     newbasic.asm):04040         L85C2     RTS                  
EE06 8144             (     newbasic.asm):04041         L85C3     CMPA #'D'           DELETE?         
EE08 264A             (     newbasic.asm):04042                   BNE  L860F          NO 
EE0A 6D84             (     newbasic.asm):04043         L85C7     TST  ,X             * CHECK FOR END OF LINE 
EE0C 27F7             (     newbasic.asm):04044                   BEQ  L85C2          * AND BRANCH IF SO 
EE0E 8D04             (     newbasic.asm):04045                   BSR  L85D1          REMOVE A CHARACTER 
EE10 5A               (     newbasic.asm):04046                   DECB                DECREMENT REPEAT PARAMETER  
EE11 26F7             (     newbasic.asm):04047                   BNE  L85C7          BRANCH IF NOT DONE 
EE13 39               (     newbasic.asm):04048                   RTS                  
                      (     newbasic.asm):04049         ; REMOVE ONE CHARACTER FROM BUFFER                      
EE14 7A109A           (     newbasic.asm):04050         L85D1     DEC  VD7            DECREMENT LENGTH OF BUFFER 
EE17 311F             (     newbasic.asm):04051                   LEAY $-01,X         POINT Y TO ONE BEFORE CURRENT BUFFER POINTER  
EE19 3121             (     newbasic.asm):04052         L85D5     LEAY $01,Y          INCREMENT TEMPORARY BUFFER POINTER  
EE1B A621             (     newbasic.asm):04053                   LDA  $01,Y          GET NEXT CHARACTER 
EE1D A7A4             (     newbasic.asm):04054                   STA  ,Y             PUT IT IN CURRENT POSITION 
EE1F 26F8             (     newbasic.asm):04055                   BNE  L85D5          BRANCH IF NOT END OF LINE 
EE21 39               (     newbasic.asm):04056                   RTS                  
EE22 8149             (     newbasic.asm):04057         L85DE     CMPA #'I' INSERT?         
EE24 2714             (     newbasic.asm):04058                   BEQ  L85F5          YES 
EE26 8158             (     newbasic.asm):04059                   CMPA #'X' EXTEND?         
EE28 270E             (     newbasic.asm):04060                   BEQ  L85F3          YES 
EE2A 8148             (     newbasic.asm):04061                   CMPA #'H' HACK?           
EE2C 265F             (     newbasic.asm):04062                   BNE  L8646          NO 
EE2E 6F84             (     newbasic.asm):04063                   CLR  ,X             TURN CURRENT BUFFER POINTER INTO END OF LINE FLAG 
EE30 1F10             (     newbasic.asm):04064                   TFR  X,D            PUT CURRENT BUFFER POINTER IN ACCD 
EE32 8310F8           (     newbasic.asm):04065                   SUBD #LINBUF+2      SUBTRACT INITIAL POINTER POSITION  
EE35 F7109A           (     newbasic.asm):04066                   STB  VD7            SAVE NEW BUFFER LENGTH 
EE38 8DBD             (     newbasic.asm):04067         L85F3     BSR  L85B4          DISPLAY THE LINE ON THE SCREEN 
EE3A BDEECE           (     newbasic.asm):04068         L85F5     JSR  L8687          GET A KEYSTROKE 
EE3D 810D             (     newbasic.asm):04069                   CMPA #CR            ENTER KEY?      
EE3F 278B             (     newbasic.asm):04070                   BEQ  L858A          YES - INTERPRET ANOTHER COMMAND - PRINT LINE 
EE41 811B             (     newbasic.asm):04071                   CMPA #ESC           ESCAPE?         
EE43 2725             (     newbasic.asm):04072                   BEQ  L8625          YES - RETURN TO COMMAND LEVEL - DON’T PRINT LINE 
EE45 8108             (     newbasic.asm):04073                   CMPA #BS            BACK SPACE?     
EE47 2622             (     newbasic.asm):04074                   BNE  L8626          NO 
EE49 8C10F7           (     newbasic.asm):04075                   CMPX #LINBUF+1      COMPARE POINTER TO START OF BUFFER  
EE4C 27EC             (     newbasic.asm):04076                   BEQ  L85F5          DO NOT ALLOW BS IF AT START 
EE4E 8D47             (     newbasic.asm):04077                   BSR  L8650          MOVE POINTER BACK ONE, BS TO SCREEN 
EE50 8DC2             (     newbasic.asm):04078                   BSR  L85D1          REMOVE ONE CHARACTER FROM BUFFER 
EE52 20E6             (     newbasic.asm):04079                   BRA  L85F5          GET INSERT SUB COMMAND 
EE54 8143             (     newbasic.asm):04080         L860F     CMPA #'C'           CHANGE?         
EE56 26CA             (     newbasic.asm):04081                   BNE  L85DE          NO 
EE58 6D84             (     newbasic.asm):04082         L8613     TST  ,X             CHECK CURRENT BUFFER CHARACTER 
EE5A 270E             (     newbasic.asm):04083                   BEQ  L8625          BRANCH IF END OF LINE 
EE5C BDEECE           (     newbasic.asm):04084                   JSR  L8687          GET A KEYSTROKE 
EE5F 2502             (     newbasic.asm):04085                   BLO  L861E          BRANCH IF LEGITIMATE KEY 
EE61 20F5             (     newbasic.asm):04086                   BRA  L8613          TRY AGAIN IF ILLEGAL KEY 
EE63 A780             (     newbasic.asm):04087         L861E     STA  ,X+            INSERT NEW CHARACTER INTO BUFFER 
EE65 8D39             (     newbasic.asm):04088                   BSR  L8659          SEND NEW CHARACTER TO SCREEN 
EE67 5A               (     newbasic.asm):04089                   DECB                DECREMENT REPEAT PARAMETER  
EE68 26EE             (     newbasic.asm):04090                   BNE  L8613          BRANCH IF NOT DONE 
EE6A 39               (     newbasic.asm):04091         L8625     RTS                  
EE6B F6109A           (     newbasic.asm):04092         L8626     LDB  VD7            GET LENGTH OF LINE 
EE6E C1F9             (     newbasic.asm):04093                   CMPB #LBUFMX-1      COMPARE TO MAXIMUM LENGTH  
EE70 2602             (     newbasic.asm):04094                   BNE  L862E          BRANCH IF NOT AT MAXIMUM 
EE72 20C6             (     newbasic.asm):04095                   BRA  L85F5          IGNORE INPUT IF LINE AT MAXIMUM LENGTH 
EE74 3410             (     newbasic.asm):04096         L862E     PSHS X              SAVE CURRENT BUFFER POINTER  
EE76 6D80             (     newbasic.asm):04097         L8630     TST  ,X+            * SCAN THE LINE UNTIL END OF 
EE78 26FC             (     newbasic.asm):04098                   BNE  L8630          * LINE (0) IS FOUND 
EE7A E682             (     newbasic.asm):04099         L8634     LDB  ,-X            DECR TEMP LINE POINTER AND GET A CHARACTER 
EE7C E701             (     newbasic.asm):04100                   STB  $01,X          PUT CHARACTER BACK DOWN ONE SPOT 
EE7E ACE4             (     newbasic.asm):04101                   CMPX ,S             HAVE WE REACHED STARTING POINT?  
EE80 26F8             (     newbasic.asm):04102                   BNE  L8634          NO - KEEP GOING 
EE82 3262             (     newbasic.asm):04103                   LEAS $02,S          PURGE BUFFER POINTER FROM STACK  
EE84 A780             (     newbasic.asm):04104                   STA  ,X+            INSERT NEW CHARACTER INTO THE LINE 
EE86 8D18             (     newbasic.asm):04105                   BSR  L8659          SEND A CHARACTER TO CONSOLE OUT 
EE88 7C109A           (     newbasic.asm):04106                   INC  VD7            ADD ONE TO BUFFER LENGTH 
EE8B 20AD             (     newbasic.asm):04107                   BRA  L85F5          GET INSERT SUB COMMAND 
EE8D 8108             (     newbasic.asm):04108         L8646     CMPA #BS            BACKSPACE?      
EE8F 2612             (     newbasic.asm):04109                   BNE  L865C          NO 
EE91 8D04             (     newbasic.asm):04110         L864A     BSR  L8650          MOVE POINTER BACK 1, SEND BS TO SCREEN 
EE93 5A               (     newbasic.asm):04111                   DECB                DECREMENT REPEAT PARAMETER  
EE94 26FB             (     newbasic.asm):04112                   BNE  L864A          LOOP UNTIL DONE 
EE96 39               (     newbasic.asm):04113                   RTS                  
EE97 8C10F7           (     newbasic.asm):04114         L8650     CMPX #LINBUF+1      COMPARE POINTER TO START OF BUFFER  
EE9A 27CE             (     newbasic.asm):04115                   BEQ  L8625          DO NOT ALLOW BS IF AT START 
EE9C 301F             (     newbasic.asm):04116                   LEAX $-01,X         MOVE POINTER BACK ONE  
EE9E 8608             (     newbasic.asm):04117                   LDA  #BS            BACK SPACE 
EEA0 7E900B           (     newbasic.asm):04118         L8659     JMP  PUTCHR         SEND TO CONSOLE OUT 
EEA3 814B             (     newbasic.asm):04119         L865C     CMPA #'K'           KILL?           
EEA5 2705             (     newbasic.asm):04120                   BEQ  L8665          YES 
EEA7 8053             (     newbasic.asm):04121                   SUBA #'S'           SEARCH?         
EEA9 2701             (     newbasic.asm):04122                   BEQ  L8665          YES 
EEAB 39               (     newbasic.asm):04123                   RTS                  
EEAC 3402             (     newbasic.asm):04124         L8665     PSHS A              SAVE KILL/SEARCH FLAG ON STACK  
EEAE 8D1E             (     newbasic.asm):04125                   BSR  L8687          * GET A KEYSTROKE (TARGET CHARACTER) 
EEB0 3402             (     newbasic.asm):04126                   PSHS A              * AND SAVE IT ON STACK  
EEB2 A684             (     newbasic.asm):04127         L866B     LDA  ,X             GET CURRENT BUFFER CHARACTER 
EEB4 2716             (     newbasic.asm):04128                   BEQ  L8685          AND RETURN IF END OF LINE 
EEB6 6D61             (     newbasic.asm):04129                   TST  $01,S          CHECK KILL/SEARCH FLAG 
EEB8 2606             (     newbasic.asm):04130                   BNE  L8679          BRANCH IF KILL 
EEBA 8DE4             (     newbasic.asm):04131                   BSR  L8659          SEND A CHARACTER TO CONSOLE OUT 
EEBC 3001             (     newbasic.asm):04132                   LEAX $01,X          INCREMENT BUFFER POINTER  
EEBE 2003             (     newbasic.asm):04133                   BRA  L867C          CHECK NEXT INPUT CHARACTER 
EEC0 BDEE14           (     newbasic.asm):04134         L8679     JSR  L85D1          REMOVE ONE CHARACTER FROM BUFFER 
EEC3 A684             (     newbasic.asm):04135         L867C     LDA  ,X             GET CURRENT INPUT CHARACTER 
EEC5 A1E4             (     newbasic.asm):04136                   CMPA ,S             COMPARE TO TARGET CHARACTER  
EEC7 26E9             (     newbasic.asm):04137                   BNE  L866B          BRANCH IF NO MATCH 
EEC9 5A               (     newbasic.asm):04138                   DECB                DECREMENT REPEAT PARAMETER  
EECA 26E6             (     newbasic.asm):04139                   BNE  L866B          BRANCH IF NOT DONE 
EECC 35A0             (     newbasic.asm):04140         L8685     PULS Y,PC           THE Y PULL WILL CLEAN UP THE STACK FOR THE 2 PSHS A  
                      (     newbasic.asm):04141         ;                              
                      (     newbasic.asm):04142         ; GET A KEYSTRKE                      
EECE BD9000           (     newbasic.asm):04143         L8687     JSR  KEYWAIT        CALL CONSOLE IN : DEV NBR=SCREEN 
EED1 817F             (     newbasic.asm):04144                   CMPA #$7F           GRAPHIC CHARACTER?  
EED3 24F9             (     newbasic.asm):04145                   BCC  L8687          YES - GET ANOTHER CHAR 
EED5 815F             (     newbasic.asm):04146                   CMPA #$5F           SHIFT UP ARROW (QUIT INSERT)  
EED7 2602             (     newbasic.asm):04147                   BNE  L8694          NO 
EED9 861B             (     newbasic.asm):04148                   LDA  #ESC           REPLACE W/ESCAPE CODE 
EEDB 810D             (     newbasic.asm):04149         L8694     CMPA #CR            ENTER KEY       
EEDD 270E             (     newbasic.asm):04150                   BEQ  L86A6          YES 
EEDF 811B             (     newbasic.asm):04151                   CMPA #ESC           ESCAPE?         
EEE1 270A             (     newbasic.asm):04152                   BEQ  L86A6          YES 
EEE3 8108             (     newbasic.asm):04153                   CMPA #BS            BACKSPACE?      
EEE5 2706             (     newbasic.asm):04154                   BEQ  L86A6          YES 
EEE7 8120             (     newbasic.asm):04155                   CMPA #SPACE         SPACE           
EEE9 25E3             (     newbasic.asm):04156                   BLO  L8687          GET ANOTHER CHAR IF CONTROL CHAR 
EEEB 1A01             (     newbasic.asm):04157                   ORCC #$01           SET CARRY       
EEED 39               (     newbasic.asm):04158         L86A6     RTS                  
                      (     newbasic.asm):04159                                        
                      (     newbasic.asm):04160         ; TRON                         
EEEE 86               (     newbasic.asm):04161         TRON      FCB  SKP1LD         SKIP ONE BYTE AND LDA #$4F 
                      (     newbasic.asm):04162                                        
                      (     newbasic.asm):04163         ; TROFF                        
EEEF 4F               (     newbasic.asm):04164         TROFF     CLRA                TROFF FLAG 
EEF0 B7108F           (     newbasic.asm):04165                   STA  TRCFLG         TRON/TROFF FLAG:0=TROFF, <> 0=TRON 
EEF3 39               (     newbasic.asm):04166                   RTS                  
                      (     newbasic.asm):04167                                        
                      (     newbasic.asm):04168         ; POS                          
EEF4 8600             (     newbasic.asm):04169         POS       LDA  #0             GET DEVICE NUMBER 
EEF6 F6107C           (     newbasic.asm):04170                   LDB  LPTPOS         GET PRINT POSITION 
EEF9 1D               (     newbasic.asm):04171         LA5E8     SEX                 CONVERT ACCB TO 2 DIGIT SIGNED INTEGER 
EEFA 7E9DDC           (     newbasic.asm):04172                   JMP  GIVABF         CONVERT ACCD TO FLOATING POINT 
                      (     newbasic.asm):04173                                        
                      (     newbasic.asm):04174         ; VARPTR                       
EEFD BD9AF3           (     newbasic.asm):04175         VARPT     JSR  LB26A          SYNTAX CHECK FOR ‘(‘ 
EF00 FC1022           (     newbasic.asm):04176                   LDD  ARYEND         GET ADDR OF END OF ARRAYS 
EF03 3406             (     newbasic.asm):04177                   PSHS B,A            SAVE IT ON STACK 
EF05 BD9BF7           (     newbasic.asm):04178                   JSR  LB357          GET VARIABLE DESCRIPTOR 
EF08 BD9AF0           (     newbasic.asm):04179                   JSR  LB267          SYNTAX CHECK FOR ‘)‘ 
EF0B 3506             (     newbasic.asm):04180                   PULS A,B            GET END OF ARRAYS ADDR BACK 
EF0D 1E10             (     newbasic.asm):04181                   EXG  X,D            SWAP END OF ARRAYS AND VARIABLE DESCRIPTOR 
EF0F BC1022           (     newbasic.asm):04182                   CMPX ARYEND         COMPARE TO NEW END OF ARRAYS 
EF12 2654             (     newbasic.asm):04183                   BNE  L8724          ‘FC’ ERROR IF VARIABLE WAS NOT DEFINED PRIOR TO CALLING VARPTR 
EF14 7E9DDC           (     newbasic.asm):04184                   JMP  GIVABF         CONVERT VARIABLE DESCRIPTOR INTO A FP NUMBER 
                      (     newbasic.asm):04185                                        
                      (     newbasic.asm):04186         ; MID$(OLDSTRING,POSITION,LENGTH)=REPLACEMENT                      
EF17 BD107F           (     newbasic.asm):04187         L86D6     JSR  GETNCH         GET INPUT CHAR FROM BASIC 
EF1A BD9AF3           (     newbasic.asm):04188                   JSR  LB26A          SYNTAX CHECK FOR ‘(‘ 
EF1D BD9BF7           (     newbasic.asm):04189                   JSR  LB357          * GET VARIABLE DESCRIPTOR ADDRESS AND 
EF20 3410             (     newbasic.asm):04190                   PSHS X              * SAVE IT ON THE STACK 
EF22 EC02             (     newbasic.asm):04191                   LDD  $02,X          POINT ACCD TO START OF OLDSTRING 
EF24 10B31024         (     newbasic.asm):04192                   CMPD FRETOP         COMPARE TO START OF CLEARED SPACE 
EF28 2305             (     newbasic.asm):04193                   BLS  L86EB          BRANCH IF <= 
EF2A B3102A           (     newbasic.asm):04194                   SUBD MEMSIZ         SUBTRACT OUT TOP OF CLEARED SPACE 
EF2D 2312             (     newbasic.asm):04195                   BLS  L86FD          BRANCH IF STRING IN STRING SPACE 
EF2F E684             (     newbasic.asm):04196         L86EB     LDB  ,X             GET LENGTH OF OLDSTRING 
EF31 BD9E6B           (     newbasic.asm):04197                   JSR  LB56D          RESERVE ACCB BYTES IN STRING SPACE 
EF34 3410             (     newbasic.asm):04198                   PSHS X              SAVE RESERVED SPACE STRING ADDRESS ON STACK 
EF36 AE62             (     newbasic.asm):04199                   LDX  $02,S          POINT X TO OLDSTRING DESCRIPTOR 
EF38 BD9F68           (     newbasic.asm):04200                   JSR  LB643          MOVE OLDSTRING INTO STRING SPACE 
EF3B 3550             (     newbasic.asm):04201                   PULS X,U            * GET OLDSTRING DESCRIPTOR ADDRESS AND RESERVED STRING 
EF3D AF42             (     newbasic.asm):04202                   STX  $02,U          * ADDRESS AND SAVE RESERVED ADDRESS AS OLDSTRING ADDRESS 
EF3F 3440             (     newbasic.asm):04203                   PSHS U              SAVE OLDSTRING DESCRIPTOR ADDRESS 
EF41 BDA075           (     newbasic.asm):04204         L86FD     JSR  LB738          SYNTAX CHECK FOR COMMA AND EVALUATE LENGTH EXPRESSION 
EF44 3404             (     newbasic.asm):04205                   PSHS B              SAVE POSITION PARAMETER ON STACK 
EF46 5D               (     newbasic.asm):04206                   TSTB * CHECK POSITION PARAMETER AND BRANCH  
EF47 271F             (     newbasic.asm):04207                   BEQ  L8724          * IF START OF STRING 
EF49 C6FF             (     newbasic.asm):04208                   LDB  #$FF           DEFAULT REPLACEMENT LENGTH = $FF 
EF4B 8129             (     newbasic.asm):04209                   CMPA #')'           * CHECK FOR END OF MID$ STATEMENT AND 
EF4D 2703             (     newbasic.asm):04210                   BEQ  L870E          * BRANCH IF AT END OF STATEMENT 
EF4F BDA075           (     newbasic.asm):04211                   JSR  LB738          SYNTAX CHECK FOR COMMA AND EVALUATE LENGTH EXPRESSION 
EF52 3404             (     newbasic.asm):04212         L870E     PSHS B              SAVE LENGTH PARAMETER ON STACK 
EF54 BD9AF0           (     newbasic.asm):04213                   JSR  LB267          SYNTAX CHECK FOR ‘)‘ 
EF57 C6AE             (     newbasic.asm):04214                   LDB  #TOK_EQUALS    TOKEN FOR = 
EF59 BD9AF8           (     newbasic.asm):04215                   JSR  LB26F          SYNTAX CHECK FOR “=‘ 
EF5C 8D2E             (     newbasic.asm):04216                   BSR  L8748          EVALUATE REPLACEMENT STRING 
EF5E 1F13             (     newbasic.asm):04217                   TFR  X,U            SAVE REPLACEMENT STRING ADDRESS IN U 
EF60 AE62             (     newbasic.asm):04218                   LDX  $02,S          POINT X TO OLOSTRING DESCRIPTOR ADDRESS 
EF62 A684             (     newbasic.asm):04219                   LDA  ,X             GET LENGTH OF OLDSTRING 
EF64 A061             (     newbasic.asm):04220                   SUBA $01,S          SUBTRACT POSITION PARAMETER 
EF66 2403             (     newbasic.asm):04221                   BCC  L8727          INSERT REPLACEMENT STRING INTO OLDSTRING 
EF68 7E9D15           (     newbasic.asm):04222         L8724     JMP  LB44A          ‘FC’ ERROR IF POSITION > LENGTH OF OLDSTRING 
EF6B 4C               (     newbasic.asm):04223         L8727     INCA                * NOW ACCA = NUMBER OF CHARACTERS TO THE RIGHT 
                      (     newbasic.asm):04224         ;                             * (INCLUSIVE) OF THE POSITION PARAMETER 
EF6C A1E4             (     newbasic.asm):04225                   CMPA ,S              
EF6E 2402             (     newbasic.asm):04226                   BCC  L872E          BRANCH IF NEW STRING WILL FIT IN OLDSTRING 
EF70 A7E4             (     newbasic.asm):04227                   STA  ,S             IF NOT, USE AS MUCH OF LENGTH PARAMETER AS WILL FIT 
EF72 A661             (     newbasic.asm):04228         L872E     LDA  $01,S          GET POSITION PARAMETER 
EF74 1E89             (     newbasic.asm):04229                   EXG  A,B            ACCA=LENGTH OF REPL STRING, ACCB=POSITION PARAMETER 
EF76 AE02             (     newbasic.asm):04230                   LDX  $02,X          POINT X TO OLDSTRING ADDRESS 
EF78 5A               (     newbasic.asm):04231                   DECB                * BASIC’S POSITION PARAMETER STARTS AT 1; THIS ROUTINE 
                      (     newbasic.asm):04232         ;                             * WANTS IT TO START AT ZERO 
EF79 3A               (     newbasic.asm):04233                   ABX                 POINT X TO POSITION IN OLDSTRING WHERE THE REPLACEMENT WILL GO 
EF7A 4D               (     newbasic.asm):04234                   TSTA                * IF THE LENGTH OF THE REPLACEMENT STRING IS ZERO 
EF7B 270D             (     newbasic.asm):04235                   BEQ  L8746          * THEN RETURN 
EF7D A1E4             (     newbasic.asm):04236                   CMPA ,S              
EF7F 2302             (     newbasic.asm):04237                   BLS  L873F          ADJUSTED LENGTH PARAMETER, THEN BRANCH 
EF81 A6E4             (     newbasic.asm):04238                   LDA  ,S             OTHERWISE USE AS MUCH ROOM AS IS AVAILABLE 
EF83 1F89             (     newbasic.asm):04239         L873F     TFR  A,B            SAVE NUMBER OF BYTES TO MOVE IN ACCB 
EF85 1E31             (     newbasic.asm):04240                   EXG  U,X            SWAP SOURCE AND DESTINATION POINTERS 
EF87 BD91D4           (     newbasic.asm):04241                   JSR  LA59A          MOVE (B) BYTES FROM (X) TO (U) 
EF8A 3596             (     newbasic.asm):04242         L8746     PULS A,B,X,PC        
EF8C BD99BE           (     newbasic.asm):04243         L8748     JSR  LB156          EVALUATE EXPRESSION 
EF8F 7E9F7B           (     newbasic.asm):04244                   JMP  LB654          *‘TM’ ERROR IF NUMERIC; RETURN WITH X POINTING 
                      (     newbasic.asm):04245         ;                             *TO STRING, ACCB = LENGTH 
                      (     newbasic.asm):04246                                        
                      (     newbasic.asm):04247         ; STRING                       
EF92 BD9AF3           (     newbasic.asm):04248         STRING    JSR  LB26A          SYNTAX CHECK FOR ‘(’ 
EF95 BDA042           (     newbasic.asm):04249                   JSR  LB70B          EVALUATE EXPRESSION; ERROR IF > 255 
EF98 3404             (     newbasic.asm):04250                   PSHS B              SAVE LENGTH OF STRING 
EF9A BD9AF6           (     newbasic.asm):04251                   JSR  LB26D          SYNTAX CHECK FOR COMMA 
EF9D BD99BE           (     newbasic.asm):04252                   JSR  LB156          EVALUATE EXPRESSION 
EFA0 BD9AF0           (     newbasic.asm):04253                   JSR  LB267          SYNTAX CHECK FOR ‘)‘ 
EFA3 B61009           (     newbasic.asm):04254                   LDA  VALTYP         GET VARIABLE TYPE 
EFA6 2605             (     newbasic.asm):04255                   BNE  L8768          BRANCH IF STRING 
EFA8 BDA045           (     newbasic.asm):04256                   JSR  LB70E          CONVERT FPA0 INTO AN INTEGER IN ACCB 
EFAB 2003             (     newbasic.asm):04257                   BRA  L876B          SAVE THE STRING IN STRING SPACE 
EFAD BD9FD4           (     newbasic.asm):04258         L8768     JSR  LB6A4          GET FIRST BYTE OF STRING 
EFB0 3404             (     newbasic.asm):04259         L876B     PSHS B              SAVE FIRST BYTE OF EXPRESSION 
EFB2 E661             (     newbasic.asm):04260                   LDB  $01,S          GET LENGTH OF STRING 
EFB4 BD9DFA           (     newbasic.asm):04261                   JSR  LB50F          RESERVE ACCB BYTES IN STRING SPACE 
EFB7 3506             (     newbasic.asm):04262                   PULS A,B            GET LENGTH OF STRING AND CHARACTER 
EFB9 2705             (     newbasic.asm):04263                   BEQ  L877B          BRANCH IF NULL STRING 
EFBB A780             (     newbasic.asm):04264         L8776     STA  ,X+            SAVE A CHARACTER IN STRING SPACE 
EFBD 5A               (     newbasic.asm):04265                   DECB                DECREMENT LENGTH 
EFBE 26FB             (     newbasic.asm):04266                   BNE  L8776          BRANCH IF NOT DONE 
EFC0 7E9FCB           (     newbasic.asm):04267         L877B     JMP  LB69B          PUT STRING DESCRIPTOR ONTO STRING STACK 
                      (     newbasic.asm):04268                                        
                      (     newbasic.asm):04269         ; INSTR                        
EFC3 BD9AF3           (     newbasic.asm):04270         INSTR     JSR  LB26A          SYNTAX CHECK FOR ‘(‘ 
EFC6 BD99BE           (     newbasic.asm):04271                   JSR  LB156          EVALUATE EXPRESSION 
EFC9 C601             (     newbasic.asm):04272                   LDB  #$01           DEFAULT POSITION = 1 (SEARCH START) 
EFCB 3404             (     newbasic.asm):04273                   PSHS B              SAVE START 
EFCD B61009           (     newbasic.asm):04274                   LDA  VALTYP         GET VARIABLE TYPE 
EFD0 2610             (     newbasic.asm):04275                   BNE  L879C          BRANCH IF STRING 
EFD2 BDA045           (     newbasic.asm):04276                   JSR  LB70E          CONVERT FPA0 TO INTEGER IN ACCB 
EFD5 E7E4             (     newbasic.asm):04277                   STB  ,S             SAVE START SEARCH VALUE 
EFD7 278F             (     newbasic.asm):04278                   BEQ  L8724          BRANCH IF START SEARCH AT ZERO 
EFD9 BD9AF6           (     newbasic.asm):04279                   JSR  LB26D          SYNTAX CHECK FOR COMMA 
EFDC BD99BE           (     newbasic.asm):04280                   JSR  LB156          EVALUATE EXPRESSION - SEARCH STRING 
EFDF BD99AD           (     newbasic.asm):04281                   JSR  LB146          ‘TM’ ERROR IF NUMERIC 
EFE2 BE1055           (     newbasic.asm):04282         L879C     LDX  FPA0+2         SEARCH STRING DESCRIPTOR ADDRESS 
EFE5 3410             (     newbasic.asm):04283                   PSHS X              SAVE ON THE STACK 
EFE7 BD9AF6           (     newbasic.asm):04284                   JSR  LB26D          SYNTAX CHECK FOR COMMA 
EFEA BDEF8C           (     newbasic.asm):04285                   JSR  L8748          EVALUATE TARGET STRING EXPRESSION 
EFED 3414             (     newbasic.asm):04286                   PSHS X,B            SAVE ADDRESS AND LENGTH ON STACK 
EFEF BD9AF0           (     newbasic.asm):04287                   JSR  LB267          SYNTAX CHECK FOR ')' 
EFF2 AE63             (     newbasic.asm):04288                   LDX  $03,S          * LOAD X WITH SEARCH STRING DESCRIPTOR ADDRESS 
EFF4 BD9F81           (     newbasic.asm):04289                   JSR  LB659          * AND GET THE LENGTH ANDADDRESS OF SEARCH STRING 
EFF7 3404             (     newbasic.asm):04290                   PSHS B              SAVE LENGTH ON STACK 
                      (     newbasic.asm):04291         ;                              
                      (     newbasic.asm):04292         ; AT THIS POINT THE STACK HAS THE FOLLOWING INFORMATION                      
                      (     newbasic.asm):04293         ; ON IT: 0,S-SEARCH LENGTH; 1,S-TARGET LENGTH; 2 3,S-TARGET                      
                      (     newbasic.asm):04294         ; ADDRESS; 4 5,S-SEARCH DESCRIPTOR ADDRESS; 6,S-SEARCH POSITION                      
EFF9 E166             (     newbasic.asm):04295                   CMPB $06,S          COMPARE LENGTH OF SEARCH STRING TO START 
EFFB 2523             (     newbasic.asm):04296                   BLO  L87D9          POSITION; RETURN 0 IF LENGTH < START 
EFFD A661             (     newbasic.asm):04297                   LDA  $01,S          GET LENGTH OF TARGET STRING 
EFFF 271C             (     newbasic.asm):04298                   BEQ  L87D6          BRANCH IF TARGET STRING = NULL 
F001 E666             (     newbasic.asm):04299                   LDB  $06,S          GET START POSITION 
F003 5A               (     newbasic.asm):04300                   DECB                MOVE BACK ONE 
F004 3A               (     newbasic.asm):04301                   ABX  POINT X TO POSITION IN SEARCH STRING WHERE SEARCHING WILL START  
F005 3184             (     newbasic.asm):04302         L87BE     LEAY ,X             POINT Y TO SEARCH POSITION 
F007 EE62             (     newbasic.asm):04303                   LDU  $02,S          POINT U TO START OF TARGET 
F009 E661             (     newbasic.asm):04304                   LDB  $01,S          LOAD ACCB WITH LENGTH OF TARGET 
F00B A6E4             (     newbasic.asm):04305                   LDA  ,S             LOAD ACCA WITH LENGTH OF SEARCH 
F00D A066             (     newbasic.asm):04306                   SUBA $06,S          SUBTRACT SEARCH POSITION FROM SEARCH LENGTH 
F00F 4C               (     newbasic.asm):04307                   INCA                ADD ONE 
F010 A161             (     newbasic.asm):04308                   CMPA $01,S          COMPARE TO TARGET LENGTH 
F012 250C             (     newbasic.asm):04309                   BLO  L87D9          RETURN 0 IF TARGET LENGTH > WHAT’S LEFT OF SEARCH STRING 
F014 A680             (     newbasic.asm):04310         L87CD     LDA  ,X+            GET A CHARACTER FROM SEARCH STRING 
F016 A1C0             (     newbasic.asm):04311                   CMPA ,U+            COMPARE IT TO TARGET STRING 
F018 260C             (     newbasic.asm):04312                   BNE  L87DF          BRANCH IF NO MATCH 
F01A 5A               (     newbasic.asm):04313                   DECB                DECREMENT TARGET LENGTH 
F01B 26F7             (     newbasic.asm):04314                   BNE  L87CD          CHECK ANOTHER CHARACTER 
F01D E666             (     newbasic.asm):04315         L87D6     LDB  $06,S          GET MATCH POSITION 
F01F 21               (     newbasic.asm):04316         L87D8     FCB  SKP1           SKIP NEXT BYTE 
F020 5F               (     newbasic.asm):04317         L87D9     CLRB                MATCH ADDRESS = 0 
F021 3267             (     newbasic.asm):04318                   LEAS $07,S          CLEAN UP THE STACK 
F023 7E9DDB           (     newbasic.asm):04319                   JMP  LB4F3          CONVERT ACCB TO FP NUMBER 
F026 6C66             (     newbasic.asm):04320         L87DF     INC  $06,S          INCREMENT SEARCH POSITION 
F028 3021             (     newbasic.asm):04321                   LEAX $01,Y          MOVE X TO NEXT SEARCH POSITION 
F02A 20D9             (     newbasic.asm):04322                   BRA  L87BE          KEEP LOOKING FOR A MATCH 
                      (     newbasic.asm):04323                                        
                      (     newbasic.asm):04324         ; EXTENDED BASIC RVEC19 HOOK CODE                      
F02C 8126             (     newbasic.asm):04325         XVEC19    CMPA #'&'           * 
F02E 2668             (     newbasic.asm):04326                   BNE  L8845          * RETURN IF NOT HEX OR OCTAL VARIABLE 
F030 3262             (     newbasic.asm):04327                   LEAS $02,S          PURGE RETURN ADDRESS FROM STACK 
                      (     newbasic.asm):04328         ; PROCESS A VARIABLE PRECEEDED BY A ‘&‘ (&H,&O)                      
F032 7F1055           (     newbasic.asm):04329         L87EB     CLR  FPA0+2         * CLEAR BOTTOM TWO 
F035 7F1056           (     newbasic.asm):04330                   CLR  FPA0+3         * BYTES OF FPA0 
F038 8E1055           (     newbasic.asm):04331                   LDX  #FPA0+2        BYTES 2,3 OF FPA0 = (TEMPORARY ACCUMULATOR) 
F03B BD107F           (     newbasic.asm):04332                   JSR  GETNCH         GET A CHARACTER FROM BASIC 
F03E 814F             (     newbasic.asm):04333                   CMPA #'O'            
F040 2713             (     newbasic.asm):04334                   BEQ  L880A          YES 
F042 8148             (     newbasic.asm):04335                   CMPA #'H'            
F044 272B             (     newbasic.asm):04336                   BEQ  L881F          YES 
F046 BD1085           (     newbasic.asm):04337                   JSR  GETCCH         GET CURRENT INPUT CHARACTER 
F049 200D             (     newbasic.asm):04338                   BRA  L880C          DEFAULT TO OCTAL (&O) 
F04B 8138             (     newbasic.asm):04339         L8800     CMPA #'8'            
F04D 1022AAB0         (     newbasic.asm):04340                   LBHI LB277           
F051 C603             (     newbasic.asm):04341                   LDB  #$03           BASE 8 MULTIPLIER 
F053 8D32             (     newbasic.asm):04342                   BSR  L8834          ADD DIGIT TO TEMPORARY ACCUMULATOR 
                      (     newbasic.asm):04343         ; EVALUATE AN &O VARIABLE                      
F055 BD107F           (     newbasic.asm):04344         L880A     JSR  GETNCH         GET A CHARACTER FROM BASIC 
F058 25F1             (     newbasic.asm):04345         L880C     BLO  L8800          BRANCH IF NUMERIC 
F05A 7F1053           (     newbasic.asm):04346         L880E     CLR  FPA0           * CLEAR 2 HIGH ORDER 
F05D 7F1054           (     newbasic.asm):04347                   CLR  FPA0+1         * BYTES OF FPA0 
F060 7F1009           (     newbasic.asm):04348                   CLR  VALTYP         SET VARXABLE TYPE TO NUMERIC 
F063 7F1066           (     newbasic.asm):04349                   CLR  FPSBYT         ZERO OUT SUB BYTE OF FPA0 
F066 7F1057           (     newbasic.asm):04350                   CLR  FP0SGN         ZERO OUT MANTISSA SIGN OF FPA0 
F069 C6A0             (     newbasic.asm):04351                   LDB  #$A0           * SET EXPONENT OF FPA0 
F06B F71052           (     newbasic.asm):04352                   STB  FP0EXP         * 
F06E 7EE4C1           (     newbasic.asm):04353                   JMP  LBA1C          GO NORMALIZE FPA0 
                      (     newbasic.asm):04354         ; EVALUATE AN &H VARIABLE                      
F071 BD107F           (     newbasic.asm):04355         L881F     JSR  GETNCH         GET A CHARACTER FROM BASIC 
F074 250B             (     newbasic.asm):04356                   BLO  L882E          BRANCH IF NUMERIC 
F076 BD9C51           (     newbasic.asm):04357                   JSR  LB3A2          SET CARRY IF NOT ALPHA 
F079 25DF             (     newbasic.asm):04358                   BLO  L880E          BRANCH IF NOT ALPHA OR NUMERIC 
F07B 8147             (     newbasic.asm):04359                   CMPA #'G'           CHECK FOR LETTERS A-F 
F07D 24DB             (     newbasic.asm):04360                   BCC  L880E          BRANCH IF >= G (ILLEGAL HEX LETTER) 
F07F 8007             (     newbasic.asm):04361                   SUBA #7             SUBTRACT ASCII DIFFERENCE BETWEEN A AND 9 
F081 C604             (     newbasic.asm):04362         L882E     LDB  #$04           BASE 16 DIGIT MULTIPLIER = 2**4 
F083 8D02             (     newbasic.asm):04363                   BSR  L8834          ADD DIGIT TO TEMPORARY ACCUMULATOR 
F085 20EA             (     newbasic.asm):04364                   BRA  L881F          KEEP EVALUATING VARIABLE 
F087 6801             (     newbasic.asm):04365         L8834     ASL  $01,X          * MULTIPLY TEMPORARY 
F089 6984             (     newbasic.asm):04366                   ROL  ,X             * ACCUMULATOR BY TWO 
F08B 1025F4CC         (     newbasic.asm):04367                   LBCS LBA92          ‘OV' OVERFLOW ERROR 
F08F 5A               (     newbasic.asm):04368                   DECB                DECREMENT SHIFT COUNTER 
F090 26F5             (     newbasic.asm):04369                   BNE  L8834          MULTIPLY TEMPORARY ACCUMULATOR AGAIN 
F092 8030             (     newbasic.asm):04370                   SUBA #'0'           MASK OFF ASCII 
F094 AB01             (     newbasic.asm):04371                   ADDA $01,X          * ADD DIGIT TO TEMPORARY 
F096 A701             (     newbasic.asm):04372                   STA  $01,X          * ACCUMULATOR AND SAVE IT 
F098 39               (     newbasic.asm):04373         L8845     RTS                  
                      (     newbasic.asm):04374                                        
F099 3540             (     newbasic.asm):04375         XVEC15    PULS U              PULL RETURN ADDRESS AND SAVE IN U REGISTER 
F09B 7F1009           (     newbasic.asm):04376                   CLR  VALTYP         SET VARIABLE TYPE TO NUMERIC 
F09E BE1086           (     newbasic.asm):04377                   LDX  CHARAD         CURRENT INPUT POINTER TO X 
F0A1 BD107F           (     newbasic.asm):04378                   JSR  GETNCH         GET CHARACTER FROM BASIC 
F0A4 8126             (     newbasic.asm):04379                   CMPA #'&'           HEX AND OCTAL VARIABLES ARE PRECEEDED BY & 
F0A6 278A             (     newbasic.asm):04380                   BEQ  L87EB          PROCESS A ‘&‘ VARIABLE 
F0A8 81B0             (     newbasic.asm):04381                   CMPA #TOK_FN        TOKEN FOR FN 
F0AA 2767             (     newbasic.asm):04382                   BEQ  L88B4          PROCESS FN CALL 
F0AC 81FF             (     newbasic.asm):04383                   CMPA #$FF           CHECK FOR SECONDARY TOKEN 
F0AE 2609             (     newbasic.asm):04384                   BNE  L8862          NOT SECONDARY 
F0B0 BD107F           (     newbasic.asm):04385                   JSR  GETNCH         GET CHARACTER FROM BASIC 
F0B3 8183             (     newbasic.asm):04386                   CMPA #TOK_USR       TOKEN FOR USR 
F0B5 102700BB         (     newbasic.asm):04387                   LBEQ L892C          PROCESS USR CALL 
F0B9 BF1086           (     newbasic.asm):04388         L8862     STX  CHARAD         RESTORE BASIC’S INPUT POINTER 
F0BC 6EC4             (     newbasic.asm):04389                   JMP  ,U             RETURN TO CALLING ROUTINE 
F0BE BE106B           (     newbasic.asm):04390         L8866     LDX  CURLIN         GET CURRENT LINE NUMBER 
F0C1 3001             (     newbasic.asm):04391                   LEAX $01,X          IN DIRECT MODE? 
F0C3 26D3             (     newbasic.asm):04392                   BNE  L8845          RETURN IF NOT IN DIRECT MODE 
F0C5 C616             (     newbasic.asm):04393                   LDB  #2*11          ‘ILLEGAL DIRECT STATEMENT’ ERROR 
F0C7 7E943A           (     newbasic.asm):04394         L886E     JMP  LAC46          PROCESS ERROR 
                      (     newbasic.asm):04395                                        
F0CA AE9F1086         (     newbasic.asm):04396         DEF       LDX  [CHARAD]       GET TWO INPUT CHARS 
F0CE 8CFF83           (     newbasic.asm):04397                   CMPX #TOK_FF_USR    TOKEN FOR USR 
F0D1 1027007E         (     newbasic.asm):04398                   LBEQ L890F          BRANCH IF DEF USR 
F0D5 8D27             (     newbasic.asm):04399                   BSR  L88A1          GET DESCRIPTOR ADDRESS FOR FN VARIABLE NAME 
F0D7 8DE5             (     newbasic.asm):04400                   BSR  L8866          DON’T ALLOW DEF FN IF IN DIRECT MODE 
F0D9 BD9AF3           (     newbasic.asm):04401                   JSR  LB26A          SYNTAX CHECK FOR ‘(‘ 
F0DC C680             (     newbasic.asm):04402                   LDB  #$80           * GET THE FLAG TO INDICATE ARRAY VARIABLE SEARCH DISABLE 
F0DE F7100B           (     newbasic.asm):04403                   STB  ARYDIS         * AND SAVE IT IN THE ARRAY DISABLE FLAG 
F0E1 BD9BF7           (     newbasic.asm):04404                   JSR  LB357          GET VARIABLE DESCRIPTOR 
F0E4 8D2A             (     newbasic.asm):04405                   BSR  L88B1          ‘TM’ ERROR IF STRING 
F0E6 BD9AF0           (     newbasic.asm):04406                   JSR  LB267          SYNTAX CHECK FOR ‘)‘ 
F0E9 C6AE             (     newbasic.asm):04407                   LDB  #TOK_EQUALS    TOKEN FOR ‘=‘ 
F0EB BD9AF8           (     newbasic.asm):04408                   JSR  LB26F          DO A SYNTAX CHECK FOR = 
F0EE BE104E           (     newbasic.asm):04409                   LDX  V4B            GET THE ADDRESS OF THE FN NAME DESCRIPTOR 
F0F1 FC1086           (     newbasic.asm):04410                   LDD  CHARAD         * GET THE CURRENT INPUT POINTER ADDRESS AND 
F0F4 ED84             (     newbasic.asm):04411                   STD  ,X             * SAVE IT IN FIRST 2 BYTES OF THE DESCRIPTOR 
F0F6 FC103C           (     newbasic.asm):04412                   LDD  VARPTR         = GET THE DESCRIPTOR ADDRESS OF THE ARGUMENT 
F0F9 ED02             (     newbasic.asm):04413                   STD  $02,X          = VARIABLE AND SAVE IT IN THE DESCRIPTOR OF THE FN NAME 
F0FB 7E9721           (     newbasic.asm):04414                   JMP  DATA           MOVE INPUT POINTER TO END OF LINE OR SUBLINE 
F0FE C6B0             (     newbasic.asm):04415         L88A1     LDB  #TOK_FN        TOKEN FOR FN 
F100 BD9AF8           (     newbasic.asm):04416                   JSR  LB26F          DO A SYNTAX CHECK FOR FN 
F103 C680             (     newbasic.asm):04417                   LDB  #$80           * GET THE FLAG TO INDICATE ARRAY VARIABLE SEARCH DISABLE FLAG 
F105 F7100B           (     newbasic.asm):04418                   STB  ARYDIS         * AND SAVE IT IN ARRAY VARIABLE FLAG 
F108 8A80             (     newbasic.asm):04419                   ORA  #$80           SET BIT 7 OF CURRENT INPUT CHARACTER TO INDICATE AN FN VARIABLE 
F10A BD9BFE           (     newbasic.asm):04420                   JSR  LB35C          * GET THE DESCRIPTOR ADDRESS OF THIS 
F10D BF104E           (     newbasic.asm):04421                   STX  V4B            * VARIABLE AND SAVE IT IN V4B 
F110 7E99AA           (     newbasic.asm):04422         L88B1     JMP  LB143          ‘TM’ ERROR IF STRING VARIABLE 
                      (     newbasic.asm):04423         ; EVALUATE AN FN CALL                      
F113 8DE9             (     newbasic.asm):04424         L88B4     BSR  L88A1          * GET THE DESCRIPTOR OF THE FN NAME 
F115 3410             (     newbasic.asm):04425                   PSHS X              * VARIABLE AND SAVE IT ON THE STACK 
F117 BD9AEB           (     newbasic.asm):04426                   JSR  LB262          SYNTAX CHECK FOR ‘(‘ & EVALUATE EXPR 
F11A 8DF4             (     newbasic.asm):04427                   BSR  L88B1          ‘TM’ ERROR IF STRING VARIABLE 
F11C 3540             (     newbasic.asm):04428                   PULS U              POINT U TO FN NAME DESCRIPTOR 
F11E C632             (     newbasic.asm):04429                   LDB  #2*25          ‘UNDEFINED FUNCTION CALL’ ERROR 
F120 AE42             (     newbasic.asm):04430                   LDX  $02,U          POINT X TO ARGUMENT VARIABLE DESCRIPTOR 
F122 27A3             (     newbasic.asm):04431                   BEQ  L886E          BRANCH TO ERROR HANDLER 
F124 10BE1086         (     newbasic.asm):04432                   LDY  CHARAD         SAVE CURRENT INPUT POINTER IN Y 
F128 EEC4             (     newbasic.asm):04433                   LDU  ,U             * POINT U TO START OF FN FORMULA AND 
F12A FF1086           (     newbasic.asm):04434                   STU  CHARAD         * SAVE IT IN INPUT POINTER 
F12D A604             (     newbasic.asm):04435                   LDA  $04,X          = GET FP VALUE OF 
F12F 3402             (     newbasic.asm):04436                   PSHS A              = ARGUMENT VARIABLE, CURRENT INPUT 
F131 EC84             (     newbasic.asm):04437                   LDD  ,X             = POINTER, AND ADDRESS OF START 
F133 EE02             (     newbasic.asm):04438                   LDU  $02,X          = OF FN FORMULA AND SAVE 
F135 3476             (     newbasic.asm):04439                   PSHS U,Y,X,B,A      = THEM ON THE STACK 
F137 BDE761           (     newbasic.asm):04440                   JSR  LBC35          PACK FPA0 AND SAVE IT IN (X) 
F13A BD99A8           (     newbasic.asm):04441         L88D9     JSR  LB141          EVALUATE FN EXPRESSION 
F13D 3576             (     newbasic.asm):04442                   PULS A,B,X,Y,U      RESTORE REGISTERS 
F13F ED84             (     newbasic.asm):04443                   STD  ,X             * GET THE FP 
F141 EF02             (     newbasic.asm):04444                   STU  $02,X          * VALUE OF THE ARGUMENT 
F143 3502             (     newbasic.asm):04445                   PULS A              * VARIABLE OFF OF THE 
F145 A704             (     newbasic.asm):04446                   STA  $04,X          * STACK AND RE-SAVE IT 
F147 BD1085           (     newbasic.asm):04447                   JSR  GETCCH         GET FINAL CHARACTER OF THE FN FORMULA 
F14A 1026A9B3         (     newbasic.asm):04448                   LBNE LB277          ‘SYNTAX’ ERROR IF NOT END OF LINE 
F14E 10BF1086         (     newbasic.asm):04449                   STY  CHARAD         RESTORE INPUT POINTER 
F152 39               (     newbasic.asm):04450         L88EF     RTS                  
                      (     newbasic.asm):04451                                        
                      (     newbasic.asm):04452                                        
                      (     newbasic.asm):04453                                        
                      (     newbasic.asm):04454         ; DEF USR                      
F153 BD107F           (     newbasic.asm):04455         L890F     JSR  GETNCH         SKIP PAST SECOND BYTE OF DEF USR TOKEN 
F156 8D09             (     newbasic.asm):04456                   BSR  L891C          GET FN NUMBER 
F158 3410             (     newbasic.asm):04457                   PSHS X              SAVE FN EXEC ADDRESS STORAGE LOC 
F15A 8D33             (     newbasic.asm):04458                   BSR  L8944          CALCULATE EXEC ADDRESS 
F15C 3540             (     newbasic.asm):04459                   PULS U              GET FN EXEC ADDRESS STORAGE LOC 
F15E AFC4             (     newbasic.asm):04460                   STX  ,U             SAVE EXEC ADDRESS 
F160 39               (     newbasic.asm):04461                   RTS                  
F161 5F               (     newbasic.asm):04462         L891C     CLRB                DEFAULT TO USR0 IF NO ARGUMENT 
F162 BD107F           (     newbasic.asm):04463                   JSR  GETNCH         GET A CHARACTER FROM BASIC 
F165 2407             (     newbasic.asm):04464                   BCC  L8927          BRANCH IF NOT NUMERIC 
F167 8030             (     newbasic.asm):04465                   SUBA #'0'           MASK OFF ASCII 
F169 1F89             (     newbasic.asm):04466                   TFR  A,B            SAVE USR NUMBER IN ACCB 
F16B BD107F           (     newbasic.asm):04467                   JSR  GETNCH         GET A CHARACTER FROM BASIC 
F16E BE1090           (     newbasic.asm):04468         L8927     LDX  USRADR         GET ADDRESS OF STORAGE LOCs FOR USR ADDRESS 
F171 58               (     newbasic.asm):04469                   ASLB                X2 - 2 BYTES/USR ADDRESS 
F172 3A               (     newbasic.asm):04470                   ABX                 ADD OFFSET TO START ADDRESS OF STORAGE LOCs 
F173 39               (     newbasic.asm):04471                   RTS                  
                      (     newbasic.asm):04472         ; PROCESS A USR CALL                      
F174 8DEB             (     newbasic.asm):04473         L892C     BSR  L891C          GET STORAGE LOC OF EXEC ADDRESS FOR USR N 
F176 AE84             (     newbasic.asm):04474                   LDX  ,X             * GET EXEC ADDRESS AND 
F178 3410             (     newbasic.asm):04475                   PSHS X              * PUSH IT ONTO STACK 
F17A BD9AEB           (     newbasic.asm):04476                   JSR  LB262          SYNTAX CHECK FOR ‘(‘ & EVALUATE EXPR 
F17D 8E1052           (     newbasic.asm):04477                   LDX  #FP0EXP        POINT X TO FPA0 
F180 B61009           (     newbasic.asm):04478                   LDA  VALTYP         GET VARIABLE TYPE 
F183 2709             (     newbasic.asm):04479                   BEQ  L8943          BRANCH IF NUMERIC, STRING IF <> 0 
F185 BD9F7E           (     newbasic.asm):04480                   JSR  LB657          GET LENGTH & ADDRESS OF STRING VARIABLE 
F188 BE1055           (     newbasic.asm):04481                   LDX  FPA0+2         GET POINTER TO STRING DESCRIPTOR 
F18B B61009           (     newbasic.asm):04482                   LDA  VALTYP         GET VARIABLE TYPE 
F18E 39               (     newbasic.asm):04483         L8943     RTS                 JUMP TO USR ROUTINE (PSHS X ABOVE) 
F18F C6AE             (     newbasic.asm):04484         L8944     LDB  #TOK_EQUALS    TOKEN FOR ‘=‘ 
F191 BD9AF8           (     newbasic.asm):04485                   JSR  LB26F          DO A SYNTAX CHECK FOR = 
F194 7EA07A           (     newbasic.asm):04486                   JMP  LB73D          EVALUATE EXPRESSION, RETURN VALUE IN X 
                      (     newbasic.asm):04487         ; DEL                          
F197 1027AB7A         (     newbasic.asm):04488         DEL       LBEQ LB44A          FC’ ERROR IF NO ARGUMENT 
F19B BD97B9           (     newbasic.asm):04489                   JSR  LAF67          CONVERT A DECIMAL BASIC NUMBER TO BINARY 
F19E BD94ED           (     newbasic.asm):04490                   JSR  LAD01          FIND RAM ADDRESS OF START OF A BASIC LINE 
F1A1 BF1096           (     newbasic.asm):04491                   STX  VD3            SAVE RAM ADDRESS OF STARTING LINE NUMBER 
F1A4 BD1085           (     newbasic.asm):04492                   JSR  GETCCH         GET CURRENT INPUT CHARACTER 
F1A7 2712             (     newbasic.asm):04493                   BEQ  L8990          BRANCH IF END OF LINE 
F1A9 81A7             (     newbasic.asm):04494                   CMPA #TOK_MINUS     TOKEN FOR '-' 
F1AB 2643             (     newbasic.asm):04495                   BNE  L89BF          TERMINATE COMMAND IF LINE NUMBER NOT FOLLOWED BY '-' 
F1AD BD107F           (     newbasic.asm):04496                   JSR  GETNCH         GET A CHARACTER FROM BASIC 
F1B0 2704             (     newbasic.asm):04497                   BEQ  L898C          IF END OF LINE, USE DEFAULT ENDING LINE NUMBER 
F1B2 8D29             (     newbasic.asm):04498                   BSR  L89AE          * CONVERT ENDING LINE NUMBER TO BINARY 
F1B4 2005             (     newbasic.asm):04499                   BRA  L8990          * AND SAVE IT IN BINVAL 
F1B6 86FF             (     newbasic.asm):04500         L898C     LDA  #$FF           = USE $FFXX AS DEFAULT ENDING 
F1B8 B7102E           (     newbasic.asm):04501                   STA  BINVAL         = LINE NUMBER - SAVE IT IN BINVAL 
F1BB FE1096           (     newbasic.asm):04502         L8990     LDU  VD3            POINT U TO STARTING LINE NUMBER ADDRESS 
F1BE 8C               (     newbasic.asm):04503         L8992     FCB  SKP2           SKIP TWO BYTES 
F1BF EEC4             (     newbasic.asm):04504         L8993     LDU  ,U             POINT U TO START OF NEXT LINE 
F1C1 ECC4             (     newbasic.asm):04505                   LDD  ,U             CHECK FOR END OF PROGRAM 
F1C3 2707             (     newbasic.asm):04506                   BEQ  L899F          BRANCH IF END OF PROGRAM 
F1C5 EC42             (     newbasic.asm):04507                   LDD  $02,U          LOAD ACCD WITH THIS LINE’S NUMBER 
F1C7 B3102E           (     newbasic.asm):04508                   SUBD BINVAL         SUBTRACT ENDING LINE NUMBER ADDRESS 
F1CA 23F3             (     newbasic.asm):04509                   BLS  L8993          BRANCH IF = < ENDING LINE NUMBER 
F1CC BE1096           (     newbasic.asm):04510         L899F     LDX  VD3            GET STARTING LINE NUMBER 
F1CF 8D16             (     newbasic.asm):04511                   BSR  L89B8          MOVE (U) TO (X) UNTIL END OF PROGRAM 
F1D1 BD9512           (     newbasic.asm):04512                   JSR  LAD21          RESET BASIC’S INPUT POINTER AND ERASE VARIABLES 
F1D4 BE1096           (     newbasic.asm):04513                   LDX  VD3            GET STARTING LINE NUMBER ADDRESS 
F1D7 BD94DD           (     newbasic.asm):04514                   JSR  LACF1          RECOMPUTE START OF NEXT LINE ADDRESSES 
F1DA 7E945A           (     newbasic.asm):04515                   JMP  LAC73          JUMP TO BASIC’S MAIN COMMAND LOOP 
F1DD BD97B9           (     newbasic.asm):04516         L89AE     JSR  LAF67          GO GET LINE NUMBER CONVERTED TO BINARY 
F1E0 7E91DD           (     newbasic.asm):04517                   JMP  LA5C7          MAKE SURE THERE’S NO MORE ON THIS LINE 
F1E3 A6C0             (     newbasic.asm):04518         L89B4     LDA  ,U+            GET A BYTE FROM (U) 
F1E5 A780             (     newbasic.asm):04519                   STA  ,X+            MOVE THE BYTE TO (X) 
F1E7 11B3101E         (     newbasic.asm):04520         L89B8     CMPU VARTAB         COMPARE TO END OF BASIC 
F1EB 26F6             (     newbasic.asm):04521                   BNE  L89B4          BRANCH IF NOT AT END 
F1ED BF101E           (     newbasic.asm):04522                   STX  VARTAB         SAVE (X) AS NEW END OF BASIC 
F1F0 39               (     newbasic.asm):04523         L89BF     RTS                  
                      (     newbasic.asm):04524                                        
                      (     newbasic.asm):04525                                        
F1F1 BDF0BE           (     newbasic.asm):04526         L89C0     JSR  L8866          ‘BS’ ERROR IF IN DIRECT MODE 
F1F4 BD107F           (     newbasic.asm):04527                   JSR  GETNCH         GET A CHAR FROM BASIC 
F1F7 8122             (     newbasic.asm):04528         L89D2     CMPA #'"'           CHECK FOR PROMPT STRING 
F1F9 260B             (     newbasic.asm):04529                   BNE  L89E1          BRANCH IF NO PROMPT STRING 
F1FB BD9ACA           (     newbasic.asm):04530                   JSR  LB244          STRIP OFF PROMPT STRING & PUT IT ON STRING STACK 
F1FE C63B             (     newbasic.asm):04531                   LDB  #';'           * 
F200 BD9AF8           (     newbasic.asm):04532                   JSR  LB26F          * DO A SYNTAX CHECK FOR; 
F203 BDE42C           (     newbasic.asm):04533                   JSR  LB99F          REMOVE PROMPT STRING FROM STRING STACK & SEND TO CONSOLE OUT 
F206 327E             (     newbasic.asm):04534         L89E1     LEAS $-02,S         RESERVE TWO STORAGE SLOTS ON STACK 
F208 BD9885           (     newbasic.asm):04535                   JSR  LB035          INPUT A LINE FROM CURRENT INPUT DEVICE 
F20B 3262             (     newbasic.asm):04536                   LEAS $02,S          CLEAN UP THE STACK 
F20D BD9BF7           (     newbasic.asm):04537                   JSR  LB357          SEARCH FOR A VARIABLE 
F210 BF103E           (     newbasic.asm):04538                   STX  VARDES         SAVE POINTER TO VARIABLE DESCRIPTOR 
F213 BD99AD           (     newbasic.asm):04539                   JSR  LB146          ‘TM’ ERROR IF VARIABLE TYPE = NUMERIC 
F216 8E10F6           (     newbasic.asm):04540                   LDX  #LINBUF        POINT X TO THE STRING BUFFER WHERE THE INPUT STRING WAS STORED 
F219 4F               (     newbasic.asm):04541                   CLRA                TERMINATOR CHARACTER 0 (END OF LINE) 
F21A BD9E0A           (     newbasic.asm):04542                   JSR  LB51A          PARSE THE INPUT STRING AND STORE IT IN THE STRING SPACE 
F21D 7E9800           (     newbasic.asm):04543                   JMP  LAFA4          REMOVE DESCRIPTOR FROM STRING STACK 
F220 BD97B9           (     newbasic.asm):04544         L89FC     JSR  LAF67          STRIP A DECIMAL NUMBER FROM BASIC INPUT LINE 
F223 BE102E           (     newbasic.asm):04545                   LDX  BINVAL         GET BINARY VALUE 
F226 39               (     newbasic.asm):04546                   RTS                  
F227 BE1094           (     newbasic.asm):04547         L8A02     LDX  VD1            GET CURRENT OLD NUMBER BEING RENUMBERED 
F22A BF102E           (     newbasic.asm):04548         L8A04     STX  BINVAL         SAVE THE LINE NUMBER BEING SEARCHED FOR 
F22D 7E94ED           (     newbasic.asm):04549                   JMP  LAD01          GO FIND THE LINE NUMBER IN BASIC PROGRAM 
                      (     newbasic.asm):04550                                        
                      (     newbasic.asm):04551         ; RENUM                        
F230 BD9518           (     newbasic.asm):04552         RENUM     JSR  LAD26          ERASE VARIABLES 
F233 CC000A           (     newbasic.asm):04553                   LDD  #10            DEFAULT LINE NUMBER INTERVAL 
F236 FD1098           (     newbasic.asm):04554                   STD  VD5            SAVE DEFAULT RENUMBER START LINE NUMBER 
F239 FD1092           (     newbasic.asm):04555                   STD  VCF            SAVE DEFAULT INTERVAL 
F23C 5F               (     newbasic.asm):04556                   CLRB                NOW ACCD = 0 
F23D FD1094           (     newbasic.asm):04557                   STD  VD1            DEFAULT LINE NUMBER OF WHERE TO START RENUMBERING 
F240 BD1085           (     newbasic.asm):04558                   JSR  GETCCH         GET CURRENT INPUT CHARACTER 
F243 2408             (     newbasic.asm):04559                   BCC  L8A20          BRANCH IF NOT NUMERIC 
F245 8DD9             (     newbasic.asm):04560                   BSR  L89FC          CONVERT DECIMAL NUMBER IN BASIC PROGRAM TO BINARY 
F247 BF1098           (     newbasic.asm):04561                   STX  VD5            SAVE LINE NUMBER WHERE RENUMBERING STARTS 
F24A BD1085           (     newbasic.asm):04562                   JSR  GETCCH         GET CURRENT INPUT CHARACTER 
F24D 271E             (     newbasic.asm):04563         L8A20     BEQ  L8A3D          BRANCH IF END OF LINE 
F24F BD9AF6           (     newbasic.asm):04564                   JSR  LB26D          SYNTAX CHECK FOR COMMA 
F252 2408             (     newbasic.asm):04565                   BCC  L8A2D          BRANCH IF NEXT CHARACTER NOT NUMERIC 
F254 8DCA             (     newbasic.asm):04566                   BSR  L89FC          CONVERT DECIMAL NUMBER IN BASIC PROGRAM TO BINARY 
F256 BF1094           (     newbasic.asm):04567                   STX  VD1            SAVE NEW RENUMBER LINE 
F259 BD1085           (     newbasic.asm):04568                   JSR  GETCCH         GET CURRENT INPUT CHARACTER 
F25C 270F             (     newbasic.asm):04569         L8A2D     BEQ  L8A3D          BRANCH IF END OF LINE 
F25E BD9AF6           (     newbasic.asm):04570                   JSR  LB26D          SYNTAX CHECK FOR COMMA 
F261 2407             (     newbasic.asm):04571                   BCC  L8A3A          BRANCH IF NEXT CHARACTER NOT NUMERIC 
F263 8DBB             (     newbasic.asm):04572                   BSR  L89FC          CONVERT DECIMAL NUMBER IN BASIC PROGRAM TO BINARY 
F265 BF1092           (     newbasic.asm):04573                   STX  VCF            SAVE NEW INTERVAL 
F268 2752             (     newbasic.asm):04574                   BEQ  L8A83          ‘FC' ERROR 
F26A BD91DD           (     newbasic.asm):04575         L8A3A     JSR  LA5C7          CHECK FOR MORE CHARACTERS ON LINE - ‘SYNTAX’ ERROR IF ANY 
F26D 8DB8             (     newbasic.asm):04576         L8A3D     BSR  L8A02          GO GET ADDRESS OF OLD NUMBER BEING RENUMBERED 
F26F BF1096           (     newbasic.asm):04577                   STX  VD3            SAVE ADDRESS 
F272 BE1098           (     newbasic.asm):04578                   LDX  VD5            GET NEXT RENUMBERED LINE NUMBER TO USE 
F275 8DB3             (     newbasic.asm):04579                   BSR  L8A04          FIND THE LINE NUMBER IN THE BASIC PROGRAM 
F277 BC1096           (     newbasic.asm):04580                   CMPX VD3            COMPARE TO ADDRESS OF OLD LINE NUMBER 
F27A 2540             (     newbasic.asm):04581                   BLO  L8A83          ‘FC’ ERROR IF NEW ADDRESS < OLD ADDRESS 
F27C 8D1D             (     newbasic.asm):04582                   BSR  L8A67          MAKE SURE RENUMBERED LINE NUMBERS WILL BE IN RANGE 
F27E BDF31C           (     newbasic.asm):04583                   JSR  L8ADD          CONVERT ASCII LINE NUMBERS TO ‘EXPANDED’ BINARY 
F281 BD94DA           (     newbasic.asm):04584                   JSR  LACEF          RECALCULATE NEXT LINE RAM ADDRESSES 
F284 8DA1             (     newbasic.asm):04585                   BSR  L8A02          GET RAM ADDRESS OF FIRST LINE TO BE RENUMBERED 
F286 BF1096           (     newbasic.asm):04586                   STX  VD3            SAVE IT 
F289 8D3F             (     newbasic.asm):04587                   BSR  L8A91          MAKE SURE LINE NUMBERS EXIST 
F28B 8D0F             (     newbasic.asm):04588                   BSR  L8A68          INSERT NEW LINE NUMBERS IN LINE HEADERS 
F28D 8D3B             (     newbasic.asm):04589                   BSR  L8A91          INSERT NEW LINE NUMBERS IN PROGRAM STATEMENTS 
F28F BDF3CB           (     newbasic.asm):04590                   JSR  L8B7B          CONVERT PACKED BINARY LINE NUMBERS TO ASCII 
F292 BD9518           (     newbasic.asm):04591                   JSR  LAD26          ERASE VARIABLES 
F295 BD94DA           (     newbasic.asm):04592                   JSR  LACEF          RECALCULATE NEXT LINE RAM ADDRESS 
F298 7E945A           (     newbasic.asm):04593                   JMP  LAC73          GO BACK TO BASIC’S MAIN LOOP 
F29B 86               (     newbasic.asm):04594         L8A67     FCB  SKP1LD         SKIP ONE BYTE - LDA #$4F 
F29C 4F               (     newbasic.asm):04595         L8A68     CLRA                NEW LINE NUMBER FLAG - 0; INSERT NEW LINE NUMBERS 
F29D B7109B           (     newbasic.asm):04596                   STA  VD8            SAVE NEW LINE NUMBER FLAG; 0 = INSERT NEW NUMBERS 
F2A0 BE1096           (     newbasic.asm):04597                   LDX  VD3            GET ADDRESS OF OLD LINE NUMBER BEING RENUMBERED 
F2A3 FC1098           (     newbasic.asm):04598                   LDD  VD5            GET THE CURRENT RENUMBERED LINE NUMBER 
F2A6 8D17             (     newbasic.asm):04599                   BSR  L8A86          RETURN IF END OF PROGRAM 
F2A8 7D109B           (     newbasic.asm):04600         L8A71     TST  VD8            CHECK NEW LINE NUMBER FLAG 
F2AB 2602             (     newbasic.asm):04601                   BNE  L8A77          BRANCH IF NOT INSERTING NEW LINE NUMBERS 
F2AD ED02             (     newbasic.asm):04602                   STD  $02,X          STORE THE NEW LINE NUMBER IN THE BASIC PROGRAM 
F2AF AE84             (     newbasic.asm):04603         L8A77     LDX  ,X             POINT X TO THE NEXT LINE IN BASIC 
F2B1 8D0C             (     newbasic.asm):04604                   BSR  L8A86          RETURN IF END OF PROGRAM 
F2B3 F31092           (     newbasic.asm):04605                   ADDD VCF            ADD INTERVAL TO CURRENT RENUMBERED LINE NUMBER 
F2B6 2504             (     newbasic.asm):04606                   BLO  L8A83          ‘FC’ ERROR IF LINE NUMBER > $FFFF 
F2B8 81FA             (     newbasic.asm):04607                   CMPA #MAXLIN        LARGEST LINE NUMBER = $F9FF 
F2BA 25EC             (     newbasic.asm):04608                   BLO  L8A71          BRANCH IF LEGAL LINE NUMBER 
F2BC 7E9D15           (     newbasic.asm):04609         L8A83     JMP  LB44A          ‘FC’ ERROR IF LINE NUMBER MS BYTE > $F9 
                      (     newbasic.asm):04610         ; TEST THE TWO BYTES POINTED TO BY (X).                      
                      (     newbasic.asm):04611         ; NORMAL RETURN IF <> 0. IF = 0 (END OF                      
                      (     newbasic.asm):04612         ; PROGRAM) RETURN IS PULLED OFF STACK AND                      
                      (     newbasic.asm):04613         ; YOU RETURN TO PREVIOUS SUBROUTINE CALL.                      
F2BF 3406             (     newbasic.asm):04614         L8A86     PSHS B,A            SAVE ACCD 
F2C1 EC84             (     newbasic.asm):04615                   LDD  ,X             TEST THE 2 BYTES POINTED TO BY X 
F2C3 3506             (     newbasic.asm):04616                   PULS A,B            RESTORE ACCD 
F2C5 2602             (     newbasic.asm):04617                   BNE  L8A90          BRANCH IF NOT END OF PROGRAM 
F2C7 3262             (     newbasic.asm):04618                   LEAS $02,S          PURGE RETURN ADDRESS FROM STACK 
F2C9 39               (     newbasic.asm):04619         L8A90     RTS                  
F2CA BE101C           (     newbasic.asm):04620         L8A91     LDX  TXTTAB         GET START OF BASIC PROGRAM 
F2CD 301F             (     newbasic.asm):04621                   LEAX $-01,X         MOVE POINTER BACK ONE 
F2CF 3001             (     newbasic.asm):04622         L8A95     LEAX $01,X          MOVE POINTER UP ONE 
F2D1 8DEC             (     newbasic.asm):04623                   BSR  L8A86          RETURN IF END OF PROGRAM 
F2D3 3003             (     newbasic.asm):04624         L8A99     LEAX $03,X          SKIP OVER NEXT LINE ADDRESS AND LINE NUMBER 
F2D5 3001             (     newbasic.asm):04625         L8A9B     LEAX $01,X          MOVE POINTER TO NEXT CHARACTER 
F2D7 A684             (     newbasic.asm):04626                   LDA  ,X             CHECK CURRENT CHARACTER 
F2D9 27F4             (     newbasic.asm):04627                   BEQ  L8A95          BRANCH IF END OF LINE 
F2DB BF1012           (     newbasic.asm):04628                   STX  TEMPTR         SAVE CURRENT POINTER 
F2DE 4A               (     newbasic.asm):04629                   DECA                = 
F2DF 270C             (     newbasic.asm):04630                   BEQ  L8AB2          =BRANCH IF START OF PACKED NUMERIC LINE 
F2E1 4A               (     newbasic.asm):04631                   DECA                * 
F2E2 272D             (     newbasic.asm):04632                   BEQ  L8AD3          *BRANCH IF LINE NUMBER EXISTS 
F2E4 4A               (     newbasic.asm):04633                   DECA                = 
F2E5 26EE             (     newbasic.asm):04634                   BNE  L8A9B          =MOVE TO NEXT CHARACTER IF > 3 
F2E7 8603             (     newbasic.asm):04635         L8AAC     LDA  #$03           * SET 1ST BYTE = 3 TO INDICATE LINE 
F2E9 A780             (     newbasic.asm):04636                   STA  ,X+            * NUMBER DOESN’T CURRENTLY EXIST 
F2EB 20E6             (     newbasic.asm):04637                   BRA  L8A99          GO GET ANOTHER CHARACTER 
F2ED EC01             (     newbasic.asm):04638         L8AB2     LDD  $01,X          GET MS BYTE OF LINE NUMBER 
F2EF 6A02             (     newbasic.asm):04639                   DEC  $02,X          DECREMENT ZERO CHECK BYTE 
F2F1 2701             (     newbasic.asm):04640                   BEQ  L8AB9          BRANCH IF MS BYTE <> 0 
F2F3 4F               (     newbasic.asm):04641                   CLRA                CLEAR MS BYTE 
F2F4 E603             (     newbasic.asm):04642         L8AB9     LDB  $03,X          GET LS BYTE OF LINE NUMBER 
F2F6 6A04             (     newbasic.asm):04643                   DEC  $04,X          DECREMENT ZERO CHECK FLAG 
F2F8 2701             (     newbasic.asm):04644                   BEQ  L8AC0          BRANCH IF IS BYTE <> 0 
F2FA 5F               (     newbasic.asm):04645                   CLRB                CLEAR LS BYTE 
F2FB ED01             (     newbasic.asm):04646         L8AC0     STD  $01,X          SAVE BINARY LINE NUMBER 
F2FD FD102E           (     newbasic.asm):04647                   STD  BINVAL         SAVE TRIAL LINE NUMBER 
F300 BD94ED           (     newbasic.asm):04648                   JSR  LAD01          FIND RAM ADDRESS OF A BASIC LINE NUMBER 
F303 BE1012           (     newbasic.asm):04649         L8AC7     LDX  TEMPTR         GET BACK POINTER TO START OF PACKED LINE NUMBER 
F306 25DF             (     newbasic.asm):04650                   BLO  L8AAC          BRANCH IF NO LINE NUMBER MATCH FOUND 
F308 FC104A           (     newbasic.asm):04651                   LDD  V47            GET START ADDRESS OF LINE NUMBER 
F30B 6C80             (     newbasic.asm):04652                   INC  ,X+            * SET 1ST BYTE = 2, TO INDICATE LINE NUMBER EXISTS IF CHECKING FOR 
                      (     newbasic.asm):04653         ;                             * EXISTENCE OF LINE NUMBER, SET IT = 1 IF INSERTING LINE NUMBERS  
F30D ED84             (     newbasic.asm):04654                   STD  ,X             SAVE RAM ADDRESS OF CORRECT LINE NUMBER 
F30F 20C2             (     newbasic.asm):04655                   BRA  L8A99          GO GET ANOTHER CHARACTER 
F311 6F84             (     newbasic.asm):04656         L8AD3     CLR  ,X             CLEAR CARRY FLAG AND 1ST BYTE 
F313 AE01             (     newbasic.asm):04657                   LDX  $01,X          POINT X TO RAM ADDRESS OF CORRECT LINE NUMBER 
F315 AE02             (     newbasic.asm):04658                   LDX  $02,X          PUT CORRECT LINE NUMBER INTO (X) 
F317 BF104A           (     newbasic.asm):04659                   STX  V47            SAVE IT TEMPORARILY 
F31A 20E7             (     newbasic.asm):04660                   BRA  L8AC7          GO INSERT IT INTO BASIC LINE 
F31C BE101C           (     newbasic.asm):04661         L8ADD     LDX  TXTTAB         GET BEGINNING OF BASIC PROGRAM 
F31F 2005             (     newbasic.asm):04662                   BRA  L8AE5           
F321 BE1086           (     newbasic.asm):04663         L8AE1     LDX  CHARAD         *GET CURRENT INPUT POINTER 
F324 3001             (     newbasic.asm):04664                   LEAX $01,X          *AND BUMP IT ONE 
F326 8D97             (     newbasic.asm):04665         L8AE5     BSR  L8A86          RETURN IF END OF PROGRAM 
F328 3002             (     newbasic.asm):04666                   LEAX $02,X          SKIP PAST NEXT LINE ADDRESS 
F32A 3001             (     newbasic.asm):04667         L8AE9     LEAX $01,X          ADVANCE POINTER BY ONE 
F32C BF1086           (     newbasic.asm):04668         L8AEB     STX  CHARAD         SAVE NEW BASIC INPUT POINTER 
F32F BD107F           (     newbasic.asm):04669         L8AED     JSR  GETNCH         GET NEXT CHARACTER FROM BASIC 
F332 4D               (     newbasic.asm):04670         L8AEF     TSTA                CHECK THE CHARACTER 
F333 27EC             (     newbasic.asm):04671                   BEQ  L8AE1          BRANCH IF END OF LINE 
F335 2AF8             (     newbasic.asm):04672                   BPL  L8AED          BRANCH IF NOT A TOKEN 
F337 BE1086           (     newbasic.asm):04673                   LDX  CHARAD         GET CURRENT INPUT POINTER 
F33A 81FF             (     newbasic.asm):04674                   CMPA #$FF           IS THIS A SECONDARY TOKEN? 
F33C 27EC             (     newbasic.asm):04675                   BEQ  L8AE9          YES - IGNORE IT 
F33E 81A2             (     newbasic.asm):04676                   CMPA #TOK_THEN      TOKEN FOR THEN? 
F340 2713             (     newbasic.asm):04677                   BEQ  L8B13          YES 
F342 8184             (     newbasic.asm):04678                   CMPA #TOK_ELSE      TOKEN FOR ELSE? 
F344 270F             (     newbasic.asm):04679                   BEQ  L8B13          YES 
F346 8181             (     newbasic.asm):04680                   CMPA #TOK_GO        TOKEN FOR GO? 
F348 26E5             (     newbasic.asm):04681                   BNE  L8AED          NO 
F34A BD107F           (     newbasic.asm):04682                   JSR  GETNCH         GET A CHARACTER FROM BASIC 
F34D 81A0             (     newbasic.asm):04683                   CMPA #TOK_TO        TOKEN FOR TO? 
F34F 2704             (     newbasic.asm):04684                   BEQ  L8B13          YES 
F351 81A1             (     newbasic.asm):04685                   CMPA #TOK_SUB       TOKEN FOR SUB? 
F353 26D7             (     newbasic.asm):04686                   BNE  L8AEB          NO 
F355 BD107F           (     newbasic.asm):04687         L8B13     JSR  GETNCH         GET A CHARACTER FROM BASIC 
F358 2505             (     newbasic.asm):04688                   BLO  L8B1B          BRANCH IF NUMERIC 
F35A BD1085           (     newbasic.asm):04689         L8B17     JSR  GETCCH         GET CURRENT BASIC INPUT CHARRACTER 
F35D 20D3             (     newbasic.asm):04690                   BRA  L8AEF          KEEP CHECKING THE LINE 
F35F BE1086           (     newbasic.asm):04691         L8B1B     LDX  CHARAD         GET CURRENT INPUT ADDRESS 
F362 3410             (     newbasic.asm):04692                   PSHS X              SAVE IT ON THE STACK 
F364 BD97B9           (     newbasic.asm):04693                   JSR  LAF67          CONVERT DECIMAL BASIC NUMBER TO BINARY 
F367 BE1086           (     newbasic.asm):04694                   LDX  CHARAD         GET CURRENT INPUT POINTER 
F36A A682             (     newbasic.asm):04695         L8B24     LDA  ,-X            GET PREVIOUS INPUT CHARACTER 
F36C BDF726           (     newbasic.asm):04696                   JSR  L90AA          CLEAR CARRY IF NUMERIC INPUT VALUE 
F36F 25F9             (     newbasic.asm):04697                   BLO  L8B24          BRANCH IF NON-NUMERIC 
F371 3001             (     newbasic.asm):04698                   LEAX $01,X          MOVE POINTER UP ONE 
F373 1F10             (     newbasic.asm):04699                   TFR  X,D            NOW ACCD POINTS TO ONE PAST END OF LINE NUMBER 
F375 E061             (     newbasic.asm):04700                   SUBB $01,S          SUBTRACT PRE-NUMERIC POINTER LS BYTE 
F377 C005             (     newbasic.asm):04701                   SUBB #$05           MAKE SURE THERE ARE AT LEAST 5 CHARACTERS IN THE NUMERIC LINE 
                      (     newbasic.asm):04702         ;                              
F379 2727             (     newbasic.asm):04703                   BEQ  L8B55          BRANCH IF EXACTLY 5 
F37B 250A             (     newbasic.asm):04704                   BLO  L8B41          BRANCH IF < 5 
F37D 3384             (     newbasic.asm):04705                   LEAU ,X             TRANSFER X TO U 
F37F 50               (     newbasic.asm):04706                   NEGB                NEGATE B 
F380 3085             (     newbasic.asm):04707                   LEAX B,X            MOVE X BACK B BYTES 
F382 BDF1E7           (     newbasic.asm):04708                   JSR  L89B8          *MOVE BYTES FROM (U) TO (X) UNTIL 
                      (     newbasic.asm):04709         ;                             *U = END OF BASIC; (I) = NEW END OF BASIC  
F385 201B             (     newbasic.asm):04710                   BRA  L8B55           
                      (     newbasic.asm):04711         ; FORCE FIVE BYTES OF SPACE FOR THE LINE NUMBER                      
F387 BF104A           (     newbasic.asm):04712         L8B41     STX  V47            SAVE END OF NUMERIC VALUE 
F38A BE101E           (     newbasic.asm):04713                   LDX  VARTAB         GET END OF BASIC PROGRAM 
F38D BF1046           (     newbasic.asm):04714                   STX  V43            SAVE IT 
F390 50               (     newbasic.asm):04715                   NEGB                NEGATE B 
F391 3085             (     newbasic.asm):04716                   LEAX B,X            ADD IT TO END OF NUMERIC POiNTER 
F393 BF1044           (     newbasic.asm):04717                   STX  V41            SAVE POINTER 
F396 BF101E           (     newbasic.asm):04718                   STX  VARTAB         STORE END OF BASIC PROGRAM 
F399 BD940B           (     newbasic.asm):04719                   JSR  LAC1E          ACCD = TOP OF ARRAYS - CHECK FOR ENOUGH ROOM 
F39C BE1048           (     newbasic.asm):04720                   LDX  V45            * GET AND SAVE THE 
F39F BF1086           (     newbasic.asm):04721                   STX  CHARAD         * NEW CURRENT INPUT POINTER 
F3A2 3510             (     newbasic.asm):04722         L8B55     PULS X              RESTORE POINTER TO START OF NUMERIC VALUE 
F3A4 8601             (     newbasic.asm):04723                   LDA  #$01           NEW LINE NUMBER FLAG 
F3A6 A784             (     newbasic.asm):04724                   STA  ,X             * SAVE NEW LINE FLAG 
F3A8 A702             (     newbasic.asm):04725                   STA  $02,X          * 
F3AA A704             (     newbasic.asm):04726                   STA  $04,X          * 
F3AC F6102E           (     newbasic.asm):04727                   LDB  BINVAL         GET MS BYTE OF BINARY LINE NUMBER 
F3AF 2604             (     newbasic.asm):04728                   BNE  L8B67          BRANCH IF IT IS NOT ZERO 
F3B1 C601             (     newbasic.asm):04729                   LDB  #$01           SAVE A 1 IF BYTE IS 0; OTHERWISE, BASIC WILL 
                      (     newbasic.asm):04730         ;                             THINK IT IS THE END OF A LINE  
F3B3 6C02             (     newbasic.asm):04731                   INC  $02,X          IF 2,X = 2, THEN PREVIOUS BYTE WAS A ZERO 
F3B5 E701             (     newbasic.asm):04732         L8B67     STB  $01,X          SAVE MS BYTE OF BINARY LINE NUMBER 
F3B7 F6102F           (     newbasic.asm):04733                   LDB  BINVAL+1       GET IS BYTE OF BINARY LINE NUMBER 
F3BA 2604             (     newbasic.asm):04734                   BNE  L8B71          BRANCH IF NOT A ZERO BYTE 
F3BC C601             (     newbasic.asm):04735                   LDB  #$01           SAVE A 1 IF BYTE IS A 0 
F3BE 6C04             (     newbasic.asm):04736                   INC  $04,X          IF 4,X = 2, THEN PREVIOUS BYTE WAS A 0 
F3C0 E703             (     newbasic.asm):04737         L8B71     STB  $03,X          SAVE LS BYTE OF BINARY LINE NUMBER 
F3C2 BD1085           (     newbasic.asm):04738                   JSR  GETCCH         GET CURRENT INPUT CHARACTER 
F3C5 812C             (     newbasic.asm):04739                   CMPA #','           IS IT A COMMA? 
F3C7 278C             (     newbasic.asm):04740                   BEQ  L8B13          YES - PROCESS ANOTHER NUMERIC VALUE 
F3C9 208F             (     newbasic.asm):04741                   BRA  L8B17          NO - GO GET AND PROCESS AN INPUT CHARACTER 
F3CB BE101C           (     newbasic.asm):04742         L8B7B     LDX  TXTTAB         POINT X TO START OF BASIC PROGRAM 
F3CE 301F             (     newbasic.asm):04743                   LEAX $-01,X         MOVE POINTER BACK ONE 
F3D0 3001             (     newbasic.asm):04744         L8B7F     LEAX $01,X          MOVE POINTER UP ONE 
F3D2 EC02             (     newbasic.asm):04745                   LDD  $02,X          GET ADDRESS OF NEXT LINE 
F3D4 FD106B           (     newbasic.asm):04746                   STD  CURLIN         SAVE IT IN CURLIN 
F3D7 BDF2BF           (     newbasic.asm):04747                   JSR  L8A86          RETURN IF END OF PROGRAM 
F3DA 3003             (     newbasic.asm):04748                   LEAX $03,X          SKIP OVER ADDRESS OF NEXT LINE AND 1ST BYTE OF LINE NUMBER 
F3DC 3001             (     newbasic.asm):04749         L8B8A     LEAX $01,X          MOVE POINTER UP ONE 
F3DE A684             (     newbasic.asm):04750         L8B8C     LDA  ,X             GET CURRENT CHARACTER 
F3E0 27EE             (     newbasic.asm):04751                   BEQ  L8B7F          BRANCH IF END OF LINE 
F3E2 4A               (     newbasic.asm):04752                   DECA                INPUT CHARACTER = 1? - VALID LINE NUMBER 
F3E3 271B             (     newbasic.asm):04753                   BEQ  L8BAE          YES 
F3E5 8002             (     newbasic.asm):04754                   SUBA #$02           INPUT CHARACTER 3? - UL LINE NUMBER 
F3E7 26F3             (     newbasic.asm):04755                   BNE  L8B8A          NO 
F3E9 3410             (     newbasic.asm):04756                   PSHS X              SAVE CURRENT POSITION OF INPUT POINTER 
F3EB 8EF42B           (     newbasic.asm):04757                   LDX  #L8BD9-1       POINT X TO ‘UL’ MESSAGE 
F3EE BDE429           (     newbasic.asm):04758                   JSR  LB99C          PRINT STRING TO THE SCREEN 
F3F1 AEE4             (     newbasic.asm):04759                   LDX  ,S             GET INPUT POINTER 
F3F3 EC01             (     newbasic.asm):04760                   LDD  $01,X          GET THE UNDEFINED LINE NUMBER 
F3F5 BDE94F           (     newbasic.asm):04761                   JSR  LBDCC          CONVERT NUMBER IN ACCD TO DECIMAL AND DISPLAY IT 
F3F8 BDE947           (     newbasic.asm):04762                   JSR  LBDC5          PRINT ‘IN XXXX’ XXXX = CURRENT LINE NUMBER 
F3FB BDE3E2           (     newbasic.asm):04763                   JSR  LB958          SEND A CR TO CONSOLE OUT 
F3FE 3510             (     newbasic.asm):04764                   PULS X              GET INPUT POINTER BACK 
F400 3410             (     newbasic.asm):04765         L8BAE     PSHS X              SAVE CURRENT POSITION OF INPUT POINTER 
F402 EC01             (     newbasic.asm):04766                   LDD  $01,X          LOAD ACCD WITH BINARY VALUE OF LINE NUMBER 
F404 FD1055           (     newbasic.asm):04767                   STD  FPA0+2         SAVE IN BOTTOM 2 BYTES OF FPA0 
F407 BDF05A           (     newbasic.asm):04768                   JSR  L880E          ADJUST REST OF FPA0 AS AN INTEGER 
F40A BDE95D           (     newbasic.asm):04769                   JSR  LBDD9          CONVERT FPA0 TO ASCII, STORE IN LINE NUMBER 
F40D 3540             (     newbasic.asm):04770                   PULS U              LOAD U WITH PREVIOUS ADDRESS OF INPUT POINTER 
F40F C605             (     newbasic.asm):04771                   LDB  #$05           EACH EXPANDED LINE NUMBER USES 5 BYTES 
F411 3001             (     newbasic.asm):04772         L8BBE     LEAX $01,X          MOVE POINTER FORWARD ONE 
F413 A684             (     newbasic.asm):04773                   LDA  ,X             GET AN ASCII BYTE 
F415 2705             (     newbasic.asm):04774                   BEQ  L8BC9          BRANCH IF END OF NUMBER 
F417 5A               (     newbasic.asm):04775                   DECB                DECREMENT BYTE COUNTER 
F418 A7C0             (     newbasic.asm):04776                   STA  ,U+            STORE ASCII NUMBER IN BASIC LINE 
F41A 20F5             (     newbasic.asm):04777                   BRA  L8BBE          CHECK FOR ANOTHER DIGIT 
F41C 30C4             (     newbasic.asm):04778         L8BC9     LEAX ,U             TRANSFER NEW LINE POINTER TO (X) 
F41E 5D               (     newbasic.asm):04779                   TSTB DOES THE NEW LINE NUMBER REQUIRE 5 BYTES?  
F41F 27BD             (     newbasic.asm):04780                   BEQ  L8B8C          YES - GO GET ANOTHER INPUT CHARACTER 
F421 31C4             (     newbasic.asm):04781                   LEAY ,U             SAVE NEW LINE POINTER IN Y 
F423 33C5             (     newbasic.asm):04782                   LEAU B,U            POINT U TO END OF 5 BYTE PACKED LINE NUMBER BLOCK 
F425 BDF1E7           (     newbasic.asm):04783                   JSR  L89B8          MOVE BYTES FROM (U) TO (X) UNTIL END OF PROGRAM 
F428 30A4             (     newbasic.asm):04784                   LEAX ,Y             LOAD (X) WITH NEW LINE POINTER 
F42A 20B2             (     newbasic.asm):04785                   BRA  L8B8C          GO GET ANOTHER INPUT CHARACTER 
                      (     newbasic.asm):04786                                        
F42C 554C20           (     newbasic.asm):04787         L8BD9     FCC  "UL "          UNKNOWN LINE NUMBER MESSAGE 
F42F 00               (     newbasic.asm):04788                   FCB  0               
                      (     newbasic.asm):04789                                        
                      (     newbasic.asm):04790                                        
F430 BDA07D           (     newbasic.asm):04791         HEXDOL    JSR  LB740          CONVERT FPA0 INTO A POSITIVE 2 BYTE INTEGER 
F433 8E11F3           (     newbasic.asm):04792                   LDX  #STRBUF+2      POINT TO TEMPORARY BUFFER 
F436 C604             (     newbasic.asm):04793                   LDB  #$04           CONVERT 4 NIBBLES 
F438 3404             (     newbasic.asm):04794         L8BE5     PSHS B              SAVE NIBBLE COUNTER 
F43A 5F               (     newbasic.asm):04795                   CLRB                CLEAR CARRY FLAG 
F43B 8604             (     newbasic.asm):04796                   LDA  #$04           4 SHIFTS 
F43D 781056           (     newbasic.asm):04797         L8BEA     ASL  FPA0+3         * SHIFT BOTTOM TWO BYTES OF 
F440 791055           (     newbasic.asm):04798                   ROL  FPA0+2         * FPA0 LEFT ONE BIT (X2) 
F443 59               (     newbasic.asm):04799                   ROLB                IF OVERFLOW, ACCB <> 0 
F444 4A               (     newbasic.asm):04800                   DECA                * DECREMENT SHIFT COUNTER AND 
F445 26F6             (     newbasic.asm):04801                   BNE  L8BEA          * BRANCH IF NOT DONE 
F447 5D               (     newbasic.asm):04802                   TSTB CHECK FOR OVERFLOW  
F448 260A             (     newbasic.asm):04803                   BNE  L8BFF          BRANCH IF OVERFLOW 
F44A A6E4             (     newbasic.asm):04804                   LDA  ,S             * GET NIBBLE COUNTER, 
F44C 4A               (     newbasic.asm):04805                   DECA                * DECREMENT IT AND 
F44D 2705             (     newbasic.asm):04806                   BEQ  L8BFF          * BRANCH IF DONE 
F44F 8C11F3           (     newbasic.asm):04807                   CMPX #STRBUF+2      DO NOT DO A CONVERSION UNTIL A NON-ZERO 
F452 270C             (     newbasic.asm):04808                   BEQ  L8C0B          BYTE IS FOUND - LEADING ZERO SUPPRESSION 
F454 CB30             (     newbasic.asm):04809         L8BFF     ADDB #'0'           ADD IN ASCII ZERO 
F456 C139             (     newbasic.asm):04810                   CMPB #'9'           COMPARE TO ASCII 9 
F458 2302             (     newbasic.asm):04811                   BLS  L8C07          BRANCH IF < 9 
F45A CB07             (     newbasic.asm):04812                   ADDB #7             ADD ASCII OFFSET IF HEX LETTER 
F45C E780             (     newbasic.asm):04813         L8C07     STB  ,X+            STORE HEX VALUE AND ADVANCE POINTER 
F45E 6F84             (     newbasic.asm):04814                   CLR  ,X             CLEAR NEXT BYTE - END OF STRING FLAG 
F460 3504             (     newbasic.asm):04815         L8C0B     PULS B              * GET NIBBLE COUNTER, 
F462 5A               (     newbasic.asm):04816                   DECB                * DECREMENT IT AND 
F463 26D3             (     newbasic.asm):04817                   BNE  L8BE5          * BRANCH IF NOT DONE 
F465 3262             (     newbasic.asm):04818                   LEAS $02,S          PURGE RETURN ADDRESS OFF OF STACK 
F467 8E11F2           (     newbasic.asm):04819                   LDX  #STRBUF+1      RESET POINTER 
F46A 7E9E05           (     newbasic.asm):04820                   JMP  LB518          SAVE STRING ON STRING STACK 
                      (     newbasic.asm):04821         ; PROCESS EXCLAMATION POINT                      
F46D 8601             (     newbasic.asm):04822         L8E37     LDA  #$01           * SET SPACES 
F46F B7109C           (     newbasic.asm):04823                   STA  VD9            * COUNTER = 1 
                      (     newbasic.asm):04824         ; PROCESS STRING ITEM - LIST                      
F472 5A               (     newbasic.asm):04825         L8E3B     DECB                DECREMENT FORMAT STRING LENGTH COUNTER 
F473 BDF644           (     newbasic.asm):04826                   JSR  L8FD8          SEND A '+' TO CONSOLE OUT IF VDA <>0 
F476 BD1085           (     newbasic.asm):04827                   JSR  GETCCH         GET CURRENT INPUT CHARACTER 
F479 102700A8         (     newbasic.asm):04828                   LBEQ L8ED8          EXIT PRINT USING IF END OF LINE 
F47D F71096           (     newbasic.asm):04829                   STB  VD3            SAVE REMAINDER FORMAT STRING LENGTH 
F480 BD99BE           (     newbasic.asm):04830                   JSR  LB156          EVALUATE EXPRESSION 
F483 BD99AD           (     newbasic.asm):04831                   JSR  LB146          ‘TM’ ERROR IF NUMERIC VARIABLE 
F486 BE1055           (     newbasic.asm):04832                   LDX  FPA0+2         * GET ITEM - LIST DESCRIPTOR ADDRESS 
F489 BF1050           (     newbasic.asm):04833                   STX  V4D            * AND SAVE IT IN V4D 
F48C F6109C           (     newbasic.asm):04834                   LDB  VD9            GET SPACES COUNTER 
F48F BD9FDD           (     newbasic.asm):04835                   JSR  LB6AD          PUT ACCB BYTES INTO STRING SPACE & PUT DESCRIPTOR ON STRING STACK 
F492 BDE42C           (     newbasic.asm):04836                   JSR  LB99F          PRINT THE FORMATTED STRING TO CONSOLE OUT 
                      (     newbasic.asm):04837         ; PAD FORMAT STRING WITH SPACES IF ITEM - LIST STRING < FORMAT STRING LENGTH                      
F495 BE1055           (     newbasic.asm):04838                   LDX  FPA0+2         POINT X TO FORMATTED STRING DESCRIPTOR ADDRESS 
F498 F6109C           (     newbasic.asm):04839                   LDB  VD9            GET SPACES COUNTER 
F49B E084             (     newbasic.asm):04840                   SUBB ,X             SUBTRACT LENGTH OF FORMATTED STRING 
F49D 5A               (     newbasic.asm):04841         L8E5F     DECB                DECREMENT DIFFERENCE 
F49E 102B0176         (     newbasic.asm):04842                   LBMI L8FB3          GO INTERPRET ANOTHER ITEM - LIST 
F4A2 BDE439           (     newbasic.asm):04843                   JSR  LB9AC          PAD FORMAT STRING WITH A SPACE 
F4A5 20F6             (     newbasic.asm):04844                   BRA  L8E5F          KEEP PADDING 
                      (     newbasic.asm):04845         ; PERCENT SIGN - PROCESS A %SPACES% COMMAND                      
F4A7 F71096           (     newbasic.asm):04846         L8E69     STB  VD3            * SAVE THE CURRENT FORMAT STRING 
F4AA BF1012           (     newbasic.asm):04847                   STX  TEMPTR         * COUNTER AND POINTER 
F4AD 8602             (     newbasic.asm):04848                   LDA  #$02           INITIAL SPACES COUNTER = 2 
F4AF B7109C           (     newbasic.asm):04849                   STA  VD9            SAVE IN SPACES COUNTER 
F4B2 A684             (     newbasic.asm):04850         L8E71     LDA  ,X             GET A CHARACTER FROM FORMAT STRING 
F4B4 8125             (     newbasic.asm):04851                   CMPA #'%'           COMPARE TO TERMINATOR CHARACTER 
F4B6 27BA             (     newbasic.asm):04852                   BEQ  L8E3B          BRANCH IF END OF SPACES COMMAND 
F4B8 8120             (     newbasic.asm):04853                   CMPA #' '           BLANK 
F4BA 2608             (     newbasic.asm):04854                   BNE  L8E82          BRANCH IF ILLEGAL CHARACTER 
F4BC 7C109C           (     newbasic.asm):04855                   INC  VD9            ADD ONE TO SPACES COUNTER 
F4BF 3001             (     newbasic.asm):04856                   LEAX $01,X          MOVE FORMAT POINTER UP ONE 
F4C1 5A               (     newbasic.asm):04857                   DECB                DECREMENT LENGTH COUNTER 
F4C2 26EE             (     newbasic.asm):04858                   BNE  L8E71          BRANCH IF NOT END OF FORMAT STRING 
F4C4 BE1012           (     newbasic.asm):04859         L8E82     LDX  TEMPTR         * RESTORE CURRENT FORMAT STRING COUNTER 
F4C7 F61096           (     newbasic.asm):04860                   LDB  VD3            * AND POINTER TO POSITION BEFORE SPACES COMMAND 
F4CA 8625             (     newbasic.asm):04861                   LDA  #'%'           SEND A ‘%’ TO CONSOLE OUT AS A DEBUGGING AID 
                      (     newbasic.asm):04862         ; ERROR PROCESSOR - ILLEGAL CHARACTER OR BAD SYNTAX IN FORMAT STRING                      
F4CC BDF644           (     newbasic.asm):04863         L8E88     JSR  L8FD8          SEND A '+' TO CONSOLE OUT IF VDA <> 0 
F4CF BD900B           (     newbasic.asm):04864                   JSR  PUTCHR         SEND CHARACTER TO CONSOLE OUT 
F4D2 202E             (     newbasic.asm):04865                   BRA  L8EB9          GET NEXT CHARACTER IN FORMAT STRING 
                      (     newbasic.asm):04866                                        
                      (     newbasic.asm):04867         ; PRINT RAM HOOK                      
F4D4 81B1             (     newbasic.asm):04868         XVEC9     CMPA #TOK_USING     USING TOKEN 
F4D6 2701             (     newbasic.asm):04869                   BEQ  L8E95          BRANCH IF PRINT USING 
F4D8 39               (     newbasic.asm):04870                   RTS                  
                      (     newbasic.asm):04871                                        
                      (     newbasic.asm):04872         ; PRINT USING                      
                      (     newbasic.asm):04873         ; VDA IS USED AS A STATUS BYTE: BIT 6 = COMMA FORCE                      
                      (     newbasic.asm):04874         ; BIT 5=LEADING ASTERISK FORCE; BIT 4 = FLOATING $ FORCE                      
                      (     newbasic.asm):04875         ; BIT 3 = PRE SIGN FORCE; BIT 2 = POST SIGN FORCE; BIT 0 = EXPONENTIAL FORCE                      
F4D9 3262             (     newbasic.asm):04876         L8E95     LEAS $02,S          PURGE RETURN ADDRESS OFF THE STACK 
F4DB BD99C0           (     newbasic.asm):04877                   JSR  LB158          EVALUATE FORMAT STRING 
F4DE BD99AD           (     newbasic.asm):04878                   JSR  LB146          ‘TM’ ERROR IF VARIABLE TYPE = NUMERIC 
F4E1 C63B             (     newbasic.asm):04879                   LDB  #';'           CHECK FOR ITEM LIST SEPARATOR 
F4E3 BD9AF8           (     newbasic.asm):04880                   JSR  LB26F          SYNTAX CHECK FOR ; 
F4E6 BE1055           (     newbasic.asm):04881                   LDX  FPA0+2         * GET FORMAT STRING DESCRIPTOR ADDRESS 
F4E9 BF1098           (     newbasic.asm):04882                   STX  VD5            * AND SAVE IT IN VD5 
F4EC 2008             (     newbasic.asm):04883                   BRA  L8EAE          GO PROCESS FORMAT STRING 
F4EE B6109A           (     newbasic.asm):04884         L8EA8     LDA  VD7            *CHECK NEXT PRINT ITEM FLAG AND 
F4F1 270A             (     newbasic.asm):04885                   BEQ  L8EB4          *‘FC’ ERROR IF NO FURTHER PRINT ITEMS 
F4F3 BE1098           (     newbasic.asm):04886                   LDX  VD5            RESET FORMAT STRING POINTER TO START OF STRING 
F4F6 7F109A           (     newbasic.asm):04887         L8EAE     CLR  VD7            RESET NEXT PRINT ITEM FLAG 
F4F9 E684             (     newbasic.asm):04888                   LDB  ,X             GET LENGTH OF FORMAT STRING 
F4FB 2603             (     newbasic.asm):04889                   BNE  L8EB7          INTERPRET FORMAT STRING IF LENGTH > 0 
F4FD 7E9D15           (     newbasic.asm):04890         L8EB4     JMP  LB44A          ‘FC’ ERROR IF FORMAT STRING = NULL 
F500 AE02             (     newbasic.asm):04891         L8EB7     LDX  $02,X          POINT X TO START OF FORMAT STRING 
                      (     newbasic.asm):04892         ; INTERPRET THE FORMAT STRING                      
F502 7F109D           (     newbasic.asm):04893         L8EB9     CLR  VDA            CLEAR THE STATUS BYTE 
F505 7F109C           (     newbasic.asm):04894         L8EBB     CLR  VD9            CLEAR LEFT DIGIT COUNTER 
F508 A680             (     newbasic.asm):04895                   LDA  ,X+            GET A CHARACTER FROM FORMAT STRING 
F50A 8121             (     newbasic.asm):04896                   CMPA #'!'           EXCLAMATION POINT? 
F50C 1027FF5D         (     newbasic.asm):04897                   LBEQ L8E37          YES - STRING TYPE FORMAT 
F510 8123             (     newbasic.asm):04898                   CMPA #'#'           NUMBER SIGN? (DIGIT LOCATOR) 
F512 2765             (     newbasic.asm):04899                   BEQ  L8F24          YES - NUMERIC TYPE FORMAT 
F514 5A               (     newbasic.asm):04900                   DECB                DECREMENT FORMAT STRING LENGTH 
F515 2619             (     newbasic.asm):04901                   BNE  L8EE2          BRANCH IF NOT DONE 
F517 BDF644           (     newbasic.asm):04902                   JSR  L8FD8          SEND A ‘+‘ TO CONSOLE OUT IF VDA <> 0 
F51A BD900B           (     newbasic.asm):04903                   JSR  PUTCHR         SEND CHARACTER TO CONSOLE OUT 
F51D BD1085           (     newbasic.asm):04904         L8ED2     JSR  GETCCH         GET CURRENT CHARACTER FROM BASIC 
F520 26CC             (     newbasic.asm):04905                   BNE  L8EA8          BRANCH IF NOT END OF LINE 
F522 B6109A           (     newbasic.asm):04906                   LDA  VD7            GET NEXT PRINT ITEM FLAG 
F525 2603             (     newbasic.asm):04907         L8ED8     BNE  L8EDD          BRANCH IF MORE PRINT ITEMS 
F527 BDE3E2           (     newbasic.asm):04908                   JSR  LB958          SEND A CARRIAGE RETURN TO CONSOLE OUT 
F52A BE1098           (     newbasic.asm):04909         L8EDD     LDX  VD5            POINT X TO FORMAT STRING DESCRIPTOR 
F52D 7E9F81           (     newbasic.asm):04910                   JMP  LB659          RETURN ADDRESS AND LENGTH OF FORMAT STRING - EXIT PRINT USING 
F530 812B             (     newbasic.asm):04911         L8EE2     CMPA #'+'           CHECK FOR ‘+‘ (PRE-SIGN FORCE) 
F532 260A             (     newbasic.asm):04912                   BNE  L8EEF          NO PLUS 
F534 BDF644           (     newbasic.asm):04913                   JSR  L8FD8          SEND A ‘+' TO CONSOLE OUT IF VDA <> 0 
F537 8608             (     newbasic.asm):04914                   LDA  #$08           * LOAD THE STATUS BYTE WITH 8; 
F539 B7109D           (     newbasic.asm):04915                   STA  VDA            * PRE-SIGN FORCE FLAG 
F53C 20C7             (     newbasic.asm):04916                   BRA  L8EBB          INTERPRET THE REST OF THE FORMAT STRING 
F53E 812E             (     newbasic.asm):04917         L8EEF     CMPA #'.'           DECIMAL POINT? 
F540 2758             (     newbasic.asm):04918                   BEQ  L8F41          YES 
F542 8125             (     newbasic.asm):04919                   CMPA #'%'           PERCENT SIGN? 
F544 1027FF5F         (     newbasic.asm):04920                   LBEQ L8E69          YES 
F548 A184             (     newbasic.asm):04921                   CMPA ,X             COMPARE THE PRESENT FORMAT STRING INPUT 
                      (     newbasic.asm):04922         ;                                CHARACTER TO THE NEXT ONE IN THE STRING  
F54A 2680             (     newbasic.asm):04923         L8EFB     BNE  L8E88          NO MATCH - ILLEGAL CHARACTER 
                      (     newbasic.asm):04924         ; TWO CONSECUTIVE EQUAL CHARACTERS IN FORMAT STRING                      
F54C 8124             (     newbasic.asm):04925                   CMPA #'$'           DOLLAR SIGN? 
F54E 271C             (     newbasic.asm):04926                   BEQ  L8F1A          YES - MAKE THE DOLLAR SIGN FLOAT 
F550 812A             (     newbasic.asm):04927                   CMPA #'*'           ASTERISK? 
F552 26F6             (     newbasic.asm):04928                   BNE  L8EFB          NO - ILLEGAL CHARACTER 
F554 B6109D           (     newbasic.asm):04929                   LDA  VDA            * GRAB THE STATUS BYTE AND BET BIT 5 
F557 8A20             (     newbasic.asm):04930                   ORA  #$20           * TO INDICATE THAT THE OUTPUT WILL 
F559 B7109D           (     newbasic.asm):04931                   STA  VDA            * BE LEFT PADDED WITH ASTERISKS 
F55C C102             (     newbasic.asm):04932                   CMPB #2             * CHECK TO SEE IF THE $$ ARE THE LAST TWO 
F55E 2514             (     newbasic.asm):04933                   BLO  L8F20          * CHARACTERS IN THE FORMAT STRING AND BRANCH IF SO 
F560 A601             (     newbasic.asm):04934                   LDA  $01,X          GET THE NEXT CHARACTER AFTER ** 
F562 8124             (     newbasic.asm):04935                   CMPA #'$'           CHECK FOR **$ 
F564 260E             (     newbasic.asm):04936                   BNE  L8F20          CHECK FOR MORE CHARACTERS 
F566 5A               (     newbasic.asm):04937                   DECB                DECREMENT STRING LENGTH COUNTER 
F567 3001             (     newbasic.asm):04938                   LEAX $01,X          MOVE FORMAT STRING POINTER UP ONE 
F569 7C109C           (     newbasic.asm):04939                   INC  VD9            ADD ONE TO LEFT DIGIT COUNTER - FOR ASTERISK PAD AND 
                      (     newbasic.asm):04940         ;                             FLOATING DOLLAR SIGN COMBINATION  
F56C B6109D           (     newbasic.asm):04941         L8F1A     LDA  VDA            * GET THE STATUS BYTE AND SET 
F56F 8A10             (     newbasic.asm):04942                   ORA  #$10           * BIT 4 TO INDICATE A 
F571 B7109D           (     newbasic.asm):04943                   STA  VDA            * FLOATING DOLLAR SIGN 
F574 3001             (     newbasic.asm):04944         L8F20     LEAX $01,X          MOVE FORMAT STRING POINTER UP ONE 
F576 7C109C           (     newbasic.asm):04945                   INC  VD9            ADD ONE TO LEFT DIGIT (FLOATING $ OR ASTERISK PAD) 
                      (     newbasic.asm):04946         ; PROCESS CHARACTERS TO THE LEFT OF THE DECIMAL POINT IN THE FORMAT STRING                      
F579 7F109B           (     newbasic.asm):04947         L8F24     CLR  VD8            CLEAR THE RIGHT DIGIT COUNTER 
F57C 7C109C           (     newbasic.asm):04948         L8F26     INC  VD9            ADD ONE TO LEFT DIGIT COUNTER 
F57F 5A               (     newbasic.asm):04949                   DECB                DECREMENT FORMAT STRING LENGTH COUNTER 
F580 274E             (     newbasic.asm):04950                   BEQ  L8F74          BRANCH IF END OF FORMAT STRING 
F582 A680             (     newbasic.asm):04951                   LDA  ,X+            GET THE NEXT FORMAT CHARACTER 
F584 812E             (     newbasic.asm):04952                   CMPA #'.'           DECIMAL POINT? 
F586 2721             (     newbasic.asm):04953                   BEQ  L8F4F          YES 
F588 8123             (     newbasic.asm):04954                   CMPA #'#'           NUMBER SIGN? 
F58A 27F0             (     newbasic.asm):04955                   BEQ  L8F26          YES 
F58C 812C             (     newbasic.asm):04956                   CMPA #','           COMMA? 
F58E 2625             (     newbasic.asm):04957                   BNE  L8F5A          NO 
F590 B6109D           (     newbasic.asm):04958                   LDA  VDA            * GET THE STATUS BYTE 
F593 8A40             (     newbasic.asm):04959                   ORA  #$40           * AND SET BIT 6 WHICH IS THE 
F595 B7109D           (     newbasic.asm):04960                   STA  VDA            * COMMA SEPARATOR FLAG 
F598 20E2             (     newbasic.asm):04961                   BRA  L8F26          PROCESS MORE CHARACTERS TO LEFT OF DECIMAL POINT 
                      (     newbasic.asm):04962         ; PROCESS DECIMAL POINT IF NO DIGITS TO LEFT OF IT                      
F59A A684             (     newbasic.asm):04963         L8F41     LDA  ,X             GET NEXT FORMAT CHARACTER 
F59C 8123             (     newbasic.asm):04964                   CMPA #'#'           IS IT A NUMBER SIGN? 
F59E 1026FF2A         (     newbasic.asm):04965                   LBNE L8E88          NO 
F5A2 8601             (     newbasic.asm):04966                   LDA  #1             * SET THE RIGHT DIGIT COUNTER TO 1 - 
F5A4 B7109B           (     newbasic.asm):04967                   STA  VD8            * ALLOW ONE SPOT FOR DECIMAL POINT 
F5A7 3001             (     newbasic.asm):04968                   LEAX $01,X          MOVE FORMAT POINTER UP ONE 
                      (     newbasic.asm):04969         ; PROCESS DIGITS TO RIGHT OF DECIMAL POINT                      
F5A9 7C109B           (     newbasic.asm):04970         L8F4F     INC  VD8            ADD ONE TO RIGHT DIGIT COUNTER 
F5AC 5A               (     newbasic.asm):04971                   DECB                DECREMENT FORMAT LENGTH COUNTER 
F5AD 2721             (     newbasic.asm):04972                   BEQ  L8F74          BRANCH IF END OF FORMAT STRING 
F5AF A680             (     newbasic.asm):04973                   LDA  ,X+            GET A CHARACTER FROM FORMAT STRING 
F5B1 8123             (     newbasic.asm):04974                   CMPA #'#'           IS IT NUMBER SIGN? 
F5B3 27F4             (     newbasic.asm):04975                   BEQ  L8F4F          YES - KEEP CHECKING 
                      (     newbasic.asm):04976         ; CHECK FOR EXPONENTIAL FORCE                      
F5B5 815E             (     newbasic.asm):04977         L8F5A     CMPA #$5E           CHECK FOR UP ARROW 
F5B7 2617             (     newbasic.asm):04978                   BNE  L8F74          NO UP ARROW 
F5B9 A184             (     newbasic.asm):04979                   CMPA ,X             IS THE NEXT CHARACTER AN UP ARROW? 
F5BB 2613             (     newbasic.asm):04980                   BNE  L8F74          NO 
F5BD A101             (     newbasic.asm):04981                   CMPA $01,X          AND THE NEXT CHARACTER? 
F5BF 260F             (     newbasic.asm):04982                   BNE  L8F74          NO 
F5C1 A102             (     newbasic.asm):04983                   CMPA $02,X          HOW ABOUT THE 4TH CHARACTER? 
F5C3 260B             (     newbasic.asm):04984                   BNE  L8F74          NO, ALSO 
F5C5 C104             (     newbasic.asm):04985                   CMPB #4             * CHECK TO SEE IF THE 4 UP ARROWS ARE IN THE 
F5C7 2507             (     newbasic.asm):04986                   BLO  L8F74          * FORMAT STRING AND BRANCH IF NOT 
F5C9 C004             (     newbasic.asm):04987                   SUBB #4             * MOVE POINTER UP 4 AND SUBTRACT 
F5CB 3004             (     newbasic.asm):04988                   LEAX $04,X          * FOUR FROM LENGTH 
F5CD 7C109D           (     newbasic.asm):04989                   INC  VDA INCREMENT STATUS BYTE - EXPONENTIAL FORM  
                      (     newbasic.asm):04990                                        
                      (     newbasic.asm):04991         ; CHECK FOR A PRE OR POST - SIGN FORCE AT END OF FORMAT STRING                      
F5D0 301F             (     newbasic.asm):04992         L8F74     LEAX $-01,X         MOVE POINTER BACK ONE 
F5D2 7C109C           (     newbasic.asm):04993                   INC  VD9            ADD ONE TO LEFT DIGIT COUNTER FOR PRE-SIGN FORCE 
F5D5 B6109D           (     newbasic.asm):04994                   LDA  VDA            * PRE-SIGN 
F5D8 8508             (     newbasic.asm):04995                   BITA #$08           * FORCE AND 
F5DA 261B             (     newbasic.asm):04996                   BNE  L8F96          * BRANCH IF SET 
F5DC 7A109C           (     newbasic.asm):04997                   DEC  VD9            DECREMENT LEFT DIGIT — NO PRE-SIGN FORCE 
F5DF 5D               (     newbasic.asm):04998                   TSTB * CHECK LENGTH COUNTER AND BRANCH  
F5E0 2715             (     newbasic.asm):04999                   BEQ  L8F96          * IF END OF FORMAT STRING 
F5E2 A684             (     newbasic.asm):05000                   LDA  ,X             GET NEXT FORMAT STRING CHARACTER 
F5E4 802D             (     newbasic.asm):05001                   SUBA #'-'           CHECK FOR MINUS SIGN 
F5E6 2706             (     newbasic.asm):05002                   BEQ  L8F8F          BRANCH IF MINUS SIGN 
F5E8 81FE             (     newbasic.asm):05003                   CMPA #$FE           * WAS CMPA #('+')-('-') 
F5EA 260B             (     newbasic.asm):05004                   BNE  L8F96          BRANCH IF NO PLUS SIGN 
F5EC 8608             (     newbasic.asm):05005                   LDA  #$08           GET THE PRE-SIGN FORCE FLAG 
F5EE 8A04             (     newbasic.asm):05006         L8F8F     ORA  #$04           ‘OR’ IN POST-SIGN FORCE FLAG 
F5F0 BA109D           (     newbasic.asm):05007                   ORA  VDA            ‘OR’ IN THE STATUS BYTE 
F5F3 B7109D           (     newbasic.asm):05008                   STA  VDA            SAVE THE STATUS BYTE 
F5F6 5A               (     newbasic.asm):05009                   DECB                DECREMENT FORMAT STRING LENGTH 
                      (     newbasic.asm):05010                                        
                      (     newbasic.asm):05011         ; EVALUATE NUMERIC ITEM-LIST                      
F5F7 BD1085           (     newbasic.asm):05012         L8F96     JSR  GETCCH         GET CURRENT CHARACTER 
F5FA 1027FF27         (     newbasic.asm):05013                   LBEQ L8ED8          BRANCH IF END OF LINE 
F5FE F71096           (     newbasic.asm):05014                   STB  VD3            SAVE FORMAT STRING LENGTH WHEN FORMAT EVALUATION ENDED 
F601 BD99A8           (     newbasic.asm):05015                   JSR  LB141          EVALUATE EXPRESSION 
F604 B6109C           (     newbasic.asm):05016                   LDA  VD9            GET THE LEFT DIGIT COUNTER 
F607 BB109B           (     newbasic.asm):05017                   ADDA VD8            ADD IT TO THE RIGHT DIGIT COUNTER 
F60A 8111             (     newbasic.asm):05018                   CMPA #17            * 
F60C 1022A705         (     newbasic.asm):05019                   LBHI LB44A          *‘FC’ ERROR IF MORE THAN 16 DIGITS AND DECIMAL POiNT 
F610 BDF652           (     newbasic.asm):05020                   JSR  L8FE5          CONVERT ITEM-LIST TO FORMATTED ASCII STRING 
F613 301F             (     newbasic.asm):05021                   LEAX $-01,X         MOVE BUFFER POINTER BACK ONE 
F615 BDE429           (     newbasic.asm):05022                   JSR  LB99C          DISPLAY THE FORMATTED STRING TO CONSOLE OUT 
F618 7F109A           (     newbasic.asm):05023         L8FB3     CLR  VD7            RESET NEXT PRINT ITEM FLAG 
F61B BD1085           (     newbasic.asm):05024                   JSR  GETCCH         GET CURRENT INPUT CHARACTER 
F61E 270F             (     newbasic.asm):05025                   BEQ  L8FC6          BRANCH IF END OF LINE 
F620 B7109A           (     newbasic.asm):05026                   STA  VD7            SAVE CURRENT CHARACTER (<>0) IN NEXT PRINT ITEM FLAG 
F623 813B             (     newbasic.asm):05027                   CMPA #';'           * CHECK FOR ; - ITEM-LIST SEPARATOR AND 
F625 2705             (     newbasic.asm):05028                   BEQ  L8FC4          * BRANCH IF SEMICOLON 
F627 BD9AF6           (     newbasic.asm):05029                   JSR  LB26D          SYNTAX CHECK FOR COMMA 
F62A 2003             (     newbasic.asm):05030                   BRA  L8FC6          PROCESS NEXT PRINT ITEM 
F62C BD107F           (     newbasic.asm):05031         L8FC4     JSR  GETNCH         GET NEXT INPUT CHARACTER 
F62F BE1098           (     newbasic.asm):05032         L8FC6     LDX  VD5            GET FORMAT STRING DESCRIPTOR ADDRESS 
F632 E684             (     newbasic.asm):05033                   LDB  ,X             GET LENGTH OF FORMAT STRING 
F634 F01096           (     newbasic.asm):05034                   SUBB VD3            SUBTRACT AMOUNT OF FORMAT STRING LEFT AFTER LAST PRINT ITEM 
F637 AE02             (     newbasic.asm):05035                   LDX  $02,X          *GET FORMAT STRING START ADDRESS AND ADVANCE 
F639 3A               (     newbasic.asm):05036                   ABX  *POINTER TO START OF UNUSED FORMAT STRING  
F63A F61096           (     newbasic.asm):05037                   LDB  VD3            * GET AMOUNT OF UNUSED FORMAT STRING 
F63D 1026FEC1         (     newbasic.asm):05038                   LBNE L8EB9          * REINTERPRET FORMAT STRING FROM THAT POINT 
F641 7EF51D           (     newbasic.asm):05039                   JMP  L8ED2          REINTERPRET FORMAT STRING FROM THE START IF ENTIRELY 
                      (     newbasic.asm):05040         ;         USED ON LAST PRINT ITEM  
                      (     newbasic.asm):05041                                        
                      (     newbasic.asm):05042         ; PRINT A ‘+‘ TO CONSOLE OUT IF THE STATUS BYTE <> 0                      
F644 3402             (     newbasic.asm):05043         L8FD8     PSHS A              RESTORE ACCA AND RETURN 
F646 862B             (     newbasic.asm):05044                   LDA  #'+'           GET ASCII PLUS SIGN 
F648 7D109D           (     newbasic.asm):05045                   TST  VDA            * CHECK THE STATUS BYTE AND 
F64B 2703             (     newbasic.asm):05046                   BEQ  L8FE3          * RETURN IF = 0 
F64D BD900B           (     newbasic.asm):05047                   JSR  PUTCHR         SEND A CHARACTER TO CONSOLE OUT 
F650 3582             (     newbasic.asm):05048         L8FE3     PULS A,PC           RETURN ACCA AND RETURN 
                      (     newbasic.asm):05049                                        
                      (     newbasic.asm):05050         ; CONVERT ITEM-LIST TO DECIMAL ASCII STRING                      
F652 CE11F5           (     newbasic.asm):05051         L8FE5     LDU  #STRBUF+4      POINT U TO STRING BUFFER 
F655 C620             (     newbasic.asm):05052                   LDB  #SPACE         BLANK 
F657 B6109D           (     newbasic.asm):05053                   LDA  VDA            * GET THE STATUS FLAG AND 
F65A 8508             (     newbasic.asm):05054                   BITA #$08           * CHECK FOR A PRE-SIGN FORCE 
F65C 2702             (     newbasic.asm):05055                   BEQ  L8FF2          * BRANCH IF NO PRE-SIGN FORCE 
F65E C62B             (     newbasic.asm):05056                   LDB  #'+'           PLUS SIGN 
F660 7D1057           (     newbasic.asm):05057         L8FF2     TST  FP0SGN         CHECK THE SIGN OF FPA0 
F663 2A05             (     newbasic.asm):05058                   BPL  L8FFA          BRANCH IF POSITIVE 
F665 7F1057           (     newbasic.asm):05059                   CLR  FP0SGN         FORCE FPA0 SIGN TO BE POSITIVE 
F668 C62D             (     newbasic.asm):05060                   LDB  #'-'           MINUS SIGN 
F66A E7C0             (     newbasic.asm):05061         L8FFA     STB  ,U+            SAVE THE SIGN IN BUFFER 
F66C C630             (     newbasic.asm):05062                   LDB  #'0'           * PUT A ZERO INTO THE BUFFER 
F66E E7C0             (     newbasic.asm):05063                   STB  ,U+            * 
F670 8401             (     newbasic.asm):05064                   ANDA #$01           * CHECK THE EXPONENTIAL FORCE FLAG IN 
F672 10260120         (     newbasic.asm):05065                   LBNE L910D          * THE STATUS BYTE - BRANCH IF ACTIVE 
F676 8EE942           (     newbasic.asm):05066                   LDX  #LBDC0         POINT X TO FLOATING POINT 1E + 09 
F679 BDE7ED           (     newbasic.asm):05067                   JSR  LBCA0          COMPARE FPA0 TO (X) 
F67C 2B15             (     newbasic.asm):05068                   BMI  L9023          BRANCH IF FPA0 < 1E+09 
F67E BDE95D           (     newbasic.asm):05069                   JSR  LBDD9          CONVERT FP NUMBER TO ASCII STRING 
F681 A680             (     newbasic.asm):05070         L9011     LDA  ,X+            * ADVANCE POINTER TO END OF 
F683 26FC             (     newbasic.asm):05071                   BNE  L9011          * ASCII STRING (ZERO BYTE) 
F685 A682             (     newbasic.asm):05072         L9015     LDA  ,-X            MOVE THE 
F687 A701             (     newbasic.asm):05073                   STA  $01,X          ENTIRE STRING 
F689 8C11F4           (     newbasic.asm):05074                   CMPX #STRBUF+3      UP ONE 
F68C 26F7             (     newbasic.asm):05075                   BNE  L9015          BYTE 
F68E 8625             (     newbasic.asm):05076                   LDA  #'%'           * INSERT A % SIGN AT START OF 
F690 A784             (     newbasic.asm):05077                   STA  ,X             * STRING - OVERFLOW ERROR 
F692 39               (     newbasic.asm):05078                   RTS                  
                      (     newbasic.asm):05079                                        
F693 B61052           (     newbasic.asm):05080         L9023     LDA  FP0EXP         GET EXPONENT OF FPA0 
F696 B7104A           (     newbasic.asm):05081                   STA  V47            AND SAVE IT IN V74 
F699 2703             (     newbasic.asm):05082                   BEQ  L902C          BRANCH IF FPA0 = 0 
F69B BDF862           (     newbasic.asm):05083                   JSR  L91CD          CONVERT FPA0 TO NUMBER WITH 9 SIGNIFICANT 
                      (     newbasic.asm):05084         ;              PLACES TO LEFT OF DECIMAL POINT  
F69E B6104A           (     newbasic.asm):05085         L902C     LDA  V47            GET BASE 10 EXPONENT OFFSET 
F6A1 102B008A         (     newbasic.asm):05086                   LBMI L90B3          BRANCH IF FPA0 < 100,000,000 
F6A5 40               (     newbasic.asm):05087                   NEGA                * CALCULATE THE NUMBER OF LEADING ZEROES TO INSERT - 
F6A6 BB109C           (     newbasic.asm):05088                   ADDA VD9            * SUBTRACT BASE 10 EXPONENT OFFSET AND 9 (FPA0 HAS 
F6A9 8009             (     newbasic.asm):05089                   SUBA #$09           * 9 PLACES TO LEFT OF EXPONENT) FROM LEFT DIGIT COUNTER 
F6AB BDF76C           (     newbasic.asm):05090                   JSR  L90EA          PUT ACCA ZEROES IN STRING BUFFER 
F6AE BDF90A           (     newbasic.asm):05091                   JSR  L9263          INITIALIZE DECIMAL POINT AND COMMA COUNTERS 
F6B1 BDF89C           (     newbasic.asm):05092                   JSR  L9202          CONVERT FPA0 TO DECIMAL ASCII IN THE STRING BUFFER 
F6B4 B6104A           (     newbasic.asm):05093                   LDA  V47            * GET BASE 10 EXPONENT AND PUT THAT MANY 
F6B7 BDF92D           (     newbasic.asm):05094                   JSR  L9281          * ZEROES IN STRING BUFFER - STOP AT DECIMAL POINT 
F6BA B6104A           (     newbasic.asm):05095                   LDA  V47            WASTED INSTRUCTION - SERVES NO PURPOSE 
F6BD BDF8EB           (     newbasic.asm):05096                   JSR  L9249          CHECK FOR DECIMAL POINT 
F6C0 B6109B           (     newbasic.asm):05097                   LDA  VD8            GET THE RIGHT DIGIT COUNTER 
F6C3 2602             (     newbasic.asm):05098                   BNE  L9050          BRANCH IF RIGHT DIGlT COUNTER <> 0 
F6C5 335F             (     newbasic.asm):05099                   LEAU $-01,U         * MOVE BUFFER POINTER BACK ONE - DELETE 
                      (     newbasic.asm):05100         ;              * DECIMAL POINT IF NO RIGHT DIGITS SPECiFIED  
F6C7 4A               (     newbasic.asm):05101         L9050     DECA                SUBTRACT ONE (DECIMAL POINT) 
F6C8 BDF76C           (     newbasic.asm):05102                   JSR  L90EA          PUT ACCA ZEROES INTO BUFFER (TRAILING ZEROES) 
F6CB BDF818           (     newbasic.asm):05103         L9054     JSR  L9185          INSERT ASTERISK PADDING, FLOATING $, AND POST-SIGN 
F6CE 4D               (     newbasic.asm):05104                   TSTA                WAS THERE A POST-SIGN? 
F6CF 2706             (     newbasic.asm):05105                   BEQ  L9060          NO 
F6D1 C12A             (     newbasic.asm):05106                   CMPB #'*'           IS THE FIRST CHARACTER AN $? 
F6D3 2702             (     newbasic.asm):05107                   BEQ  L9060          YES 
F6D5 E7C0             (     newbasic.asm):05108                   STB  ,U+            STORE THE POST-SIGN 
F6D7 6FC4             (     newbasic.asm):05109         L9060     CLR  ,U             CLEAR THE LAST CHARACTER IN THE BUFFER 
                      (     newbasic.asm):05110         ;                              
                      (     newbasic.asm):05111         ; REMOVE ANY EXTRA BLANKS OR ASTERISKS FROM THE                      
                      (     newbasic.asm):05112         ; STRING BUFFER TO THE LEFT OF THE DECIMAL POINT                      
F6D9 8E11F4           (     newbasic.asm):05113                   LDX  #STRBUF+3 POINT X TO THE START OF THE BUFFER  
F6DC 3001             (     newbasic.asm):05114         L9065     LEAX $01,X          MOVE BUFFER POINTER UP ONE 
F6DE BF1012           (     newbasic.asm):05115                   STX  TEMPTR         SAVE BUFFER POINTER IN TEMPTR 
F6E1 B6103D           (     newbasic.asm):05116                   LDA  VARPTR+1       * GET ADDRESS OF DECIMAL POINT IN BUFFER, SUBTRACT 
F6E4 B01013           (     newbasic.asm):05117                   SUBA TEMPTR+1       * CURRENT POSITION AND SUBTRACT LEFT DIGIT COUNTER - 
F6E7 B0109C           (     newbasic.asm):05118                   SUBA VD9            * THE RESULT WILL BE ZERO WHEN TEMPTR+1 IS POINTING 
                      (     newbasic.asm):05119         ;              * TO THE FIRST DIGIT OF THE FORMAT STRING  
F6EA 2739             (     newbasic.asm):05120                   BEQ  L90A9          RETURN IF NO DIGITS TO LEFT OF THE DECiMAL POINT 
F6EC A684             (     newbasic.asm):05121                   LDA  ,X             GET THE CURRENT BUFFER CHARACTER 
F6EE 8120             (     newbasic.asm):05122                   CMPA #SPACE         SPACE? 
F6F0 27EA             (     newbasic.asm):05123                   BEQ  L9065          YES - ADVANCE POINTER 
F6F2 812A             (     newbasic.asm):05124                   CMPA #'*'           ASTERISK? 
F6F4 27E6             (     newbasic.asm):05125                   BEQ  L9065          YES - ADVANCE POINTER 
F6F6 4F               (     newbasic.asm):05126                   CLRA                A ZERO ON THE STACK IS END OF DATA POINTER 
F6F7 3402             (     newbasic.asm):05127         L907C     PSHS A              PUSH A CHARACTER ONTO THE STACK 
F6F9 A680             (     newbasic.asm):05128                   LDA  ,X+            GET NEXT CHARACTER FROM BUFFER 
F6FB 812D             (     newbasic.asm):05129                   CMPA #'-'           MINUS SIGN? 
F6FD 27F8             (     newbasic.asm):05130                   BEQ  L907C          YES 
F6FF 812B             (     newbasic.asm):05131                   CMPA #'+'           PLUS SIGN? 
F701 27F4             (     newbasic.asm):05132                   BEQ  L907C          YES 
                      (     newbasic.asm):05133         ;          CMPA $'$'          ; DOLLAR SIGN?  - source from Ext Basic unravelled book
F703 8124             (     newbasic.asm):05134                    CMPA #'$'          ; DOLLAR SIGN?  - this is what it should be (opcodes match Ext Basic unravelled)
                      (     newbasic.asm):05135         ;          FCB  $91,$00       ; this is what the HEX file from grant's site shows
F705 27F0             (     newbasic.asm):05136                   BEQ  L907C          YES 
F707 8130             (     newbasic.asm):05137                   CMPA #'0'           ZERO? 
F709 260E             (     newbasic.asm):05138                   BNE  L909E          NO - ERROR 
F70B A601             (     newbasic.asm):05139                   LDA  $01,X          GET CHARACTER FOLLOWING ZERO 
F70D 8D17             (     newbasic.asm):05140                   BSR  L90AA          CLEAR CARRY IF NUMERIC 
F70F 2508             (     newbasic.asm):05141                   BLO  L909E          BRANCH IF NOT A NUMERIC CHARACTER - ERROR 
F711 3502             (     newbasic.asm):05142         L9096     PULS A              * PULL A CHARACTER OFF OF THE STACK 
F713 A782             (     newbasic.asm):05143                   STA  ,-X            * AND PUT IT BACK IN THE STRING BUFFER 
F715 26FA             (     newbasic.asm):05144                   BNE  L9096          * KEEP GOING UNTIL ZERO FLAG 
F717 20C3             (     newbasic.asm):05145                   BRA  L9065          KEEP CLEANING UP THE INPUT BUFFER 
F719 3502             (     newbasic.asm):05146         L909E     PULS A               
F71B 4D               (     newbasic.asm):05147                   TSTA                * THE STACK AND EXIT WHEN 
F71C 26FB             (     newbasic.asm):05148                   BNE  L909E          * ZERO FLAG FOUND 
F71E BE1012           (     newbasic.asm):05149                   LDX  TEMPTR         GET THE STRING BUFFER START POINTER 
F721 8625             (     newbasic.asm):05150                   LDA  #'%'           * PUT A % SIGN BEFORE THE ERROR POSITION TO 
F723 A782             (     newbasic.asm):05151                   STA  ,-X            * INDICATE AN ERROR 
F725 39               (     newbasic.asm):05152         L90A9     RTS                  
                      (     newbasic.asm):05153         ;                              
                      (     newbasic.asm):05154         ; CLEAR CARRY IF NUMERIC                      
F726 8130             (     newbasic.asm):05155         L90AA     CMPA #'0'           ASCII ZERO 
F728 2504             (     newbasic.asm):05156                   BLO  L90B2          RETURN IF ACCA < ASCII 0 
F72A 803A             (     newbasic.asm):05157                   SUBA #$3A           *  #'9'+1 
F72C 80C6             (     newbasic.asm):05158                   SUBA #$C6           * #-('9'+1)  CARRY CLEAR IF NUMERIC 
F72E 39               (     newbasic.asm):05159         L90B2     RTS                  
                      (     newbasic.asm):05160         ;                              
                      (     newbasic.asm):05161         ; PROCESS AN ITEM-LIST WHICH IS < 100,000,000                      
F72F B6109B           (     newbasic.asm):05162         L90B3     LDA  VD8            GET RIGHT DIGIT COUNTER 
F732 2701             (     newbasic.asm):05163                   BEQ  L90B8          BRANCH IF NO FORMATTED DIGITS TO THE RIGHT OF DECIMAL PT 
F734 4A               (     newbasic.asm):05164                   DECA                SUBTRACT ONE FOR DECIMAL POINT 
F735 BB104A           (     newbasic.asm):05165         L90B8     ADDA V47            *ADD THE BASE 10 EXPONENT OFFSET - ACCA CONTAINS THE 
                      (     newbasic.asm):05166         ;         *NUMBER OF SHIFTS REQUIRED TO ADJUST FPA0 TO THE SPECIFIED  
                      (     newbasic.asm):05167         ;         *NUMBER OF DlGITS TO THE RIGHT OF THE DECIMAL POINT  
F738 2B01             (     newbasic.asm):05168                   BMI  L90BD          IF ACCA >= 0 THEN NO SHIFTS ARE REQUIRED 
F73A 4F               (     newbasic.asm):05169                   CLRA                FORCE SHIFT COUNTER = 0 
F73B 3402             (     newbasic.asm):05170         L90BD     PSHS A              SAVE INITIAL SHIFT COUNTER ON THE STACK 
F73D 2A0A             (     newbasic.asm):05171         L90BF     BPL  L90CB          EXIT ROUTINE IF POSITIVE 
F73F 3402             (     newbasic.asm):05172                   PSHS A              SAVE SHIFT COUNTER ON STACK 
F741 BDE684           (     newbasic.asm):05173                   JSR  LBB82          DIVIDE FPA0 BY 10 - SHIFT ONE DIGIT TO RIGHT 
F744 3502             (     newbasic.asm):05174                   PULS A              GET SHIFT COUNTER FROM THE STACK 
F746 4C               (     newbasic.asm):05175                   INCA                BUMP SHIFT COUNTER UP BY ONE 
F747 20F4             (     newbasic.asm):05176                   BRA  L90BF          CHECK FOR FURTHER DIVISION 
F749 B6104A           (     newbasic.asm):05177         L90CB     LDA  V47            * GET BASE 10 EXPONENT OFFSET, ADD INITIAL SHIFT COUNTER 
F74C A0E0             (     newbasic.asm):05178                   SUBA ,S+            * AND SAVE NEW BASE 10 EXPONENT OFFSET - BECAUSE 
F74E B7104A           (     newbasic.asm):05179                   STA  V47            * FPA0 WAS SHIFTED ABOVE 
F751 8B09             (     newbasic.asm):05180                   ADDA #$09           * ADD NINE (SIGNIFICANT PLACES) AND BRANCH IF THERE ARE NO 
F753 2B1B             (     newbasic.asm):05181                   BMI  L90EE          * ZEROES TO THE LEFT OF THE DECIMAL POINT IN THIS PRINT ITEM 
F755 B6109C           (     newbasic.asm):05182                   LDA  VD9            *DETERMINE HOW MANY FILLER ZEROES TO THE LEFT OF THE DECIMAL 
F758 8009             (     newbasic.asm):05183                   SUBA #$09           *POINT. GET THE NUMBER OF FORMAT PLACES TO LEFT OF DECIMAL 
F75A B0104A           (     newbasic.asm):05184                   SUBA V47            *POINT, SUBTRACT THE BASE 10 EXPONENT OFFSET AND THE CONSTANT 9 
F75D 8D0D             (     newbasic.asm):05185                   BSR  L90EA          *(UNNORMALIZATION)-THEN OUTPUT THAT MANY ZEROES TO THE BUFFER 
F75F BDF90A           (     newbasic.asm):05186                   JSR  L9263          INITIALIZE DECIMAL POINT AND COMMA COUNTERS 
F762 2021             (     newbasic.asm):05187                   BRA  L90FF          PROCESS THE REMAINDER OF THE PRINT ITEM 
                      (     newbasic.asm):05188         ;                              
                      (     newbasic.asm):05189         ; PUT (ACCA+1) ASCII ZEROES IN BUFFER                      
F764 3402             (     newbasic.asm):05190         L90E2     PSHS A              SAVE ZERO COUNTER 
F766 8630             (     newbasic.asm):05191                   LDA  #'0'           * INSERT A ZERO INTO 
F768 A7C0             (     newbasic.asm):05192                   STA  ,U+            * THE BUFFER 
F76A 3502             (     newbasic.asm):05193                   PULS A              RESTORE ZERO COUNTER 
                      (     newbasic.asm):05194                                        
                      (     newbasic.asm):05195         ; PUT ACCA ASCII ZEROES INTO THE BUFFER                      
F76C 4A               (     newbasic.asm):05196         L90EA     DECA                DECREMENT ZERO COUNTER 
F76D 2AF5             (     newbasic.asm):05197                   BPL  L90E2          BRANCH IF NOT DONE 
F76F 39               (     newbasic.asm):05198                   RTS                  
                      (     newbasic.asm):05199                                        
F770 B6109C           (     newbasic.asm):05200         L90EE     LDA  VD9            * GET THE LEFT DIGIT COUNTER AND PUT 
F773 8DF7             (     newbasic.asm):05201                   BSR  L90EA          * THAT MANY ZEROES IN THE STRiNG BUFFER 
F775 BDF8F0           (     newbasic.asm):05202                   JSR  L924D          PUT THE DECIMAL POINT IN THE STRING BUFFER 
F778 86F7             (     newbasic.asm):05203                   LDA  #-9            *DETERMINE HOW MANY FILLER ZEROES BETWEEN THE DECIMAL POINT 
F77A B0104A           (     newbasic.asm):05204                   SUBA V47            *AND SIGNIFICANT DATA. SUBTRACT BASE 10 EXPONENT FROM -9 
F77D 8DED             (     newbasic.asm):05205                   BSR  L90EA          *(UNNORMALIZATION) AND OUTPUT THAT MANY ZEROES TO BUFFER 
F77F 7F1048           (     newbasic.asm):05206                   CLR  V45            CLEAR THE DECIMAL POINT COUNTER - SUPPRESS THE DECIMAL POINT 
F782 7F109A           (     newbasic.asm):05207                   CLR  VD7            CLEAR THE COMMA COUNTER - SUPPRESS COMMAS 
F785 BDF89C           (     newbasic.asm):05208         L90FF     JSR  L9202          DECODE FPA0 INTO A DECIMAL ASCII STRING 
F788 B6109B           (     newbasic.asm):05209                   LDA  VD8            GET THE RIGHT DIGIT COUNTER 
F78B 2603             (     newbasic.asm):05210                   BNE  L9108          BRANCH IF RIGHT DIGIT COUNTER <> 0 
F78D FE103C           (     newbasic.asm):05211                   LDU  VARPTR         RESET BUFFER PTR TO THE DECIMAL POINT IF NO DIGITS TO RIGHT 
F790 BB104A           (     newbasic.asm):05212         L9108     ADDA V47            *ADD BASE 10 EXPONENT - A POSITIVE ACCA WILL CAUSE THAT MANY 
                      (     newbasic.asm):05213         ; *FILLER ZEROES TO BE OUTPUT TO THE RIGHT OF LAST SIGNIFICANT DATA                      
F793 16FF31           (     newbasic.asm):05214                   LBRA L9050          INSERT LEADING ASTERISKS, FLOATING DOLLAR SIGN, ETC 
                      (     newbasic.asm):05215         ;                              
                      (     newbasic.asm):05216         ; FORCE THE NUMERIC OUTPUT FORMAT TO BE EXPONENTIAL FORMAT                      
F796 B61052           (     newbasic.asm):05217         L910D     LDA  FP0EXP         * GET EXPONENT OF FPA0 AND 
F799 3402             (     newbasic.asm):05218                   PSHS A              * SAVE IT ON THE STACK 
F79B 2703             (     newbasic.asm):05219                   BEQ  L9116          BRANCH IF FPA0 = 0 
F79D BDF862           (     newbasic.asm):05220                   JSR  L91CD          *CONVERT FPA0 INTO A NUMBER WITH 9 SIGNIFICANT 
                      (     newbasic.asm):05221         ;                                 DIGITS TO THE LEFT OF THE DECIMAL POINT  
F7A0 B6109B           (     newbasic.asm):05222         L9116     LDA  VD8            GET THE RIGHT DIGIT COUNTER 
F7A3 2701             (     newbasic.asm):05223                   BEQ  L911B          BRANCH IF NO FORMATTED DIGITS TO THE RIGHT 
F7A5 4A               (     newbasic.asm):05224                   DECA                SUBTRACT ONE FOR THE DECIMAL POINT 
F7A6 BB109C           (     newbasic.asm):05225         L911B     ADDA VD9            ADD TO THE LEFT DIGIT COUNTER 
F7A9 7F11F4           (     newbasic.asm):05226                   CLR  STRBUF+3       CLEAR BUFFER BYTE AS TEMPORARY STORAGE LOCATION 
F7AC F6109D           (     newbasic.asm):05227                   LDB  VDA            * GET THE STATUS BYTE FOR A 
F7AF C404             (     newbasic.asm):05228                   ANDB #$04           * POST-BYTE FORCE; BRANCH IF 
F7B1 2603             (     newbasic.asm):05229                   BNE  L9129          * A POST-BYTE FORCE 
F7B3 7311F4           (     newbasic.asm):05230                   COM  STRBUF+3       TOGGLE BUFFER BYTE TO -1 IF NO POST-BYTE FORCE 
F7B6 BB11F4           (     newbasic.asm):05231         L9129     ADDA STRBUF+3       SUBTRACT 1 IF NO POST BYTE FORCE 
F7B9 8009             (     newbasic.asm):05232                   SUBA #$09           *SUBTRACT 9 (DUE TO THE CONVERSION TO 9 
                      (     newbasic.asm):05233         ;                                 SIGNIFICANT DIGITS TO LEFT OF DECIMAL POINT)  
F7BB 3402             (     newbasic.asm):05234                   PSHS A              * SAVE SHIFT COUNTER ON THE STACK - ACCA CONTAINS THE NUMBER 
                      (     newbasic.asm):05235         ;                                 OF SHIFTS REQUIRED TO ADJUST FPA0 FOR THE NUMBER OF  
                      (     newbasic.asm):05236         ;                                 FORMATTED PLACES TO THE RIGHT OF THE DECIMAL POINT.  
F7BD 2A0A             (     newbasic.asm):05237         L9130     BPL  L913C          NO MORE SHIFTS WHEN ACCA >= 0 
F7BF 3402             (     newbasic.asm):05238                   PSHS A              SAVE SHIFT COUNTER 
F7C1 BDE684           (     newbasic.asm):05239                   JSR  LBB82          DIVIDE FPA0 BY 10 - SHIFT TO RIGHT ONE 
F7C4 3502             (     newbasic.asm):05240                   PULS A              RESTORE THE SHIFT COUNTER 
F7C6 4C               (     newbasic.asm):05241                   INCA                ADD 1 TO SHIFT COUNTER 
F7C7 20F4             (     newbasic.asm):05242                   BRA  L9130          CHECK FOR FURTHER SHIFTING (DIVISION) 
F7C9 A6E4             (     newbasic.asm):05243         L913C     LDA  ,S             *GET THE INITIAL VALUE OF THE SHIFT COUNTER 
F7CB 2B01             (     newbasic.asm):05244                   BMI  L9141          *AND BRANCH IF SHIFTING HAS TAKEN PLACE 
F7CD 4F               (     newbasic.asm):05245                   CLRA                RESET ACCA IF NO SHIFTING HAS TAKEN PLACE 
F7CE 40               (     newbasic.asm):05246         L9141     NEGA                *CALCULATE THE POSITION OF THE DECIMAL POINT BY 
F7CF BB109C           (     newbasic.asm):05247                   ADDA VD9            *NEGATING SHIFT COUNTER, ADDING THE LEFT DIGIT COUNTER 
F7D2 4C               (     newbasic.asm):05248                   INCA                *PLUS ONE AND THE POST-BYTE POSlTION, IF USED 
F7D3 BB11F4           (     newbasic.asm):05249                   ADDA STRBUF+3       * 
F7D6 B71048           (     newbasic.asm):05250                   STA  V45            SAVE DECIMAL POINT COUNTER 
F7D9 7F109A           (     newbasic.asm):05251                   CLR  VD7            CLEAR COMMA COUNTER - NO COMMAS INSERTED 
F7DC BDF89C           (     newbasic.asm):05252                   JSR  L9202          CONVERT FPA0 INTO ASCII DECIMAL STRING 
F7DF 3502             (     newbasic.asm):05253                   PULS A              * GET THE INITIAL VALUE OF SHIFT COUNTER AND 
F7E1 BDF92D           (     newbasic.asm):05254                   JSR  L9281          * INSERT THAT MANY ZEROES INTO THE BUFFER 
F7E4 B6109B           (     newbasic.asm):05255                   LDA  VD8            *GET THE RIGHT DIGIT COUNTER AND BRANCH 
F7E7 2602             (     newbasic.asm):05256                   BNE  L915A          *IF NOT ZERO 
F7E9 335F             (     newbasic.asm):05257                   LEAU $-01,U         MOVE BUFFER POINTER BACK ONE 
                      (     newbasic.asm):05258                                        
                      (     newbasic.asm):05259         ; CALCULATE VALUE OF EXPONENT AND PUT IN STRING BUFFER                      
F7EB E6E0             (     newbasic.asm):05260         L915A     LDB  ,S+            GET ORIGINAL EXPONENT OF FPA0 
F7ED 270B             (     newbasic.asm):05261                   BEQ  L9167          BRANCH IF EXPONENT = 0 
F7EF F6104A           (     newbasic.asm):05262                   LDB  V47            GET BASE 10 EXPONENT 
F7F2 CB09             (     newbasic.asm):05263                   ADDB #$09           ADD 9 FOR 9 SIGNIFICANT DIGIT CONVERSION 
F7F4 F0109C           (     newbasic.asm):05264                   SUBB VD9            SUBTRACT LEFT DIGIT COUNTER 
F7F7 F011F4           (     newbasic.asm):05265                   SUBB STRBUF+3       ADD ONE TO EXPONENT IF POST-SIGN FORCE 
F7FA 862B             (     newbasic.asm):05266         L9167     LDA  #'+'           PLUS SIGN 
F7FC 5D               (     newbasic.asm):05267                   TSTB TEST EXPONENT   
F7FD 2A03             (     newbasic.asm):05268                   BPL  L916F          BRANCH IF POSITIVE EXPONENT 
F7FF 862D             (     newbasic.asm):05269                   LDA  #'-'           MINUS SIGN 
F801 50               (     newbasic.asm):05270                   NEGB                CONVERT EXPONENT TO POSITIVE NUMBER 
F802 A741             (     newbasic.asm):05271         L916F     STA  $01,U          PUT SIGN OF EXPONENT IN STRING BUFFER 
F804 8645             (     newbasic.asm):05272                   LDA  #'E'           * PUT AN ‘E’ (EXPONENTIATION FLAG) IN 
F806 A7C1             (     newbasic.asm):05273                   STA  ,U++           * BUFFER AND SKIP OVER THE SIGN 
F808 862F             (     newbasic.asm):05274                   LDA  #$2F           * WAS LDA #'0'-1 
                      (     newbasic.asm):05275         ;CONVERT BINARY EXPONENT IN ACCB TO ASCII VALUE IN ACCA                      
F80A 4C               (     newbasic.asm):05276         L9177     INCA                ADD ONE TO TENS DIGIT COUNTER 
F80B C00A             (     newbasic.asm):05277                   SUBB #10            *SUBTRACT 10 FROM EXPONENT AND ADD ONE TO TENS 
F80D 24FB             (     newbasic.asm):05278                   BCC  L9177          * DIGIT IF NO CARRY. TENS DIGIT DONE IF THERE IS A CARRY 
F80F CB3A             (     newbasic.asm):05279                   ADDB #$3A           WAS ADDB #'9'+1 
F811 EDC1             (     newbasic.asm):05280                   STD  ,U++           SAVE EXPONENT IN BUFFER 
F813 6FC4             (     newbasic.asm):05281                   CLR  ,U             CLEAR FINAL BYTE IN BUFFER - PRINT TERMINATOR 
F815 7EF6CB           (     newbasic.asm):05282                   JMP  L9054          INSERT ASTERISK PADDING, FLOATING DOLLAR SIGN, ETC. 
                      (     newbasic.asm):05283                                        
                      (     newbasic.asm):05284         ; INSERT ASTERISK PADDING, FLOATING $ AND PRE-SIGN                      
F818 8E11F5           (     newbasic.asm):05285         L9185     LDX  #STRBUF+4      POINT X TO START OF PRINT ITEM BUFFER 
F81B E684             (     newbasic.asm):05286                   LDB  ,X             * GET SIGN BYTE OF ITEM-LIST BUFFER 
F81D 3404             (     newbasic.asm):05287                   PSHS B              * AND SAVE IT ON THE STACK 
F81F 8620             (     newbasic.asm):05288                   LDA  #SPACE         DEFAULT PAD WITH BLANKS 
F821 F6109D           (     newbasic.asm):05289                   LDB  VDA            * GET STATUS BYTE AND CHECK FOR 
F824 C520             (     newbasic.asm):05290                   BITB #$20           * ASTERISK LEFT PADDING 
F826 3504             (     newbasic.asm):05291                   PULS B              GET SIGN BYTE AGAIN 
F828 2708             (     newbasic.asm):05292                   BEQ  L919E          BRANCH IF NO PADDING 
F82A 862A             (     newbasic.asm):05293                   LDA  #'*'           PAD WITH ASTERISK 
F82C C120             (     newbasic.asm):05294                   CMPB #SPACE         WAS THE FIRST BYTE A BLANK (POSITIVE)? 
F82E 2602             (     newbasic.asm):05295                   BNE  L919E          NO 
F830 1F89             (     newbasic.asm):05296                   TFR  A,B            TRANSFER PAD CHARACTER TO ACCB 
F832 3404             (     newbasic.asm):05297         L919E     PSHS B              SAVE FIRST CHARACTER ON STACK 
F834 A780             (     newbasic.asm):05298         L91A0     STA  ,X+            STORE PAD CHARACTER IN BUFFER 
F836 E684             (     newbasic.asm):05299                   LDB  ,X             GET NEXT CHARACTER IN BUFFER 
F838 2710             (     newbasic.asm):05300                   BEQ  L91B6          INSERT A ZERO IF END OF BUFFER 
F83A C145             (     newbasic.asm):05301                   CMPB #'E'           * CHECK FOR AN ‘E’ AND 
F83C 270C             (     newbasic.asm):05302                   BEQ  L91B6          * PUT A ZERO BEFORE IT 
F83E C130             (     newbasic.asm):05303                   CMPB #'0'           * REPLACE LEADING ZEROES WITH 
F840 27F2             (     newbasic.asm):05304                   BEQ  L91A0          * PAD CHARACTERS 
F842 C12C             (     newbasic.asm):05305                   CMPB #','           * REPLACE LEADING COMMAS 
F844 27EE             (     newbasic.asm):05306                   BEQ  L91A0          * WITH PAD CHARACTERS 
F846 C12E             (     newbasic.asm):05307                   CMPB #'.'           * CHECK FOR DECIMAL POINT 
F848 2604             (     newbasic.asm):05308                   BNE  L91BA          * AND DON’T PUT A ZERO BEFORE IT 
F84A 8630             (     newbasic.asm):05309         L91B6     LDA  #'0'           * REPLACE PREVIOUS CHARACTER 
F84C A782             (     newbasic.asm):05310                   STA  ,-X            * WITH A ZERO 
F84E B6109D           (     newbasic.asm):05311         L91BA     LDA  VDA            * GET STATUS BYTE, CHECK 
F851 8510             (     newbasic.asm):05312                   BITA #$10           * FOR FLOATING $ 
F853 2704             (     newbasic.asm):05313                   BEQ  L91C4          * BRANCH IF NO FLOATING $ 
F855 C624             (     newbasic.asm):05314                   LDB  #'$'           * STORE A $ IN 
F857 E782             (     newbasic.asm):05315                   STB  ,-X            * BUFFER 
F859 8404             (     newbasic.asm):05316         L91C4     ANDA #$04           CHECK PRE-SIGN FLAG 
F85B 3504             (     newbasic.asm):05317                   PULS B              GET SIGN CHARACTER 
F85D 2602             (     newbasic.asm):05318                   BNE  L91CC          RETURN IF POST-SIGN REQUIRED 
F85F E782             (     newbasic.asm):05319                   STB  ,-X            STORE FIRST CHARACTER 
F861 39               (     newbasic.asm):05320         L91CC     RTS                  
                      (     newbasic.asm):05321         ;                              
                      (     newbasic.asm):05322         ; CONVERT FPA0 INTO A NUMBER OF THE FORM - NNN,NNN,NNN X 10**M.                      
                      (     newbasic.asm):05323         ; THE EXPONENT M WILL BE RETURNED IN V47 (BASE 10 EXPONENT).                      
F862 3440             (     newbasic.asm):05324         L91CD     PSHS U              SAVE BUFFER POINTER 
F864 4F               (     newbasic.asm):05325                   CLRA                INITIAL EXPONENT OFFSET = 0 
F865 B7104A           (     newbasic.asm):05326         L91D0     STA  V47            SAVE EXPONENT OFFSET 
F868 F61052           (     newbasic.asm):05327                   LDB  FP0EXP         GET EXPONENT OF FPA0 
F86B C180             (     newbasic.asm):05328                   CMPB #$80           * COMPARE TO EXPONENT OF .5 
F86D 2213             (     newbasic.asm):05329                   BHI  L91E9          * AND BRANCH IF FPA0 > = 1.0 
                      (     newbasic.asm):05330                                        
                      (     newbasic.asm):05331         ; IF FPA0 < 1.0, MULTIPLY IT BY 1E+09 UNTIL IT IS >= 1                      
F86F 8EE942           (     newbasic.asm):05332                   LDX  #LBDC0         POINT X TO FP NUMBER (1E+09) 
F872 BDE596           (     newbasic.asm):05333                   JSR  LBACA          MULTIPLY FPA0 BY 1E+09 
F875 B6104A           (     newbasic.asm):05334                   LDA  V47            GET EXPONENT OFFSET 
F878 8009             (     newbasic.asm):05335                   SUBA #$09           SUBTRACT 9 (BECAUSE WE MULTIPLIED BY 1E+09 ABOVE) 
F87A 20E9             (     newbasic.asm):05336                   BRA  L91D0          CHECK TO SEE IF > 1.0 
F87C BDE684           (     newbasic.asm):05337         L91E4     JSR  LBB82          DIVIDE FPA0 BY 10 
F87F 7C104A           (     newbasic.asm):05338                   INC  V47            INCREMENT EXPONENT OFFSET 
F882 8EE93D           (     newbasic.asm):05339         L91E9     LDX  #LBDBB         POINT X TO FP NUMBER (999,999,999) 
F885 BDE7ED           (     newbasic.asm):05340                   JSR  LBCA0          COMPARE FPA0 TO X 
F888 2EF2             (     newbasic.asm):05341                   BGT  L91E4          BRANCH IF FPA0 > 999,999,999 
F88A 8EE938           (     newbasic.asm):05342         L91F1     LDX  #LBDB6         POINT X TO FP NUMBER (99,999,999.9) 
F88D BDE7ED           (     newbasic.asm):05343                   JSR  LBCA0          COMPARE FPA0 TO X 
F890 2E08             (     newbasic.asm):05344                   BGT  L9200          RETURN IF 999,999,999 > FPA0 > 99,999,999.9 
F892 BDE66A           (     newbasic.asm):05345                   JSR  LBB6A          MULTIPLY FPA0 BY 10 
F895 7A104A           (     newbasic.asm):05346                   DEC  V47            DECREMENT EXPONENT OFFSET 
F898 20F0             (     newbasic.asm):05347                   BRA  L91F1          KEEP UNNORMALIZING 
F89A 35C0             (     newbasic.asm):05348         L9200     PULS U,PC           RESTORE BUFFER POINTER AND RETURN 
                      (     newbasic.asm):05349         ;                              
                      (     newbasic.asm):05350         ; CONVERT FPA0 INTO AN INTEGER, THEN DECODE IT                      
                      (     newbasic.asm):05351         ; INTO A DECIMAL ASCII STRING IN THE BUFFER                      
F89C 3440             (     newbasic.asm):05352         L9202     PSHS U              SAVE BUFFER POINTER 
F89E BDE441           (     newbasic.asm):05353                   JSR  LB9B4          ADD .5 TO FPA0 (ROUND OFF) 
F8A1 BDE81B           (     newbasic.asm):05354                   JSR  LBCC8          CONVERT FPA0 TO INTEGER FORMAT 
F8A4 3540             (     newbasic.asm):05355                   PULS U              RESTORE BUFFER POINTER 
                      (     newbasic.asm):05356         ;                              
                      (     newbasic.asm):05357         ; CONVERT FPA0 INTO A DECIMAL ASCII STRING                      
F8A6 8EEA5E           (     newbasic.asm):05358                   LDX  #LBEC5         POINT X TO UNNORMALIZED POWERS OF 10 
F8A9 C680             (     newbasic.asm):05359                   LDB  #$80           INITIALIZE DIGIT COUNTER TO 0 + $80. 
                      (     newbasic.asm):05360         ; BIT 7 SET IS USED TO INDICATE THAT THE POWER OF 10 MANTISSA                      
                      (     newbasic.asm):05361         ; IS NEGATIVE. WHEN YOU ‘ADD’ A NEGATIVE MANTISSA, IT IS                      
                      (     newbasic.asm):05362         ; THE SAME AS SUBTRACTING A POSITIVE ONE AND BIT 7 OF ACCB                      
                      (     newbasic.asm):05363         ; IS HOW THIS ROUTINE KNOWS THAT A ‘SUBTRACTION’ IS OCCURRING.                      
F8AB 8D3E             (     newbasic.asm):05364         L9211     BSR  L9249          CHECK FOR COMMA INSERTION 
F8AD B61056           (     newbasic.asm):05365         L9213     LDA  FPA0+3         * ‘ADD’ A POWER OF 10 MANTISSA TO FPA0. 
F8B0 AB03             (     newbasic.asm):05366                   ADDA $03,X          * IF THE MANTISSA IS NEGATIVE, A SUBTRACTION 
F8B2 B71056           (     newbasic.asm):05367                   STA  FPA0+3         * WILL BE WHAT REALLY TAKES PLACE. 
F8B5 B61055           (     newbasic.asm):05368                   LDA  FPA0+2         * 
F8B8 A902             (     newbasic.asm):05369                   ADCA $02,X          * 
F8BA B71055           (     newbasic.asm):05370                   STA  FPA0+2         * 
F8BD B61054           (     newbasic.asm):05371                   LDA  FPA0+1         * 
F8C0 A901             (     newbasic.asm):05372                   ADCA $01,X          * 
F8C2 B71054           (     newbasic.asm):05373                   STA  FPA0+1         * 
F8C5 B61053           (     newbasic.asm):05374                   LDA  FPA0           * 
F8C8 A984             (     newbasic.asm):05375                   ADCA ,X             * 
F8CA B71053           (     newbasic.asm):05376                   STA  FPA0           * 
F8CD 5C               (     newbasic.asm):05377                   INCB                ADD ONE TO DIGIT COUNTER 
F8CE 56               (     newbasic.asm):05378                   RORB ROTATE CARRY INTO BIT 7  
F8CF 59               (     newbasic.asm):05379                   ROLB                * SET OVERFLOW FLAG - BRANCH IF CARRY SET AND 
F8D0 28DB             (     newbasic.asm):05380                   BVC  L9213          * ADDING MANTISSA OR CARRY CLEAR AND SUBTRACTING MANTISSA 
F8D2 2403             (     newbasic.asm):05381                   BCC  L9235          BRANCH IF SUBTRACTING MANTISSA 
F8D4 C00B             (     newbasic.asm):05382                   SUBB #10+1          WAS SUBB #10+1 
F8D6 50               (     newbasic.asm):05383                   NEGB                * IF ADDING MANTISSA 
F8D7 CB2F             (     newbasic.asm):05384         L9235     ADDB #$2F           WAS ADDB #'0'-1 
F8D9 3004             (     newbasic.asm):05385                   LEAX $04,X          MOVE TO NEXT POWER OF 10 MANTISSA 
F8DB 1F98             (     newbasic.asm):05386                   TFR  B,A            SAVE DIGIT IN ACCA 
F8DD 847F             (     newbasic.asm):05387                   ANDA #$7F           MASK OFF ADD/SUBTRACT FLAG (BIT 7) 
F8DF A7C0             (     newbasic.asm):05388                   STA  ,U+            STORE DIGIT IN BUFFER 
F8E1 53               (     newbasic.asm):05389                   COMB                TOGGLE ADD/SUBTRACT FLAG 
F8E2 C480             (     newbasic.asm):05390                   ANDB #$80           MASK OFF EVERYTHING BUT ADD/SUB FLAG 
F8E4 8CEA82           (     newbasic.asm):05391                   CMPX #LBEE9         COMPARE TO END OF UNNORMALIZED POWERS OF 10 
F8E7 26C2             (     newbasic.asm):05392                   BNE  L9211          BRANCH IF NOT DONE 
F8E9 6FC4             (     newbasic.asm):05393                   CLR  ,U             PUT A ZERO AT END OF INTEGER 
                      (     newbasic.asm):05394                                        
                      (     newbasic.asm):05395         ; DECREMENT DECIMAL POINT COUNTER AND CHECK FOR COMMA INSERTION                      
F8EB 7A1048           (     newbasic.asm):05396         L9249     DEC  V45            DECREMENT DECIMAL POINT COUNTER 
F8EE 260B             (     newbasic.asm):05397                   BNE  L9256          NOT TIME FOR DECIMAL POINT 
F8F0 FF103C           (     newbasic.asm):05398         L924D     STU  VARPTR         SAVE BUFFER POINTER-POSITION OF THE DECIMAL POINT 
F8F3 862E             (     newbasic.asm):05399                   LDA  #'.'           * STORE A DECIMAL 
F8F5 A7C0             (     newbasic.asm):05400                   STA  ,U+            * POINT IN THE OUTPUT BUFFER 
F8F7 7F109A           (     newbasic.asm):05401                   CLR  VD7            * CLEAR COMMA COUNTER - NOW IT WILL TAKE 255 
                      (     newbasic.asm):05402         ;                             * DECREMENTS BEFORE ANOTHER COMMA WILL BE INSERTED 
F8FA 39               (     newbasic.asm):05403                   RTS                  
F8FB 7A109A           (     newbasic.asm):05404         L9256     DEC  VD7            DECREMENT COMMA COUNTER 
F8FE 2609             (     newbasic.asm):05405                   BNE  L9262          RETURN IF NOT TIME FOR COMMA 
F900 8603             (     newbasic.asm):05406                   LDA  #$03           * RESET COMMA COUNTER TO 3; THREE 
F902 B7109A           (     newbasic.asm):05407                   STA  VD7            * DIGITS BETWEEN COMMAS 
F905 862C             (     newbasic.asm):05408                   LDA  #','           * PUT A COMMA INTO 
F907 A7C0             (     newbasic.asm):05409                   STA  ,U+            * THE BUFFER 
F909 39               (     newbasic.asm):05410         L9262     RTS                  
                      (     newbasic.asm):05411                                        
                      (     newbasic.asm):05412         ; INITIALIZE DECIMAL POINT AND COMMA COUNTERS                      
F90A B6104A           (     newbasic.asm):05413         L9263     LDA  V47            GET THE BASE 10 EXPONENT OFFSET 
F90D 8B0A             (     newbasic.asm):05414                   ADDA #10            * ADD 10 (FPA0 WAS ‘NORMALIZED’ TO 9 PLACES LEFT 
F90F B71048           (     newbasic.asm):05415                   STA  V45            * OF DECIMAL POINT) - SAVE IN DECIMAL POINT COUNTER 
F912 4C               (     newbasic.asm):05416                   INCA                ADD ONE FOR THE DECIMAL POINT 
F913 8003             (     newbasic.asm):05417         L926A     SUBA #$03           * DIVIDE DECIMAL POINT COUNTER BY 3; LEAVE 
F915 24FC             (     newbasic.asm):05418                   BCC  L926A          * THE REMAINDER IN ACCA 
F917 8B05             (     newbasic.asm):05419                   ADDA #$05           CONVERT REMAINDER INTO A NUMBER FROM 1-3 
F919 B7109A           (     newbasic.asm):05420                   STA  VD7            SAVE COMMA COUNTER 
F91C B6109D           (     newbasic.asm):05421                   LDA  VDA            GET STATUS BYTE 
F91F 8440             (     newbasic.asm):05422                   ANDA #$40           CHECK FOR COMMA FLAG 
F921 2603             (     newbasic.asm):05423                   BNE  L927A          BRANCH IF COMMA FLAG ACTIVE 
F923 B7109A           (     newbasic.asm):05424                   STA  VD7            CLEAR COMMA COUNTER - 255 DIGITS OUTPUT BEFORE A COMMA 
F926 39               (     newbasic.asm):05425         L927A     RTS                  
                      (     newbasic.asm):05426         ;                              
                      (     newbasic.asm):05427         ; INSERT ACCA ZEROES INTO THE BUFFER                      
F927 3402             (     newbasic.asm):05428         L927B     PSHS A              SAVE ZEROES COUNTER 
F929 8DC0             (     newbasic.asm):05429                   BSR  L9249          CHECK FOR DECIMAL POINT 
F92B 3502             (     newbasic.asm):05430                   PULS A              RESTORE ZEROES COUNTER 
F92D 4A               (     newbasic.asm):05431         L9281     DECA                * DECREMENT ZEROES COUNTER AND 
F92E 2B0A             (     newbasic.asm):05432                   BMI  L928E          * RETURN IF < 0 
F930 3402             (     newbasic.asm):05433                   PSHS A              SAVE ZEROES COUNTER 
F932 8630             (     newbasic.asm):05434                   LDA  #'0'           * PUT A ZERO INTO 
F934 A7C0             (     newbasic.asm):05435                   STA  ,U+            * THE BUFFER 
F936 A6E0             (     newbasic.asm):05436                   LDA  ,S+            RESTORE THE ZEROES COUNTER 
F938 26ED             (     newbasic.asm):05437                   BNE  L927B          BRANCH IF NOT DONE 
F93A 39               (     newbasic.asm):05438         L928E     RTS                  
                      (     newbasic.asm):05439         
                      (     newbasic.asm):05440         
                      (     newbasic.asm):05441         ;
                      (     newbasic.asm):05442         ; "LINE INPUT" is stupid, so the LINE token is prime takeover target
                      (     newbasic.asm):05443         ; if a command needs to be added!
                      (     newbasic.asm):05444         ;
                      (     newbasic.asm):05445                                        
                      (     newbasic.asm):05446         ; LINE                         
F93B 8189             (     newbasic.asm):05447         LINE      CMPA #TOK_INPUT     ‘INPUT’ TOKEN 
F93D 1027F8B0         (     newbasic.asm):05448                   LBEQ L89C0          GO DO ‘LINE INPUT’ COMMAND 
F941 7E9B01           (     newbasic.asm):05449                   JMP  LB277          ‘SYNTAX ERROR’ IF NOT "LINE INPUT" 
                      (     newbasic.asm):05450         
                      (     newbasic.asm):05451         ;------------------------------------------------------------------------------
                      (     newbasic.asm):05452         ; EOF
                      (     newbasic.asm):05453         ;------------------------------------------------------------------------------
